customer_id,first_name,last_name,phone_number,address
1,Donald,Arend,9020474801,"49 Madison Avenue"
2,Richard,Krick,7040231632,"32 Vineyard Drive"
3,Pauline,Hardman,9180289990,"18 Elmwood Place"
4,Lawrence,Sultzer,8278748624,"77 Rosedale Avenue"
5,Michael,Honeycutt,8821565245,"56 Broad Street"
6,Anthony,Gordon,7700708874,"36 Hillcrest Avenue"
7,Michael,Boston,8529502054,"44 Greystone Terrace"
8,Lorraine,Jones,9288340166,"13 Sunset Drive"
9,Jana,Casillas,8513379910,"74 Park Lane"
10,Robert,Aadland,7522389437,"25 Kingston Way"
11,Cynthia,NULL,8159251692,"71 Sunnyside Avenue"
12,Nicholas,Staples,8430746382,"76 Oak Street"
13,Heather,Woods,7161304233,"1 Meadow Lane"
14,Kimberly,Robles,9196094421,"75 Cedar Street"
15,Alan,Jurgens,7824073643,"14 Oakwood Drive"
16,Vella,Gidney,9663939373,"49 Parkview Road"
17,Ryan,Novak,9083564841,"1 Riverside Drive West"
18,Aurora,NULL,8949401769,"73 Cedar Road"
19,Jackie,Heard,7281453111,"67 Greystone Terrace"
20,Georgina,NULL,8522173583,"13 Holly Avenue"
21,Theresa,Jarrett,6564545925,"37 Riverside Drive West"
22,Edward,Bracero,9023576627,"24 Meadow Lane"
23,Jimmy,Woods,7169695787,"6 Linden Avenue"
24,Carlos,Cummings,9862850825,"48 Beechwood Road"
25,Natalia,Smith,9214121243,"50 Belmont Avenue"
26,Thomas,Hogan,6424084147,"44 Willow Street"
27,Lisa,Schneider,6935892892,"34 Willow Street"
28,Norman,Porter,7526395636,"32 Woodbine Street"
29,Elwood,Meeks,8218904775,"38 Cedar Court"
30,Linda,Williams,8677308781,"60 Washington Avenue"
31,Betty,Jolissaint,7433856796,"45 Willow Lane"
32,Gary,Henrich,6994023772,"21 Beechwood Road"
33,John,Savoy,7845475659,"12 Hickory Drive"
34,Ella,Johnson,8192570939,"21 Pinehurst Drive"
35,Eleanora,Davidson,8036857178,"65 Highland Drive"
36,Howard,Nalls,9510728389,"50 Washington Avenue"
37,David,Sterner,9723573930,"19 Elmwood Terrace"
38,Diana,Humiston,7432644769,"29 Northview Road"
39,Deborah,Hobart,6247375883,"50 Yorktown Road"
40,Caitlin,Murdy,8227159891,"45 Laurel Lane"
41,Ruth,NULL,6827925206,"62 Hillcrest Road"
42,Michael,Heard,6820655038,"18 Parkview Terrace"
43,Mary,Brown,8812688213,"19 Madison Court"
44,Tony,Totman,6390097382,"12 Fairmount Road"
45,Tommy,Woolery,7237886799,"38 Pinehurst Road"
46,Patricia,Wallace,6948160614,"13 Glenwood Avenue"
47,Charles,Joyce,9115462016,"54 Prospect Avenue"
48,Bobbie,Womack,8015177886,"72 Chestnut Street"
49,Juanita,Capehart,8336906388,"64 Parkview Road"
50,Bobby,Fox,7818441156,"14 Lakeview Drive"
51,Michael,Stribling,7985783427,"30 Cedar Street"
52,Ann,Massey,8021171505,"74 Willow Lane"
53,Nancy,Staton,8047395102,"40 Fairview Drive"
54,Virginia,Allen,6462356542,"30 Elmwood Terrace"
55,Jose,Reeser,6831564807,"31 Willow Lane"
56,John,Ramirez,8506220302,"64 Pineview Lane"
57,Rodney,Starr,9197365754,"71 Eastlake Drive"
58,Larry,Stouffer,8239316509,"28 Maplewood Drive"
59,Joshua,NULL,7411561076,"37 Magnoli"
60,Ok,Schafer,9223330191,"7 Pineview Drive"
61,Carl,Audirsch,8008834514,"32 Madison Court"
62,James,Cason,8570901582,"30 Southview Lane"
63,Elizabeth,Walker,7025878890,"25 Sunnyside Road"
64,Donna,Calahan,6627316830,"27 Cedar Terrace"
65,Marjorie,Richards,7485619456,"7 Madison Court"
66,Maribel,Hargrave,7481048511,"54 Lincoln Avenue"
67,Sean,Brewster,9463454553,"14 Meadow Lane"
68,Mark,Oathout,6523870619,"14 Pineview Lane"
69,Naomi,NULL,8775717180,"51 Madison Court"
70,John,Gammon,7447910379,"10 Meadowbrook Road"
71,Joshua,Brown,6291613809,"11 Elmwood Road"
72,Dawn,Warren,9841537248,"29 Magnolia Avenue"
73,Madeline,Smith,7629736941,"40 Garden Avenue"
74,John,Tubbs,7089298964,"58 Vineyard Drive"
75,Sue,Jessie,8297304682,"49 Magnoli"
76,Mireya,Hufft,6709548717,"36 Grove Street"
77,Willie,NULL,8979691563,"1 Pine Street"
78,Amanda,Hansen,9072661800,"22 Oakdale Drive"
79,Erika,Tefft,9117337355,"75 Longview Road"
80,Glendora,Oliver,9313329703,"66 Greystone Terrace"
81,Kay,Etkin,7928483505,"21 Brookside Avenue"
82,William,Levin,6986015300,"6 Beechwood Avenue"
83,Robert,Mattis,9993446865,"34 Walnut Avenue"
84,Mark,Roberts,9223374060,"36 Vine Street"
85,Robert,Glover,9289062499,"29 Linden Lane"
86,Thomas,Dement,6596717851,"19 Newbury Way"
87,Tracy,Eldridge,7708860824,"1 Lake Shore Drive"
88,Jessica,Poor,9125770648,"4 Belmont Avenue"
89,Ada,Franklin,8716171137,"63 Sycamore Street"
90,Lucile,Johnson,6943884625,"36 Maple Avenue"
91,Kimberly,NULL,8972067853,"75 Ridgeview Drive"
92,Richard,Mead,9462378779,"4 Lincoln Avenue"
93,Loren,Perona,8386608169,"54 Madison Court"
94,Terry,Richardson,6817733712,"47 Birchwood Lane"
95,Elicia,Hollis,9308934851,"24 Oakwood Lane"
96,Thomas,Hoefling,9733268383,"77 Beech Street"
97,James,White,8127684888,"69 Chestnut Avenue"
98,Patricia,Brewer,8266841327,"10 Lincoln Circle"
99,Roberto,Brown,9939228301,"65 Cedar Terrace"
100,Tara,Gonzalez,9477176220,"34 Orchard Road"
101,Preston,Pierce,6480556211,"44 Parkview Terrace"
102,Janet,Banks,9015393286,"71 Belmont Avenue"
103,Karen,Holland,7919369405,"15 Holly Avenue"
104,Paulette,Merle,8366928730,"76 Beechwood Road"
105,Miriam,Reisman,7785351427,"63 Linden Avenue"
106,Patrick,NULL,8137122071,"27 Brookdale Avenue"
107,Eddie,Gomez,6649479063,"1 Lakeview Drive"
108,Donald,Samples,9050157161,"25 Willow Street"
109,Sharon,Hopper,7496275259,"12 Madison Avenue"
110,Jackie,Riddell,6672483657,"15 Maplewood Road"
111,Cheryl,Skinner,7757745110,"57 Rosedale Avenue"
112,Valerie,Zalenski,9205312576,"44 Maple Avenue"
113,John,Lawless,7302786189,"9 Hillcrest Road"
114,Rosa,Palmieri,7653954603,"45 Columbus Lane"
115,Sonja,Wingard,7673240860,"8 Lincoln Circle"
116,Joseph,Hayes,9179714772,"72 Sunset Drive"
117,Maria,Payne,7820538521,"22 Magnolia Avenue"
118,Joseph,Gentry,6955479863,"27 Jefferson Street"
119,David,Warren,8130155912,"39 Cherry Hill Road"
120,Patricia,Machado,8767471345,"18 Willow Lane"
121,Jean,Bagwell,6715258953,"78 Columbus Lane"
122,William,Perna,8657624052,"24 Chestnut Avenue"
123,Shirley,Wright,7674230012,"3 Columbus Lane"
124,Alexander,Russ,7197381961,"72 Cedar Road"
125,Stefan,Evans,8377021079,"72 Oak Hill Drive"
126,Robert,NULL,6374719792,"10 Sunnyside Avenue"
127,Adrienne,Stclair,7449085101,"44 Chestnut Avenue"
128,Elizabeth,Blair,8507373500,"46 Birch Lane"
129,Shelley,Wilkins,9276859295,"48 Oakwood Lane"
130,Jonathan,Lipscomb,9963824930,"25 Lakeview Drive"
131,Tiffany,Williams,8522600455,"9 Laurel Lane"
132,Robert,Debonis,9937483094,"60 Lakeview Drive"
133,Stephen,Williams,7230568655,"11 Vineyard Drive"
134,Kristen,Ryan,9588160492,"34 Locust Lane"
135,Carla,Gordon,8733325326,"75 Longview Avenue"
136,Scott,Farmer,6266275050,"51 Ashland Avenue"
137,Jason,Oneill,7826333983,"31 Glenwood Drive"
138,Dennis,Alonzo,9449904946,"14 Southview Lane"
139,Kimberly,Richard,8672933152,"14 Forest Avenue"
140,Wayne,Emery,6606523528,"10 Oakdale Court"
141,Bernard,Bryant,7700967577,"7 Magnoli"
142,Julianna,Voss,8094692599,"12 Hillside Avenue"
143,Douglas,Collins,8353619517,"58 Yorktown Road"
144,Judith,Stancliff,9163895921,"33 Kingston Way"
145,Ron,Riggings,7737170093,"64 Cherry Hill Road"
146,Claud,Mandel,6390472396,"61 Sunnyside Road"
147,Andrew,Hubbard,6965173908,"32 Eastwood Drive"
148,Athena,Rivera,7136988691,"17 Hillcrest Drive"
149,Kyle,Abrams,8552313173,"73 Riverside Drive West"
150,Samantha,Barnes,8084058260,"66 Lake Shore Drive"
151,Bernardina,Deason,7781319517,"55 Rosedale Avenue"
152,Otis,Triplett,6100904020,"31 Prospect Avenue"
153,Eleanor,Lewis,9003970791,"35 Sunnyside Avenue"
154,Jeffrey,Mclaren,6100781016,"6 Cherrywood Drive"
155,David,Stafford,6207183932,"73 Pinehurst Drive"
156,Justin,Bourbeau,8979691372,"68 Cherry Hill Road"
157,Chris,Jackson,9730990566,"76 Sycamore Street"
158,Cheryl,Motley,7951097861,"43 Glenwood Avenue"
159,Art,Mckibben,7790972258,"17 Eastwood Drive"
160,Harold,Mcgrath,7408525137,"70 Broadview Avenue"
161,Robert,Cooper,8246829147,"68 Lincoln Circle"
162,Dorothy,Young,8745884710,"57 Linden Lane"
163,Freddy,Friend,9521949805,"4 Ridgeview Drive"
164,Jennifer,Cowan,6012147648,"14 Willow Street"
165,Nellie,Gray,7778686608,"70 Ridgeview Drive"
166,Cathy,Maisonet,6657661846,"25 Lincoln Avenue"
167,John,Vickers,8218448619,"3 Highland Road"
168,Albert,Clay,6020675153,"69 Elmwood Road"
169,John,NULL,9917853780,"40 Elmwood Road"
170,Henry,Rogge,6530823050,"58 Glenwood Drive"
171,Roberta,Boyes,9566974633,"62 Orchard Road"
172,Eileen,Bonn,6758217086,"56 Chestnut Avenue"
173,Michelle,Martinez,8558057507,"59 Locust Street"
174,April,Hepler,7360089141,"31 Parkview Terrace"
175,Elizabeth,Brown,8037146401,"45 Yorktown Road"
176,Claudio,Adger,7387350127,"16 Oak Hill Drive"
177,Tracy,Rominger,6581809391,"37 Pleasant Street"
178,Kristin,Delgado,6448614797,"16 Cedar Street"
179,Eric,Rasor,7584837575,"71 Elmwood Road"
180,Ginny,Fitzhenry,6824988544,"42 Cherrywood Drive"
181,Archie,Bryan,7977604120,"71 Forest Drive"
182,Linda,Ernesto,8926676141,"60 Magnoli"
183,Anthony,Strong,7300979542,"34 Pineview Road"
184,Whitney,Comer,8540506591,"47 Holly Avenue"
185,Clarice,Bass,9551540967,"32 Walnut Street"
186,James,Larkin,6168699795,"25 Glenwood Avenue"
187,Anthony,Hams,6844268027,"3 Cedar Terrace"
188,Eric,Chenoweth,8388861165,"60 Elmwood Place"
189,Preston,Tedesco,6902920313,"68 Magnoli"
190,Lela,NULL,7748530511,"46 Cherrywood Drive"
191,Angelo,Roy,6515798372,"69 Hillcrest Avenue"
192,Geraldine,Denton,9867075184,"19 Meadow Lane"
193,Lorraine,Forney,9824314864,"29 Jefferson Street"
194,James,Watkins,7388874717,"26 Park Street"
195,Anna,Parrish,9702370855,"69 Newbury Way"
196,Carlos,NULL,6317476465,"10 Ridgeview Drive"
197,Alfred,Lopez,7595823190,"47 Cherrywood Lane"
198,Paul,Grant,6721196268,"3 Sycamore Street"
199,Angel,Blevins,9097151521,"76 Beechwood Avenue"
200,Cynthia,Maxwell,7691097825,"43 Locust Street"
201,Marquis,Odonnell,6460315493,"60 Cherrywood Lane"
202,Vicky,Petrich,9870165062,"33 Beech Street"
203,Johnnie,Pedroza,7128905591,"36 Elmwood Terrace"
204,Luke,Hasas,6045572382,"19 Oakdale Court"
205,Felix,Tibbetts,7395124086,"49 Sunset Drive"
206,Mandy,Sibley,7388878258,"73 Maplewood Drive"
207,Colette,Hollis,7339798899,"44 Parkside Lane"
208,Thomas,Meighan,6174215258,"25 Linden Avenue"
209,Aileen,Desai,8221372643,"7 Highland Road"
210,Arthur,Stanfield,8803364048,"70 Northview Terrace"
211,Thomas,Abrams,9375553806,"25 Park Lane"
212,Florence,Robinson,8903017216,"79 Locust Street"
213,Fannie,Purdy,7797567986,"55 Oakdale Court"
214,Theresa,Silvers,6261300856,"79 Maple Avenue"
215,Edwin,Braxton,8731794739,"66 Valley View Road"
216,April,Farley,8777707861,"2 Lakeview Drive"
217,Thomas,Rastorfer,8031842654,"25 Greenfield Terrace"
218,Anna,Julian,6530208004,"3 Broadview Avenue"
219,Roger,Smallwood,8073846569,"35 Northview Terrace"
220,Mary,Wynn,8031099578,"6 Grove Street"
221,Sara,Stender,8465240303,"69 Broad Street"
222,Melissa,NULL,8944179642,"7 Greenfield Avenue"
223,Cynthia,Munoz,9062045770,"45 Riverside Drive"
224,Lee,Brackett,6419687434,"24 Birch Lane"
225,Maria,Crowell,7093996304,"78 Fairview Drive"
226,Imogene,Muncy,6227555619,"74 Birchwood Lane"
227,Ann,Jackson,9344413586,"38 Briarwood Court"
228,Floyd,Walter,9201093503,"30 Birch Lane"
229,June,Heath,6942969013,"18 Prospect Avenue"
230,Dale,Miller,9731029493,"76 Northview Terrace"
231,Corey,Collins,6236912040,"73 Greenfield Avenue"
232,Jerry,Pelaez,8868903157,"43 Maple Lane"
233,Linda,Coe,6812843394,"30 Linden Avenue"
234,Bertha,Perdue,8752488027,"38 Lake Shore Drive"
235,Mathew,Fields,8568925465,"58 Grove Street"
236,Susan,Williams,6198980637,"43 Laurel Lane"
237,Lawrence,Cresswell,9682189242,"72 Washington Avenue"
238,Jacquelyn,Delapena,6150450774,"61 Pineview Lane"
239,Cory,NULL,7844765939,"60 Magnolia Avenue"
240,Paul,Mixon,8133261423,"17 Highland Place"
241,Stephen,Ballinger,6533051303,"27 Park Lane"
242,Kristine,Hudson,7033094258,"18 Broad Street"
243,Fred,Echols,8779905954,"43 Hillside Avenue"
244,Patricia,Glancy,7982681343,"46 Longview Road"
245,Tiffany,Betancourt,6200352705,"15 Woodbine Street"
246,Justin,Harrison,7978185975,"4 Hudson Terrace"
247,Ronald,Ariel,9766661090,"21 Magnolia Avenue"
248,Alberta,Gray,7182598661,"42 Fairmount Road"
249,Cody,Friedland,7130295125,"67 Oakdale Drive"
250,Esther,Branz,6519587661,"48 Newbury Way"
251,Yvonne,Griffin,7437051686,"46 Birchwood Lane"
252,Casey,Erickson,9579115969,"61 Cedar Court"
253,James,Rhoades,8794286555,"34 Hillcrest Road"
254,Linda,Spegal,8295970263,"14 Birch Lane"
255,Roger,Madrid,7903452640,"8 Lexington Place"
256,Troy,NULL,7479789562,"50 Sycamore Street"
257,Earnestine,Hungerford,9405801185,"22 Hillside Avenue"
258,Lynell,NULL,6612995278,"4 Cherrywood Lane"
259,Billy,NULL,8112256693,"35 Park Avenue"
260,Brandy,Marquez,6086973107,"38 Meadow Lane"
261,Eddie,Miller,8442713115,"62 Pineview Drive"
262,Bruce,Russell,7166406079,"23 Eastlake Drive"
263,Dorothy,Albrecht,9176327666,"20 Hickory Drive"
264,Vicki,Lawrence,6714252540,"67 Highland Place"
265,Joyce,Hall,6690029618,"4 Parkview Avenue"
266,Candy,Anderson,7928755200,"46 Lincoln Avenue"
267,Angel,Angel,7953630841,"12 Mainview Avenue"
268,Lisa,Boyce,8024619760,"67 Fairmount Road"
269,Carolina,Triplett,6064630277,"30 Magnolia Avenue"
270,Rod,Massey,7344255335,"39 Lakeview Drive"
271,David,Mauck,7925892464,"27 Highland Place"
272,Nathan,Hays,7570255599,"46 Meadow Lane"
273,Jeff,Maher,9664252386,"38 Cherrywood Drive"
274,David,Pullon,7050962506,"48 Washington Avenue"
275,Joseph,Fiume,9824164708,"37 Orchard Road"
276,Joel,Mcknight,6576831101,"11 Pleasant Street"
277,Shelly,Perez,9206559325,"65 Maple Avenue"
278,Maria,Howe,9623311536,"36 High Street"
279,Patricia,Lewis,7579816264,"49 Lakeview Drive"
280,Jeff,Smith,7947280762,"66 Pinehurst Drive"
281,Kathryn,Lance,7024135952,"4 Cherry Hill Road"
282,Patricia,Brigham,6913675125,"43 Pineview Road"
283,Brooke,Bohanan,8121239681,"36 Magnolia Avenue"
284,Thomas,Mcintosh,7660451008,"57 Riverside Drive"
285,Michael,Davis,8800110032,"50 Jefferson Lane"
286,Lawrence,Roach,6559243605,"50 Hillcrest Avenue"
287,Gary,Smart,9991359349,"28 Ridgewood Road"
288,Steven,Buckley,9413605290,"64 Fairview Avenue"
289,Mack,Tototzintle,9127783914,"40 Holly Lane"
290,Shannon,Schlueter,6853676992,"17 Pineview Lane"
291,Jennifer,Dudley,8902630714,"47 Cedar Court"
292,Leah,Hadaway,7173845542,"57 Locust Lane"
293,Todd,Severson,9663651446,"57 Fairway Drive"
294,Robert,Worthen,8134720569,"27 Hickory Lane"
295,Edward,Bailey,6301261875,"33 Pineview Lane"
296,Arthur,Combs,7519963041,"13 Springdale Road"
297,Jacqueline,Gridley,8692169559,"71 Oakwood Lane"
298,Peggy,Collins,7198376110,"39 Parkside Lane"
299,Erma,Hutchins,7317495518,"11 Locust Street"
300,Eliseo,Nott,8305959979,"6 Locust Street"
301,Victoria,Weaver,8618922357,"30 Oakdale Court"
302,Marilyn,Bonenfant,9778272458,"54 Oakdale Drive"
303,Karen,Hough,9751657482,"18 Hillcrest Avenue"
304,Marie,Donald,6075338916,"67 Jefferson Lane"
305,Ellen,Cantu,8773384411,"52 Brookdale Avenue"
306,Jose,Butler,7208034404,"8 Hillcrest Road"
307,Carol,Reedy,9811831958,"37 Madison Avenue"
308,Larry,Taul,9834770061,"48 Eastwood Drive"
309,Kevin,NULL,8196912973,"42 Jefferson Avenue"
310,Bettye,Carrousal,9794451995,"65 Glenwood Avenue"
311,Audrey,White,8965507450,"50 Highland Place"
312,Timothy,Trent,6308993002,"63 Park Lane"
313,David,Millward,7441173195,"2 Jefferson Street"
314,Winona,Martinez,6533505606,"77 Jefferson Avenue"
315,Madeline,Holman,6106380375,"14 Madison Avenue"
316,Jeffrey,Brown,9702354352,"50 Oak Street"
317,Ollie,Sutton,8295412543,"63 Grove Street"
318,Crystal,Moreland,6433705474,"4 Oak Hill Drive"
319,Melinda,Jefferson,6013004917,"32 Springdale Road"
320,Brent,Kennedy,9483715497,"23 Longview Avenue"
321,Annie,Bard,7485010408,"16 Northview Road"
322,Meredith,Mcconnell,6325124742,"71 High Street"
323,William,Gould,7204579479,"56 Grant Avenue"
324,Deborah,Kelly,8432475805,"63 Woodbine Street"
325,Jim,NULL,8619737637,"47 Lake Shore Drive"
326,David,Kleist,6437467606,"76 Applewood Drive"
327,Karen,Brewer,9942555024,"70 Briarwood Court"
328,Kirsten,Anderson,8586406739,"20 Elm Street"
329,Donna,High,6816587774,"71 Madison Court"
330,Shana,Lartigue,7896150395,"5 Jefferson Lane"
331,Ashley,NULL,7626786537,"58 Beech Street"
332,Yvonne,Wiebe,7612948149,"65 Mainview Avenue"
333,Carla,Mcfarlin,8835018296,"50 Jefferson Street"
334,Danny,Godsey,9196141505,"34 Beechwood Road"
335,Chester,Burns,7949345361,"22 Grant Avenue"
336,Guadalupe,Dray,6453884554,"59 Cedar Court"
337,Angel,Foster,8107927236,"9 Pleasant Street"
338,Jeremiah,Atchison,7153954535,"61 Elmwood Road"
339,Ronald,Ward,8167535250,"39 Hickory Drive"
340,Tara,Fry,9812808158,"65 Greystone Terrace"
341,Janet,Herrera,7824430487,"32 Beechwood Avenue"
342,Patricia,Fletcher,9230400216,"67 Cherrywood Drive"
343,Alfredo,Blumenthal,6370123199,"75 Pleasant Street"
344,Benjamin,Lapointe,7959536728,"76 Park Avenue"
345,Brenda,White,6660279390,"40 Maplewood Road"
346,Betty,Devine,7258908333,"70 Belmont Avenue"
347,William,NULL,9449429921,"37 Linden Lane"
348,Robert,Winfield,9945634875,"42 Garden Avenue"
349,Sara,NULL,6294177494,"74 Hillside Avenue"
350,Sandra,Kelly,7171352665,"61 Cedar Lane"
351,Ralph,Jackson,8721235670,"70 Rosedale Avenue"
352,William,Wilson,8453477543,"30 Grove Street"
353,Russell,Mendez,6366106327,"14 Riverside Drive West"
354,Merlyn,Zee,6256425164,"67 Newbury Way"
355,Rae,Hargenrader,7330371539,"38 Brookdale Avenue"
356,Don,NULL,9923665538,"5 Fairmount Road"
357,Donna,Hamilton,9725025617,"35 Ashland Avenue"
358,Leo,NULL,8768615382,"71 Maplewood Drive"
359,William,Hornsby,6593535938,"30 Maple Avenue"
360,Diane,Miller,9985814476,"22 Sunnyside Avenue"
361,Robert,NULL,8952290725,"61 Glenwood Drive"
362,John,Potts,6970693628,"2 Parkview Avenue"
363,Ronald,Dupuis,9982856143,"42 Madison Avenue"
364,Peter,Mosely,9193453935,"61 Ridgewood Road"
365,Teresa,NULL,8319827563,"9 Yorktown Road"
366,Rayford,Baltes,8640806586,"43 Walnut Street"
367,Erica,Martin,8617148669,"50 Pine Street"
368,Cory,Smith,6572291340,"65 Hillside Avenue"
369,William,Fleming,9235617820,"68 Cherrywood Drive"
370,Mary,Lamar,8236975285,"30 Pineview Drive"
371,Mary,Vause,6056276870,"36 Parkview Road"
372,Josue,Haney,6448809383,"32 Linden Avenue"
373,Clifford,Broach,8014868008,"61 Maplewood Drive"
374,Garrett,Mclean,8762263252,"65 Oakwood Drive"
375,Dorothy,Bowler,6221480705,"36 Hillcrest Drive"
376,Robert,Hattub,7428269139,"49 Oak Hill Drive"
377,Jessica,Mcclurkin,8157925954,"31 Belmont Avenue"
378,Josh,Garcia,9034720367,"42 Fairview Drive"
379,Krystal,NULL,9828204015,"29 Walnut Avenue"
380,William,Kirn,8131838907,"21 Pleasant Street"
381,Karl,Yenz,6440742190,"19 Garden Avenue"
382,Joseph,Walling,8383922812,"61 Oak Street"
383,Isabel,Carter,6818507329,"23 Birch Lane"
384,Kevin,NULL,8426110912,"78 Park Lane"
385,Arthur,Brown,7448277079,"43 Lexington Place"
386,Melissa,Bodey,9382917300,"2 Maplewood Road"
387,Carmen,Purser,9253290082,"66 Yorktown Road"
388,Gregory,Ring,9923290780,"36 Linden Avenue"
389,Charles,Evans,9644810461,"41 Park Street"
390,Michael,Greenstreet,8727389896,"3 Prospect Avenue"
391,Carol,Layne,6563493492,"36 Hillside Avenue"
392,Margaret,Yepez,9060004121,"21 Oakwood Drive"
393,Florence,Friley,9834988007,"1 Greenfield Avenue"
394,Salvador,Casley,9770219212,"37 Fairview Drive"
395,Paul,Melchior,8826596955,"13 Woodbine Street"
396,Stephen,Simon,9973187494,"14 Sunnyside Avenue"
397,Betty,Rochford,7633317165,"65 Columbus Lane"
398,Leah,Calisto,9201952226,"35 Holly Avenue"
399,Gabriel,Swenson,6927450638,"59 Chestnut Street"
400,Margaret,Marchant,8368336014,"33 Hillcrest Road"
401,Johnny,Boothe,8590666189,"60 Pine Street"
402,Christopher,Lamar,6166216572,"37 Chestnut Avenue"
403,Lisa,West,6453227151,"17 Ashland Avenue"
404,Terri,Turpin,9663880111,"35 Hillside Avenue"
405,Sarah,Bolton,9479889141,"75 Forest Drive"
406,Patricia,Vollmer,7749690078,"34 Belmont Avenue"
407,Andrea,NULL,9254630536,"65 Lakeview Drive"
408,Donald,Imler,9520338939,"19 Cherrywood Lane"
409,Richard,Denn,7718390734,"53 Springdale Road"
410,Romana,Welby,7104234469,"29 Elm Street"
411,Nancy,Scaife,9955524856,"36 Garden Avenue"
412,William,Hodge,8370940972,"73 Maplewood Road"
413,Jose,Orman,9896921918,"22 Lake Shore Drive"
414,Jonathan,Anderson,6252095825,"76 Grant Avenue"
415,Joan,Sugar,6489989391,"51 Forest Avenue"
416,Robert,Sipriano,8095035945,"76 Briarwood Court"
417,Guillermina,NULL,9646160129,"53 Locust Street"
418,Dick,Velez,6118251125,"72 Maple Lane"
419,Pamela,Lake,8432838206,"36 Broadview Avenue"
420,Shawn,Hyre,7326635632,"17 Cedar Terrace"
421,Rosemarie,Engler,7689929713,"63 Maple Avenue"
422,Cathleen,Garay,8761025299,"70 Prospect Avenue"
423,Alexander,NULL,7894183356,"41 Fairmount Road"
424,Allison,Gunderson,7106416384,"30 Laurel Lane"
425,Felipe,James,7049769665,"22 Lincoln Avenue"
426,Loretta,Perry,7728679722,"46 Prospect Avenue"
427,Richard,Hain,9570828408,"2 Hillcrest Road"
428,Cora,Locke,8357075625,"50 Greenfield Avenue"
429,Betsy,Winkler,9562966236,"70 Holly Avenue"
430,Chong,Jackson,7069014304,"45 Elmwood Place"
431,Jonathan,Rosales,8771082437,"36 Lincoln Avenue"
432,Paul,Stanford,7671454491,"50 Madison Avenue"
433,Elizabeth,Paredez,8628616621,"65 Cedar Lane"
434,Betsy,Pittsley,6305786506,"1 Willow Lane"
435,Chester,Barnes,6578639805,"72 Parkside Lane"
436,Steven,Smith,9265238769,"73 Hickory Lane"
437,Deborah,Kessinger,9350537897,"4 Briarwood Court"
438,Heidi,Picton,6931054722,"67 Forest Drive"
439,Sylvia,Rowold,8713134868,"21 Parkside Lane"
440,Eva,Reeves,9002477507,"36 Lincoln Circle"
441,Leesa,Marsh,6057743461,"29 Highland Road"
442,Carla,Baham,6995820190,"45 Highland Place"
443,Lauren,Gafford,8851108121,"77 Oakwood Lane"
444,Lucille,Maha,9800455284,"33 Maplewood Drive"
445,Tracy,German,7407688478,"16 Jefferson Lane"
446,Robert,Mcaleer,6695447534,"1 Applewood Drive"
447,Carol,Fitzgerald,9838774582,"75 Chestnut Street"
448,Margret,Placha,8817922592,"37 Cedar Court"
449,Stanley,Frantz,9578724781,"64 Valley Road"
450,Wanda,Underwood,9687524965,"75 Hillcrest Road"
451,Gretchen,Stemp,6218003372,"46 Elmwood Road"
452,Michelle,Schmatz,7182561136,"68 Walnut Avenue"
453,Walter,Jasper,9812115549,"27 Hillcrest Drive"
454,Carl,Page,8923282398,"13 Oak Street"
455,Linda,NULL,7023999752,"9 Ashland Avenue"
456,Martha,Evans,9776675222,"5 Meadow Lane"
457,Lowell,Forrester,6144797273,"20 Locust Lane"
458,Amanda,Whitaker,7181518780,"14 Northview Terrace"
459,Tracy,Allen,8689099422,"4 Greenfield Terrace"
460,Kimberly,Martin,9604962296,"57 Cedar Lane"
461,Ruth,Hoffman,6047104611,"44 Brookdale Place"
462,Avis,NULL,6685272895,"70 Greenfield Avenue"
463,Lindy,Benner,6067131463,"7 Cedar Court"
464,Dorothy,Teter,6485903815,"42 Beech Street"
465,Tiffany,Ball,6932055425,"58 Springdale Road"
466,Robert,Marshall,8888227672,"39 Birchwood Lane"
467,Margaret,Morales,9117606659,"45 Fairview Drive"
468,Jimmy,Pina,7620183578,"1 Cherrywood Drive"
469,Heather,Baxter,6530397712,"57 Maplewood Drive"
470,Shane,Litten,8173838679,"19 Madison Avenue"
471,Lisa,Fowler,6583999742,"57 Birchwood Lane"
472,Andrew,Brewer,6049149442,"51 Southview Lane"
473,James,Delgado,8337477195,"74 Glenwood Drive"
474,Wanda,Pugh,9698591981,"13 Parkside Lane"
475,Whitney,NULL,7505250486,"45 Cherrywood Lane"
476,August,Hawkins,6700176419,"52 Vineyard Drive"
477,Carman,Vencill,8882337524,"8 Yorktown Road"
478,Amy,Loudy,9989501687,"5 Pinehurst Road"
479,William,Messinger,6688316726,"71 Greenfield Terrace"
480,Fred,Krumholz,7458924132,"54 Fairview Avenue"
481,John,Blair,7273661992,"34 Meadowbrook Road"
482,Max,Braswell,9025072501,"42 Locust Street"
483,Hector,Chambers,6179594254,"36 Broad Street"
484,Albert,Hampton,6659278560,"9 Jefferson Street"
485,Amy,Green,8522110249,"57 Pinehurst Road"
486,Connie,NULL,6817035857,"12 Maple Lane"
487,Edmund,Liles,9913816315,"41 Longview Avenue"
488,Chasity,NULL,6607004585,"6 Forest Drive"
489,Jessica,Delgado,6788678131,"44 Pinehurst Drive"
490,Staci,Sabbagh,7013054188,"26 Greenfield Terrace"
491,Steven,Tidwell,7847085165,"55 Greenfield Avenue"
492,Jennifer,Munoz,7820691806,"64 Maple Avenue"
493,William,Wagner,6653854545,"60 Pinehurst Drive"
494,Stephan,Breedlove,7913280949,"67 Walnut Street"
495,Cheryl,Wright,6768029933,"46 Washington Avenue"
496,Paul,Black,6777271373,"69 Grove Street"
497,Maria,Truesdale,7020885572,"74 Fairmount Road"
498,Rebecca,Nava,8128720111,"5 Parkview Terrace"
499,Keren,Hays,6529627091,"72 Rosedale Avenue"
500,Norman,Knarr,7009229094,"29 Beech Street"
501,Leon,Cox,8072540886,"26 Woodbine Street"
502,Kari,Costello,7832226051,"61 Oakwood Drive"
503,Nicole,Oswald,8234018009,"65 Eastwood Drive"
504,Charles,Carroll,7819836075,"38 Yorktown Road"
505,Thomas,Dahlman,6991741210,"49 Broadview Avenue"
506,Camelia,Hale,7733082980,"53 Fairview Avenue"
507,Rosaria,Powell,6016858484,"13 Meadow Lane"
508,Jack,Rish,7706404857,"4 Grant Avenue"
509,Mary,Huber,6049012632,"63 Greenfield Avenue"
510,John,Wilson,6431037578,"19 Vine Street"
511,Gwendolyn,Williams,6343769251,"67 Ridgeview Drive"
512,Juan,Teeter,8131172186,"19 Jefferson Lane"
513,Salvador,Thomas,6958857053,"14 Pineview Drive"
514,Ginger,Self,8401845971,"51 Highland Road"
515,Susan,Dixon,9573677063,"12 Park Street"
516,Johnnie,Wilson,8744915166,"29 Garden Avenue"
517,Melissa,NULL,9140884321,"24 Beechwood Avenue"
518,Ronald,Keener,9066814359,"62 Prospect Avenue"
519,Luther,Neely,8172296965,"23 Oak Street"
520,Kenneth,Whittenburg,9683512479,"65 Prospect Avenue"
521,Chantal,Arebalo,6776088840,"31 Eastwood Drive"
522,Helen,Coughlin,9136774454,"18 Holly Lane"
523,Joseph,Williams,7672712535,"54 Lakeview Drive"
524,Christine,Rocchio,8434642017,"47 Greystone Terrace"
525,Gregory,Holder,9842118178,"15 Elmwood Place"
526,Monica,Mcqueen,8944991997,"48 Chestnut Street"
527,Jeremy,Sackrider,8494009883,"57 Fairview Avenue"
528,Michael,Krug,7589790212,"70 Sunnyside Avenue"
529,Brandon,Johnston,9141035841,"57 Meadow Lane"
530,Adam,Franklin,6711456964,"79 Park Street"
531,James,Lambdin,6502754607,"22 Oakwood Lane"
532,Candace,Farris,6586655562,"75 Elmwood Terrace"
533,Barbara,Franklin,7836751437,"28 Glenwood Drive"
534,Herbert,Gaddy,7554538519,"1 Holly Avenue"
535,John,Brandon,9756051861,"53 Northview Road"
536,Tommy,Mcnabb,9853133182,"77 Willow Lane"
537,Lara,Constancio,8712247473,"35 Orchard Road"
538,Lisa,Howard,9740221629,"49 Cedar Street"
539,Bryan,Brewster,6098374820,"55 Fairview Drive"
540,Cynthia,Seybold,7391254326,"53 Fairmount Road"
541,Michael,Boling,6560515794,"17 Chestnut Street"
542,Josephine,Rogers,7579463082,"72 Jefferson Street"
543,Herb,Crumble,6748685168,"60 Longview Avenue"
544,Marion,Murray,7494892547,"16 Hillcrest Avenue"
545,Gloria,Smith,7451966204,"14 Beech Street"
546,Duane,Riddick,8255853833,"26 Columbus Lane"
547,Donna,Jones,7869272585,"52 Brookside Avenue"
548,Eva,Edgley,6290398880,"10 Oakwood Lane"
549,Rose,Oneill,7787166442,"43 Lincoln Circle"
550,Larry,Wood,8258388257,"16 Birch Lane"
551,Garret,Rouse,8997719408,"78 Lakeview Drive"
552,Jon,Mitchell,8312332694,"40 Lexington Place"
553,Kimberly,NULL,6367641462,"2 Glenwood Avenue"
554,Barry,Ramirez,7217178067,"7 Hillside Avenue"
555,Thelma,Foster,9031988498,"70 Washington Avenue"
556,Lorraine,Burt,7513086654,"2 Orchard Road"
557,Victor,Williams,6453904058,"72 Eastlake Drive"
558,Lorraine,NULL,9476713767,"19 Beech Street"
559,George,Peterson,9256949943,"19 Hillside Avenue"
560,Christa,Bogart,6902915611,"68 Parkview Road"
561,William,Fanno,8989571847,"42 Kingston Way"
562,Isidro,Ingwersen,9058185787,"4 Hillcrest Drive"
563,Trenton,Henry,6834687319,"72 Sycamore Street"
564,Jennifer,Burlingham,9180037094,"41 Sunnyside Avenue"
565,Helen,Barnes,7798447008,"19 Valley Road"
566,Marlys,Wilson,6725201997,"63 Birchwood Lane"
567,Peter,Heon,7860220901,"50 Cedar Terrace"
568,Willie,Corathers,8365463065,"62 Yorktown Road"
569,Ronald,Murray,8904037997,"25 Beechwood Road"
570,David,Bernard,8172168724,"78 Broadview Avenue"
571,Billy,Flowers,9919489161,"42 Eastwood Drive"
572,Lillian,NULL,9902963153,"60 Belmont Avenue"
573,George,Bosch,7327793292,"25 Eastlake Drive"
574,George,James,7110018393,"51 Eastlake Drive"
575,Steve,Tillman,9778079888,"36 Meadowbrook Road"
576,William,Baker,7710490982,"76 Woodbine Street"
577,James,Tolin,9501401329,"26 Beechwood Avenue"
578,Robert,Nehls,7890629618,"14 Eastwood Drive"
579,Ruby,NULL,7743093161,"30 Pineview Lane"
580,Arthur,Charles,9359883726,"16 Washington Avenue"
581,Thomas,Leibowitz,9403649280,"55 Oak Street"
582,Delma,Kelley,9013902668,"40 Oakdale Drive"
583,Amy,NULL,6219314675,"26 Park Lane"
584,Christy,Merida,8828818321,"19 Laurel Lane"
585,Michaela,Murray,6807765615,"75 Oak Street"
586,Karen,Tomlinson,8148155638,"40 Rosedale Avenue"
587,Sophia,Kha,6433794271,"20 Valley View Road"
588,Ray,Klein,6149500768,"6 Sunnyside Road"
589,Anita,Hilderbrandt,7182782877,"73 Hillcrest Avenue"
590,Lynn,Horn,9637222047,"25 Grant Street"
591,Brandon,Miller,6344215751,"71 Birch Lane"
592,Christopher,Alexander,8405968718,"24 Jefferson Lane"
593,Karen,Cates,9996129213,"8 Parkview Avenue"
594,Lavonia,Durant,9087973141,"45 Pleasant Street"
595,Gale,Vanhampler,9473149263,"55 Pineview Road"
596,Roberto,Maresca,9425516907,"47 Meadowbrook Road"
597,Gladys,Findley,8674622241,"73 Oak Street"
598,Catherine,Johnson,7400112126,"60 Lake Shore Drive"
599,Monica,Gordon,7060330357,"54 Linden Lane"
600,Daniel,Nielsen,7617641168,"77 Sunnyside Avenue"
601,Chong,Bradley,9653156756,"64 Walnut Avenue"
602,Louis,Hathaway,8999364882,"69 Linden Lane"
603,Luanne,Taylor,7254228614,"13 Locust Lane"
604,Armando,Bodak,7619841286,"54 Parkview Avenue"
605,Thomas,NULL,9704636136,"5 Eastlake Drive"
606,Craig,Gambrel,7059212176,"33 Madison Court"
607,Diane,Edwards,9185887216,"24 Greystone Terrace"
608,Joyce,Moore,6964056428,"62 Cedar Court"
609,Anna,Long,7627552050,"48 Willow Street"
610,Sean,Haggerty,7820946141,"76 Madison Court"
611,Alma,Gilreath,9956104686,"54 Grant Avenue"
612,Alan,Kilberg,6720960771,"58 Walnut Street"
613,Raymond,NULL,6301559429,"69 Forest Drive"
614,Paul,Bourdon,9242373021,"15 Sunnyside Avenue"
615,Kieth,Neal,8445467098,"39 Linden Lane"
616,Kevin,Bartley,6687544044,"6 Elmwood Terrace"
617,Paula,Marbley,9330282982,"61 Briarwood Court"
618,Jo,Bynum,7635145626,"58 Cherrywood Drive"
619,Thomas,Snyder,8623056589,"51 Park Lane"
620,Larry,Howard,9907558758,"30 Riverside Drive"
621,Victor,Hartmann,9125372485,"46 Hillcrest Drive"
622,Corina,Turner,9610701844,"14 Oakdale Court"
623,Mary,Riddick,6261371455,"30 Valley Road"
624,Jeff,Numbers,7724772848,"79 Oak Hill Drive"
625,Sallie,Wilson,7381812558,"55 Sycamore Street"
626,Robert,Allen,7260300894,"41 Northview Road"
627,Oscar,Reeves,8931117494,"66 Kingston Way"
628,Ethel,Daugherty,8956211594,"48 Orchard Road"
629,Madeline,Young,9241499264,"70 Applewood Drive"
630,Jorge,Zimmerman,8020452252,"16 Oakwood Lane"
631,Leandra,Lott,7123648671,"10 Linden Lane"
632,Joyce,Roberts,7261633171,"11 Parkview Avenue"
633,Eva,Dickman,9532837302,"48 Prospect Avenue"
634,Joseph,Johnson,8881737595,"29 Ashland Avenue"
635,Jewell,Howard,9983645924,"50 Madison Court"
636,Vivian,Devaughn,6053131997,"37 Parkview Road"
637,Lea,Ledbetter,8788276738,"19 Fairview Drive"
638,Kirk,Lewis,8235767857,"28 Cherrywood Drive"
639,Julia,Martin,7413672719,"12 Birch Lane"
640,Mathew,Johnson,8597857812,"67 Longview Avenue"
641,Samuel,Peterson,9439024432,"18 Laurel Lane"
642,Germaine,Hastings,6382160955,"7 Beech Street"
643,Ryan,Allbritton,9768157217,"79 Fairway Drive"
644,Virgil,Peppard,8994831715,"12 Riverside Drive West"
645,Margret,Jackson,8723326132,"63 Sunset Drive"
646,Tangela,Barber,6072423061,"48 Meadowbrook Road"
647,Jennifer,Fratus,7440042367,"78 Highland Drive"
648,Dennis,Mcfall,6754961419,"29 Ridgewood Road"
649,Erica,Williams,7325531735,"18 Vine Street"
650,Ruth,Sawtelle,8490046591,"69 Maplewood Drive"
651,Victor,Brown,7309434386,"37 Birchwood Lane"
652,Ellen,Landers,8346184063,"31 Broadview Avenue"
653,Ralph,Sorensen,9866068333,"51 Parkside Lane"
654,Kristen,NULL,7437009331,"78 Parkview Terrace"
655,Nicolas,Roman,7065988493,"9 Washington Avenue"
656,Willie,Jacoby,7198535857,"29 Brookdale Place"
657,Deborah,Pugh,8204138713,"12 Pine Street"
658,Phyllis,NULL,7133584165,"25 Eastwood Drive"
659,Justin,Prinz,8591440316,"16 Forest Drive"
660,Daniel,Crabtree,8117184286,"51 Jefferson Lane"
661,Gail,Ramos,8994432249,"62 Rosedale Avenue"
662,James,Caneva,6272004457,"63 Brookdale Place"
663,Luther,Lawson,9167851710,"55 Orchard Road"
664,Laura,Lyons,6913205866,"18 Cedar Road"
665,Latasha,Beaird,9479871989,"55 Sunset Drive"
666,Jacqueline,Brow,6991756509,"43 Cedar Road"
667,Nichole,Bryan,6811909718,"50 Fairview Avenue"
668,Bernard,Morales,6503011381,"6 Riverside Drive West"
669,Anna,Theus,7711680380,"6 Jefferson Lane"
670,Robert,Shoemaker,8517639755,"71 Springdale Road"
671,William,Mcgowan,6768365613,"43 Cedar Terrace"
672,Robert,Burke,6014472145,"65 Newbury Way"
673,Kenneth,Minjarez,9330629905,"2 Valley Road"
674,Robyn,Lenhart,9121172653,"18 Garden Avenue"
675,Margaret,Clayton,6271694182,"22 Parkview Road"
676,Paul,NULL,7761067705,"76 Linden Avenue"
677,Bernadine,Markham,9454483587,"79 Parkview Terrace"
678,Teresa,Weaver,8549422286,"70 Fairmount Road"
679,Raymond,NULL,7752005226,"24 Sunset Drive"
680,Antoine,Stover,9169716951,"61 Walnut Avenue"
681,Ronnie,Martin,7486114590,"48 Fairway Drive"
682,Elisa,Overman,6754205577,"67 Willow Street"
683,Wilma,Bravo,7545708566,"78 Jefferson Lane"
684,Wendell,Graves,6180172213,"59 Sunset Drive"
685,Brenda,Hastings,8608852729,"21 Cherrywood Lane"
686,Stephen,Hayes,7799735129,"71 Beechwood Road"
687,Joanna,Council,8329190041,"73 Lakeview Drive"
688,Steve,Knowlton,7900255586,"77 Elmwood Place"
689,Eugene,Bishop,7692826733,"65 Eastlake Drive"
690,Margaret,Delang,6088067636,"56 Lake Shore Drive"
691,Diane,Doane,6116455398,"39 Oak Hill Drive"
692,Edwin,Boger,7780553744,"63 Oak Street"
693,Jose,Pisani,7457770743,"50 Greystone Terrace"
694,Amy,NULL,6145843511,"59 Longview Road"
695,Bridget,Macon,7977234292,"63 Glenwood Drive"
696,Aaron,Carver,6938452949,"44 Cedar Street"
697,Christine,Witherspoon,6974820098,"36 Cedar Court"
698,Molly,Macfarlane,7891950648,"17 Valley Road"
699,Travis,Rice,7369390162,"67 Pinehurst Road"
700,Curtis,Hamilton,8116953778,"45 Beech Street"
701,Pamela,Polson,7553582812,"19 Linden Lane"
702,Peter,Bales,6494490842,"38 Holly Lane"
703,Frank,NULL,6858553692,"62 Hillside Avenue"
704,William,Guillen,6568517651,"5 Locust Street"
705,William,Jones,8057028425,"47 Grove Street"
706,Kelly,Sears,8433261987,"2 Sunset Drive"
707,Peter,Boyd,6055887628,"1 Belmont Avenue"
708,Craig,Alvarez,8882455356,"71 Willow Street"
709,Winifred,Willis,7188102117,"35 Longview Avenue"
710,John,Craig,7650044122,"16 Greystone Terrace"
711,Rufus,Smart,6367344793,"5 Madison Avenue"
712,Jessica,Walton,6814975525,"28 Springdale Road"
713,Juanita,Mullins,9354190567,"47 Pineview Drive"
714,Stella,Jurist,8328594309,"77 Yorktown Road"
715,Brian,King,8611824294,"17 Fairview Avenue"
716,Carlos,Coley,8363759859,"3 Broad Street"
717,Justin,Banderas,7707033300,"53 Elmwood Terrace"
718,Angela,NULL,8063773580,"60 Sycamore Street"
719,Patricia,Meyers,9243920339,"20 Columbus Lane"
720,Ramona,Shortt,7645346009,"40 Beechwood Avenue"
721,Ed,Holm,9300517236,"66 Northview Terrace"
722,Troy,Serrano,6935314110,"23 Elmwood Road"
723,Rodney,Paterson,7934313931,"70 Laurel Lane"
724,Daniel,True,8724046459,"43 Brookside Avenue"
725,Ruth,Brown,6074888122,"27 High Street"
726,George,NULL,8038639830,"28 Fairview Avenue"
727,Marcus,NULL,9641206124,"28 Southview Lane"
728,Natalie,Moyer,9975357155,"66 Linden Lane"
729,Marilyn,Fong,7860673774,"10 Valley Road"
730,Margaret,Bland,8248488932,"20 Sunnyside Avenue"
731,Douglas,Chao,6140835983,"62 Highland Place"
732,Joshua,Amore,7561741701,"68 Willow Lane"
733,Ryan,Maldonado,9426403834,"24 Fairview Drive"
734,Edward,Brei,7253481792,"28 Highland Place"
735,John,Irvin,8992473235,"6 Grant Street"
736,Kenneth,Weber,9734743810,"7 Elmwood Road"
737,Steven,Cruz,7600643295,"30 Cedar Road"
738,Thomas,Rogers,8872964151,"13 Brookside Avenue"
739,Gloria,Ostrander,9084261430,"43 Northview Road"
740,Christopher,Medeiros,6216101496,"13 Grove Street"
741,Kevin,Altenburg,8457936403,"57 Ridgewood Road"
742,Cole,Roy,9415666626,"6 Fairview Drive"
743,Mary,Hines,8629836606,"71 Maple Avenue"
744,Glen,Pierson,7489032932,"40 Springdale Road"
745,Dawn,Brickey,6054595866,"29 Applewood Drive"
746,Barbara,Tornquist,6073885555,"23 Beech Street"
747,Lillian,Cortinas,9697124329,"67 Kingston Way"
748,Mable,Mcdermott,8869672770,"71 Sunset Drive"
749,Michael,Todd,7917935388,"54 Cedar Lane"
750,Rosemarie,Branson,6604655917,"29 Magnoli"
751,Roman,NULL,7016848520,"59 Walnut Street"
752,Daniel,Starks,8360107139,"13 Hickory Lane"
753,Jonathan,Williams,7154639262,"47 Sunnyside Avenue"
754,Gwendolyn,Wentworth,6343518029,"39 Pineview Road"
755,John,Curl,9637443978,"23 Hillcrest Road"
756,Ruby,Morano,9892427714,"55 Kingston Way"
757,Rebecca,Buchholtz,7129880933,"16 Locust Lane"
758,Alejandro,Goetz,9002500277,"65 Springdale Road"
759,Ruby,Walsh,8695920017,"60 Highland Drive"
760,Brendan,Bryan,6178573382,"9 Brookdale Avenue"
761,Robert,Hawley,7495113879,"6 Parkview Road"
762,Bernice,Nguyen,8078995516,"39 Pineview Drive"
763,Dennis,NULL,7240902170,"57 Meadowbrook Road"
764,Alejandra,Esquer,8502019388,"8 Park Avenue"
765,Denise,Kelly,9079240393,"17 Parkview Terrace"
766,Willie,Keenan,6911092281,"55 Sunnyside Road"
767,Leah,Heck,8937990037,"74 Brookdale Avenue"
768,Joseph,Dent,9516342386,"12 Locust Street"
769,Melanie,NULL,7495654577,"79 Mainview Avenue"
770,Paul,Gibson,9484594531,"40 Fairmount Road"
771,Deborah,Tenney,9212254758,"69 High Street"
772,Dolores,Powley,8498635794,"62 Chestnut Avenue"
773,Pamela,Fischer,8454248839,"5 Cedar Road"
774,Oscar,Knight,8113921585,"79 Maplewood Road"
775,Aileen,Gambles,8865690122,"65 Vine Street"
776,Bridget,Anderson,6096598277,"63 Cedar Terrace"
777,Ema,Hobbs,6844092515,"36 Pine Street"
778,Jessica,Wilson,9718457831,"38 Cherry Hill Road"
779,Carla,Davis,6470567128,"45 Cedar Court"
780,Loraine,Carlson,9118470098,"29 Riverside Drive"
781,Sandra,Frizzle,6680957988,"71 Fairview Drive"
782,Jacqueline,Thomas,6492642953,"26 Southview Lane"
783,Mildred,Baney,9603595730,"25 Highland Drive"
784,William,Coyle,6557933315,"78 Jefferson Avenue"
785,Lori,Guzman,8284034033,"40 Greenfield Terrace"
786,Maria,Salimi,6982965204,"78 Oak Hill Drive"
787,Kevin,Ford,8899162756,"19 Locust Street"
788,Marlene,Hill,9848467959,"7 Eastlake Drive"
789,Dong,Gonzalez,9976414115,"46 Newbury Way"
790,Marian,Drumgoole,6558500470,"5 Valley Road"
791,Terrence,Simmons,6937145133,"40 Hillcrest Avenue"
792,Eva,NULL,7886789450,"24 Longview Avenue"
793,Pauline,Johnson,8704173306,"57 Glenwood Drive"
794,Carl,Singletary,7238966443,"60 Kingston Way"
795,Bruce,Ferreira,8975566430,"76 Magnoli"
796,Thomas,Neiman,6450556981,"50 Riverside Drive"
797,Howard,Files,9490572590,"59 Newbury Way"
798,Erick,Wilbanks,7703699097,"63 Oakdale Drive"
799,Deborah,Campbell,6691417126,"53 Columbus Lane"
800,Pauline,Cruz,6088100959,"51 Greenfield Avenue"
801,Shane,NULL,6980026528,"44 Parkview Avenue"
802,Judy,Williams,8603985053,"45 Kingston Way"
803,Christopher,Peterson,9007061837,"60 Garden Avenue"
804,Kelvin,Saunders,6395398540,"40 Cedar Road"
805,Penny,Russey,7915620350,"22 Valley View Road"
806,Maurine,NULL,8098604829,"7 Sunset Drive"
807,Kyle,Armenta,9868757027,"62 Forest Avenue"
808,Grace,Bennett,7528838059,"18 Lake Shore Drive"
809,Sherman,Phillips,8136955693,"56 Beechwood Road"
810,William,Anderson,6900634555,"36 Park Lane"
811,Brad,Dotolo,8793809495,"48 Cedar Lane"
812,Brent,Jackson,9175052452,"30 Sunset Drive"
813,Oliver,White,7025725077,"10 Pinehurst Drive"
814,Jimmy,Scaggs,7384936821,"71 Oakdale Drive"
815,Mark,Floyd,9837228206,"1 Maplewood Drive"
816,Lana,Thompson,7390915810,"21 Springdale Road"
817,Pauline,Zampieri,8596940079,"10 Rosedale Avenue"
818,Eleanore,Martinez,9624040443,"42 Linden Avenue"
819,Laurene,Brooks,8072474485,"12 Valley Road"
820,James,Maupin,8527217891,"3 Greenfield Terrace"
821,Melissa,Anderson,9684888921,"14 Maplewood Road"
822,Lowell,Fox,8428011831,"35 Highland Road"
823,Marjorie,Brown,8119781731,"71 Highland Drive"
824,Tim,Anderson,8752296293,"2 Lake Shore Drive"
825,Debra,Bauer,7915635302,"59 Cedar Street"
826,Diana,Hulett,6956671089,"36 Oak Street"
827,Robert,Rivera,7448554897,"55 Broadview Avenue"
828,Carolyn,Berntson,6544374972,"38 Walnut Avenue"
829,Ralph,Lewis,9080425152,"21 Riverside Drive"
830,Kristin,Norris,8956285173,"62 Broad Street"
831,Michael,Marino,9156886285,"42 Elm Street"
832,Rebecca,NULL,6769169697,"49 Garden Avenue"
833,Terrilyn,Govan,6880419575,"17 Meadow Lane"
834,George,NULL,8046503829,"4 Meadowbrook Road"
835,Shirley,Molina,7346586813,"35 Grove Street"
836,Titus,Dollyhigh,6712480180,"10 Highland Drive"
837,Ethel,Glass,9611097830,"10 Madison Court"
838,Danielle,Raterman,9358715202,"39 Oak Street"
839,Bonnie,NULL,9643539774,"42 Valley Road"
840,Amy,Eldridge,6994916601,"18 Maplewood Drive"
841,Suzanne,Preston,7179320989,"36 Chestnut Avenue"
842,James,NULL,6502490454,"37 Pineview Lane"
843,Mary,Boucher,9672173809,"62 Lincoln Avenue"
844,Ruth,Clemens,6799947440,"48 Maple Lane"
845,Donald,Hall,7776137741,"70 Jefferson Street"
846,Gretchen,Mooney,9959406356,"44 Beechwood Road"
847,Ila,Eckles,9354517552,"52 Sunset Drive"
848,Jose,Simpson,6989657934,"57 Elmwood Road"
849,Lillian,Muncy,8865737541,"37 Highland Drive"
850,Paul,Aguilar,9824761364,"19 Pineview Lane"
851,Laura,Wolter,7991714184,"75 Greystone Terrace"
852,Linda,Retchless,8131809722,"28 Oakwood Lane"
853,Annette,Gabrielsen,6399168491,"32 Mainview Avenue"
854,Charles,Cox,9118393604,"79 Pine Street"
855,Pamela,Gauthier,9429588749,"64 Park Avenue"
856,Judy,NULL,7591849116,"51 Willow Street"
857,Anna,Lamb,9881476214,"30 Walnut Street"
858,Jane,Stovall,7748706839,"49 Pineview Lane"
859,Mary,Fedezko,8591690940,"14 Glenwood Drive"
860,Timothy,Ostrander,8157440872,"37 Chestnut Street"
861,Sharon,Lee,8338011254,"20 Broad Street"
862,Jeff,Kim,9572857396,"12 Meadow Lane"
863,Bernice,Blakley,9678784449,"8 Cedar Lane"
864,Marcus,Winston,6345462185,"9 Holly Avenue"
865,Rebecca,Little,8240881152,"57 Washington Avenue"
866,Samantha,Bennett,7989627466,"38 Prospect Avenue"
867,Ella,Richardson,7806078966,"23 Brookside Avenue"
868,George,NULL,8296448724,"42 Highland Drive"
869,David,Wolfe,7481290103,"18 Oak Street"
870,Edgar,Deloye,6083429811,"61 Laurel Lane"
871,Harold,Walker,8437037257,"2 Willow Street"
872,James,Pond,6075360306,"66 Garden Avenue"
873,George,Sowinski,8321541151,"36 Oakdale Drive"
874,Bertha,Fishman,8968645054,"29 Eastlake Drive"
875,Irvin,Hernandez,8533609755,"43 Beechwood Avenue"
876,Eva,Fogle,8131902748,"27 Chestnut Avenue"
877,Steve,Spencer,7717040707,"33 Madison Avenue"
878,James,Yates,7405277572,"5 Walnut Avenue"
879,Lorenzo,Gray,7241781804,"13 Forest Drive"
880,Geneva,Jiles,6530666425,"58 Lexington Place"
881,Anthony,Wright,6687297971,"39 Longview Avenue"
882,Christopher,NULL,6887460782,"29 Pleasant Street"
883,Susan,Banta,9338749685,"7 Elmwood Place"
884,Chris,Smith,6005213047,"46 Elmwood Place"
885,Michelle,Freeman,8972095325,"56 Park Street"
886,Lonny,Ultseh,9871693401,"76 Vine Street"
887,Prince,Geist,6628960071,"37 Pinehurst Drive"
888,Keith,Brenner,7767914211,"48 Jefferson Street"
889,Larry,Whitson,8752513275,"35 Brookdale Place"
890,Reed,White,9353442420,"59 Linden Avenue"
891,Peter,Spaulding,8677591647,"57 Pine Street"
892,Philip,Houston,8518434707,"20 Park Avenue"
893,Gene,Burke,6280860014,"31 Laurel Lane"
894,Lynn,Hindman,9054240728,"14 Cedar Street"
895,Sylvester,Rosario,9872022492,"56 Sunnyside Road"
896,Marvin,NULL,6073200169,"52 Highland Drive"
897,Richard,Gonzalez,7577118990,"15 Garden Avenue"
898,Jerry,Richard,6995242110,"28 Woodbine Street"
899,Sung,Holder,7935130787,"60 Forest Avenue"
900,Brenda,Lobe,6049499240,"8 Belmont Avenue"
901,Thomas,Smith,8646830397,"78 Maplewood Drive"
902,Jeffery,Schorn,9282367695,"7 Ridgewood Road"
903,James,Boeding,9235518445,"19 Oakdale Drive"
904,Boyce,Stiles,9732015303,"62 Oakdale Drive"
905,Gloria,Kempf,6129252747,"61 Magnoli"
906,Leigh,Dolan,9963375233,"77 Madison Court"
907,Frances,Hernandez,8700432071,"31 Mainview Avenue"
908,Ann,Guintanilla,7723683964,"65 Brookdale Avenue"
909,Gary,Booth,9527018703,"58 Fairview Avenue"
910,Thelma,Rakel,8809602648,"31 Park Avenue"
911,Denise,Walker,8257854520,"36 Rosedale Avenue"
912,Bradley,Tim,8097372731,"46 Parkview Terrace"
913,Lisa,NULL,6321995013,"26 Vineyard Drive"
914,Walter,Menter,9266122122,"79 Grove Street"
915,Delores,Shoji,8503326859,"47 Linden Avenue"
916,Bobby,Cooper,7295342404,"9 Birch Lane"
917,Karin,May,9492308644,"49 Vine Street"
918,Amanda,Froneberger,6783309667,"56 Glenwood Avenue"
919,Elwood,NULL,9201748412,"30 Pineview Road"
920,Howard,Rice,6107715737,"24 Parkview Road"
921,Wilfred,Williamson,6112163999,"42 Maple Lane"
922,Simon,Frost,6335145836,"25 Parkview Terrace"
923,Chris,Hickson,9786943113,"5 Maplewood Drive"
924,Manuel,NULL,7907840591,"52 Greenfield Avenue"
925,Laurel,NULL,9268429111,"52 Locust Lane"
926,Betty,Pomeroy,9144463597,"78 Briarwood Court"
927,Kristy,Minard,6243753908,"5 Hillcrest Drive"
928,Renita,Walker,9870021613,"19 Pineview Drive"
929,Gilbert,Boisen,9998220210,"29 Holly Avenue"
930,Chad,NULL,7385611484,"15 Eastwood Drive"
931,Steven,Sloan,6334518130,"66 Magnolia Avenue"
932,Karen,Barrett,8382283855,"11 Columbus Lane"
933,Harold,Sanderson,7161880755,"75 Pinehurst Drive"
934,Dennis,Luyando,8057942303,"67 Parkview Avenue"
935,Alice,NULL,6314163351,"69 Willow Street"
936,Karin,Kirkpatrick,6188246543,"51 Lincoln Avenue"
937,Gerald,Mcwhorter,9638416932,"32 Belmont Avenue"
938,Warren,NULL,7080339558,"56 Fairview Avenue"
939,Barbara,Harness,9341596715,"73 Sycamore Street"
940,Joseph,NULL,9830619942,"39 Beech Street"
941,Kathi,Hayter,9687153307,"31 Washington Avenue"
942,Elizabeth,Vaughn,9148938717,"32 Kingston Way"
943,Sandra,Lieberman,9331867451,"6 Oakdale Drive"
944,Donald,Lindgren,7813074156,"7 Fairview Avenue"
945,Jennifer,Saenz,6298477626,"60 Beech Street"
946,Laura,Hodges,8377067445,"15 Valley Road"
947,Sarah,Taylor,9347488466,"1 Northview Terrace"
948,Randall,Hawkins,6740946488,"46 Willow Street"
949,Norma,King,8529288280,"60 Lincoln Circle"
950,Stuart,Cummings,9960633421,"47 Jefferson Avenue"
951,David,Soileau,7469162602,"9 Meadowbrook Road"
952,Martha,Pastrana,6866128937,"77 Locust Lane"
953,Elisa,Myers,8297390958,"6 Highland Road"
954,Inez,Gagne,8447506380,"68 Fairview Avenue"
955,Erin,Thompson,9963678040,"8 Magnoli"
956,Malka,Cannon,6292946360,"70 Cherry Hill Road"
957,Helen,Reavis,8927728195,"4 Brookside Avenue"
958,Edward,Gonzalez,8628857342,"64 Park Street"
959,Kathryn,Welsh,6877758252,"8 Chestnut Avenue"
960,Elvis,Therrien,6227968059,"74 Maplewood Drive"
961,Jessie,NULL,7964980207,"18 Locust Street"
962,Lester,Dorval,7728932431,"28 Lake Shore Drive"
963,David,Limbo,6933147555,"70 Highland Road"
964,Manuel,Graham,8965043119,"11 Brookdale Place"
965,Earl,Richardson,7704065677,"61 Parkview Avenue"
966,Christina,King,6876135182,"27 Cedar Court"
967,Arthur,NULL,8740550758,"24 Hickory Drive"
968,Jennifer,Hames,7881653407,"54 Maple Lane"
969,Jesus,Shearon,7460382147,"57 Parkside Lane"
970,Eugene,Dean,9297166247,"57 Forest Avenue"
971,Marlene,Long,9287474549,"41 Maple Avenue"
972,Darren,Johnson,8555409669,"20 Hillside Avenue"
973,Jo,Lambert,6579244421,"35 Cherrywood Drive"
974,John,Darrow,6826659139,"52 Grant Avenue"
975,Joseph,Chappell,9519042081,"6 Elmwood Road"
976,Larry,NULL,6184104864,"32 Oakwood Lane"
977,Brad,Carlson,7843050377,"16 Parkview Road"
978,Margaret,Alvarez,7474870337,"35 Lincoln Circle"
979,Katherine,Jacob,7230650751,"21 Valley View Road"
980,Martha,Carlton,6894315185,"19 Northview Terrace"
981,Mary,Weber,7409971970,"33 Laurel Lane"
982,George,Bowman,9744174493,"44 Southview Lane"
983,Lynne,Martin,6255506357,"64 Park Lane"
984,Adrian,Rico,6734511575,"17 Locust Street"
985,Craig,Fisk,6118391025,"46 Park Avenue"
986,Suzanna,Murry,8220252321,"71 Ashland Avenue"
987,Oscar,Dean,7211651305,"64 Pinehurst Road"
988,Martha,Cox,8308828283,"66 Sunnyside Avenue"
989,Isabel,Torres,8591583293,"50 Locust Street"
990,Margaret,Kleinknecht,7955045244,"76 Cedar Court"
991,Dana,Walton,7344994480,"73 Oakwood Lane"
992,Lisa,Cruz,6518436423,"49 Willow Lane"
993,Chelsea,Bailey,7013856777,"11 Cherrywood Drive"
994,Austin,Leer,8472867868,"69 Hickory Drive"
995,Paul,Lovell,9195954794,"46 Parkview Road"
996,Christin,NULL,9282444431,"60 Ridgeview Drive"
997,Mitchell,Fernandez,8565697832,"61 Elm Street"
998,Liza,Haven,9650644194,"6 Sunset Drive"
999,Teresa,Todd,6012032654,"71 Parkview Avenue"
1000,Melissa,Adams,8463644056,"9 Garden Avenue"
1001,William,Smith,7225284331,"17 Applewood Drive"
1002,Guillermo,Rodriguez,8781059981,"35 Briarwood Court"
1003,David,Hoffman,9043651063,"48 Madison Court"
1004,Johnny,NULL,9418549055,"49 Oakdale Court"
1005,Karen,Wright,7721252240,"24 Cherry Hill Road"
1006,Christine,Cameron,7976330654,"75 Madison Avenue"
1007,Larry,Bozeman,8416838734,"57 Belmont Avenue"
1008,Gail,NULL,7827571951,"55 Walnut Avenue"
1009,Christopher,Harris,9253649096,"66 Hillcrest Drive"
1010,Jason,Fields,7245815172,"27 Fairview Drive"
1011,Charles,Lewis,8626447767,"39 Riverside Drive West"
1012,Nancee,Leath,7666881246,"46 Lincoln Circle"
1013,Brian,Lee,7501894428,"40 Highland Drive"
1014,Christopher,Lindsay,7727681198,"42 Yorktown Road"
1015,Albert,Crofts,7868626514,"52 Eastlake Drive"
1016,Alisha,Brown,9070165239,"46 Longview Avenue"
1017,Scotty,Jackson,9461924123,"1 Prospect Avenue"
1018,Linda,NULL,8469351187,"48 Park Street"
1019,Clara,Albers,9447726461,"37 Cedar Road"
1020,Francis,Johnson,8866041707,"76 Broad Street"
1021,Maggie,Wesley,8241500851,"7 Lakeview Drive"
1022,Gary,Kelly,6597615041,"66 Meadow Lane"
1023,James,Hogan,6448964285,"14 Lincoln Circle"
1024,Herman,Kolling,9727573380,"65 Highland Road"
1025,Misty,Hankins,6177745217,"56 Maplewood Drive"
1026,Lorna,Patrick,9580452371,"41 Elmwood Terrace"
1027,Frieda,Randall,9867266797,"39 Grant Avenue"
1028,Howard,Mcqueen,6199267590,"30 Jefferson Lane"
1029,James,Taft,8015973940,"15 Hillcrest Road"
1030,Brandon,Cook,7193273084,"36 Fairmount Road"
1031,Abdul,Hall,6429010327,"36 Cedar Street"
1032,Frank,Austin,8590636658,"73 Walnut Avenue"
1033,Valeria,Haynes,7562080193,"79 Woodbine Street"
1034,Lawrence,Branton,8666011242,"62 Cedar Road"
1035,Rachel,Salada,9610872491,"77 Sycamore Street"
1036,Christie,Gomes,7191380415,"3 Park Avenue"
1037,Kristina,Fusco,6234326655,"76 Eastwood Drive"
1038,Carlos,Printy,8418285867,"68 Southview Lane"
1039,William,Mildenberger,8992600841,"47 Maplewood Road"
1040,Milton,Wagner,9618817604,"78 Brookside Avenue"
1041,Adam,Mangham,6218118908,"12 Pinehurst Drive"
1042,Samuel,Bodo,9352967615,"23 Cedar Road"
1043,Linda,Salinas,8286698055,"18 Elmwood Terrace"
1044,Esther,Fair,7330383624,"22 Lakeview Drive"
1045,Sheila,Najera,9556040954,"72 Cherrywood Drive"
1046,Hanna,Osborn,6553174992,"8 Beechwood Avenue"
1047,Enrique,Phillips,7271174492,"72 Northview Road"
1048,Gilbert,Filler,6681122917,"58 Greystone Terrace"
1049,Susan,Owens,8719041055,"60 Fairview Avenue"
1050,Nathan,NULL,7423977749,"41 Chestnut Avenue"
1051,Mary,Miller,8486813645,"31 Grove Street"
1052,Barbra,Haughney,9281269567,"4 Pine Street"
1053,Janis,Ware,7593556226,"71 Holly Lane"
1054,William,Holmes,9222037614,"3 Hillcrest Avenue"
1055,Gretchen,Blew,8482768892,"56 Hickory Drive"
1056,Roberto,Bow,6149222892,"34 Yorktown Road"
1057,Ginger,Jones,9558884745,"51 Glenwood Drive"
1058,Barbara,Smith,9906343554,"49 Washington Avenue"
1059,Leslie,Shelly,7686939247,"46 Linden Avenue"
1060,Kenneth,Parker,8134384620,"70 Forest Drive"
1061,Sonia,Rivers,9521435327,"1 Willow Street"
1062,Sylvia,Hadlock,6731653453,"79 Parkview Avenue"
1063,Gregory,Wagner,6580985468,"76 Belmont Avenue"
1064,Joseph,Rogers,6040737899,"64 Elmwood Terrace"
1065,Karl,Conley,8117931059,"72 Applewood Drive"
1066,Paul,Davidson,7868055808,"41 Magnolia Avenue"
1067,Juan,Martin,6542438061,"76 Kingston Way"
1068,Mark,Matthews,7361187873,"2 Highland Place"
1069,Doyle,Scott,9601858372,"23 Parkside Lane"
1070,Ronald,Stafford,6413380635,"49 High Street"
1071,Joseph,Reimer,8452523038,"49 Prospect Avenue"
1072,Pedro,Frank,6224326045,"20 Cedar Street"
1073,James,Colunga,6747782502,"51 Willow Lane"
1074,Bernice,Ivory,6765893538,"20 Highland Road"
1075,Cathy,Alexander,7620373924,"41 Cherrywood Drive"
1076,Daniel,Lockhart,7201556369,"26 Brookdale Place"
1077,Julia,Graffagnino,7267193343,"74 Glenwood Avenue"
1078,Michael,Greggs,7463091929,"55 Valley Road"
1079,George,Smith,8389970094,"59 Glenwood Avenue"
1080,Chase,Gray,9849251351,"74 Walnut Avenue"
1081,Frank,Giroux,6369634117,"15 Parkview Road"
1082,Dean,Speck,8662064157,"36 Glenwood Avenue"
1083,Frank,Cordon,7348352374,"33 Columbus Lane"
1084,Travis,Janes,7522251537,"27 Maple Avenue"
1085,James,Merriam,6547571253,"11 Linden Avenue"
1086,Barbara,Lea,9854768088,"3 Grant Street"
1087,Alvin,Taylor,9558271783,"63 Lincoln Avenue"
1088,William,Dougal,7568362769,"77 High Street"
1089,Donald,Knotts,7398297254,"77 Vine Street"
1090,Kevin,Walker,6251281353,"48 Highland Road"
1091,Vicki,Jones,7539433946,"41 Holly Lane"
1092,Eric,Walker,8274773629,"9 Pinehurst Road"
1093,Richard,Karam,7577515584,"43 High Street"
1094,Alice,Ramirez,8015241982,"62 Highland Drive"
1095,Joe,Parker,9878443533,"4 Beech Street"
1096,Patsy,Reed,6887511132,"9 Madison Avenue"
1097,Daniel,Lee,7725736308,"10 Cedar Street"
1098,Oma,Muir,8056410041,"27 Willow Lane"
1099,Kevin,Whitehead,7021852166,"78 Highland Place"
1100,Lupe,Brinks,6814553231,"58 Cherrywood Lane"
1101,Louis,Lyon,6845708339,"70 Greystone Terrace"
1102,Jorge,Miller,9215911608,"14 Hickory Lane"
1103,Nathan,Chavez,6765283310,"79 Ridgeview Drive"
1104,Terry,Kellett,9870300978,"77 Pine Street"
1105,Rosalia,James,9465081643,"38 Park Avenue"
1106,Kenneth,Maya,9267011056,"59 Jefferson Avenue"
1107,Irene,Carlson,9055167680,"2 Highland Drive"
1108,Leroy,Clark,7856669179,"48 Sunset Drive"
1109,Stephen,Moose,8775966931,"36 Grant Avenue"
1110,Kenneth,Quintero,9741985104,"7 Yorktown Road"
1111,Linda,Childers,6141818306,"63 Elmwood Terrace"
1112,Reginald,Humbert,8069842268,"22 Pineview Drive"
1113,Donna,Cobbs,8064668580,"72 Longview Avenue"
1114,Leslie,NULL,7810056478,"51 Maple Avenue"
1115,Constance,Stevenson,9543369805,"2 Newbury Way"
1116,Brendan,Buoy,6118059022,"17 Hickory Lane"
1117,Freda,Rachal,7651032915,"17 Jefferson Lane"
1118,Darrell,Kallenberg,7062731788,"25 Cedar Street"
1119,Ronald,Klein,7630489181,"11 Madison Avenue"
1120,Lecia,NULL,7400964584,"30 Maplewood Road"
1121,Rita,NULL,9416864526,"71 Forest Avenue"
1122,Amber,Herron,9818456637,"36 Forest Drive"
1123,Wilbur,NULL,7156841115,"13 Garden Avenue"
1124,Shirley,Moore,9746030352,"33 Garden Avenue"
1125,Melvin,Peters,9860731536,"11 Elm Street"
1126,Janet,Helms,9370325862,"72 Elmwood Road"
1127,Harold,Jimerez,8293909478,"31 Oakdale Court"
1128,Ruth,Diller,7734445417,"74 Parkview Avenue"
1129,Marquitta,Gonzalez,9965412173,"62 Jefferson Street"
1130,Julia,Pearson,6755298664,"20 Northview Road"
1131,Jon,Alvarez,9968294977,"64 Forest Drive"
1132,Jonathon,Sutherland,6481167855,"54 Oak Street"
1133,Maria,Norwood,9575568504,"22 Eastlake Drive"
1134,Patricia,Evans,7710876181,"36 Walnut Avenue"
1135,Katherine,Golding,6083051577,"52 Chestnut Avenue"
1136,Venus,NULL,6490324695,"41 Jefferson Lane"
1137,Teodoro,Mcduffie,9315267943,"78 Cherrywood Lane"
1138,Jack,Kretchmar,9679521871,"59 Magnolia Avenue"
1139,Mark,Alejandro,7605520165,"18 Fairmount Road"
1140,Tony,Parker,7173738093,"50 Forest Drive"
1141,Clyde,Crowley,9111829975,"16 Rosedale Avenue"
1142,Anthony,Tanimoto,8553885102,"38 Oak Hill Drive"
1143,Leslie,Ginn,7197230694,"48 Elmwood Terrace"
1144,Deborah,Crawford,7386355644,"37 Belmont Avenue"
1145,Jessica,NULL,9803012436,"70 Cedar Terrace"
1146,Joaquin,Mcbride,9437212391,"4 Woodbine Street"
1147,William,Flaherty,9275738414,"75 Madison Court"
1148,Vicki,Lacy,7534025231,"12 Willow Street"
1149,Annie,Streets,9116607770,"26 Kingston Way"
1150,Delia,Johnson,6263283763,"17 Park Lane"
1151,Kristin,Hardison,7763810998,"3 Sunset Drive"
1152,Jane,Elkins,7614371348,"68 Highland Drive"
1153,Kimberly,Franklin,8251580637,"71 Riverside Drive West"
1154,Henry,Moorehead,7456532050,"69 Brookdale Avenue"
1155,Blanche,Harper,8532861750,"42 Lakeview Drive"
1156,Steven,Moore,8913316916,"5 Brookside Avenue"
1157,Charles,Pennell,6514568178,"65 Hillcrest Avenue"
1158,Matthew,Mann,9000379137,"70 Oak Hill Drive"
1159,Jorge,Gilliam,8143836460,"64 Forest Avenue"
1160,Shawn,NULL,8247937192,"22 Meadowbrook Road"
1161,Jamie,Hawkins,9190155288,"38 Lexington Place"
1162,Michael,Hilliard,9901580385,"71 Broad Street"
1163,Rafael,Wood,7418000873,"30 Kingston Way"
1164,Kristy,Bragg,8503647589,"77 Park Lane"
1165,Marc,Morse,8805519203,"53 Riverside Drive"
1166,Shane,Woodring,7136114253,"9 Grant Street"
1167,Julio,Stephens,9088117566,"13 Lincoln Avenue"
1168,William,Baker,7338206157,"19 Greenfield Avenue"
1169,William,Argabright,9746916833,"15 Glenwood Avenue"
1170,Elizabeth,Thompson,6339616158,"74 Lincoln Circle"
1171,George,Tenorio,6093122205,"2 Grove Street"
1172,Stephen,NULL,7120527371,"21 Sunnyside Avenue"
1173,Cheryl,Abell,6128595599,"67 Locust Lane"
1174,Jennifer,Brown,8906207184,"76 Newbury Way"
1175,Robert,Liefer,8669303929,"40 Sunnyside Avenue"
1176,Micki,Pankey,9291543045,"60 Orchard Road"
1177,Michael,Williamson,8100691601,"55 Applewood Drive"
1178,James,Holiday,9939400754,"11 Kingston Way"
1179,Aubrey,NULL,7198935946,"49 Locust Street"
1180,Jose,Hall,8383889891,"8 Lincoln Avenue"
1181,William,Williams,9907599206,"75 Orchard Road"
1182,Bryant,Shirley,7197634010,"4 Oakwood Drive"
1183,Melanie,Peacock,8821215177,"50 Lakeview Drive"
1184,Mary,Shisler,8294024117,"76 Elmwood Place"
1185,Carl,Swann,6239646527,"36 Birch Lane"
1186,Maria,Leppla,6325568661,"14 Washington Avenue"
1187,Antonio,Streeter,8721896439,"4 Kingston Way"
1188,Jenna,Bixler,9638937562,"33 Cherry Hill Road"
1189,Walter,Otto,7108440363,"8 Locust Lane"
1190,Ward,Dickinson,7309652682,"73 Maple Avenue"
1191,Willie,Shearer,6617735509,"38 Walnut Street"
1192,Elsie,Johnson,8815269438,"48 Birchwood Lane"
1193,Barbara,Swanson,7562150857,"57 Willow Lane"
1194,Joe,NULL,9873814475,"54 Riverside Drive"
1195,Anthony,Jones,8640905519,"40 Magnolia Avenue"
1196,Boyce,Frost,7840205440,"78 Laurel Lane"
1197,Tammie,Victorine,7560319019,"34 Cedar Street"
1198,Melisa,Collins,7326574190,"51 Beechwood Road"
1199,Jerry,NULL,6984203055,"60 Willow Street"
1200,Tammy,Williams,7966231883,"51 Pinehurst Drive"
1201,Felecia,Ruff,9068669827,"48 Valley View Road"
1202,Homer,Garcia,8024181880,"42 Sunnyside Road"
1203,Lucy,Daniels,8047516027,"41 Locust Lane"
1204,Jordan,Greene,9219517036,"72 Eastwood Drive"
1205,Edward,Mendez,8070564939,"49 Pineview Road"
1206,Julie,Corner,6957497379,"53 Oakdale Drive"
1207,Renita,Vega,7227985948,"4 Locust Lane"
1208,Mary,Rafferty,6197645697,"12 Highland Place"
1209,Amy,Walker,9824096389,"22 Willow Lane"
1210,Judy,Grabe,8926749250,"25 Lake Shore Drive"
1211,Valerie,Bartos,7186263285,"55 Brookside Avenue"
1212,Michelle,Allen,8733503635,"69 Birch Lane"
1213,Larry,Bryant,8135851401,"78 Lincoln Avenue"
1214,David,Merrow,7853102740,"34 Sunnyside Avenue"
1215,Carol,Velasco,8267233491,"68 Hillcrest Drive"
1216,Helen,Stidham,9781780475,"76 Meadowbrook Road"
1217,James,Padron,8239539366,"41 Beechwood Road"
1218,Alexandria,Wagner,9957721843,"56 Maple Lane"
1219,Duane,Bowen,7808483009,"12 Broadview Avenue"
1220,Karen,Griggs,6908099393,"36 Walnut Street"
1221,Bobby,Daly,8453137657,"12 Brookdale Place"
1222,Maurice,Blackwood,9425994284,"59 Highland Drive"
1223,Kathy,Livengood,9950536327,"67 Meadowbrook Road"
1224,Melvin,Butler,7292106087,"62 Sunnyside Road"
1225,Celia,Voss,8901126368,"21 Highland Drive"
1226,Mark,Painter,7701868982,"37 Locust Street"
1227,Wade,Boling,9108257228,"4 Parkview Road"
1228,Nancy,Chiquito,7010525582,"44 Hudson Terrace"
1229,Billy,Carreon,8311610773,"26 Pine Street"
1230,Virginia,Horiuchi,8437858534,"59 Willow Street"
1231,Rhonda,Harvey,6344196903,"40 Longview Road"
1232,Larry,Hill,9162283990,"75 Applewood Drive"
1233,John,Newhouse,7488302845,"71 Grant Avenue"
1234,Pamela,Howard,8745493781,"45 High Street"
1235,William,Smith,8656090766,"32 Pinehurst Road"
1236,Roger,Guajardo,9481833464,"43 Rosedale Avenue"
1237,Lenora,Goulet,7166606289,"46 Holly Avenue"
1238,Roberta,Samuels,7461904773,"42 Oak Street"
1239,Bernard,Cox,6173406297,"27 Cedar Lane"
1240,Joshua,Sirmans,6725264385,"14 Brookside Avenue"
1241,Mary,Dominguez,8299559139,"56 Garden Avenue"
1242,Allen,Swonger,6560170716,"49 Briarwood Court"
1243,Steve,NULL,6129663108,"3 Forest Drive"
1244,Allie,Kiner,8797384285,"54 Pinehurst Drive"
1245,Gertrude,Oliver,7702382459,"73 Parkside Lane"
1246,Katie,Sommers,7862973747,"17 Riverside Drive"
1247,Lorene,Girard,7032067339,"59 Lincoln Avenue"
1248,Charles,Barfield,6229346520,"10 Park Lane"
1249,Judy,Lyons,6576855494,"45 Eastlake Drive"
1250,Charles,Cordon,7341048268,"65 Jefferson Avenue"
1251,Christina,Jordan,7172330018,"1 Cedar Street"
1252,King,Barrow,8629282459,"21 Meadowbrook Road"
1253,Lyla,Jolly,9378235239,"45 Valley View Road"
1254,Charles,Brazil,7121229752,"60 Oak Street"
1255,June,Redner,7415804872,"43 Woodbine Street"
1256,Angela,Sandoval,8737489965,"22 Highland Drive"
1257,Paula,Alden,9706399099,"72 Grant Avenue"
1258,Kira,Lemaster,6939111200,"42 Broad Street"
1259,Brenda,Dodd,6360113000,"32 Elmwood Terrace"
1260,Tammy,Golay,7856703009,"28 Elmwood Place"
1261,William,Rogers,6157615009,"47 Cedar Terrace"
1262,Devon,Corbett,6711649898,"52 Sunnyside Road"
1263,Quinton,Cusack,9097083119,"18 Cedar Terrace"
1264,Katherine,Bowie,9611801289,"42 Pineview Road"
1265,Bret,Cox,7241759154,"58 Eastlake Drive"
1266,Clara,Taylor,7241629437,"27 Broad Street"
1267,Jessica,Coles,9643114808,"21 Park Lane"
1268,Amanda,Molina,9168513614,"57 Orchard Road"
1269,Benjamin,Esparza,8045712079,"2 Chestnut Street"
1270,James,Smith,6244692980,"72 Hickory Lane"
1271,Edward,Camacho,8310642703,"13 Linden Lane"
1272,Robert,Massey,8727865175,"76 Greenfield Terrace"
1273,Antionette,Wright,6202886110,"58 Cedar Road"
1274,Jill,Danielson,7729293881,"45 Oakwood Drive"
1275,Sonja,Gain,7721591861,"54 Parkview Road"
1276,Mary,Welton,8756614165,"39 Hillcrest Drive"
1277,Lynne,Levy,8490052673,"24 Greenfield Avenue"
1278,Ellis,Pittman,7008114910,"63 Jefferson Street"
1279,Esther,Halley,8048815139,"1 Magnoli"
1280,Amber,NULL,6761850709,"58 Longview Road"
1281,Jessica,Johnson,6398757627,"77 Pineview Lane"
1282,Lea,Lennon,8459804106,"4 Jefferson Lane"
1283,Jane,Hanna,8094363914,"59 Park Avenue"
1284,Donald,Hughes,8695123577,"40 Washington Avenue"
1285,Lauren,NULL,6710722234,"5 Forest Avenue"
1286,John,Brooks,6999463356,"16 Magnolia Avenue"
1287,Candace,Sanchez,9036371789,"39 Mainview Avenue"
1288,Allyson,Bittner,8219625408,"26 Pinehurst Drive"
1289,Jeffrey,Rucks,9297342773,"56 Broadview Avenue"
1290,Claude,Torres,7728070002,"27 Longview Road"
1291,Russell,Washington,6352978949,"75 Pinehurst Road"
1292,Edward,Ray,9566104320,"72 Oakdale Court"
1293,Shelly,Jones,6985141421,"59 Cedar Terrace"
1294,Catherine,Curry,6833205515,"33 Park Avenue"
1295,Brian,Williams,6107131061,"54 Beechwood Avenue"
1296,Kevin,Richard,6375065728,"48 Oakdale Court"
1297,David,Hamlin,6764044974,"1 Valley View Road"
1298,Ronald,Marsh,8692344800,"61 Chestnut Avenue"
1299,Sherry,Devito,9699512640,"52 Ridgewood Road"
1300,Sean,Parker,7927995808,"29 Washington Avenue"
1301,Geraldine,Debaecke,7508209508,"77 Jefferson Lane"
1302,Forrest,Castillo,7450669425,"53 Eastlake Drive"
1303,Brad,Crasco,6832760091,"27 Riverside Drive West"
1304,Clyde,Vaughn,8389283843,"49 Newbury Way"
1305,Tricia,Osterhoudt,7664392653,"72 Southview Lane"
1306,Claude,Hulstine,9214627975,"65 Ashland Avenue"
1307,Mary,Carpenter,9020786761,"50 Mainview Avenue"
1308,Christa,Nowakowski,9413267303,"28 Cedar Lane"
1309,William,Yashinski,9775001584,"61 Valley View Road"
1310,Myrna,Downin,7717230111,"71 Fairmount Road"
1311,David,Austin,8027265404,"15 Maple Avenue"
1312,Johnnie,Anderson,8337598203,"39 High Street"
1313,Joanne,Reynolds,7401846261,"65 Cherry Hill Road"
1314,Harriet,NULL,8670724663,"24 Parkview Avenue"
1315,Tina,Clark,6958680467,"15 Valley View Road"
1316,Louise,Allen,9852262557,"31 Oak Street"
1317,Michelle,Anderson,9268912189,"36 Highland Road"
1318,Kim,Riesner,8755394861,"44 Glenwood Avenue"
1319,Katherine,Shankle,7260543899,"1 Magnolia Avenue"
1320,Roger,Sisson,7708038290,"8 Eastlake Drive"
1321,Connie,Welch,9370780597,"19 Vineyard Drive"
1322,Robert,NULL,6324925122,"25 Cherrywood Drive"
1323,James,Jennings,6890243920,"49 Maplewood Road"
1324,Justin,Francese,9263853686,"9 Chestnut Street"
1325,Sabrina,NULL,6262964594,"13 Maple Lane"
1326,Michelle,Woodall,8531139291,"26 Sunnyside Avenue"
1327,Justin,Haywood,9242155393,"19 Glenwood Avenue"
1328,Tom,Morgan,9924781599,"79 Brookdale Place"
1329,Michael,Bennett,8751698897,"69 Walnut Avenue"
1330,Terrance,Brummer,9283100824,"60 Cedar Court"
1331,Christopher,Locklear,9044346252,"76 Rosedale Avenue"
1332,Elease,Marco,6001692343,"34 Walnut Street"
1333,Harold,Tolbert,6029256602,"20 Northview Terrace"
1334,Darla,Delosh,9647866504,"7 Chestnut Avenue"
1335,Joseph,Sutch,6350689290,"28 Longview Road"
1336,Julie,Contreras,9558193147,"56 Willow Street"
1337,Sarah,Downs,8159434793,"50 Valley Road"
1338,Rebecca,Benner,9317360429,"30 Chestnut Avenue"
1339,Dennis,Fabry,7571045451,"49 Lincoln Circle"
1340,Thomas,Combs,6932130497,"19 Fairway Drive"
1341,William,Robbins,9443738431,"71 Columbus Lane"
1342,Enid,NULL,9492339758,"14 Pine Street"
1343,Laura,Whitson,8179139592,"50 Cedar Street"
1344,Beverly,Coleman,8825165895,"18 Riverside Drive West"
1345,Agatha,Duncan,8097617304,"7 Greystone Terrace"
1346,Leona,Mullen,9902610108,"68 Grant Street"
1347,Patricia,Willis,7796774519,"62 Cedar Terrace"
1348,Adrian,Dimas,8388564859,"51 Oakdale Drive"
1349,Richard,Hernandez,7113523901,"30 Highland Place"
1350,Anne,Clemons,8078066657,"74 Newbury Way"
1351,Robert,Revels,7247288509,"26 Chestnut Avenue"
1352,Harry,Love,7310429158,"12 Hickory Lane"
1353,Sandy,NULL,7114220755,"51 Hillside Avenue"
1354,Pauline,Rowan,6708031255,"78 Hillcrest Drive"
1355,Ariana,Styles,9306932357,"3 Ridgeview Drive"
1356,Beverly,Barton,8318021875,"37 Grant Street"
1357,Linda,Crogan,6271746260,"75 Holly Avenue"
1358,Adrienne,Stone,8593508038,"32 Maple Lane"
1359,Clara,Dube,6349433948,"7 Fairway Drive"
1360,Francine,Stahl,6276606321,"79 Cedar Terrace"
1361,Kyla,Morrison,7002626973,"39 Holly Avenue"
1362,Herbert,Davenport,6682220316,"21 Jefferson Avenue"
1363,Ashley,Proctor,8432938774,"62 Beech Street"
1364,Joann,Colburn,9311915222,"64 Elm Street"
1365,Carolyn,Brown,9247933221,"12 Jefferson Avenue"
1366,Angela,NULL,6067869936,"17 Maple Avenue"
1367,Barbara,Toan,6893799548,"70 Pinehurst Drive"
1368,Joseph,Zuber,6123806188,"33 Pinehurst Drive"
1369,Barbara,Pederson,6788352196,"13 Cedar Court"
1370,David,Abbott,6869771294,"14 Mainview Avenue"
1371,Lenora,Harwell,6728805034,"31 Highland Road"
1372,Travis,Miesch,8429967271,"3 Locust Street"
1373,Mark,Howard,8720725153,"60 Eastlake Drive"
1374,Josefina,Hicks,6355920228,"73 Prospect Avenue"
1375,Philip,Hutchison,6991060950,"26 High Street"
1376,Hector,NULL,9756088718,"13 Willow Lane"
1377,Christopher,Gilbert,6292384385,"70 Jefferson Lane"
1378,Jonathan,Gomez,8092569992,"41 Oak Street"
1379,James,Beale,9008455931,"55 Cedar Road"
1380,Brian,Zeman,6587189837,"77 Pleasant Street"
1381,Lisa,Teske,9020805448,"10 Eastwood Drive"
1382,Barbara,Husted,7887941690,"56 Prospect Avenue"
1383,Vena,Berkley,6292519940,"58 Forest Avenue"
1384,Anthony,Barnett,7022779397,"69 Yorktown Road"
1385,Debbie,Diggs,9149274759,"58 Highland Place"
1386,Harry,Jones,9540876079,"15 Belmont Avenue"
1387,Sandra,Allen,7664761179,"61 Eastwood Drive"
1388,John,Pace,9574381903,"11 Oakwood Drive"
1389,Matthew,Sauers,8889414732,"19 Birchwood Lane"
1390,Pamila,NULL,9205034934,"56 Lakeview Drive"
1391,Louis,Paul,6017164486,"21 Parkview Avenue"
1392,Jocelyn,Peterson,7947279983,"24 Applewood Drive"
1393,Darren,Lingo,6804911584,"8 High Street"
1394,Donald,Sweeden,8330534742,"49 Applewood Drive"
1395,Christopher,Smith,8587453324,"2 Cherrywood Drive"
1396,Beth,Smith,8987831993,"50 Valley View Road"
1397,Myong,Sommer,8332398420,"43 Hickory Lane"
1398,John,James,9780609881,"45 Lake Shore Drive"
1399,Maria,Hinman,9797232693,"61 Beech Street"
1400,Brent,Cunningham,7447075922,"16 Cherrywood Lane"
1401,Edmund,Miller,7311789272,"49 Parkview Terrace"
1402,Mira,NULL,8104000249,"8 Cherrywood Lane"
1403,Annette,Herbert,9365617722,"19 Brookdale Place"
1404,Joyce,Wilson,8961520740,"24 Northview Terrace"
1405,Sonja,NULL,8934051659,"38 Pinehurst Drive"
1406,Wendy,Dunn,9141935781,"65 Maplewood Drive"
1407,Janice,Mackiewicz,7530776484,"67 Prospect Avenue"
1408,Dawn,Esquibel,7690716594,"1 Beechwood Avenue"
1409,Malcolm,Wagner,9363440265,"56 Belmont Avenue"
1410,Lynn,Susko,9657902020,"46 Fairview Drive"
1411,Garland,Sykes,7890712812,"13 Pineview Road"
1412,Richard,Fitzgerald,9816892192,"52 Jefferson Lane"
1413,Carol,Allred,9569243267,"69 Ashland Avenue"
1414,Daniel,Fleming,8587032230,"42 Eastlake Drive"
1415,Earl,Petty,9222697718,"71 Magnoli"
1416,Edward,Hirz,9636104939,"16 Applewood Drive"
1417,Matthew,Edwards,7292456513,"60 Birchwood Lane"
1418,Samuel,NULL,7419344920,"65 Northview Road"
1419,Jeannine,Campbell,8744811691,"41 Laurel Lane"
1420,Kenneth,NULL,8064517924,"30 Rosedale Avenue"
1421,Angela,Brown,9776858560,"23 Pineview Lane"
1422,Ryan,Parker,9201062590,"70 Valley Road"
1423,Rosie,NULL,7868516830,"71 Oak Street"
1424,Joseph,Shellhammer,8316472894,"45 Park Lane"
1425,Patricia,Reese,8339397927,"71 Pine Street"
1426,Darlene,Burton,8846095316,"38 Chestnut Street"
1427,Gregory,White,7877320157,"15 Madison Court"
1428,Danny,Burris,9388881857,"48 Pleasant Street"
1429,William,Boone,8771120551,"26 Lincoln Avenue"
1430,Joseph,Walker,7122509881,"10 Hudson Terrace"
1431,Jared,Patterson,9318630820,"63 Greystone Terrace"
1432,Rex,Hernandez,9012979020,"29 Broadview Avenue"
1433,Vera,Morrison,7939586396,"26 Locust Lane"
1434,Dawna,Jones,7051554036,"60 Forest Drive"
1435,Frank,NULL,6411062011,"56 Chestnut Street"
1436,Wayne,Johnson,9757172184,"73 Hudson Terrace"
1437,Margaret,Plummer,9456501486,"41 Cedar Lane"
1438,Beatrice,Ryder,7595208386,"75 Jefferson Avenue"
1439,Edwardo,Lawson,9601922357,"59 Beechwood Road"
1440,Giuseppe,Struble,9064541330,"56 Highland Road"
1441,Eric,True,9362507469,"20 Birchwood Lane"
1442,Bertha,Ramage,8185964513,"32 Forest Drive"
1443,Madlyn,Pipkin,7381339258,"34 Brookside Avenue"
1444,Dannielle,Holloway,9307573628,"33 Magnolia Avenue"
1445,Mary,Benefield,7802481583,"7 Maple Lane"
1446,James,Ray,6867020421,"64 Lake Shore Drive"
1447,James,Hartman,6252421110,"48 Kingston Way"
1448,Gayle,Carroll,7557277923,"63 Hickory Lane"
1449,Walter,Wales,6363024452,"76 Sunset Drive"
1450,David,Cox,6599659014,"35 Forest Avenue"
1451,John,Felter,6089247213,"11 Sunnyside Avenue"
1452,Christian,Cressey,8362463891,"31 Madison Avenue"
1453,Joseph,Wright,9466155527,"19 Willow Street"
1454,Jeffrey,Blenden,8096212969,"49 Cherrywood Lane"
1455,Nelson,Garcia,9006212250,"49 Cedar Road"
1456,Linda,Kister,6343294314,"44 Grove Street"
1457,Betty,Sherwood,9864874574,"79 Yorktown Road"
1458,Frank,NULL,9121118690,"2 Birch Lane"
1459,Brook,NULL,7881361269,"33 Ridgeview Drive"
1460,Emerson,Savitts,9308587846,"19 Pleasant Street"
1461,James,Temple,9934536681,"9 Eastlake Drive"
1462,Agnes,Swanhart,7404025749,"63 Oak Hill Drive"
1463,Tina,Vasquez,9456829622,"4 Vine Street"
1464,Jonathan,Plantz,9334087486,"63 Mainview Avenue"
1465,Debra,Mendez,8014647971,"49 Valley Road"
1466,Louvenia,Magnie,6238173785,"16 Lincoln Circle"
1467,Johnny,Porter,8498099489,"66 Oakdale Drive"
1468,Ester,Anselm,6348013761,"8 Parkside Lane"
1469,Aaron,Bender,6667003124,"34 Glenwood Drive"
1470,James,Garcia,9457223632,"48 Grant Avenue"
1471,Filiberto,Willer,8694736000,"51 Pineview Road"
1472,Carol,Rhoads,7439702137,"62 Vineyard Drive"
1473,Daniel,Benedict,7243413168,"32 Magnolia Avenue"
1474,Thomas,Cody,9521567444,"11 Magnoli"
1475,Mary,Edwards,8987394758,"22 Hickory Lane"
1476,Bruce,Burris,8388981167,"33 Meadowbrook Road"
1477,Mary,Fitzgerald,6870211543,"71 Ridgewood Road"
1478,Silvia,Thompson,7411111931,"4 Eastlake Drive"
1479,Laura,Christou,9443986746,"19 Holly Lane"
1480,Nichole,Wile,7174110286,"26 Oak Hill Drive"
1481,Lindsey,Boone,7790753997,"31 Pineview Lane"
1482,Jennifer,Runk,9962200995,"70 Fairview Drive"
1483,Daniel,Crocker,6527761609,"17 Pinehurst Road"
1484,Kirstin,NULL,7154896018,"29 Greenfield Avenue"
1485,Keshia,Austin,9028300433,"14 Cedar Lane"
1486,Angelita,Vasquez,6808220015,"44 Elmwood Place"
1487,Bennie,Williams,6019616388,"31 Springdale Road"
1488,Rae,NULL,6245363490,"59 Prospect Avenue"
1489,Mary,Brown,9951461026,"47 Oakdale Drive"
1490,Ann,Sharum,7553045848,"6 Pleasant Street"
1491,Robyn,Esqueda,9349371975,"10 Pineview Road"
1492,Ken,Miller,6557079259,"56 Grant Street"
1493,Kelly,Lajaunie,6096238434,"21 Parkview Road"
1494,Bruce,Jackson,8620698154,"64 Valley View Road"
1495,Roderick,Platt,7699143261,"70 Oakdale Drive"
1496,Jeffery,Barden,6263275987,"70 Fairview Avenue"
1497,Robert,Nielsen,6695847259,"16 Madison Court"
1498,Emerson,Woody,9290179475,"32 Oakdale Drive"
1499,Joan,Mitchell,6962279897,"12 Beech Street"
1500,Stephen,Ward,9724178951,"44 Lincoln Circle"
1501,Kimberly,Tuttle,8164486034,"8 Pineview Road"
1502,Sandra,NULL,9901973984,"32 Cedar Terrace"
1503,James,Overstreet,7480784354,"29 Lincoln Avenue"
1504,Antonia,Warren,9594336622,"78 Grant Avenue"
1505,Dana,Hockensmith,9077283863,"12 Newbury Way"
1506,Rhonda,Weatherford,9041212626,"10 Maplewood Road"
1507,Daniel,Johnson,8854164067,"1 Ridgewood Road"
1508,James,NULL,9478441845,"7 Oak Hill Drive"
1509,Michael,Dickerson,8104314876,"58 Broad Street"
1510,Marlana,Dobies,8064263821,"5 Applewood Drive"
1511,Shannon,Jasinski,6017122611,"4 Jefferson Street"
1512,Molly,Nowak,7799179651,"48 Highland Place"
1513,John,Mancini,6259065794,"1 Cherrywood Lane"
1514,Mei,Wood,7369818460,"71 Linden Avenue"
1515,Joyce,NULL,8642210354,"55 Pinehurst Road"
1516,Tanya,Hernandez,7750827220,"63 Sunnyside Road"
1517,Susan,Teeter,8603458936,"23 Cherry Hill Road"
1518,Adam,Crist,6214733240,"1 Hickory Drive"
1519,Valerie,Crane,8471639097,"6 Locust Lane"
1520,Harris,Davis,9243480602,"60 Pineview Road"
1521,Andrew,Hardcastle,6094254845,"2 Cedar Terrace"
1522,James,Shipley,9967459941,"40 Magnoli"
1523,Inez,Diaz,7141025063,"75 Valley View Road"
1524,Brian,Hollis,9969090322,"42 Ashland Avenue"
1525,Carl,Brown,7650845249,"53 Northview Terrace"
1526,Robert,NULL,7194424512,"48 Yorktown Road"
1527,Leonard,Haris,7748337872,"44 Jefferson Street"
1528,Michael,NULL,6547273678,"30 Applewood Drive"
1529,Clarence,Albano,9603702285,"4 Longview Road"
1530,Elizabeth,Davia,6240195995,"4 Park Lane"
1531,Arnold,NULL,7645689957,"38 Locust Lane"
1532,Gerald,Ferguson,9352749289,"35 High Street"
1533,Merlin,Vivier,9551639307,"68 Garden Avenue"
1534,Russell,Blakley,6482408579,"47 Kingston Way"
1535,Courtney,Jones,6012975751,"52 Hickory Lane"
1536,Mercedes,Robertson,9219884039,"61 Forest Avenue"
1537,Vernell,NULL,9295902000,"79 Greenfield Avenue"
1538,Jay,Johnson,9413470801,"16 Chestnut Street"
1539,Christine,Miller,8352409814,"68 Valley Road"
1540,Jeffrey,Pence,9086418958,"27 Holly Lane"
1541,Harold,Walters,6001475674,"52 Walnut Street"
1542,Roberto,Andrews,8352374730,"42 Lincoln Avenue"
1543,Phillip,Tannenbaum,7558935626,"41 Valley View Road"
1544,Brandon,Crane,9756725661,"58 Linden Lane"
1545,Leonard,Hogan,8814040318,"64 Longview Road"
1546,Owen,Patterson,9277599468,"5 Glenwood Avenue"
1547,Sonya,White,8621621067,"41 Sunset Drive"
1548,Micheal,Fransen,8401575648,"53 Rosedale Avenue"
1549,Katheryn,Edwards,8921339126,"4 Sunnyside Road"
1550,Francis,Mosley,8463368633,"22 Greystone Terrace"
1551,Ward,Burgher,7346671730,"60 Maplewood Drive"
1552,Katie,NULL,8039985151,"61 Linden Lane"
1553,Christopher,NULL,9601972341,"47 Chestnut Street"
1554,William,Cox,8371589431,"18 Meadowbrook Road"
1555,Milo,NULL,9008401639,"60 Fairway Drive"
1556,Louise,Ventura,6886657342,"20 Washington Avenue"
1557,Jack,NULL,6521266677,"68 Hillcrest Road"
1558,Georgia,Gill,8582114188,"1 Sunnyside Avenue"
1559,Trudy,Donnelly,9639393921,"66 Magnoli"
1560,Steven,Net,8161986075,"55 Hudson Terrace"
1561,Betty,Odonell,6318965136,"30 High Street"
1562,Catherine,Hollomon,7244410587,"53 Jefferson Avenue"
1563,Charles,Francisco,6777432185,"63 Rosedale Avenue"
1564,Truman,Peterson,7298251781,"12 Parkview Road"
1565,Tracy,Rosenholm,9725611967,"69 Orchard Road"
1566,Shawn,NULL,9568246609,"33 Cedar Road"
1567,Robert,Wilson,8509190630,"75 Magnolia Avenue"
1568,Guillermo,Antoine,9202666071,"38 Riverside Drive"
1569,Gregorio,Blomquist,8443208943,"13 Linden Avenue"
1570,Jona,Mullane,9221429870,"56 Parkview Avenue"
1571,Roger,Cuadras,7361845211,"32 Sycamore Street"
1572,Brad,Nutt,6884299867,"41 Maplewood Drive"
1573,Donald,Fox,9381970897,"56 Hillcrest Road"
1574,Larry,Catalano,8762122531,"57 Southview Lane"
1575,Melvin,Smith,9788578509,"33 Vine Street"
1576,Shannon,Blandford,7615336882,"18 Greenfield Avenue"
1577,Bonnie,Jones,6235365670,"39 Pineview Lane"
1578,Sandra,Gordon,8162367686,"78 Elmwood Road"
1579,James,Johnson,7012443943,"16 Riverside Drive West"
1580,Evan,NULL,7086768056,"1 Chestnut Avenue"
1581,Michael,Guzman,8161251704,"16 Oakwood Drive"
1582,John,Turner,9970045682,"51 Newbury Way"
1583,John,Baker,7436502524,"55 Madison Court"
1584,Debbie,Michael,8144545420,"49 Riverside Drive"
1585,Katie,Smith,6157325371,"45 Hickory Drive"
1586,Earl,Johnson,9138262138,"29 Meadow Lane"
1587,Anita,Melia,8803001516,"74 Broad Street"
1588,William,Stehlik,9032793277,"55 Greenfield Terrace"
1589,Miriam,NULL,6346622555,"44 Brookside Avenue"
1590,Deborah,Condra,8644198586,"1 Rosedale Avenue"
1591,Harry,Lawson,8402614749,"67 Elm Street"
1592,David,Oglesby,9017189856,"57 Cherrywood Drive"
1593,James,Peirce,6642804484,"66 Brookside Avenue"
1594,Elizabeth,Northrup,8121448135,"68 Fairview Drive"
1595,Lois,Hill,7320965015,"32 Madison Avenue"
1596,Robert,Munez,7844587982,"8 Madison Avenue"
1597,Robert,Glenn,6002347675,"57 Eastwood Drive"
1598,Sharon,Gonzalez,7936381015,"52 Sunnyside Avenue"
1599,Rachel,Dorsey,9364895795,"20 Yorktown Road"
1600,Monica,Boyd,9309386868,"5 Eastwood Drive"
1601,Linda,Lowry,7056500582,"25 Cedar Lane"
1602,Robert,Jenson,6580391409,"15 Jefferson Avenue"
1603,Christopher,Andrew,6376138926,"36 Eastlake Drive"
1604,Alyssa,Walker,7335785427,"71 Cherry Hill Road"
1605,Regina,Hollingsworth,8228530406,"34 Magnolia Avenue"
1606,Carolyn,Fuller,9460589532,"11 Pinehurst Drive"
1607,Laila,Johnson,9513935190,"50 Beechwood Road"
1608,Brittany,Lopez,9079555108,"6 Cherrywood Lane"
1609,Carlos,Cassel,8737475696,"45 Northview Terrace"
1610,Donald,NULL,7270023531,"47 Fairview Drive"
1611,Diane,Hartman,6685493713,"39 Vineyard Drive"
1612,Percy,Alley,8603084207,"14 Broad Street"
1613,Kevin,Conklin,6011308739,"26 Ridgewood Road"
1614,Kathy,Smith,6084388886,"19 Chestnut Street"
1615,Ronald,Portes,9926845562,"45 Pinehurst Drive"
1616,Robert,Marlowe,6911462565,"39 Greystone Terrace"
1617,Kenneth,Robeson,8993835949,"59 Elmwood Terrace"
1618,Tabitha,Azbill,7635787634,"39 Cherrywood Drive"
1619,Peter,Medina,6652837672,"3 Sunnyside Road"
1620,Sebastian,Hackett,7283969998,"54 Belmont Avenue"
1621,Lavon,Shaw,7055559946,"2 Prospect Avenue"
1622,Jennie,Johnson,6032382866,"70 Springdale Road"
1623,Jacob,Eklund,9617327967,"41 Longview Road"
1624,Michael,Ender,6289078522,"73 Walnut Street"
1625,Guillermo,Mcgregor,6059520889,"15 Yorktown Road"
1626,Michael,Dinsmore,6571455366,"1 Pinehurst Road"
1627,Kerri,Noel,7291968706,"33 Pineview Drive"
1628,Hope,Michaels,6241686094,"24 Pineview Road"
1629,Lewis,Dowden,6483989226,"66 Pleasant Street"
1630,Rose,Heath,8872057865,"38 Oak Street"
1631,Christian,NULL,6387399595,"43 Pineview Drive"
1632,James,Vanfleet,9903514845,"74 Park Avenue"
1633,Edward,Rollins,7849490193,"32 Columbus Lane"
1634,Angela,Werner,7395398112,"15 Greenfield Terrace"
1635,Susan,Kettner,7826473559,"78 Willow Street"
1636,Evelyn,Gilmore,9517173183,"57 Ashland Avenue"
1637,Lillie,Titus,7103710529,"65 Walnut Avenue"
1638,Maureen,Nichols,8624570904,"34 Riverside Drive"
1639,Phyllis,Cataline,6104386105,"34 Chestnut Avenue"
1640,Carmen,Crone,9937521993,"50 Northview Road"
1641,Erin,Kennedy,9150454773,"18 Vineyard Drive"
1642,Roberta,Dobbs,8465809249,"23 Pinehurst Road"
1643,Michael,Hubbard,9068003422,"51 Brookside Avenue"
1644,Jorge,Mitchell,8947263943,"50 Parkside Lane"
1645,Robert,Allen,9379738511,"25 Maplewood Drive"
1646,Wilfred,Chan,7116605443,"30 Brookdale Avenue"
1647,Roy,Sylvester,7601084380,"42 Parkview Terrace"
1648,Regina,Farmer,9521796931,"4 Chestnut Avenue"
1649,David,Emery,9970948122,"39 Sunnyside Road"
1650,Bertha,Miller,8941268040,"72 Newbury Way"
1651,Linda,NULL,6126173837,"13 Eastlake Drive"
1652,Donna,Moran,8439977994,"21 Pineview Lane"
1653,Michael,NULL,6633406983,"20 Meadowbrook Road"
1654,Sharon,Fontenot,6384719696,"23 Highland Place"
1655,Donita,Lejeune,8872535024,"58 Oakdale Drive"
1656,Mary,Neal,6398589310,"15 Highland Place"
1657,Noreen,Nazario,7013814524,"41 Briarwood Court"
1658,Jennifer,Valenzuela,6406639688,"26 Springdale Road"
1659,David,Osborn,7085107720,"50 Linden Lane"
1660,Stephanie,Yu,7685549058,"3 Park Lane"
1661,Joseph,Custer,8259066632,"24 Hickory Lane"
1662,Virginia,Lee,6484478987,"18 Sunnyside Road"
1663,Victor,Woodworth,8153184980,"73 Hillcrest Road"
1664,Hattie,Bolden,9282912361,"21 Longview Road"
1665,Carmel,Harvey,7810608700,"65 Cedar Court"
1666,Susan,Grace,7080333576,"57 Prospect Avenue"
1667,Lucille,NULL,8962176312,"51 Northview Terrace"
1668,Corey,Sanchez,8780522554,"53 Sycamore Street"
1669,Don,Lovett,7270215211,"29 Cedar Terrace"
1670,John,Bowers,8130168584,"29 Pineview Road"
1671,Pauline,Spearman,7542109220,"8 Sunset Drive"
1672,Ronald,Earl,7385954720,"66 Madison Avenue"
1673,Jack,Riley,6920905287,"42 Park Street"
1674,Donald,Yoshizumi,8855640043,"40 Ashland Avenue"
1675,Patrick,Scarlato,6367060342,"65 Longview Road"
1676,Tyler,Wilczynski,6169187689,"41 Park Avenue"
1677,Mary,Sanchez,8473798930,"26 Applewood Drive"
1678,James,Kuboushek,6406456493,"74 Sunnyside Road"
1679,Chrystal,Montiel,8454253297,"32 Beech Street"
1680,James,Peters,6608680938,"46 Beechwood Road"
1681,Laura,Richardson,7105542919,"19 Sunset Drive"
1682,Lee,Saito,8099673203,"77 Broadview Avenue"
1683,James,Hinshaw,7657448898,"26 Cherrywood Drive"
1684,Amy,Hill,8403072167,"76 Forest Avenue"
1685,Brian,Odom,6416613374,"63 Washington Avenue"
1686,Bobby,Emery,8878567116,"1 Lexington Place"
1687,David,Horrigan,9158717950,"23 Broad Street"
1688,Vanessa,Rice,8872247223,"29 Laurel Lane"
1689,Myrtle,Johnson,6444027926,"63 Meadowbrook Road"
1690,Edmond,NULL,9359821700,"27 Northview Terrace"
1691,John,Merryman,7388764056,"56 Rosedale Avenue"
1692,Pat,Hershenson,6499901653,"78 Parkside Lane"
1693,Victor,Ayers,8925475949,"21 Oak Hill Drive"
1694,Jessica,Lee,9056472006,"23 Springdale Road"
1695,Michael,Allen,8505201379,"12 Grant Street"
1696,Antionette,Whit,6905130660,"2 Yorktown Road"
1697,Richard,Coleman,9175816326,"7 Cedar Terrace"
1698,Sam,Deramus,7252178301,"7 Holly Avenue"
1699,Joseph,Ferguson,6838151165,"43 Ridgeview Drive"
1700,Erika,Hedgpeth,9208005670,"59 Beech Street"
1701,Pamela,Matthews,9062863850,"79 Riverside Drive"
1702,David,Hightower,8420322210,"13 Park Street"
1703,Paul,Jacquez,7178480296,"71 Brookside Avenue"
1704,Joseph,Fink,8751919929,"42 Lake Shore Drive"
1705,Michael,Cahill,7626967745,"54 Linden Avenue"
1706,Ricardo,Pires,8124108423,"55 Fairmount Road"
1707,Cathy,Willard,9382191608,"4 Ridgewood Road"
1708,Patrica,Necaise,6850551232,"40 Beechwood Road"
1709,Belinda,Hill,8696403726,"27 Cherry Hill Road"
1710,Craig,Manley,9776920364,"7 Meadowbrook Road"
1711,Philip,Beard,9202485790,"24 Elmwood Place"
1712,Heather,Clark,7449676494,"16 Sycamore Street"
1713,Stacy,Bertram,8249595044,"35 Maple Avenue"
1714,Mark,Lewis,9296729757,"52 Parkview Terrace"
1715,Heidi,NULL,6468777999,"78 Chestnut Street"
1716,Claudia,Owens,6824121677,"8 Mainview Avenue"
1717,Hugo,Gerdes,6842012598,"50 Cherry Hill Road"
1718,Frances,Kern,9464916530,"69 Parkview Terrace"
1719,Rodney,Kern,7218990853,"20 Holly Lane"
1720,Meghan,Smith,8228550918,"34 Jefferson Avenue"
1721,Douglas,Marmolejo,8053083707,"79 Eastwood Drive"
1722,Sandra,Santiago,9665049655,"13 Sunnyside Avenue"
1723,Nichole,Ramirez,6810166966,"62 Magnoli"
1724,Sonia,NULL,7436991288,"58 Riverside Drive"
1725,Helen,Brown,6602275401,"42 Hillside Avenue"
1726,Marlene,NULL,9581588738,"56 Pineview Drive"
1727,Lea,Perkins,8697758050,"72 Maplewood Road"
1728,Manuel,Ford,7999251959,"31 Elm Street"
1729,Jean,Gilchrist,9252055872,"21 Madison Avenue"
1730,Ryan,Shaughnessy,7670236184,"17 Cedar Street"
1731,Stanley,Slocum,9557839552,"64 Mainview Avenue"
1732,Ellen,Moore,9080850164,"45 Forest Drive"
1733,Mitchell,Fitzsimmons,8953240165,"60 Willow Lane"
1734,Rodney,Guevara,8533835999,"33 Walnut Street"
1735,Brent,Mcallister,7739140012,"30 Grant Avenue"
1736,Timothy,Jones,9670021337,"2 Birchwood Lane"
1737,Donald,Laughlin,9794897936,"1 Parkview Road"
1738,William,Briski,9059982455,"67 Eastlake Drive"
1739,Russell,Kuns,7787481918,"46 Greenfield Avenue"
1740,Robert,Sacarello,8743006745,"28 Madison Avenue"
1741,John,Duncan,6408837057,"21 Greenfield Avenue"
1742,Nicholas,Turner,8945810930,"49 Columbus Lane"
1743,Curtis,Davis,8792700302,"19 Beechwood Road"
1744,Veronica,Crawford,8005655914,"25 Parkside Lane"
1745,Julie,Day,9214407004,"36 Riverside Drive"
1746,Fallon,Ourada,6838370706,"39 Cedar Road"
1747,George,Woolard,9241798322,"60 Maple Lane"
1748,Joseph,Crawford,6715471979,"54 Grant Street"
1749,Charles,Dixon,7755935856,"25 Newbury Way"
1750,Jacklyn,Adams,9930390709,"22 Broad Street"
1751,William,Nichols,7765157518,"27 Oakdale Court"
1752,Danielle,Keirnan,9943063268,"79 Springdale Road"
1753,Daniel,NULL,6887612205,"79 Sycamore Street"
1754,Nancy,Dermody,9698890769,"19 Park Lane"
1755,Luis,Hancock,9204391008,"44 Meadowbrook Road"
1756,Christopher,Twichell,7744452397,"44 Laurel Lane"
1757,Melissa,Adomaitis,6523963798,"4 Parkview Terrace"
1758,Richard,Kaya,9803179149,"31 Pinehurst Road"
1759,Regina,Peach,6327456850,"5 Parkview Avenue"
1760,Melanie,Robinson,6932460769,"11 Cedar Terrace"
1761,Richard,Mcknight,7125890264,"33 Parkview Road"
1762,Toni,Wilson,7254405847,"38 Magnoli"
1763,Charles,Ostermann,8834974543,"77 Fairview Avenue"
1764,Michael,Jordan,7479648995,"18 Park Avenue"
1765,Katherine,Shepard,9322338051,"71 Glenwood Drive"
1766,Shiela,Whitten,8740582401,"41 Valley Road"
1767,Antoine,Smith,7824492469,"43 Broad Street"
1768,Amy,Martell,6782056477,"73 Sunnyside Avenue"
1769,Doris,Tomlinson,9756526264,"78 Parkview Road"
1770,Scott,Mclean,9744331845,"21 Sycamore Street"
1771,Keith,NULL,8564063436,"54 Sunnyside Road"
1772,Staci,Alverez,9190042251,"67 Briarwood Court"
1773,Carol,Pietrowski,9665785051,"45 Highland Drive"
1774,Irma,NULL,9415016896,"46 Oakdale Court"
1775,Angela,Bishop,8991287140,"32 Pineview Lane"
1776,Willie,Cronin,6367096625,"6 Madison Avenue"
1777,Cassie,Gustafson,6290254211,"31 Valley View Road"
1778,Lucia,Wilson,6524824012,"30 Meadowbrook Road"
1779,Donald,Marsh,7382341705,"17 Holly Lane"
1780,Carolyn,Tavares,7470204123,"8 Maple Lane"
1781,Jerry,Doughty,6784748024,"33 Beechwood Avenue"
1782,Lyndia,Fujii,8717689015,"48 Cedar Road"
1783,Charles,Kolden,6959779508,"73 Beech Street"
1784,Robert,Layel,7789512801,"71 Parkview Terrace"
1785,Man,Scheulen,6772163196,"69 Woodbine Street"
1786,Vernell,Miller,7998700625,"28 Fairway Drive"
1787,Stephen,Roman,8577490606,"34 Longview Road"
1788,Maurice,Nix,7406293961,"40 Fairway Drive"
1789,Ryan,Partridge,6235900142,"46 Hillcrest Road"
1790,William,Franco,7011827799,"62 Greenfield Terrace"
1791,Donald,Jones,8270879934,"78 Southview Lane"
1792,Carmela,Singleton,7257268195,"49 Pinehurst Drive"
1793,Robert,Curtis,9125638319,"72 Madison Avenue"
1794,Jesse,Auzenne,8868208418,"42 Fairview Avenue"
1795,Kirk,Cohen,8765639136,"56 Oakwood Drive"
1796,Julianne,Westmark,8899164854,"64 Hickory Lane"
1797,Howard,Burrell,9919149941,"7 Washington Avenue"
1798,Larry,Crawford,9151873029,"18 Forest Avenue"
1799,Keith,Fisher,9892379400,"15 Washington Avenue"
1800,Roy,Howells,7555627176,"66 Vine Street"
1801,Leonard,Griffiths,7164603060,"33 Sycamore Street"
1802,Tommy,Hooper,9184448412,"11 Applewood Drive"
1803,Anthony,Crutcher,7289838603,"22 Greenfield Avenue"
1804,Kelly,Sperling,9223946958,"30 Hillcrest Road"
1805,Ramona,Lane,7039778552,"50 Cedar Court"
1806,Mike,Moller,8062191502,"72 Valley View Road"
1807,Walter,Horton,9263454714,"50 Broadview Avenue"
1808,Forrest,Dodd,8270259836,"64 Columbus Lane"
1809,Donna,Gardner,8171360463,"51 Cherry Hill Road"
1810,James,Humphrey,7523887890,"16 Walnut Street"
1811,Jesse,Stevens,9406823245,"24 Cedar Court"
1812,Nona,Davis,7178510287,"53 Hillcrest Drive"
1813,Raul,NULL,8828996491,"66 Cherrywood Drive"
1814,Thomas,Tenneson,9546888607,"24 Ridgeview Drive"
1815,Jimmy,Warner,9022196879,"52 Parkside Lane"
1816,Adam,Miller,7674747488,"62 Elmwood Place"
1817,Jesica,Battson,8641555466,"12 Linden Avenue"
1818,James,Wilson,6340590907,"73 Northview Terrace"
1819,Homer,Moorhead,6232295091,"10 Oakwood Drive"
1820,Joan,Chaney,6652858570,"59 Grove Street"
1821,Agnes,Murray,6896570359,"57 Hudson Terrace"
1822,Peter,Froman,9121416984,"65 Fairway Drive"
1823,Virginia,Walker,9311856389,"49 Jefferson Lane"
1824,Peggy,Hudson,9222457547,"1 Forest Drive"
1825,David,Jones,9362196245,"9 Brookdale Place"
1826,Dale,Brown,7022071653,"32 Valley Road"
1827,Paul,Bradley,9157611187,"70 Greenfield Terrace"
1828,Betty,Martin,9601298442,"77 Cherrywood Drive"
1829,David,Stotts,6127595882,"21 Hudson Terrace"
1830,April,Ward,6099620544,"50 Oakdale Court"
1831,Helen,Rivera,7254237788,"74 Beechwood Road"
1832,Darryl,Jones,8694424266,"66 Maplewood Drive"
1833,Willard,Wilson,6490813582,"52 Fairway Drive"
1834,Raymond,Hicks,7492520257,"27 Linden Avenue"
1835,Gregory,Isaacson,7096424992,"3 Oak Street"
1836,Shelia,Conklin,9846860927,"24 Woodbine Street"
1837,Hazel,Parish,8785752592,"68 Oakdale Drive"
1838,Edward,Carter,8072267387,"69 Hillcrest Drive"
1839,James,Getchell,8696048081,"55 Cherrywood Drive"
1840,Linda,Cogswell,6117196613,"53 Cherrywood Drive"
1841,Wesley,Smith,7797509214,"20 Maple Avenue"
1842,Gary,Stockstill,6888689758,"29 Hillside Avenue"
1843,Eric,Cardenas,7142774420,"50 Cherrywood Lane"
1844,Charles,Baylor,7716605905,"50 Sunset Drive"
1845,Gabriel,Stern,7999776746,"4 Oakdale Court"
1846,Ruth,Florian,6474538554,"24 Sunnyside Road"
1847,Mary,NULL,6265295864,"77 Maple Avenue"
1848,Mildred,Bell,7273201856,"7 Locust Street"
1849,Myra,Head,7092936359,"22 Rosedale Avenue"
1850,James,Bremer,7369985259,"30 Forest Avenue"
1851,Jennifer,Hawkins,8998531874,"7 Willow Street"
1852,Edward,Geiger,7812261861,"29 Hickory Lane"
1853,Juan,Hunter,8645012791,"78 Kingston Way"
1854,Fannie,Mullis,9927942915,"8 Applewood Drive"
1855,Felix,Cole,6420995665,"5 Grant Street"
1856,Keith,Mcglothian,6076630096,"68 Oak Hill Drive"
1857,Lorean,Park,7204373098,"40 Highland Road"
1858,Denise,Johnson,8215066608,"62 Forest Drive"
1859,Carol,Nieves,6225189773,"9 Maple Lane"
1860,Robert,Souvannavong,9001067270,"57 Brookdale Place"
1861,Margurite,Oliver,8288199022,"28 Parkview Terrace"
1862,Monica,Behnke,6973738394,"24 Magnolia Avenue"
1863,William,Taylor,8547644257,"37 Hickory Drive"
1864,Raul,Pamintuan,6070429839,"74 Laurel Lane"
1865,Larry,Snider,7170089844,"48 Oak Street"
1866,Mark,Schepens,9894676328,"6 Walnut Street"
1867,William,Williams,8605558053,"4 Riverside Drive West"
1868,Reynaldo,Reaves,7754153080,"58 Madison Avenue"
1869,Robert,Goehner,7348644739,"69 Ridgewood Road"
1870,Andrea,Duncan,7650030539,"51 Belmont Avenue"
1871,Stella,Mukai,6045013464,"17 Garden Avenue"
1872,Jackie,Hairston,7999447034,"67 Chestnut Avenue"
1873,Roy,NULL,8482230574,"18 Cherry Hill Road"
1874,Tanya,Newman,6372018785,"23 Beechwood Avenue"
1875,William,Rooney,8325704405,"15 Brookside Avenue"
1876,Tiffany,Stubblefield,6166174640,"5 Fairview Avenue"
1877,Elizabeth,Vessey,9525577619,"47 Willow Lane"
1878,Jennifer,Hamilton,6303421167,"52 Magnoli"
1879,Richard,Yuste,6247683320,"30 Jefferson Avenue"
1880,Richard,Hepworth,8966506774,"65 Cherrywood Drive"
1881,Jose,Rogers,6055426109,"67 Pleasant Street"
1882,Randy,Wells,8033059827,"55 Greystone Terrace"
1883,Rebecca,Jaynes,7804704349,"38 Applewood Drive"
1884,James,Washington,8430746968,"8 Cedar Road"
1885,Willie,Mcgarvey,7781413952,"46 Ashland Avenue"
1886,Heather,Teeter,6401829892,"28 Oak Hill Drive"
1887,Ernest,Nelson,7383308750,"45 Rosedale Avenue"
1888,Virginia,Perez,7383729387,"78 Cedar Road"
1889,Jennifer,Figueroa,9552036723,"62 Ridgewood Road"
1890,Patrice,Rex,6239833652,"70 Newbury Way"
1891,Lupe,Payne,9368251604,"59 Lake Shore Drive"
1892,Louise,Collins,6889169075,"65 Elmwood Road"
1893,Cathy,Thomas,7116329411,"50 Birch Lane"
1894,Alvin,NULL,6280435879,"22 Grove Street"
1895,Ray,Brown,9086805619,"7 Lexington Place"
1896,Irene,Henderson,9780149245,"4 Southview Lane"
1897,Marie,Huntley,8402576297,"51 Vine Street"
1898,Leon,Thomas,6451367473,"53 Brookdale Avenue"
1899,James,Martin,6407654787,"52 Lincoln Circle"
1900,Lyndon,King,9168687926,"39 Brookdale Avenue"
1901,Harold,Tibbits,8668455010,"17 Lake Shore Drive"
1902,Brian,Parker,8686437259,"65 Hickory Drive"
1903,Ronald,Watt,8732367844,"47 Riverside Drive"
1904,Ricky,Dennis,9797016260,"41 Lincoln Avenue"
1905,Minerva,Dugan,8368349093,"71 Meadow Lane"
1906,Carol,Gibbons,6912450216,"41 Cherrywood Lane"
1907,Daniel,Holdridge,6943297827,"45 Pineview Lane"
1908,Leonard,Williams,8380378982,"56 Birchwood Lane"
1909,Richard,NULL,6578588034,"59 Oak Hill Drive"
1910,Edward,Mclellan,8554338918,"32 Lakeview Drive"
1911,Ronald,Cundiff,9742622712,"9 Beechwood Road"
1912,Ross,Maberry,8897128297,"67 Magnolia Avenue"
1913,David,Johnson,7076679019,"50 Eastwood Drive"
1914,Dora,Fontenot,9266234878,"31 Northview Terrace"
1915,Jimmy,Jewett,6823275616,"19 Willow Lane"
1916,Mike,Avila,8897456085,"71 Lincoln Circle"
1917,Michael,Thiele,6627359058,"1 Pineview Drive"
1918,Neil,Morton,6103620702,"78 Broad Street"
1919,Warren,Olson,9179981794,"1 Oakwood Lane"
1920,Gerald,Race,6511692020,"34 Park Lane"
1921,Christian,Oxford,7377770673,"17 Maplewood Drive"
1922,Andrea,Krawiec,7646260345,"61 Holly Lane"
1923,Calvin,Hensley,8860768883,"68 Pineview Lane"
1924,Willie,French,8744055391,"17 Beechwood Road"
1925,Frances,Graham,7542709784,"54 Cherrywood Lane"
1926,Jodie,Camire,8899702073,"73 Forest Avenue"
1927,John,Johnson,9388581688,"57 Jefferson Street"
1928,Dorothy,Peraza,9220491594,"20 Parkview Road"
1929,William,Martines,6672733552,"47 Valley Road"
1930,Rachel,Harter,8531149357,"65 Jefferson Street"
1931,John,Evans,8356492681,"28 Linden Lane"
1932,Gloria,Branham,7084002549,"15 Forest Avenue"
1933,Kathleen,Walton,6891892898,"64 Oakdale Drive"
1934,Shirley,Mckeon,8021151515,"25 Northview Terrace"
1935,Barbara,Russell,8668117523,"74 Ashland Avenue"
1936,William,Frede,8926428738,"13 Pine Street"
1937,Sarah,Crawford,9540913671,"28 Hillcrest Avenue"
1938,Sam,Hernandez,8641051559,"21 Oakdale Court"
1939,Rosa,Dunlap,8087949002,"69 Valley Road"
1940,Robert,Peoples,8146680077,"79 Kingston Way"
1941,Penelope,Mason,7350648231,"60 Holly Avenue"
1942,Richard,Byrd,7115803609,"22 Walnut Street"
1943,Anna,Reid,9154173970,"45 Ridgeview Drive"
1944,Donna,Bruno,8529661486,"11 Pineview Road"
1945,Edwin,Mooney,7771379524,"53 Highland Road"
1946,Albert,Eikleberry,8671955105,"45 Sunset Drive"
1947,Susan,Drakes,6850427448,"78 Belmont Avenue"
1948,Kathleen,NULL,6527098287,"74 Holly Avenue"
1949,John,Coon,9514298673,"74 Elmwood Terrace"
1950,Sandy,Canales,6332717015,"36 Maplewood Road"
1951,Dorothy,NULL,9953067200,"5 Park Street"
1952,John,Finch,8263336596,"73 Belmont Avenue"
1953,Deanna,Marchman,9036955286,"29 Madison Avenue"
1954,Nina,Follmer,6073836661,"5 Holly Avenue"
1955,Scott,Driggs,9901347922,"32 Highland Road"
1956,Elizabeth,Medlin,8400124618,"62 Oakwood Lane"
1957,David,Ceja,7183826141,"46 Madison Court"
1958,Ike,Stokes,8637290558,"33 Forest Drive"
1959,Martha,NULL,8889083137,"18 Willow Street"
1960,Joseph,Cass,9819841822,"58 Grant Street"
1961,Deborah,NULL,8434925543,"74 Willow Street"
1962,William,Warner,8819042350,"30 Beechwood Avenue"
1963,Linda,NULL,9135642024,"69 Beech Street"
1964,Hans,NULL,8501141169,"54 Ridgewood Road"
1965,Vivian,Francis,6623954653,"25 Grove Street"
1966,Emily,Prior,6000674178,"50 Highland Drive"
1967,Cindy,Cothran,8958359606,"22 Grant Street"
1968,Tommie,Wise,7264543927,"53 Hickory Lane"
1969,Bonnie,Burkhardt,6040565563,"73 Ridgewood Road"
1970,Juanita,Hartman,7268874435,"1 Highland Place"
1971,Leonore,Grassi,9032704547,"20 Elmwood Place"
1972,Miguel,Moore,8875326396,"51 Springdale Road"
1973,Sandra,Niver,8103388908,"69 Sunnyside Avenue"
1974,Jan,Keeler,6440743274,"62 Cherry Hill Road"
1975,Eleanor,Smith,7386611210,"66 Lincoln Circle"
1976,Jean,Juarez,8285663324,"61 Parkview Road"
1977,Robert,Paradis,7737180567,"78 Eastlake Drive"
1978,Merle,Lucas,9191451348,"39 Yorktown Road"
1979,Rebecca,Cosgrove,9656167160,"20 Cedar Road"
1980,Brenda,Shren,6535468100,"60 Parkview Terrace"
1981,Christopher,Flores,9857939080,"52 Grant Street"
1982,Gabriele,Buman,6387482275,"58 Orchard Road"
1983,Maribel,NULL,6922276281,"30 Broad Street"
1984,Harley,Heaney,8243590512,"72 Fairway Drive"
1985,Beatrice,Wegner,8188785221,"5 Meadowbrook Road"
1986,James,Holbrook,8003036089,"49 Pine Street"
1987,Brian,Terwilliger,8150804060,"41 Broadview Avenue"
1988,Evelyn,Smith,8902472022,"62 Chestnut Street"
1989,Todd,Hunt,8891192852,"68 Elmwood Terrace"
1990,Eddie,Begay,7928707184,"71 Longview Avenue"
1991,Leonard,Simon,7313786216,"13 Washington Avenue"
1992,Billy,Lewis,6331383689,"44 Jefferson Avenue"
1993,David,Lones,6216111620,"60 Newbury Way"
1994,Martin,NULL,9121001717,"58 Washington Avenue"
1995,David,Craig,6908514583,"9 Highland Road"
1996,Anthony,Haro,7016148279,"16 Ridgewood Road"
1997,Teresa,Hix,9382695296,"79 Pleasant Street"
1998,David,Black,8876029104,"1 Greenfield Terrace"
1999,Minnie,Gomez,7893851779,"70 Willow Lane"
2000,Wayne,Diaz,7466644247,"62 Valley Road"
2001,Elizabeth,Clark,6169728163,"46 High Street"
2002,Paul,Kelley,6487261017,"25 Lexington Place"
2003,Tom,Sosa,7582395555,"40 Pine Street"
2004,Tosha,Howard,6217514944,"33 Parkside Lane"
2005,George,NULL,9456046260,"3 Jefferson Street"
2006,Dorothy,Cullinan,8277890796,"76 Hillcrest Drive"
2007,Bruce,Escareno,7058865170,"40 Jefferson Lane"
2008,Shannon,NULL,7697313221,"10 Sunset Drive"
2009,Floyd,Parrott,6815210731,"52 Meadow Lane"
2010,Alice,Herman,8190763000,"35 Lexington Place"
2011,Pamela,Lebarron,8422068510,"60 Brookside Avenue"
2012,Helen,Pooler,9158784498,"56 Locust Lane"
2013,Paul,Hodge,9773334788,"34 Hillside Avenue"
2014,Georgia,NULL,9569413482,"41 Hickory Drive"
2015,Charles,Gregory,8478292290,"70 Walnut Street"
2016,Phillip,Marsh,7167349416,"15 Cedar Road"
2017,Joanne,Moore,7328142721,"78 Maple Avenue"
2018,Elena,Parrish,9983267991,"69 Lake Shore Drive"
2019,John,Gillespie,7913969655,"70 Beechwood Road"
2020,Robert,Rancourt,9307872462,"40 Willow Street"
2021,Wayne,NULL,6671503064,"59 Locust Lane"
2022,Cecil,Gomez,9515971053,"9 Valley Road"
2023,Ina,Wray,6748514153,"29 Pinehurst Drive"
2024,Whitney,Mills,6711756943,"45 Cherry Hill Road"
2025,Raquel,Morgan,9162500142,"66 Greenfield Avenue"
2026,Donnell,Redmond,6618924969,"39 Applewood Drive"
2027,George,NULL,8491169271,"65 Garden Avenue"
2028,Eric,Blackburn,8353194744,"56 Pinehurst Road"
2029,Tina,Dansereau,9127589490,"58 Jefferson Lane"
2030,Theresa,Johnson,7717733689,"68 Grant Avenue"
2031,Neil,Lowe,8450296029,"66 Vineyard Drive"
2032,Tyler,Birch,7098723552,"30 Willow Lane"
2033,Nadine,Dannels,9107818912,"72 Madison Court"
2034,Jame,Dungey,8073038479,"77 Eastlake Drive"
2035,Lynsey,NULL,9274917334,"59 Lexington Place"
2036,Clyde,NULL,8925402997,"29 Parkside Lane"
2037,Florence,Reid,6383311814,"26 Sunnyside Road"
2038,Alan,Klein,7710981528,"3 Laurel Lane"
2039,Daisy,Mcdaniel,6641169772,"69 Highland Drive"
2040,Steven,Conway,6557221025,"25 Lincoln Circle"
2041,Leona,Marusarz,7596520534,"42 Elmwood Place"
2042,Elaine,Bradley,7717599663,"21 Ridgeview Drive"
2043,Abraham,Williams,9870415571,"46 Lake Shore Drive"
2044,Michael,Stoute,9914531854,"72 Kingston Way"
2045,Dale,Ledet,9822773072,"58 Meadowbrook Road"
2046,David,Herrmann,7901142546,"73 Chestnut Street"
2047,Matthew,Chestnut,6698551986,"66 Locust Street"
2048,Katherine,Zeman,6065855017,"25 Elmwood Terrace"
2049,Sylvia,Johnson,9100319726,"41 Rosedale Avenue"
2050,Galina,Fisher,6383745018,"77 Beechwood Avenue"
2051,Judy,Addison,8082943349,"46 Highland Drive"
2052,Veronica,Porter,6206726037,"53 Meadow Lane"
2053,John,Dense,6833904644,"50 Elmwood Terrace"
2054,Donald,Calhoun,6753901899,"27 Madison Court"
2055,Sara,Bohannon,9815777042,"66 Hillcrest Avenue"
2056,William,Jeanbaptiste,9383144794,"59 Linden Lane"
2057,Ethel,Amodeo,6782608938,"33 Ridgewood Road"
2058,Owen,Bond,6848900815,"25 Pine Street"
2059,Barbara,Studt,7563920326,"14 Beechwood Avenue"
2060,Jeffery,Kern,7547698321,"51 Jefferson Street"
2061,Mary,Willis,6146900886,"77 Highland Place"
2062,Catherine,Quintana,7503007271,"50 Linden Avenue"
2063,Michael,Edwards,6005739920,"36 Pinehurst Road"
2064,Chad,Derrickson,6825735080,"23 Highland Drive"
2065,Susan,Cruz,6801738114,"52 Birchwood Lane"
2066,Darrell,Johnson,6361561141,"50 Hillcrest Drive"
2067,Walter,Nance,8803050286,"27 Oak Hill Drive"
2068,Luis,Brown,7618292416,"48 Vine Street"
2069,Erinn,Wallace,6158679733,"61 High Street"
2070,Judith,Gentner,6614298001,"67 Chestnut Street"
2071,Robert,Leon,7998592323,"66 Riverside Drive"
2072,Rina,Smith,7540344166,"32 Pineview Road"
2073,Paul,Ayers,6455071731,"34 Chestnut Street"
2074,Heidi,Roeger,9380520070,"57 Newbury Way"
2075,Sharon,Black,7051408588,"41 Linden Avenue"
2076,Vincent,Shand,6186450408,"27 Grant Street"
2077,Nancy,Bissett,9532655321,"70 Mainview Avenue"
2078,Maria,Gilbert,7360723570,"25 Fairview Drive"
2079,Jason,Thorton,9800200286,"35 Elm Street"
2080,Thomas,Harris,7489510627,"2 Cedar Street"
2081,Lavonda,Pell,7209531879,"71 Applewood Drive"
2082,Marjorie,Stewart,6946124118,"16 Hickory Lane"
2083,Glenn,Brown,6942048149,"27 Newbury Way"
2084,Lauren,Corey,9865148226,"57 Jefferson Lane"
2085,Mira,Andrews,7007762267,"45 Southview Lane"
2086,Ann,NULL,6430736662,"51 Orchard Road"
2087,Bethany,NULL,7406120041,"49 Chestnut Avenue"
2088,Roberto,NULL,7407063517,"67 Woodbine Street"
2089,Laurie,Turner,8582795115,"51 Beech Street"
2090,Robert,Simpson,8198878422,"78 Pineview Lane"
2091,Kathleen,Kitchens,6123252658,"27 Vine Street"
2092,Tracy,Toscani,6195763854,"75 Elm Street"
2093,Mona,King,6129193848,"59 Hickory Lane"
2094,Stanley,Ogami,8037108519,"53 Fairway Drive"
2095,Tanya,Pearson,6309456392,"58 Northview Road"
2096,Robin,Meecham,6730646231,"36 Lake Shore Drive"
2097,Billy,Salisbury,7619589909,"58 Eastwood Drive"
2098,Paul,Pelote,8448759660,"45 Madison Avenue"
2099,Wynell,Swindell,6825815899,"75 Vineyard Drive"
2100,Jessie,Leatherman,8763667070,"65 Jefferson Lane"
2101,Roy,Bankston,6863811420,"28 Highland Road"
2102,Edwina,Folwell,6516449630,"39 Hillcrest Avenue"
2103,Carol,Bronk,6960971819,"56 Springdale Road"
2104,Greg,NULL,9342773693,"56 Hickory Lane"
2105,Alice,Barnes,8080015672,"47 Maplewood Drive"
2106,Stacey,Salvietti,7097581782,"15 Hickory Lane"
2107,Traci,Bragg,9229259777,"4 Hickory Lane"
2108,Norris,Kaufman,9451328717,"5 Riverside Drive West"
2109,Peter,Bancroft,8566670209,"46 Cherry Hill Road"
2110,Edith,Llewellyn,8387043619,"74 Lakeview Drive"
2111,Richard,Hilliard,7514651486,"15 Park Avenue"
2112,Brittany,Robinson,7045781004,"55 Hickory Drive"
2113,Gilbert,Averitte,6767362106,"49 Hillcrest Avenue"
2114,William,Robinson,8925883745,"24 Prospect Avenue"
2115,Elisa,Earley,6473654236,"11 Fairview Avenue"
2116,Annette,Thigpen,8767928736,"12 Cherry Hill Road"
2117,Gerda,Jansen,9838435621,"76 Pine Street"
2118,Claudia,Thomas,8742054527,"13 Hudson Terrace"
2119,Daniel,Ackley,8821176701,"44 Broad Street"
2120,Steve,Johnson,9471986779,"33 Applewood Drive"
2121,Starla,Welch,8118421667,"50 Longview Avenue"
2122,Diane,Homer,8768334450,"35 Riverside Drive West"
2123,Douglas,Sheridan,6747282255,"63 Fairview Avenue"
2124,Jeffrey,Phillips,7616434833,"18 Hickory Lane"
2125,Marie,NULL,7127886687,"56 Newbury Way"
2126,Clarence,NULL,7693924905,"4 Columbus Lane"
2127,William,Elliott,8145155113,"17 Beech Street"
2128,Laura,Ferrer,7673990944,"58 Parkview Terrace"
2129,Tonya,Russo,8771324127,"5 Highland Road"
2130,Ethel,Powell,9404982432,"14 Laurel Lane"
2131,Sheri,Villarreal,6029723048,"42 Springdale Road"
2132,David,Kahn,8254195363,"63 Holly Avenue"
2133,Lourie,Orouke,8078994113,"32 Longview Road"
2134,Debora,Zepeda,6691323670,"63 Pinehurst Drive"
2135,David,Davidson,6976262148,"44 Cedar Court"
2136,Paul,Williams,8332018169,"4 Lincoln Circle"
2137,Guadalupe,Lorts,7285770700,"12 Linden Lane"
2138,Sheilah,Provino,7735205576,"56 Maple Avenue"
2139,Aaron,Vansickle,6777356551,"12 Pleasant Street"
2140,Colin,Boyd,8308839846,"44 Madison Court"
2141,Dorothy,NULL,8976125394,"52 Birch Lane"
2142,Kevin,Hale,9354044340,"73 Sunset Drive"
2143,Florence,Decker,6911100983,"45 Lakeview Drive"
2144,Sarah,Lowe,6020921222,"42 Pineview Lane"
2145,Bill,NULL,7445799096,"45 Eastwood Drive"
2146,Kenneth,Moore,6961368865,"43 Willow Street"
2147,Pamela,Jaramillo,8380439998,"74 Greenfield Avenue"
2148,Denice,Cross,8400726009,"9 Chestnut Avenue"
2149,Jamie,Powell,7720276867,"43 Highland Drive"
2150,Janette,Maclean,7302929045,"61 Kingston Way"
2151,Rodney,Peel,9311697768,"55 Longview Road"
2152,Inez,Washington,8091741802,"5 Cherrywood Lane"
2153,Helen,Dubose,9044581303,"15 Parkside Lane"
2154,Fran,Baginski,6968687542,"38 Pineview Drive"
2155,Charles,Griffith,8864571576,"29 Elmwood Place"
2156,Eva,Miller,8882320574,"32 Hillcrest Drive"
2157,James,Lall,7059562860,"30 Grant Street"
2158,Gary,Mauer,9374079964,"50 Birchwood Lane"
2159,Robert,Miller,6680185611,"66 Linden Avenue"
2160,Michael,Shields,6272732552,"12 Maple Avenue"
2161,Sara,Paulseth,8632024039,"49 Lake Shore Drive"
2162,Derek,Bowers,6199931844,"60 Jefferson Street"
2163,Jim,Peeler,8403907700,"38 Vineyard Drive"
2164,Cynthia,Fisher,8820972708,"53 Parkview Road"
2165,Lori,Lauer,9624032819,"7 Parkview Road"
2166,Linda,Fine,7567267271,"30 Greenfield Avenue"
2167,William,Kavanagh,6618568874,"4 Cedar Lane"
2168,Michael,Magnuson,9070664986,"7 Elmwood Terrace"
2169,Rosemarie,Lee,9567487991,"73 Washington Avenue"
2170,Holly,Wingerd,8063903646,"69 Locust Lane"
2171,Robyn,Lowe,7434687241,"42 Grant Street"
2172,Frank,Wilkinson,9176592624,"16 Cherrywood Drive"
2173,James,Lozano,9909632084,"41 Kingston Way"
2174,Madeline,Stewart,7033394398,"74 Sunnyside Avenue"
2175,Jose,Corporan,9929454197,"21 Kingston Way"
2176,Joan,Webb,9148781602,"60 Riverside Drive West"
2177,Ana,Mcdaniel,8204930635,"79 Magnolia Avenue"
2178,Diane,Johnson,8089544278,"17 Linden Lane"
2179,Renee,Loney,9026436216,"53 Maplewood Drive"
2180,Roy,Montoya,7078968897,"18 Madison Avenue"
2181,Julie,NULL,6012110335,"54 Washington Avenue"
2182,Helen,Ricks,9853682539,"24 Oakwood Drive"
2183,George,Oates,6709894455,"33 Pleasant Street"
2184,Richard,Red,8125060742,"8 Pinehurst Road"
2185,Thomas,Duane,7918176425,"35 Northview Road"
2186,Ashlie,Ballard,9067478240,"62 Lincoln Circle"
2187,William,Carrillo,6386641298,"18 Washington Avenue"
2188,Anthony,Seyer,8066712734,"13 Brookdale Avenue"
2189,James,Hoover,8491494603,"3 Pleasant Street"
2190,Joe,Hedgepeth,9504033289,"14 Parkview Road"
2191,Richard,Denniston,8381867777,"38 Madison Avenue"
2192,Doris,White,7694460329,"32 Locust Lane"
2193,Patricia,Laura,9573568456,"26 Broad Street"
2194,Jane,NULL,8323125293,"22 Hillcrest Drive"
2195,Larry,English,8915493987,"67 Maplewood Road"
2196,Meghan,Metelus,6154697913,"33 Mainview Avenue"
2197,Joe,Mccloud,6354645010,"77 Valley View Road"
2198,Josephine,Snow,9266709197,"10 Briarwood Court"
2199,Jenny,Feld,6739593962,"6 Hudson Terrace"
2200,Stacy,Parrish,8327911181,"54 Meadow Lane"
2201,Elizabeth,Starks,9414879268,"56 Pine Street"
2202,Joyce,Wong,7858699167,"62 Valley View Road"
2203,Christopher,Jones,8097633830,"10 Cedar Road"
2204,Shanita,Wilborn,8226263181,"9 Park Avenue"
2205,Rose,Grote,6360118227,"31 Brookdale Place"
2206,James,Thao,6600149111,"2 Hickory Lane"
2207,Jose,Morgan,8814391065,"36 Parkview Avenue"
2208,Mark,Fitch,9953256357,"47 Meadow Lane"
2209,Allan,Vargas,6686393927,"66 Briarwood Court"
2210,Thelma,Lucas,8290963803,"23 Jefferson Street"
2211,Bruce,Hall,9091091587,"43 Columbus Lane"
2212,Marie,Carleton,8499572073,"31 Columbus Lane"
2213,Nina,Shafer,9846825446,"10 Cedar Terrace"
2214,Toby,NULL,9855340134,"11 Parkview Road"
2215,Linda,Barber,9044460028,"26 Northview Road"
2216,Alice,Scuderi,7105502527,"71 Valley View Road"
2217,Valerie,Clarence,7613592607,"47 Fairview Avenue"
2218,Dean,Tofil,9762842032,"9 Lexington Place"
2219,Billy,Mankins,6245301881,"48 Hillcrest Avenue"
2220,Marion,Saysongkham,8190380336,"35 Greenfield Terrace"
2221,Faye,Gustafson,8435716071,"54 Beech Street"
2222,Zoila,Erickson,7159775728,"58 Willow Street"
2223,Brian,Martin,7736614541,"58 Woodbine Street"
2224,Amy,Oloughlin,7038777325,"51 Forest Drive"
2225,Edward,Cope,9268852992,"46 Jefferson Avenue"
2226,Steve,Robinson,8149163667,"55 Ashland Avenue"
2227,Lidia,Acosta,9550372766,"28 Pineview Road"
2228,Geoffrey,Mcconnell,6813435788,"43 Maple Avenue"
2229,Gary,Sanders,8949665230,"44 Linden Avenue"
2230,Debra,NULL,9957103484,"62 Longview Road"
2231,Edward,Simmons,9054709651,"69 Maple Lane"
2232,Jackie,Larson,6693393624,"5 Brookdale Place"
2233,Beverly,George,6961795947,"19 Riverside Drive"
2234,Lori,Stevens,7616712451,"12 Northview Road"
2235,Thomas,Mayhew,7647627921,"36 Yorktown Road"
2236,Betty,NULL,6477766070,"48 Fairview Avenue"
2237,Elmer,NULL,7041557382,"67 Applewood Drive"
2238,Louise,Longtin,8846150707,"57 Hillcrest Drive"
2239,William,Payne,7674855590,"36 Cedar Terrace"
2240,Mary,Smith,6193920468,"16 Highland Drive"
2241,Lawrence,NULL,7388376355,"33 Glenwood Drive"
2242,Jewel,Grady,9697714448,"61 Mainview Avenue"
2243,Hugh,Valentin,6450753728,"47 Southview Lane"
2244,David,Powell,6194772401,"50 Chestnut Avenue"
2245,Lena,Owens,9637687498,"45 Greenfield Terrace"
2246,Rachael,Williams,7197387125,"10 Applewood Drive"
2247,Charles,Rosa,8298212323,"44 Locust Street"
2248,Wanda,Brown,8328869454,"59 Highland Road"
2249,Alex,Taylor,7545358823,"20 Greystone Terrace"
2250,Carla,Testerman,7353341629,"5 Oakwood Drive"
2251,Kay,Andrews,8633090591,"76 Linden Lane"
2252,Larry,Farmer,8434331120,"12 Lakeview Drive"
2253,Frances,Knight,9574763937,"73 Linden Lane"
2254,Andrea,Johnson,9265240477,"23 Glenwood Avenue"
2255,Robert,Bonner,6954700890,"38 Pineview Road"
2256,Diana,NULL,6963793757,"58 Park Street"
2257,Larry,Nelson,6488386733,"46 Pineview Lane"
2258,Joseph,Hudson,7203726132,"40 Woodbine Street"
2259,Annie,Everette,7569108401,"51 Magnoli"
2260,Randy,Beebe,8734214801,"7 Columbus Lane"
2261,Deshawn,Goff,9620501527,"67 Glenwood Drive"
2262,Ralph,Christensen,8965558414,"23 Parkview Road"
2263,Larry,Pomeroy,7166640451,"36 Willow Lane"
2264,Karen,Constantine,9142706808,"16 Oakdale Court"
2265,Andrew,Babonis,9526488875,"28 Pinehurst Drive"
2266,Nancy,Gay,8081449948,"16 Broad Street"
2267,Luis,Garner,9193312880,"53 Hillside Avenue"
2268,Byron,Gardner,9958444126,"75 Lexington Place"
2269,Gregory,NULL,8268035367,"41 Newbury Way"
2270,Sally,Dodson,7711772485,"45 Vine Street"
2271,Herman,Epps,6426158103,"79 Rosedale Avenue"
2272,Justin,Guerra,9085441708,"5 Cedar Street"
2273,Florence,Bonneville,8281511976,"6 Madison Court"
2274,Dale,Olson,9780886120,"27 Orchard Road"
2275,Terrie,George,8323068895,"44 Beechwood Avenue"
2276,Rochelle,Evans,8580377859,"39 Pinehurst Road"
2277,Willie,Wright,8756338688,"23 Locust Street"
2278,Loretta,Morgan,6023630117,"15 Newbury Way"
2279,Neely,Gatlin,9862407994,"19 Briarwood Court"
2280,Mary,Rivali,8528376978,"53 Cherrywood Lane"
2281,Daryl,Munoz,6831010998,"8 Maple Avenue"
2282,Carolyn,Lance,9364500746,"20 Lexington Place"
2283,Patricia,Fernandez,7301029255,"28 Grant Avenue"
2284,Harold,Curtis,7068228920,"55 Pinehurst Drive"
2285,Ann,Bowen,7553375504,"69 Greystone Terrace"
2286,Christopher,Payton,6904224875,"59 Northview Road"
2287,Tom,Hunley,6176502186,"46 Applewood Drive"
2288,Jason,Fogle,7622243930,"54 Briarwood Court"
2289,Theresa,Moeller,9408780252,"43 Magnolia Avenue"
2290,Martha,Puente,6383493901,"26 Pinehurst Road"
2291,Delores,Hill,7129771301,"37 Briarwood Court"
2292,George,Snyder,8609029417,"57 Cedar Street"
2293,David,Webb,8632118323,"57 Springdale Road"
2294,Tracey,Wolf,6080825655,"41 Lake Shore Drive"
2295,Ryan,Klingensmith,7605405424,"30 Hudson Terrace"
2296,Bill,Long,6308413323,"25 Riverside Drive"
2297,Christopher,NULL,6679571149,"14 Pinehurst Drive"
2298,Jennifer,Crisp,7284532548,"28 Linden Avenue"
2299,Irene,Strohman,7816238695,"56 Oakdale Drive"
2300,Andrew,Hutcherson,6204930355,"43 Birch Lane"
2301,Tara,Fielden,8966575000,"27 Brookdale Place"
2302,Victor,Stewart,8063415750,"29 Oak Street"
2303,Donald,Purifoy,7947854524,"50 Holly Lane"
2304,Kaye,Bauder,7549323431,"44 Chestnut Street"
2305,Michael,Ewing,6256737601,"70 Eastwood Drive"
2306,Georgina,Farnham,9427128628,"73 Magnolia Avenue"
2307,Ann,Dehoyos,9652474221,"25 Hillcrest Drive"
2308,Mitchell,Mahon,6071217704,"72 Lincoln Avenue"
2309,Rebecca,Lasala,8134118908,"46 Brookdale Place"
2310,Ronald,Elrod,7227209085,"47 Pineview Lane"
2311,Kevin,NULL,9000645876,"56 Riverside Drive"
2312,Joseph,Cordeiro,7640100634,"72 Highland Road"
2313,Keith,Resendez,7916771842,"77 Fairview Drive"
2314,Wilmer,Harbour,9141490537,"68 Park Street"
2315,Joe,Real,9957664805,"6 Oakwood Drive"
2316,Teresa,Gipson,7714642048,"4 Sunnyside Avenue"
2317,Ronald,Hill,7946761160,"10 Hillcrest Drive"
2318,Anthony,NULL,9378324884,"78 Madison Avenue"
2319,Charlene,Lindsey,9804482742,"57 Longview Road"
2320,Mary,Mullins,7712123549,"2 Southview Lane"
2321,Denise,James,7788143212,"54 High Street"
2322,Elizabeth,Wilson,7908205522,"6 Holly Avenue"
2323,Nicholas,Harris,6262136667,"42 Cedar Court"
2324,Joyce,NULL,8784659540,"16 Valley Road"
2325,Minnie,Mccombs,7548031295,"67 Longview Road"
2326,Lawanda,Isaac,9929117863,"16 Newbury Way"
2327,Teresa,Moreau,6888491138,"15 Vine Street"
2328,Deanne,Hoffman,7882969136,"63 Orchard Road"
2329,Wanda,Richardson,8833107480,"6 Brookdale Place"
2330,Barbara,Walls,6387970679,"23 Hudson Terrace"
2331,Mario,Primm,9218714206,"57 Park Avenue"
2332,James,Magedanz,9912143832,"45 Oakdale Court"
2333,Michael,NULL,9461975909,"17 Beechwood Avenue"
2334,Tanya,Eichhorn,7249606397,"51 Columbus Lane"
2335,Richard,Delatorre,7358710601,"21 Walnut Avenue"
2336,Wanda,Brewer,6827350157,"43 Cedar Street"
2337,Agatha,Martinez,6440333296,"64 Madison Court"
2338,Charles,Trajillo,7775060512,"8 Oak Street"
2339,Aileen,Runnels,6753381639,"5 Belmont Avenue"
2340,Barbara,Enciso,6375600345,"56 Valley View Road"
2341,Lynda,NULL,6949474378,"71 Oak Hill Drive"
2342,Virginia,Moore,8860551960,"76 Locust Lane"
2343,Gustavo,Britton,7871275646,"24 Pinehurst Road"
2344,Richard,NULL,7580147267,"32 Pinehurst Drive"
2345,James,Reichert,7531348403,"59 Ashland Avenue"
2346,Evia,Johnson,8396909614,"48 Ashland Avenue"
2347,Ellen,Mcelroy,8830397420,"47 Cherry Hill Road"
2348,Shane,Sherman,6174715986,"12 Eastlake Drive"
2349,John,Westphal,7697997365,"15 Highland Road"
2350,Abraham,Fields,9238175832,"45 Fairway Drive"
2351,Chauncey,Norman,8301509896,"49 Meadowbrook Road"
2352,James,Scott,9221476771,"22 Ridgeview Drive"
2353,Thelma,Murillo,7485917443,"79 Broadview Avenue"
2354,Mary,Metzner,7747565691,"23 Maplewood Drive"
2355,Evelyn,Beanblossom,6335572070,"1 Beech Street"
2356,Lauren,NULL,9045549647,"55 Lakeview Drive"
2357,Evelyn,Mcgowan,7457860985,"57 Riverside Drive West"
2358,Juan,NULL,6285371194,"17 Willow Street"
2359,Mary,Grady,6330355766,"34 Ashland Avenue"
2360,Lidia,Mckinney,6764688731,"8 Parkview Road"
2361,Joann,NULL,7271123331,"2 Sunnyside Road"
2362,Danny,Estler,7592291580,"67 Riverside Drive West"
2363,Bruce,White,7204420512,"57 Madison Avenue"
2364,Ray,Acosta,8062874986,"18 Applewood Drive"
2365,Callie,Dupont,9223388121,"69 Southview Lane"
2366,Roberto,Heath,8602065104,"5 Oakwood Lane"
2367,Jessie,Oliverio,7270785457,"42 Oakdale Drive"
2368,Tonya,Blackman,7144531737,"56 Cedar Street"
2369,Will,Campos,6366056655,"21 Pineview Road"
2370,Rachel,Reid,7767612438,"30 Yorktown Road"
2371,Albert,Smith,6019178451,"60 Maplewood Road"
2372,Linda,Neal,6054921237,"60 Chestnut Avenue"
2373,Anthony,Reihl,9905700198,"13 Greenfield Terrace"
2374,Anna,Schaefer,8028127601,"10 Riverside Drive West"
2375,Adam,Ohmen,8903609678,"2 Cedar Road"
2376,Kenneth,Gaydosh,8066641326,"74 Holly Lane"
2377,Michael,Lowe,7094239605,"23 Woodbine Street"
2378,Ollie,NULL,7604812855,"62 Southview Lane"
2379,Jennifer,Mitchell,7338567407,"24 Cherrywood Lane"
2380,Juan,Whitting,9655712829,"65 Cherrywood Lane"
2381,Donna,Esquilin,9746667106,"74 Birch Lane"
2382,Angel,Sale,8564848096,"12 Walnut Avenue"
2383,Bridget,Houck,9151868276,"20 Oakdale Drive"
2384,Monty,Hernandez,7027631237,"59 Maple Lane"
2385,Shirley,Carter,7681444738,"9 Briarwood Court"
2386,Betty,Dehart,7143797250,"3 Cherrywood Drive"
2387,Kenneth,Adams,8789155451,"52 Hillside Avenue"
2388,Luther,NULL,6147653686,"71 Briarwood Court"
2389,Katherine,Adams,8966408528,"45 Cedar Street"
2390,Linda,Lampkin,9663306301,"16 Columbus Lane"
2391,Robert,Richardson,9343105752,"28 Washington Avenue"
2392,Bessie,Waite,7495711489,"67 Grant Avenue"
2393,Randy,Barbin,9431933696,"54 Rosedale Avenue"
2394,Nathan,Chitwood,6090218652,"64 Willow Street"
2395,Mary,Landrum,8955253114,"51 Parkview Terrace"
2396,Dixie,NULL,9804785662,"17 Grant Avenue"
2397,Eugene,Matteo,9283362858,"15 Longview Road"
2398,Manuel,Leal,6358410323,"58 Prospect Avenue"
2399,Sarah,Haas,6297740915,"25 Riverside Drive West"
2400,Brett,Pankey,9453986079,"3 Oakdale Court"
2401,Emma,Mazzei,8988730844,"2 Greenfield Terrace"
2402,Alberta,Hauck,7712243480,"64 Oakwood Lane"
2403,Loretta,Bartus,8253558099,"4 Parkside Lane"
2404,Carl,Valadez,7525661559,"45 Broad Street"
2405,Ross,Cunningham,6706468425,"64 Maplewood Road"
2406,Robert,Hale,7943286932,"14 Newbury Way"
2407,Karen,Ha,9129095658,"49 Grant Avenue"
2408,Sabrina,Adamczyk,7322705151,"32 Park Avenue"
2409,Todd,Mclaughlin,8849943648,"79 Garden Avenue"
2410,Christopher,NULL,8522809038,"37 Broadview Avenue"
2411,Albert,Pfost,7057374980,"65 Meadow Lane"
2412,Gilbert,Newport,6171656263,"43 Park Street"
2413,Christopher,Carter,6777253489,"16 Cedar Lane"
2414,Bill,Jones,6927862625,"12 Valley View Road"
2415,Jonathan,Franklin,6089395525,"40 Hillside Avenue"
2416,Raul,Knepp,8155071236,"54 Mainview Avenue"
2417,Flora,NULL,9651499802,"2 Meadowbrook Road"
2418,Lue,Hernandez,7312802886,"15 Park Street"
2419,Vivian,Fisher,6843462944,"75 Broadview Avenue"
2420,Donna,Rhodes,8437654773,"14 Greystone Terrace"
2421,Carl,NULL,9369411060,"79 Belmont Avenue"
2422,Darlene,Rife,9634896426,"67 Ridgewood Road"
2423,Roberto,NULL,8004134018,"52 Elmwood Terrace"
2424,Mariah,Lytell,9625980421,"77 Maplewood Drive"
2425,Donna,Felix,8884801219,"3 Newbury Way"
2426,Michael,Anderson,6612362510,"47 Magnoli"
2427,Dennis,Garramone,7877238302,"50 Glenwood Drive"
2428,William,Lievano,9108788710,"49 Cherrywood Drive"
2429,Michael,Mister,6641028014,"3 Woodbine Street"
2430,Suzanne,Travis,7327516384,"8 Meadowbrook Road"
2431,Deborah,Sears,6418242182,"16 Walnut Avenue"
2432,Charles,Goodwin,8933390827,"28 Broadview Avenue"
2433,Scott,Norris,6288393320,"29 Linden Avenue"
2434,Jesus,Mckinney,8069305087,"65 Cedar Road"
2435,Leslie,Jones,7520336522,"72 Ridgewood Road"
2436,Anna,Thomure,6742733708,"77 Brookdale Place"
2437,Timothy,Whitmore,6165305127,"6 Northview Road"
2438,Mignon,Holloway,7456870362,"67 Lakeview Drive"
2439,James,Miller,6065213122,"47 Jefferson Lane"
2440,Glen,Diaz,6868078464,"76 Riverside Drive West"
2441,Elaine,NULL,6427275792,"16 Maplewood Drive"
2442,Christi,Snyder,9238104695,"14 Fairway Drive"
2443,Pete,NULL,7653767041,"40 Greenfield Avenue"
2444,Ricardo,Kelly,9940755976,"13 Parkview Road"
2445,Howard,Rotella,6358712328,"2 Pleasant Street"
2446,Shawn,Wilson,9262436159,"50 Briarwood Court"
2447,Geraldine,NULL,8371114666,"69 Maplewood Road"
2448,Dwayne,Zamora,8272883996,"26 Chestnut Street"
2449,Everett,Hinton,7830802695,"8 Hickory Drive"
2450,Steven,NULL,8978340380,"38 Jefferson Avenue"
2451,Alan,Orlando,8509760398,"29 Forest Avenue"
2452,Alexander,Eiche,8924912617,"55 Oakwood Lane"
2453,Rodney,Gonzalez,7905728419,"2 Walnut Avenue"
2454,Alfredo,Cummings,8865879251,"71 Mainview Avenue"
2455,Amelia,Quinn,6489092768,"51 Lincoln Circle"
2456,Edwin,NULL,9556724575,"38 Greystone Terrace"
2457,Preston,Moultrie,7134587580,"20 Briarwood Court"
2458,Judy,Vignola,8088236873,"71 Jefferson Lane"
2459,Jeremy,Haskell,7867785531,"46 Cedar Street"
2460,Mable,Cooper,6885075427,"14 Jefferson Street"
2461,Ralph,Madigan,6605130189,"66 Park Avenue"
2462,Damian,Ledbetter,7011603237,"38 Longview Road"
2463,Sarah,Harshman,8012905339,"55 Pleasant Street"
2464,Cindy,Gloss,9078411609,"14 Yorktown Road"
2465,Johnny,Albertson,9979008984,"76 Maplewood Drive"
2466,Brian,Hoagland,8723693473,"55 Maplewood Road"
2467,Greg,Crocker,7424208690,"15 Elmwood Road"
2468,Judy,Ruiz,9223753825,"11 Cedar Road"
2469,Elizabeth,Breen,9196132703,"67 Washington Avenue"
2470,Genevieve,Corella,8010545741,"74 Pleasant Street"
2471,Rosa,Buco,7144404844,"28 Eastwood Drive"
2472,Lesia,Gardner,9304820169,"38 Broad Street"
2473,Jeanetta,Harvey,6044177867,"36 Magnoli"
2474,Jeffrey,NULL,8692905597,"39 Park Street"
2475,Wendy,Wilson,8609850676,"43 Mainview Avenue"
2476,Donna,Stewart,7074128902,"57 Maple Lane"
2477,Christine,Mitzel,8441671993,"2 Washington Avenue"
2478,Herbert,Johnson,8796795512,"18 Sunnyside Avenue"
2479,Veronica,NULL,7306410159,"36 Cherrywood Lane"
2480,Richard,Flora,7463571869,"65 Oakwood Lane"
2481,Veronica,Cheney,6240423996,"3 Northview Road"
2482,Joan,Lister,8731311964,"73 Holly Lane"
2483,Bert,Campbell,7589076756,"63 Lexington Place"
2484,Justin,Anderton,9826658461,"39 Belmont Avenue"
2485,Barbara,Mckoan,7120525283,"57 Grant Street"
2486,Ervin,Perez,9299421777,"19 Oakwood Lane"
2487,Jeanne,Mitchell,6358273423,"47 Prospect Avenue"
2488,Henry,So,8510029479,"56 Park Lane"
2489,Benjamin,Woods,9478283127,"58 Fairview Drive"
2490,Norma,Edmondson,7500951597,"71 Prospect Avenue"
2491,Linda,Hastings,6806282216,"76 Grant Street"
2492,Barbara,Gayton,9363893160,"59 Hillcrest Avenue"
2493,Terry,NULL,9021700851,"30 Briarwood Court"
2494,Marcus,Goodman,6765870245,"26 Maplewood Drive"
2495,Laura,Byrge,6617230121,"29 Vineyard Drive"
2496,Ralph,Wilson,8864361116,"8 Longview Road"
2497,Hector,Taylor,6614271282,"38 Parkview Terrace"
2498,Christopher,Johnson,7921688328,"24 Cedar Terrace"
2499,Bernadette,Cooper,8731196861,"55 Jefferson Avenue"
2500,Kerri,Sanchez,7585605819,"69 Longview Avenue"
2501,Gilbert,Akbar,7333523000,"51 Eastwood Drive"
2502,Joanne,Romano,8838642350,"56 Brookdale Place"
2503,Nancy,Jones,7971910750,"57 Park Street"
2504,Irving,Brown,9834027499,"45 Garden Avenue"
2505,Michael,Bartley,6430163151,"6 Pine Street"
2506,Ayana,Marmolejo,7016512689,"4 Brookdale Avenue"
2507,Bob,Colanero,8147973728,"13 Oakwood Drive"
2508,Marcia,Dibari,7506870424,"53 Pineview Drive"
2509,Melissa,Carey,9758612452,"20 Applewood Drive"
2510,Rita,Ziech,7455532009,"47 Applewood Drive"
2511,Norman,Lott,9626895079,"24 Forest Avenue"
2512,Maud,Gamino,9831914391,"72 Valley Road"
2513,Carmela,King,7955540432,"70 Cedar Court"
2514,Willie,Berman,9567657991,"39 Magnolia Avenue"
2515,Georgetta,Scott,8176049167,"61 Applewood Drive"
2516,Julie,Garcia,6728020449,"68 Glenwood Drive"
2517,Lauren,Tallent,6659501554,"64 Eastwood Drive"
2518,James,Colon,6433680310,"46 Broad Street"
2519,Rodney,Gleason,9529364660,"9 Oak Street"
2520,Alfonso,Jaye,9995973136,"64 Broad Street"
2521,Rebecca,Golden,8430045460,"62 Park Street"
2522,Phillip,Rutter,8760492883,"13 Glenwood Drive"
2523,Christina,Timmons,9617911531,"78 Oakdale Court"
2524,Georgiana,Massa,9842012275,"24 Lincoln Circle"
2525,Linda,Rose,9452771397,"14 Kingston Way"
2526,Andrew,Mitchell,6870507775,"17 Sunnyside Avenue"
2527,Elisa,NULL,6538761967,"34 Kingston Way"
2528,Harry,Bartel,9253870000,"35 Pineview Lane"
2529,Kyle,Ernest,8983999937,"57 Chestnut Avenue"
2530,Christopher,Davis,6037833559,"64 Hillcrest Road"
2531,Douglas,Vo,7152168794,"25 Oakdale Drive"
2532,Regina,Xavier,9159092630,"58 Maple Avenue"
2533,Rosemary,Kramer,7810581206,"27 Valley View Road"
2534,Mildred,Reyna,7630536345,"73 Elmwood Terrace"
2535,Andrea,Evanson,8591756264,"24 Hillcrest Drive"
2536,Jerry,Wojcik,9899621160,"9 Holly Lane"
2537,Aaron,Ong,6107613435,"17 Mainview Avenue"
2538,Nancy,Stellmacher,8764292879,"44 Broadview Avenue"
2539,Jessi,Malone,7173007783,"13 Elmwood Terrace"
2540,Erica,Valenzuela,9426273289,"53 Pleasant Street"
2541,David,Gibbs,8605874368,"73 Beechwood Avenue"
2542,Ronald,Decoteau,7074567860,"30 Pinehurst Drive"
2543,Judy,Elman,7301220452,"31 Riverside Drive West"
2544,Nathan,James,6075797835,"14 Brookdale Avenue"
2545,Cara,Kempinski,6553549325,"12 Columbus Lane"
2546,Eula,Rogers,7955548100,"73 Elmwood Place"
2547,Alfred,Anderson,8357928993,"76 Pineview Lane"
2548,Lenora,Henrick,8610616126,"4 Fairview Avenue"
2549,Charlie,Miller,7160105689,"72 Brookdale Place"
2550,Casey,Condren,6294054046,"66 Valley Road"
2551,Ashley,Phelps,9073538025,"42 Beechwood Road"
2552,Barbara,Leonard,6780831224,"42 Lexington Place"
2553,Lydia,Reese,7568821921,"62 Pinehurst Road"
2554,Lydia,Schwenke,9366885197,"47 Oak Street"
2555,Nicholas,Wentzloff,6464871486,"33 Elmwood Place"
2556,Danielle,Ortiz,9381970673,"30 Lincoln Avenue"
2557,Martin,Curtis,7479507439,"33 Newbury Way"
2558,Frances,Denny,6605517003,"31 Linden Avenue"
2559,Raymond,Macarthur,8360579024,"65 Elmwood Terrace"
2560,Robert,Ware,8483645645,"15 Cherrywood Lane"
2561,Lena,Lamont,9087032972,"61 Fairview Avenue"
2562,William,Kemp,8107068928,"11 Chestnut Avenue"
2563,Barbara,Wiltse,7080860218,"41 Pleasant Street"
2564,Alexia,Black,8307937554,"67 Glenwood Avenue"
2565,Dave,Bleakley,8716834508,"6 Ashland Avenue"
2566,Shanna,Hamilton,6823670475,"21 Parkview Terrace"
2567,Anne,Hawkins,7918802530,"2 Brookdale Place"
2568,Francis,Serisky,6560391041,"78 Greenfield Avenue"
2569,Ronald,NULL,9813741089,"76 Valley View Road"
2570,Jeffery,Arceo,8415463167,"75 Highland Place"
2571,Carlos,Hampton,9717785139,"41 Greenfield Terrace"
2572,Josef,Booth,6685447529,"72 Birchwood Lane"
2573,William,Lovejoy,9726029339,"3 Fairmount Road"
2574,Wanda,Salamy,8446176913,"16 Elm Street"
2575,Darrin,Lee,8247806325,"71 Lexington Place"
2576,Royal,Soto,7079127293,"15 Cedar Street"
2577,Corey,Ray,9473580259,"39 Ridgewood Road"
2578,Elvis,Jones,9584535020,"4 Willow Street"
2579,Christopher,Nanasy,6943681207,"62 Lake Shore Drive"
2580,Paul,Delvalle,7950640937,"60 Parkside Lane"
2581,Bernard,Wilbur,8262473761,"35 Maple Lane"
2582,Tina,Box,8463699292,"8 Beech Street"
2583,Malcolm,Wafer,8233687462,"15 Cedar Terrace"
2584,Nora,Ortiz,6577219786,"72 Cedar Terrace"
2585,Julie,Bryant,7780137226,"62 Willow Street"
2586,Chris,Harrod,7947053389,"65 Greenfield Avenue"
2587,William,Johnson,9452499671,"73 Willow Street"
2588,Charles,Gil,8504051136,"70 Cedar Lane"
2589,Ardis,Minton,7554631780,"33 Lakeview Drive"
2590,Robert,Weiner,7521833287,"62 Oakwood Drive"
2591,Virginia,Chaney,7219978336,"79 Cedar Street"
2592,Darren,Harrison,9749855607,"1 Pineview Lane"
2593,Charles,Moore,9826731280,"73 Briarwood Court"
2594,Heather,Beck,8753633079,"50 Vine Street"
2595,Alonzo,Clark,8529323263,"49 Lexington Place"
2596,Janice,Bailes,8625676913,"14 Rosedale Avenue"
2597,Edwin,Harold,8823970685,"69 Lakeview Drive"
2598,Christopher,Smith,6763203509,"21 Beech Street"
2599,Deborah,Martinez,7745281817,"38 Hickory Drive"
2600,Ann,Hess,8105579990,"31 Ridgeview Drive"
2601,David,Martinez,9124505690,"50 Hillcrest Road"
2602,Sharla,Porter,8122497870,"15 Pineview Road"
2603,Frank,Schappert,7997404723,"32 Yorktown Road"
2604,Hattie,Mcginty,9490369766,"56 Highland Drive"
2605,Sam,Peralez,9950239893,"72 Holly Avenue"
2606,Joanne,Belmonte,6648169318,"65 Pinehurst Road"
2607,Monica,Morris,6866879819,"43 Valley View Road"
2608,Tiffany,Yates,8565599273,"78 Lake Shore Drive"
2609,William,Monty,6952300655,"10 Cherry Hill Road"
2610,Elizabeth,Randolph,6458340771,"56 Willow Lane"
2611,Alicia,Schuller,9179486195,"28 Belmont Avenue"
2612,Sheila,Deal,8075188606,"76 Mainview Avenue"
2613,Valerie,Dietrich,6456673682,"64 Madison Avenue"
2614,Mark,Rainge,9043117153,"40 Brookside Avenue"
2615,Cassie,Parr,7789200746,"61 Woodbine Street"
2616,Michael,Steed,9957234908,"31 Sunnyside Avenue"
2617,Michael,Davis,7181238972,"31 Maple Lane"
2618,Cody,Bienenstock,9868002101,"70 Cherrywood Lane"
2619,Juanita,Keyser,7698858474,"10 Belmont Avenue"
2620,Hye,NULL,8918214366,"36 Meadow Lane"
2621,Willia,Crawford,9896970263,"31 Sunnyside Road"
2622,David,Newberry,9301391488,"37 Forest Drive"
2623,Michael,Farley,8243844185,"49 Greenfield Terrace"
2624,Amanda,Moore,8100695808,"55 Maple Lane"
2625,Karen,Swaim,8278337168,"23 Longview Road"
2626,Amy,Ruscio,6029191661,"8 Glenwood Drive"
2627,Donald,Lynch,8540697047,"11 Briarwood Court"
2628,Sharon,Cantu,9521051320,"34 Birch Lane"
2629,Dustin,Aupperle,7440464204,"10 Vineyard Drive"
2630,Susan,Mclavrin,8197453001,"62 Grant Avenue"
2631,Marie,Harsh,6400245642,"43 Riverside Drive"
2632,William,Gibson,9823539648,"37 Lakeview Drive"
2633,Jonell,Mitchell,7666375223,"1 Hudson Terrace"
2634,Nicholas,Luong,8781498108,"33 Hillcrest Drive"
2635,Anna,NULL,6683391367,"37 Oak Street"
2636,Leroy,NULL,9342785710,"12 Oak Street"
2637,Donna,Alexander,6321683882,"30 Highland Road"
2638,Julia,Blaine,8171121447,"33 Jefferson Street"
2639,William,Siebold,6761313319,"55 Ridgeview Drive"
2640,Edward,Howard,6662748238,"14 Beechwood Road"
2641,Patricia,Navarro,6423566019,"45 Briarwood Court"
2642,Jacqueline,French,8534833402,"53 Prospect Avenue"
2643,Beth,Howard,8580063564,"5 Pine Street"
2644,Michael,Geiger,7783203012,"49 Beech Street"
2645,James,Wooten,7998604956,"35 Madison Avenue"
2646,Dorothy,Barboza,8093770292,"47 Forest Avenue"
2647,Eddie,Fugate,6136294490,"79 Linden Lane"
2648,David,Hahl,8868710497,"55 Oakwood Drive"
2649,Christopher,Johnson,9478778176,"44 Woodbine Street"
2650,Eileen,NULL,9795039839,"39 Elm Street"
2651,Irene,Seals,8500232934,"18 Birch Lane"
2652,Wilson,Schutt,7490319140,"42 Oak Hill Drive"
2653,Gwendolyn,Yang,7681605504,"9 Willow Street"
2654,Danny,Smithers,7888424501,"21 Willow Street"
2655,William,Santana,9422393746,"43 Madison Avenue"
2656,Richard,Bolyard,6376076327,"20 Pineview Road"
2657,Katrina,NULL,7615835687,"17 Broad Street"
2658,Michael,Youngblood,7802257108,"59 Holly Lane"
2659,Albert,Mcclinton,6188973618,"74 Greenfield Terrace"
2660,Joshua,Dykas,9393818110,"35 Walnut Street"
2661,Anthony,Gross,8804367836,"48 Highland Drive"
2662,John,Hohman,7360042949,"62 Highland Road"
2663,Kenneth,Lindsey,7131597323,"10 Park Street"
2664,Manuela,Winfield,8580792345,"14 Oak Hill Drive"
2665,Lois,NULL,8587788466,"25 Meadowbrook Road"
2666,Sandra,Tantillo,9975270506,"48 Chestnut Avenue"
2667,Thomas,NULL,8625790185,"73 Park Lane"
2668,Jeffrey,Warner,9487125579,"6 Magnoli"
2669,Erin,NULL,8394092638,"30 Hillcrest Avenue"
2670,Sherry,Callahan,9366060766,"10 Vine Street"
2671,Charles,Pendleton,7992017248,"38 Glenwood Avenue"
2672,Christopher,Mcdonald,8706958225,"48 Valley Road"
2673,Paul,Marshall,6487726206,"69 Glenwood Drive"
2674,Rosamaria,Pellegrin,6131954618,"59 Parkside Lane"
2675,Andrea,Mandeville,7851376296,"16 Eastlake Drive"
2676,Noel,Williams,6407941802,"36 Lexington Place"
2677,John,James,8115830294,"67 Walnut Avenue"
2678,Vickie,Jackson,9252797384,"66 Grant Avenue"
2679,Tim,Tillman,9916580272,"61 Linden Avenue"
2680,Virginia,Swafford,7996300528,"10 Lake Shore Drive"
2681,Constance,Johnson,6255538861,"16 Sunnyside Road"
2682,Beverly,Burkitt,7474385682,"64 Birchwood Lane"
2683,Earnestine,Deerman,8791754204,"6 Chestnut Avenue"
2684,Crystal,Zastawny,6026971205,"71 Parkside Lane"
2685,Jeffrey,Gutierrez,6029328396,"56 Pinehurst Drive"
2686,Polly,Gartland,6036530874,"14 Chestnut Avenue"
2687,Gregory,Dalton,7371733189,"66 Cherry Hill Road"
2688,Jay,Blake,6325121650,"61 Beechwood Road"
2689,James,Pemberton,9747473748,"45 Pine Street"
2690,Jennifer,Vega,8105338934,"67 Lexington Place"
2691,Raymond,Beecher,6379325070,"38 Lincoln Circle"
2692,Myrtle,Collymore,9033024781,"71 Oakdale Court"
2693,Ethan,Stringer,8762060817,"78 Hudson Terrace"
2694,Joseph,Wadkins,9247820413,"43 Northview Terrace"
2695,Terra,West,7455355869,"21 Highland Place"
2696,Velma,Hopper,6358239630,"12 Northview Terrace"
2697,Stephen,Ma,7321543683,"6 Prospect Avenue"
2698,Natasha,Riseden,6937615547,"47 Lincoln Avenue"
2699,Judy,Parrish,7488564267,"72 Columbus Lane"
2700,Michael,NULL,9189156275,"74 Beechwood Avenue"
2701,Becky,Larsen,8964208877,"33 Magnoli"
2702,Bill,Bergevin,9963650930,"33 Belmont Avenue"
2703,Kay,Fleming,6971811506,"79 Oakwood Lane"
2704,Anthony,Vance,8557899125,"19 Lakeview Drive"
2705,Kristina,Armstrong,8184381799,"25 Cedar Court"
2706,Keith,Bird,7518393637,"1 Valley Road"
2707,Dixie,Nason,6999391917,"2 Vineyard Drive"
2708,Linda,Mcadams,7988776774,"78 Beechwood Road"
2709,Joe,Houck,9602811701,"39 Washington Avenue"
2710,Julie,Hall,9765093000,"52 Lincoln Avenue"
2711,Mary,Plourd,7310594874,"69 Highland Road"
2712,Nicole,Crumley,8102968026,"21 Newbury Way"
2713,Edward,Rhen,7412997197,"28 Beechwood Road"
2714,Marjorie,Dobbs,7007205875,"31 Birch Lane"
2715,Walter,Jackson,9416871221,"28 Grant Street"
2716,Dillon,Taylor,8355774730,"2 Madison Court"
2717,Christopher,Eligio,8542105604,"42 Mainview Avenue"
2718,Christopher,Hawkins,6497033586,"29 Prospect Avenue"
2719,Robert,Jensen,6561851446,"7 Beechwood Avenue"
2720,Gloria,Carlisle,8805488698,"38 Hillcrest Road"
2721,Shirley,Loveman,9882129062,"24 Glenwood Drive"
2722,Sondra,Williams,7269592463,"75 Belmont Avenue"
2723,Juanita,Deshayes,6315739739,"56 Elm Street"
2724,Ronald,Symons,8759038292,"31 Jefferson Street"
2725,Ada,Kim,6125271706,"7 Oakdale Court"
2726,Rachael,Cato,6254617209,"27 Riverside Drive"
2727,Adam,Oliver,6375911121,"8 Holly Avenue"
2728,Serena,Obrien,7744724517,"8 Glenwood Avenue"
2729,Walter,White,7477883462,"59 Brookdale Place"
2730,Adriana,Casey,7010344283,"30 Parkview Terrace"
2731,Pete,Borgia,8174154497,"68 Jefferson Lane"
2732,Summer,Butler,6188404142,"62 Ridgeview Drive"
2733,Glendora,Calligan,7862477579,"39 Lexington Place"
2734,Roy,Keeter,8422401482,"66 Broad Street"
2735,Tyler,Thomas,6227539566,"54 Fairmount Road"
2736,Aaron,Jones,9915362620,"78 Longview Avenue"
2737,Shaun,Campbell,9150641613,"47 Pineview Road"
2738,Paul,Anderson,9382394676,"30 Pine Street"
2739,Paul,Meyer,8315522226,"70 Cedar Road"
2740,Jill,Stanley,9110251306,"19 Lincoln Avenue"
2741,Kevin,Walters,7084406431,"7 Southview Lane"
2742,Robert,Edgley,8582716801,"29 Parkview Terrace"
2743,Joshua,Bryan,7214281217,"29 Parkview Road"
2744,Colleen,Caylor,8625559395,"8 Fairview Drive"
2745,Alice,Rogers,6215147350,"52 Forest Drive"
2746,Edward,Brant,8793336337,"36 Glenwood Drive"
2747,Betty,Hudson,9702958000,"18 Lakeview Drive"
2748,Jeremiah,Larson,7574230930,"17 Holly Avenue"
2749,John,NULL,7146767683,"50 Garden Avenue"
2750,Bonnie,West,9918155022,"61 Walnut Street"
2751,Wilma,Elliott,8429740475,"55 Washington Avenue"
2752,Carlos,Becker,9571628710,"60 Oak Hill Drive"
2753,James,Huffman,8191023939,"2 Oakwood Drive"
2754,Eric,Jernberg,7900497842,"74 Locust Lane"
2755,Tresa,Dunaway,8517114677,"69 Chestnut Street"
2756,Stella,Clements,6358455834,"58 Lincoln Circle"
2757,Kathryn,Wells,6131865588,"23 Cedar Court"
2758,Lonnie,Hart,6543063637,"53 Washington Avenue"
2759,Sabrina,Mitchell,6503848348,"49 Hillcrest Road"
2760,Ruth,Woods,7990055398,"25 Ashland Avenue"
2761,Richard,Powell,8823006376,"6 Forest Avenue"
2762,Lydia,Mayfield,9085405000,"47 Vine Street"
2763,Mckinley,Castillo,6283455325,"19 Orchard Road"
2764,Stanley,Munoz,9457902356,"19 Columbus Lane"
2765,Tommie,Sjogren,6350149598,"24 Grant Street"
2766,Judith,Hoefert,8442054404,"48 Elm Street"
2767,Roger,Leopold,7550289435,"52 Cedar Terrace"
2768,Johnathon,Mcwethy,7692746265,"67 Oak Hill Drive"
2769,Connie,Hernandez,7742012954,"1 Brookdale Avenue"
2770,Lane,Crothers,7928368263,"7 Cedar Road"
2771,Jenny,NULL,9611960034,"62 Pleasant Street"
2772,Olga,Lopez,8413727751,"4 Grant Street"
2773,Betty,NULL,8686343435,"40 Broadview Avenue"
2774,Lorenzo,Hiles,6455831242,"71 Elmwood Place"
2775,William,Miyake,8434311494,"28 Maple Lane"
2776,Michelle,NULL,7974580682,"1 Southview Lane"
2777,Lura,Barrington,6525161557,"47 Belmont Avenue"
2778,Christy,Carter,7570975112,"41 Jefferson Street"
2779,Douglas,Ortiz,6278183826,"61 Cherry Hill Road"
2780,Joseph,Snedeker,8394064855,"39 Willow Lane"
2781,Dennis,NULL,7967165866,"45 Oakdale Drive"
2782,Bernard,Satterfield,7417675241,"16 Beechwood Road"
2783,Colton,Heitmann,9129001906,"34 Valley Road"
2784,Charles,Pizzo,6121053669,"72 Broadview Avenue"
2785,Amy,Lee,8025932008,"29 Mainview Avenue"
2786,Clair,Collins,6589152821,"30 Willow Street"
2787,Catherine,Hayes,8258133286,"41 Sunnyside Road"
2788,Sara,Thames,9188518651,"52 Willow Lane"
2789,James,Jimenez,7676553862,"62 Locust Street"
2790,Kimberly,Mignot,6014832712,"66 Parkside Lane"
2791,Dana,Patrone,9912452146,"22 Parkside Lane"
2792,Kathleen,Mares,8491154491,"36 Beech Street"
2793,Martha,Senz,6360192628,"71 Eastwood Drive"
2794,Violet,Witek,6244433978,"76 Parkview Avenue"
2795,Ralph,Sylvester,9159520863,"11 Beechwood Avenue"
2796,Shannon,Love,7234213799,"57 Beechwood Avenue"
2797,Gregory,Johnson,6378318618,"51 Cherrywood Drive"
2798,Elma,Baumer,7514902739,"47 Vineyard Drive"
2799,Christina,Avelar,9403777136,"73 Newbury Way"
2800,Mark,Ogden,7152964687,"68 High Street"
2801,Eric,Weimer,7827971752,"4 Northview Terrace"
2802,Lana,Elston,9983288808,"17 Parkview Road"
2803,Tien,Headley,7914867376,"54 Sunnyside Avenue"
2804,Jeffrey,Kosinski,8142405717,"31 Pineview Drive"
2805,Christopher,Krogman,9703003556,"31 Cherrywood Drive"
2806,Keri,Green,8008922922,"67 Cedar Street"
2807,William,Duff,6386097933,"52 Riverside Drive"
2808,Kimberly,Thompson,7926077741,"14 Longview Avenue"
2809,Kim,Gordon,8503537534,"75 Lincoln Circle"
2810,Stanford,Mcguire,8643969740,"1 Cedar Lane"
2811,Chad,Stuckett,6822434246,"60 Beechwood Avenue"
2812,Darrell,Hutto,6129292104,"4 Yorktown Road"
2813,Justin,Mack,9705549002,"13 Grant Avenue"
2814,Christina,Pollock,8159837928,"63 Hudson Terrace"
2815,Jamie,Matthews,6304419174,"56 Northview Road"
2816,Elizabeth,Mattingly,9159974035,"7 Elm Street"
2817,Herbert,Yarbrough,7844982893,"6 Broad Street"
2818,Stella,NULL,6043928376,"14 Magnoli"
2819,George,Ellington,9852073302,"38 Chestnut Avenue"
2820,George,Ruiz,8947580403,"8 Fairmount Road"
2821,Paul,Garris,9862999349,"60 Elmwood Terrace"
2822,Maria,Johnson,7685837882,"61 Fairway Drive"
2823,Andrea,Nguyen,8006304568,"79 Fairview Avenue"
2824,Matilde,Frost,9871196002,"50 Hillside Avenue"
2825,Gordon,Perry,9655289134,"46 Cedar Terrace"
2826,James,Harrison,9953461112,"21 Walnut Street"
2827,Ramon,Lujan,9324017474,"24 Grant Avenue"
2828,Timothy,Hardy,8362640697,"24 Eastwood Drive"
2829,Velma,Gauthier,6880899800,"31 Beech Street"
2830,Alicia,Figueroa,6611152197,"10 Broad Street"
2831,Gary,Morris,7826112167,"59 Glenwood Drive"
2832,Wilma,Ruiz,7414158349,"72 Park Lane"
2833,Alfredo,Mateus,9378469950,"11 Greystone Terrace"
2834,John,Carson,9578020635,"18 Holly Avenue"
2835,James,Major,9518686238,"24 Vine Street"
2836,Lola,Whitfield,6130698893,"43 Maplewood Drive"
2837,Marva,Norman,6106497714,"8 Vine Street"
2838,Lisa,Rossiter,8016413075,"8 Pineview Drive"
2839,Ryan,Clayton,8058125840,"46 Oak Street"
2840,David,Cheatham,7425491615,"42 Parkside Lane"
2841,Martin,Merritt,6216087752,"50 Lexington Place"
2842,Eric,Chaffee,6467025370,"60 Hickory Lane"
2843,Tina,NULL,8844376089,"35 Lake Shore Drive"
2844,Don,Perez,8950282344,"43 Ridgewood Road"
2845,Angie,Buchanan,8683327352,"9 Cedar Terrace"
2846,Kristi,Chan,8925578972,"69 Oakwood Lane"
2847,Angela,Tripp,8147026253,"68 Chestnut Street"
2848,Richard,Durazo,9427292413,"7 Linden Avenue"
2849,Rita,Patterson,6558335436,"28 Park Avenue"
2850,Sean,Dover,8607531091,"15 Oakdale Court"
2851,Louise,Wagner,8551112132,"49 Jefferson Avenue"
2852,Christopher,Diaz,9523134960,"50 Woodbine Street"
2853,Whitney,Pigue,9983777206,"35 Cherrywood Lane"
2854,Jennifer,Ines,8501274948,"27 Laurel Lane"
2855,Michael,Bergstrom,6394561814,"51 Oak Street"
2856,Lisa,Weitzman,7187972400,"23 Kingston Way"
2857,Jason,Espinoza,8706654649,"12 Glenwood Avenue"
2858,William,Lingerfelt,6951484269,"2 Sycamore Street"
2859,Claudia,NULL,8612127828,"66 Willow Lane"
2860,James,Franz,8464937400,"37 Hillside Avenue"
2861,David,Ramsey,9392388209,"17 Parkside Lane"
2862,Daniel,Eppler,8548003000,"28 Laurel Lane"
2863,David,Yocom,9946440113,"37 Cherry Hill Road"
2864,David,Ayala,7092928956,"48 Brookside Avenue"
2865,Jose,NULL,8685708207,"32 Park Street"
2866,Ramona,Sampsell,9228620556,"63 Cedar Road"
2867,Edmond,Stevenson,7385789227,"41 Brookdale Avenue"
2868,Daniel,Butler,9141470303,"79 Briarwood Court"
2869,Annie,Gordon,8676773039,"62 Fairway Drive"
2870,Leroy,Smythe,8820884030,"35 Willow Lane"
2871,Irene,Griffin,8480630405,"72 Fairview Avenue"
2872,Mildred,Johnson,9739449907,"18 Chestnut Avenue"
2873,Mayra,Stern,6162024941,"43 Hillcrest Avenue"
2874,Linda,Jenkins,6846347594,"64 Brookside Avenue"
2875,Cheryl,Beauchemin,9446603682,"11 Brookside Avenue"
2876,Kenneth,Moore,6801838580,"37 Beech Street"
2877,William,Williams,8401210365,"38 Lincoln Avenue"
2878,Marguerite,Hockett,9218844485,"58 Holly Lane"
2879,Randy,NULL,7876286777,"13 Applewood Drive"
2880,Bruce,NULL,7881691721,"79 Newbury Way"
2881,Jessica,Hickman,7191059869,"24 Briarwood Court"
2882,Robert,Mason,9235405997,"71 Elm Street"
2883,Ronnie,Bejjani,8916468964,"14 Vineyard Drive"
2884,Rafael,Edwards,7829257815,"8 Willow Lane"
2885,Steven,Medina,9459724675,"24 Maplewood Road"
2886,Elsie,Bently,7461637563,"14 Locust Lane"
2887,Vera,Struthers,6527709059,"52 Pine Street"
2888,Mary,Kueny,8397342075,"6 Greenfield Avenue"
2889,Ladonna,Reed,9001419486,"4 Pineview Lane"
2890,Dennis,Scott,6229709482,"31 Greenfield Terrace"
2891,James,Eatmon,7827640440,"53 Chestnut Avenue"
2892,Eric,Glanton,9713343878,"66 Applewood Drive"
2893,Eileen,Greer,6278186651,"35 Oak Hill Drive"
2894,Claude,Cremeans,8738350562,"16 Park Avenue"
2895,Gloria,Wiggins,6997353305,"33 Valley View Road"
2896,Andre,Worden,7729422741,"71 Cherrywood Drive"
2897,Martina,Palasik,9813193946,"14 Hickory Drive"
2898,Jimmy,Bourget,6958355685,"78 Eastwood Drive"
2899,Michael,Johnson,7440591465,"55 Mainview Avenue"
2900,Elizabeth,Dudley,7018553931,"29 Columbus Lane"
2901,Thomas,Nichols,9045386619,"65 Highland Place"
2902,John,Footman,7423561092,"43 Kingston Way"
2903,Francis,Herrington,9979922060,"36 Maplewood Drive"
2904,Linda,Anderson,7609719352,"40 Grant Street"
2905,Jeffrey,Gamble,7634931888,"30 Longview Road"
2906,Josiah,Stivers,7390065624,"76 Forest Drive"
2907,Rueben,Brinda,7736576115,"54 Willow Lane"
2908,Shirley,Cowley,6099828312,"19 Brookside Avenue"
2909,Mario,Tisdale,8744829912,"78 Oakdale Drive"
2910,Richard,Smith,8003036696,"14 Pinehurst Road"
2911,Israel,Schmig,7722128660,"3 Garden Avenue"
2912,Clarence,Clifton,6631061552,"72 Parkview Road"
2913,Edith,Ferguson,8874199562,"46 Elmwood Terrace"
2914,Kevin,Arredondo,8494776981,"17 Sunset Drive"
2915,Ronda,Beveridge,7658596333,"9 Vine Street"
2916,Shelly,NULL,7441015797,"48 Briarwood Court"
2917,Mary,Dick,8156372452,"73 Parkview Terrace"
2918,Diane,Grumet,9347325066,"39 Rosedale Avenue"
2919,George,Givens,8000484369,"10 Washington Avenue"
2920,Caleb,Martin,9328553402,"20 Cedar Lane"
2921,Ellen,NULL,6333200243,"60 Ashland Avenue"
2922,David,Truong,7126014370,"42 Longview Road"
2923,Jason,Johnson,9295807327,"61 Park Lane"
2924,Shaun,King,7101301380,"56 Pleasant Street"
2925,Justin,Allen,7828296521,"41 Forest Avenue"
2926,Vernon,Piekarski,9526924297,"41 Chestnut Street"
2927,Janice,Matthews,6756590393,"35 Riverside Drive"
2928,Franklin,Doucette,9548732682,"46 Jefferson Lane"
2929,Clara,Fee,9319532962,"71 Vine Street"
2930,Linda,Wade,6032942632,"8 Maplewood Road"
2931,Jane,Alley,6477210199,"11 Grove Street"
2932,Virginia,Wagers,7629526515,"26 Highland Drive"
2933,Sandra,Gonsalez,7891668298,"70 Hillcrest Road"
2934,Elaine,Milton,6745338836,"79 Sunnyside Avenue"
2935,Donald,Jackson,8571371561,"36 Ridgeview Drive"
2936,Lori,Spaulding,8326066731,"19 Oakwood Drive"
2937,Robert,Ballard,9419055555,"66 Willow Street"
2938,Hazel,Harris,7251559334,"28 Hudson Terrace"
2939,Deann,NULL,9624197817,"6 Grant Avenue"
2940,Richard,Ramirez,9818756790,"41 Glenwood Avenue"
2941,James,Oliverio,9785140849,"61 Brookside Avenue"
2942,Shirlene,Thayer,9069198339,"49 Forest Drive"
2943,Ada,Boyle,9200802411,"75 Highland Drive"
2944,Leslie,Smith,6528399554,"54 Jefferson Street"
2945,Robert,Estrada,7278891853,"46 Brookside Avenue"
2946,Kimberly,Whitmore,7585427574,"20 Brookdale Avenue"
2947,Sam,Simmons,8171951245,"21 Sunset Drive"
2948,Sarah,Garcia,8554928534,"77 Sunset Drive"
2949,Loris,Sundberg,8477574228,"10 Parkview Avenue"
2950,Rebecca,Frank,9888146540,"30 Park Lane"
2951,Larry,NULL,9064057688,"8 Pleasant Street"
2952,Christian,Borthwick,8149735380,"44 Sunset Drive"
2953,Robert,Swanson,7636375286,"5 Mainview Avenue"
2954,Mary,Mayall,9967904223,"33 Vineyard Drive"
2955,Victor,Holmes,7791387560,"70 Sunset Drive"
2956,Sara,Masse,6197386031,"61 Belmont Avenue"
2957,Roy,Kirk,6610714962,"20 Springdale Road"
2958,Louise,Seider,6370053237,"45 Glenwood Avenue"
2959,Carlos,NULL,8323461090,"2 Oakwood Lane"
2960,Cecil,Finch,7956940515,"53 Parkview Terrace"
2961,Todd,Holm,7486888213,"3 Lincoln Avenue"
2962,Melissa,Cornett,6526618383,"79 Birch Lane"
2963,Wendy,Parrish,9804043192,"2 Hudson Terrace"
2964,Camille,Mena,9163756671,"68 Columbus Lane"
2965,Louise,Felderman,6614990467,"55 Hillside Avenue"
2966,Wayne,Wood,6371050976,"38 Jefferson Lane"
2967,Bridget,Hashim,9530986692,"78 Oakwood Lane"
2968,Venus,NULL,7564237778,"22 Highland Road"
2969,Emmett,Chamberlain,8804567303,"39 Fairview Drive"
2970,Richard,Lee,9290971386,"26 Fairview Avenue"
2971,Edna,Dye,8731779758,"45 Vineyard Drive"
2972,Joseph,Jones,6011060691,"41 Sycamore Street"
2973,Bob,Mcdonald,9099796574,"42 Cedar Road"
2974,Frances,Buske,7336186730,"78 Fairway Drive"
2975,John,Koenig,7803723139,"66 Jefferson Avenue"
2976,Joshua,Brown,7133480953,"74 Prospect Avenue"
2977,Jeramy,Harvey,7364736086,"26 Belmont Avenue"
2978,John,Mitchell,6813845598,"79 Oak Street"
2979,Linda,Piles,6036820111,"19 Mainview Avenue"
2980,Jared,Montiel,7226289517,"58 Walnut Avenue"
2981,John,Greenstreet,8048160850,"60 Greenfield Terrace"
2982,Shirley,Torres,6305248951,"72 Locust Lane"
2983,Daniel,Olson,9092612005,"64 Newbury Way"
2984,Amelia,Mcfarland,6005894532,"39 Magnoli"
2985,Lavonna,Swanigan,7082727996,"74 Forest Drive"
2986,Kenneth,Griggs,8712998388,"25 Sunnyside Avenue"
2987,Patricia,Castro,9262905284,"79 Northview Terrace"
2988,Sonia,Pacheco,9296223485,"30 Hickory Drive"
2989,Efrain,Johnson,9020950064,"37 Pinehurst Road"
2990,Edwin,NULL,6181210473,"37 Holly Avenue"
2991,Susan,Howell,8704379460,"13 Brookdale Place"
2992,Gary,Manly,8085182113,"17 Walnut Street"
2993,Mary,Laird,6825819134,"70 Parkview Avenue"
2994,Nicholas,Kelsey,7729084129,"50 Grove Street"
2995,Dorothy,Conteras,9382887364,"27 Linden Lane"
2996,Dolores,Reighard,8990998629,"67 Valley Road"
2997,Ron,Willey,6793256828,"22 Columbus Lane"
2998,Sheila,Hale,8044700670,"71 Yorktown Road"
2999,Becky,Jefferson,6562738831,"9 Oak Hill Drive"
3000,Jonathan,Wilson,6672718516,"2 Chestnut Avenue"
3001,Robert,Davis,8244485335,"36 Fairway Drive"
3002,Jeff,Bell,8686284086,"44 Maplewood Drive"
3003,Joseph,Wells,8978442002,"61 Elmwood Place"
3004,Sally,Griffin,9890472767,"14 Elm Street"
3005,Anthony,Woods,9844325052,"10 Magnolia Avenue"
3006,Francisco,Wilson,9026959696,"39 Ashland Avenue"
3007,Michelle,Tenneson,6734965634,"5 Rosedale Avenue"
3008,Doreen,Morris,6187352979,"14 Highland Place"
3009,Patsy,Martinez,6207036757,"69 Hudson Terrace"
3010,William,Whatley,9354864157,"68 Greenfield Terrace"
3011,Glenn,Malley,8128876753,"9 Columbus Lane"
3012,Paul,NULL,7020048852,"65 Kingston Way"
3013,Kevin,Tamborlane,7069495862,"50 Chestnut Street"
3014,Joy,Hughes,7937169162,"45 Locust Street"
3015,William,NULL,8211193333,"31 Applewood Drive"
3016,Patrick,Miyasato,9543040489,"10 Pineview Drive"
3017,Ryan,Rivas,8744415749,"71 Glenwood Avenue"
3018,Thomas,Fountain,7943527656,"61 Locust Street"
3019,Gilbert,Hohn,6783398464,"38 Beech Street"
3020,Rose,Yang,8212125777,"75 Meadowbrook Road"
3021,Robert,Fowler,6596787721,"7 Glenwood Drive"
3022,Jeff,Woodson,6436481879,"6 Greenfield Terrace"
3023,Gregory,Gates,8101517573,"63 Madison Court"
3024,Susan,Silcox,9886615893,"51 Fairview Avenue"
3025,Morgan,Olson,9072188529,"8 Northview Terrace"
3026,Marjorie,Powell,7554959591,"68 Vineyard Drive"
3027,James,Martinez,9639427289,"38 Garden Avenue"
3028,James,Kagawa,8662998843,"40 Southview Lane"
3029,Jose,Bement,9114258709,"53 Cedar Lane"
3030,Marvin,Levitsky,8966266178,"76 Pineview Drive"
3031,Dusty,Kerr,8104956407,"75 Woodbine Street"
3032,Manuela,Gordon,8713242850,"33 Chestnut Avenue"
3033,Shirley,Bruff,7416815433,"74 Northview Road"
3034,Charles,James,7991403757,"11 Pineview Drive"
3035,Carlos,Smith,8609387759,"71 Garden Avenue"
3036,Virginia,Camak,8114763313,"21 Fairmount Road"
3037,Orlando,Yates,7259042800,"78 Locust Street"
3038,Margaret,Dyer,8624052809,"7 Longview Avenue"
3039,Melissa,Rodriguez,7836019866,"36 Newbury Way"
3040,Eugene,Robinson,7811532022,"24 Jefferson Avenue"
3041,Allen,Thornton,7001346955,"5 Lincoln Avenue"
3042,Patsy,Purcell,6318124514,"40 Sunset Drive"
3043,Richard,NULL,7280929523,"33 Sunnyside Avenue"
3044,Anthony,Korsmeyer,9059785355,"12 Cedar Lane"
3045,Diane,Benham,9191534807,"63 Linden Lane"
3046,Donna,King,7978363539,"41 Eastlake Drive"
3047,Mackenzie,Fields,8447863795,"2 Magnoli"
3048,Delbert,Norton,9412158193,"23 Greystone Terrace"
3049,Jeffrey,NULL,8962203223,"36 Elm Street"
3050,Walter,Dufault,7449863746,"60 Pineview Drive"
3051,Theodore,Nelson,7937022737,"32 Northview Terrace"
3052,Jared,Burton,7177953557,"66 Eastwood Drive"
3053,Domonique,Denk,8017696750,"49 Forest Avenue"
3054,Christopher,Peyser,6853501611,"47 Cedar Lane"
3055,Karen,Perez,8694791420,"64 Brookdale Place"
3056,Ron,Calvin,7670912107,"75 Riverside Drive"
3057,Melaine,Hicks,7998678250,"10 Pleasant Street"
3058,George,Lewis,9713839752,"20 Grove Street"
3059,Linda,Kearney,6700863008,"77 Fairway Drive"
3060,Neal,Graham,7108273038,"31 Walnut Avenue"
3061,Arthur,Simpson,6969722842,"72 Greystone Terrace"
3062,Hong,Davis,8614929827,"54 Garden Avenue"
3063,Teresa,Wells,9069445026,"28 Oakdale Drive"
3064,William,Malin,7675333499,"5 Garden Avenue"
3065,Teresa,Shaffstall,8624227584,"14 Lincoln Avenue"
3066,Christopher,Lacy,6095098548,"66 Forest Avenue"
3067,Elissa,Hickox,8115957860,"64 Linden Avenue"
3068,Janet,White,7209359065,"57 Highland Road"
3069,Patricia,Bradley,6480047890,"4 Fairway Drive"
3070,Rose,West,6727322740,"35 Ridgewood Road"
3071,George,Davis,8384210294,"10 Park Avenue"
3072,Jodie,NULL,6555856154,"68 Maple Lane"
3073,Sonia,Brown,6573396187,"38 Forest Drive"
3074,Stephanie,Dryden,8348575809,"33 Lake Shore Drive"
3075,Nena,NULL,6492754352,"24 Highland Road"
3076,Ashley,Gray,6700438747,"10 Birchwood Lane"
3077,Anna,Delacerda,6685386185,"21 Pine Street"
3078,Andrew,Moore,6198615740,"54 Beechwood Road"
3079,Diane,Rodriguez,9840557701,"42 Beechwood Avenue"
3080,Michael,Panahon,8037799052,"23 Lincoln Avenue"
3081,Kris,Burch,8975334353,"11 Riverside Drive West"
3082,Michael,Northern,9733466314,"17 Elm Street"
3083,Dale,Mays,7129455693,"59 Greenfield Terrace"
3084,Jesse,Farr,8224119123,"5 Maple Avenue"
3085,Rodney,NULL,6396791724,"65 Grant Street"
3086,Angelina,Goodwin,9819109532,"12 Oak Hill Drive"
3087,Shari,Wearing,9020151263,"29 Southview Lane"
3088,Jennifer,Nazario,8114873071,"79 Grant Street"
3089,Holly,NULL,6628747599,"2 Columbus Lane"
3090,Anthony,Fischer,8081919891,"38 Cedar Terrace"
3091,Robert,Mansfield,9147974830,"66 Glenwood Avenue"
3092,Joel,Sauter,6903587480,"39 Walnut Avenue"
3093,Gregory,Lehnen,9965741610,"5 Vine Street"
3094,Alexandria,Boudreau,8068823530,"3 Glenwood Avenue"
3095,Christopher,Galloway,6365663006,"54 Laurel Lane"
3096,Ryan,Brown,9253840164,"9 Walnut Avenue"
3097,Brenda,NULL,8217828236,"14 Applewood Drive"
3098,Lorraine,NULL,9289535902,"37 Elmwood Place"
3099,Dora,NULL,6582704491,"45 Prospect Avenue"
3100,Steven,Nowak,8673294588,"27 Applewood Drive"
3101,Perla,Graham,7178236923,"31 Orchard Road"
3102,Joseph,Manning,8639530707,"41 Hillside Avenue"
3103,Philip,Cuellar,7617062038,"33 Hudson Terrace"
3104,Belinda,Poling,7489349377,"60 Hillcrest Avenue"
3105,Timothy,Posthuma,6241165287,"55 Park Lane"
3106,Gloria,Grogan,7183381961,"21 Locust Lane"
3107,Sylvia,Rousseau,8415896618,"74 Jefferson Lane"
3108,Hubert,Williams,6393840446,"48 Fairmount Road"
3109,Allison,Calhoun,7203080329,"19 Cedar Street"
3110,Matthew,Fussell,7748689506,"26 Pineview Drive"
3111,Lori,Shetler,6978268657,"41 Maplewood Road"
3112,John,Veras,8583795259,"37 Park Lane"
3113,Roger,NULL,6548956440,"8 Northview Road"
3114,Christopher,Williams,6616876590,"6 Woodbine Street"
3115,Thomas,Blackwell,9516227713,"37 Columbus Lane"
3116,Erin,White,9694793404,"7 Pine Street"
3117,Krystle,Cody,9490071208,"48 Lake Shore Drive"
3118,Michelle,NULL,6068944660,"21 Fairview Drive"
3119,John,Padilla,6373276039,"55 Pine Street"
3120,Lisa,Webster,6744997299,"67 Elmwood Road"
3121,Barbara,London,6539922969,"19 Jefferson Street"
3122,Gwendolyn,Schummer,6025700342,"7 Oakwood Drive"
3123,David,Valliant,8155861547,"58 Greenfield Terrace"
3124,Phyllis,Pineda,6359677519,"34 Madison Court"
3125,Craig,Jackson,8813935337,"69 Meadowbrook Road"
3126,Carolyn,Perry,8838474811,"3 Elmwood Place"
3127,Valerie,Green,9590284046,"68 Washington Avenue"
3128,Clarence,Wolf,9781308802,"9 Cedar Road"
3129,Susan,Stovall,7588360217,"49 Greenfield Avenue"
3130,Ernest,NULL,9646600768,"33 Jefferson Lane"
3131,Devora,Heath,8353218132,"18 Kingston Way"
3132,Thomas,Kertis,9708150008,"58 Laurel Lane"
3133,Jenifer,Okeefe,6511055575,"77 Oak Hill Drive"
3134,Ramon,English,8068742300,"73 Lake Shore Drive"
3135,Mary,Fick,9334618157,"28 Grove Street"
3136,Pamela,Hammond,6571974730,"52 Magnolia Avenue"
3137,James,Dennis,8614851049,"71 Cedar Road"
3138,Mary,Turner,9358718099,"24 Northview Road"
3139,Monica,Hlavac,8819865154,"73 Garden Avenue"
3140,Deborah,Plumer,8248716351,"53 Locust Lane"
3141,Karen,Mcgillivray,6946648891,"4 Sunset Drive"
3142,Catharine,Winebarger,9754191472,"23 Sunset Drive"
3143,Joseph,Caligiuri,8101727443,"52 Oakwood Lane"
3144,David,Ewing,7479334065,"40 Oakdale Court"
3145,David,Stamp,7243513014,"21 Rosedale Avenue"
3146,Barbara,NULL,6815109753,"78 Hillside Avenue"
3147,Chasity,NULL,7127764351,"20 Greenfield Terrace"
3148,Michelle,Dix,6116835885,"59 Oakdale Drive"
3149,Harry,Maloney,6890799458,"24 Riverside Drive West"
3150,Jason,Omeara,8266707658,"36 Belmont Avenue"
3151,Kevin,Coley,9544431249,"41 Pinehurst Road"
3152,Bonnie,Stokes,6214421761,"70 Magnolia Avenue"
3153,Rhoda,Bailey,9377175994,"29 Oak Hill Drive"
3154,Alaina,Smith,8323992908,"16 Woodbine Street"
3155,Charles,Green,6659992918,"40 Eastlake Drive"
3156,Aaron,Warren,6709134543,"20 Meadow Lane"
3157,David,NULL,6626328763,"54 Oakdale Court"
3158,Linda,Holmes,9967175059,"64 Pine Street"
3159,Cynthia,Tufts,8197007307,"14 Belmont Avenue"
3160,Jefferson,Cintron,6749443783,"44 Northview Road"
3161,Richard,Johnson,6318420244,"68 Broadview Avenue"
3162,Don,Hitzeman,8752654162,"7 High Street"
3163,Doris,Ahlers,9048837327,"27 Sunnyside Avenue"
3164,Michael,Pritchard,9075870078,"1 Elmwood Place"
3165,Reginald,Farley,8523595707,"72 Maple Avenue"
3166,Troy,Mcclellan,8246554914,"20 Eastlake Drive"
3167,Nancy,Dickow,7368387721,"68 Madison Court"
3168,Robert,Reed,9042339571,"36 Woodbine Street"
3169,Clara,Williams,8402064364,"13 Cherry Hill Road"
3170,Agnes,Ponce,9158657556,"47 Columbus Lane"
3171,Walter,Flowers,6177474883,"34 Laurel Lane"
3172,James,Blanton,7344031035,"35 Springdale Road"
3173,Lee,Thompson,7944602519,"55 Locust Street"
3174,Charles,White,9864757953,"22 Parkview Avenue"
3175,Ruth,Dobkowski,8432314774,"27 Hillside Avenue"
3176,Mario,Salazar,7119059973,"46 Lexington Place"
3177,Catherine,Batey,7384176939,"28 Meadowbrook Road"
3178,Kenneth,Morton,9614429908,"56 Locust Street"
3179,Henry,Johnston,9704234267,"63 Jefferson Avenue"
3180,Buford,Castle,7510652235,"55 Cedar Lane"
3181,Bettie,Gonzales,6512321377,"48 Sunnyside Road"
3182,Calvin,Davis,7031615696,"10 Southview Lane"
3183,David,Canizales,8168793433,"79 Pineview Lane"
3184,James,Henderson,9748950801,"51 Highland Place"
3185,Tracy,Mcdiarmid,7559130562,"69 Rosedale Avenue"
3186,Richard,Franco,6721900643,"10 Fairview Drive"
3187,William,Pacheco,9101480354,"34 Cedar Terrace"
3188,Asia,Burdock,9574176800,"20 Lakeview Drive"
3189,Robin,Rickon,8226258969,"48 Greenfield Avenue"
3190,Mercy,Harter,7142252787,"40 Jefferson Avenue"
3191,Robert,Stewart,7319238706,"22 Jefferson Lane"
3192,Justina,Porter,9235348828,"57 Hillcrest Road"
3193,Jena,Smith,8536604801,"5 Hillcrest Road"
3194,Alma,Dobbs,9861030821,"63 Hillcrest Drive"
3195,Leigh,Bamford,8556867297,"4 Mainview Avenue"
3196,Thomas,Smith,8671233408,"71 Cherrywood Lane"
3197,Janie,Arce,8643565508,"1 Pinehurst Drive"
3198,Nancy,Roberts,8006980544,"71 Park Lane"
3199,Jeffery,Negron,9179786085,"54 Hickory Lane"
3200,Kelly,Allen,6404126749,"27 Highland Road"
3201,Rebecca,NULL,6851805779,"5 Pineview Drive"
3202,Lupe,Keil,7037103433,"63 Southview Lane"
3203,Agnes,Sedore,9057865334,"48 Fairview Drive"
3204,Chong,NULL,8940045213,"28 Highland Drive"
3205,Frank,Bischoff,8676442714,"45 Maple Avenue"
3206,Kyle,Gonzalez,8499532410,"43 Jefferson Lane"
3207,Elliott,Merrick,7763670151,"33 Willow Lane"
3208,Kirk,NULL,8602160786,"62 Sycamore Street"
3209,Elizabeth,Lites,6966797392,"27 Mainview Avenue"
3210,Eileen,Grady,8364805428,"13 Cedar Street"
3211,Danilo,Cate,9662900304,"9 Lake Shore Drive"
3212,James,Tallman,7331795158,"40 Willow Lane"
3213,Rivka,Kubica,6998825285,"63 Walnut Street"
3214,Roberta,Eberhardt,7806563222,"20 Linden Avenue"
3215,James,Garner,7500618513,"37 Locust Lane"
3216,Kenny,Botelho,8482646891,"56 Walnut Avenue"
3217,Treva,Taque,6236055894,"5 Lexington Place"
3218,Hailey,NULL,6947564638,"32 Parkview Road"
3219,Thomas,Carver,8554895623,"6 Longview Avenue"
3220,Maritza,Oleary,7544368648,"35 Rosedale Avenue"
3221,Diane,Weir,6635848927,"63 Chestnut Avenue"
3222,Marie,NULL,9838874081,"5 Pinehurst Drive"
3223,Valerie,Beasley,6103126548,"42 Greenfield Avenue"
3224,Rufus,Norman,6598198359,"50 Eastlake Drive"
3225,Robert,Russel,9064596016,"66 Hillside Avenue"
3226,Gregory,Landers,9386180239,"63 Beech Street"
3227,Sandra,NULL,6304395767,"22 Cedar Court"
3228,Ida,NULL,7943466498,"28 Chestnut Avenue"
3229,Louise,Patterson,9442747355,"17 Pinehurst Drive"
3230,Sheila,White,6607192962,"5 Elmwood Terrace"
3231,Donna,Williams,8785071396,"60 Cherry Hill Road"
3232,Susan,Hager,7168573996,"4 Cedar Terrace"
3233,Roy,Phillips,9819520659,"51 Sunset Drive"
3234,Edmund,Morris,9319689139,"61 Chestnut Street"
3235,David,Berrian,9902544213,"76 Valley Road"
3236,George,NULL,7888866268,"77 Columbus Lane"
3237,Douglas,Young,9531415547,"40 Pleasant Street"
3238,George,Roderiquez,8141346639,"43 Chestnut Avenue"
3239,Mitch,Meade,6337151336,"31 Fairmount Road"
3240,Betty,Speis,7452647180,"43 Oakdale Drive"
3241,Alma,Robinson,8179372564,"43 Applewood Drive"
3242,Joe,Carlin,6471574693,"18 Pinehurst Drive"
3243,Lisa,Arrott,7612873653,"41 Lexington Place"
3244,Melissa,Kriese,9839939823,"55 Glenwood Drive"
3245,Lisa,Ouellette,7169675793,"30 Cedar Lane"
3246,Jennifer,Carpenter,8240472756,"22 Brookdale Avenue"
3247,Marguerite,Lewis,9164186748,"17 Newbury Way"
3248,Dorothy,Leonard,8116172794,"47 Park Lane"
3249,Louise,Magnuson,8074466901,"35 Brookdale Avenue"
3250,Bruce,Anderson,8250896350,"70 Park Street"
3251,Kristen,Bauer,7286592422,"59 Oakdale Court"
3252,Lorie,Niece,9656488500,"46 Sycamore Street"
3253,Norma,Gainer,9307208194,"7 Springdale Road"
3254,Jennifer,Pitre,8854764602,"58 Beechwood Road"
3255,Cecilia,Boltz,7059332962,"79 Broad Street"
3256,Tracy,Anderson,6631821606,"43 Beechwood Road"
3257,Kathrine,Sandoval,6231743856,"34 Sunnyside Road"
3258,William,NULL,8083576687,"11 Lincoln Avenue"
3259,Magdalene,Bishop,7734998318,"31 Broad Street"
3260,Carl,Kinder,6441540280,"71 Beechwood Avenue"
3261,Carl,NULL,9287573566,"1 Elmwood Terrace"
3262,John,Newby,7143185895,"15 Sunset Drive"
3263,Wanda,Holmes,7736804919,"49 Fairview Drive"
3264,Chuck,Johnson,7225791723,"71 Laurel Lane"
3265,Manuel,Manning,6403175090,"51 Locust Lane"
3266,Arlene,Price,7606984741,"72 Forest Avenue"
3267,Jan,Almond,8439316925,"27 Lakeview Drive"
3268,Bryan,Rainforth,8311878812,"24 Madison Court"
3269,Marilyn,Browning,8217993781,"22 Locust Street"
3270,Leonard,Maddock,9943188702,"69 Willow Lane"
3271,Beverly,NULL,7793421111,"64 Greystone Terrace"
3272,Clarence,Zamora,9328280478,"24 Maplewood Drive"
3273,Raymond,Mcneal,6236557051,"22 Holly Avenue"
3274,Kay,Watson,7734330899,"49 Mainview Avenue"
3275,Vera,NULL,8615040586,"70 High Street"
3276,Sidney,Johnson,6369593543,"51 Sunnyside Avenue"
3277,Tom,Kunde,7589514702,"52 Highland Place"
3278,Leroy,Kosiba,6240267591,"61 Broad Street"
3279,William,Heath,8609117499,"47 Brookside Avenue"
3280,Phillip,Heatherington,8519265087,"64 Chestnut Avenue"
3281,Nancy,Willis,8541351877,"9 Southview Lane"
3282,Israel,Ryan,8165051112,"25 Vineyard Drive"
3283,Reggie,Lewis,8810405655,"56 Kingston Way"
3284,James,Hooper,9923256025,"79 Oakwood Drive"
3285,Helen,Harlow,6611493466,"3 Eastlake Drive"
3286,Malcolm,Ochs,6521050889,"14 Oak Street"
3287,Ernestina,Dorcy,8316628337,"11 Eastlake Drive"
3288,Michelle,Carrillo,8875103087,"24 Ashland Avenue"
3289,Michael,Bergeron,8047068671,"19 Rosedale Avenue"
3290,Janice,Rodriguez,6681873092,"15 Highland Drive"
3291,Jose,Elrick,7710052410,"65 Hudson Terrace"
3292,David,Smith,9886819322,"33 Orchard Road"
3293,Nina,Patton,9263156433,"30 Mainview Avenue"
3294,Karen,Guillory,6183385749,"74 Oakdale Court"
3295,Mildred,Williamson,6878077429,"17 Lexington Place"
3296,Christopher,Lanford,7088558828,"15 Springdale Road"
3297,James,Calloway,9243979725,"40 Prospect Avenue"
3298,Robert,Hill,7261056261,"71 Pleasant Street"
3299,Karla,NULL,9963828612,"12 Fairway Drive"
3300,Heather,Ellis,6393606308,"24 Fairway Drive"
3301,Kimberly,Conklin,6367238812,"55 Cedar Street"
3302,Anthony,Scholtens,8513713475,"40 Briarwood Court"
3303,Lisa,NULL,7159621835,"5 Jefferson Street"
3304,Nicholas,Nunez,7127096681,"75 Newbury Way"
3305,Julie,Richardson,9251219857,"68 Hickory Drive"
3306,Beatrice,Gillespie,8498254966,"12 Walnut Street"
3307,Heidi,Richey,9935432942,"50 Elmwood Road"
3308,Mack,Agee,7054437654,"41 Parkview Avenue"
3309,Gary,Fatica,6868658173,"32 Brookside Avenue"
3310,Bradford,Vanarsdale,6533253538,"31 Beechwood Avenue"
3311,Shayna,Mansur,6550264324,"22 Lexington Place"
3312,William,NULL,7757738592,"58 Rosedale Avenue"
3313,Dana,Herrera,6545663805,"77 Forest Drive"
3314,Edwin,Haddock,7952999085,"59 Chestnut Avenue"
3315,Annabelle,Belkowski,6959145180,"55 Riverside Drive"
3316,Nickolas,Knighten,7549240766,"36 Fairview Drive"
3317,Cindy,Jenkins,7157416386,"5 Longview Road"
3318,Jeannie,Madrid,7084159426,"33 Pinehurst Road"
3319,Annie,Odom,8604951406,"12 Pineview Drive"
3320,Donald,Lichtenberg,7301811301,"43 Linden Lane"
3321,Gwendolyn,Eakes,8180721113,"35 Madison Court"
3322,Andy,Lopez,7732296445,"43 Forest Drive"
3323,Darryl,Wong,8903726544,"43 Briarwood Court"
3324,Roosevelt,Khalil,7643328666,"13 Valley View Road"
3325,Brandon,Lynn,7473677446,"58 Cedar Street"
3326,Franklin,Ardizzone,9970141613,"62 Laurel Lane"
3327,Rebekah,Gore,6321002231,"61 Parkview Terrace"
3328,Numbers,Bolling,7186402408,"27 Hillcrest Avenue"
3329,Lynn,Ezell,7963611403,"6 Hickory Lane"
3330,James,Foley,9888221925,"26 Willow Lane"
3331,Margaret,Henline,8618487981,"14 Highland Drive"
3332,Michael,Thibodeau,9482059520,"13 Beechwood Road"
3333,Essie,Watson,7358927137,"40 Sunnyside Road"
3334,Estell,Bush,7721542102,"2 Broadview Avenue"
3335,Janice,Sheeran,7088559493,"31 Maple Avenue"
3336,Maegan,Shifflett,9235011569,"59 Hillcrest Road"
3337,Michael,Gossett,8737094434,"24 Cherrywood Drive"
3338,Joseph,Aucoin,6054958948,"31 Sycamore Street"
3339,Lamar,Neale,8880193989,"53 Walnut Street"
3340,Esther,Almeida,7676079879,"45 Elm Street"
3341,Dawn,Darby,6472723020,"11 Park Lane"
3342,Kara,Kopple,9261265069,"51 Brookdale Place"
3343,Darren,Crews,8234542318,"32 Oak Hill Drive"
3344,Lydia,Sanders,8718990920,"25 Belmont Avenue"
3345,Paige,Dingle,9576971182,"48 Forest Avenue"
3346,Helen,Slowe,6667263314,"33 Prospect Avenue"
3347,Lashonda,Nurse,6634902688,"36 Madison Court"
3348,David,Diaz,8765582909,"69 Holly Lane"
3349,Ryan,Dickinson,9437122060,"34 Cherrywood Drive"
3350,Danielle,Johnson,8094442937,"63 Parkview Avenue"
3351,Adrien,Henry,9056667543,"40 Eastwood Drive"
3352,Elizabeth,Sanchez,8389836296,"33 Park Lane"
3353,Marianne,Florence,7015395174,"31 Pineview Road"
3354,Wanda,Morton,9032246020,"59 Willow Lane"
3355,Bonnie,NULL,6318224436,"5 Maple Lane"
3356,Denise,Pickett,6114336109,"57 Vineyard Drive"
3357,Jennifer,Roberts,8752744064,"38 Park Street"
3358,Ralph,Follick,8931788062,"40 Ridgeview Drive"
3359,Sean,Gibson,9282806177,"62 Greystone Terrace"
3360,Alfred,Cox,6765564277,"34 Brookdale Avenue"
3361,David,NULL,9663787057,"6 Northview Terrace"
3362,Dennis,Davis,9662083244,"69 Sunnyside Road"
3363,Richard,Joseph,8344782512,"20 Lake Shore Drive"
3364,Helen,Nicholson,6520330101,"5 Briarwood Court"
3365,Jeanne,Polland,7138801738,"50 Brookdale Avenue"
3366,Melissa,Farnsworth,6569924192,"35 Kingston Way"
3367,Ashley,Turner,8937162286,"67 Parkside Lane"
3368,Michael,Roberts,6768952361,"9 Park Lane"
3369,Phil,Cargill,6915457968,"47 Birch Lane"
3370,Brandon,Thibeaux,8990285589,"18 Glenwood Avenue"
3371,Teresa,Howell,9730631669,"5 Linden Avenue"
3372,Brian,Simpson,8583229899,"63 Pineview Road"
3373,Rosemary,Carmody,7292034093,"76 Longview Avenue"
3374,Martha,Jenkins,6017773435,"26 Oakwood Drive"
3375,Jewel,Hutchison,8762752611,"73 Fairview Drive"
3376,Christopher,Carpenter,9421276195,"6 Fairview Avenue"
3377,Carmen,Reynolds,8413106649,"58 Maplewood Road"
3378,Betty,Duggan,6668208322,"34 Cherrywood Lane"
3379,Victor,Bartus,6239494694,"18 Rosedale Avenue"
3380,Lyndsey,Hoover,6494651235,"77 Glenwood Drive"
3381,David,Wyatt,9791194899,"51 Walnut Street"
3382,Monica,NULL,9349527813,"29 Madison Court"
3383,Patrick,Herring,9564276271,"56 Brookside Avenue"
3384,Samuel,Fly,6516059824,"53 Hudson Terrace"
3385,Barbara,Robbins,9274471738,"79 Beechwood Road"
3386,Donna,Martin,7104542325,"13 Lincoln Circle"
3387,Araceli,Squire,9465417643,"57 Cedar Road"
3388,Iva,Fairchild,8634541378,"42 Oakwood Drive"
3389,Dorothy,Aragon,6858767463,"74 Cherry Hill Road"
3390,Anne,Klein,7867148628,"10 Jefferson Avenue"
3391,Jose,Jaeger,8771059525,"3 Pineview Lane"
3392,Cleopatra,Miller,7190103543,"44 Ridgeview Drive"
3393,Tony,Hall,6767118015,"22 Greenfield Terrace"
3394,Alonzo,Russell,7188502447,"73 Elmwood Road"
3395,Elizabeth,Meza,8565584570,"64 Parkside Lane"
3396,Clara,Jones,9500637180,"44 Orchard Road"
3397,April,Lord,9270174973,"72 Hillside Avenue"
3398,Jennifer,Kinsey,8242235432,"11 Meadowbrook Road"
3399,Agustina,Holmes,8903413325,"12 Elm Street"
3400,Melinda,Cooper,7833409366,"19 Oak Street"
3401,Michelle,Tamayo,7981195483,"5 Birch Lane"
3402,Ernesto,Santos,6815543188,"60 Fairmount Road"
3403,Raymond,Cooke,7245980062,"17 Brookdale Avenue"
3404,Joshua,Prada,8334550131,"3 Grant Avenue"
3405,Renaldo,Perez,6861410124,"70 Madison Avenue"
3406,Dolores,Cooper,6036699354,"48 Park Lane"
3407,Faith,Scott,6274228163,"23 Oakdale Drive"
3408,Mack,Oakland,9839949250,"57 Oakwood Drive"
3409,Michael,Taylor,7305197480,"76 Pineview Road"
3410,William,NULL,6894800654,"26 Maplewood Road"
3411,Isabel,Boozer,7550321825,"77 Linden Avenue"
3412,Jennifer,Barkdoll,6406235013,"74 Longview Avenue"
3413,Virginia,Parker,8660603863,"39 Glenwood Drive"
3414,Patricia,Perez,8641472678,"57 Holly Lane"
3415,Dan,Marlow,9572152151,"67 Rosedale Avenue"
3416,James,Anderson,8125181221,"43 Beech Street"
3417,Amber,Lucio,8553995611,"54 Maplewood Drive"
3418,Lena,Dulle,9925979508,"5 High Street"
3419,John,NULL,6676141714,"70 Grant Avenue"
3420,Kristi,Larson,8420495164,"53 Forest Drive"
3421,Albert,Springfield,8722938528,"26 Linden Avenue"
3422,Marvin,Oliver,9544850152,"25 Jefferson Street"
3423,Ivan,Betance,9503196731,"12 Madison Court"
3424,Timothy,Casey,8968579171,"18 Maple Avenue"
3425,Margarita,Seawood,6035005983,"75 Elmwood Road"
3426,Ana,Montgomery,7080283004,"52 Briarwood Court"
3427,John,North,8424849955,"46 Hillside Avenue"
3428,Nanette,Burrell,7342213198,"27 Meadow Lane"
3429,Rebecca,Rubens,6533265012,"6 Garden Avenue"
3430,Lori,Babb,9862724926,"17 Cherrywood Drive"
3431,Arturo,Alguire,7540003438,"1 Beechwood Road"
3432,James,Kilpatrick,6077638102,"29 Cedar Court"
3433,Richard,Underwood,7727863891,"33 Maple Lane"
3434,John,Stephens,7173204436,"44 Lakeview Drive"
3435,Henry,Walter,8888867207,"68 Kingston Way"
3436,Walter,Williams,9739822606,"68 Elmwood Road"
3437,Dawn,Birt,9718116148,"19 Broadview Avenue"
3438,Barbra,Stansell,8910333041,"9 Fairview Avenue"
3439,Karyn,Cox,8163446441,"49 Walnut Street"
3440,Monique,Bird,6489821473,"42 Meadowbrook Road"
3441,Ronald,Foster,8111875316,"22 Madison Avenue"
3442,Edgar,Swanson,6640544849,"75 Birch Lane"
3443,Santiago,Estes,6836682200,"76 Walnut Street"
3444,Francisca,Yonkoske,8709672040,"74 Hudson Terrace"
3445,Nancy,Solomon,8063941236,"69 Park Avenue"
3446,Mildred,Lowe,6099290241,"16 Fairview Drive"
3447,Margarette,Armstrong,7694928670,"77 Brookdale Avenue"
3448,Katherine,White,9569818384,"50 Fairway Drive"
3449,Connie,Wafford,7748863519,"23 Pineview Drive"
3450,Matthew,Stone,6057064008,"57 Applewood Drive"
3451,Patrica,Cantu,6389655474,"62 Hillcrest Drive"
3452,George,Clark,6502543728,"29 Walnut Street"
3453,David,Jameson,9319453234,"38 Eastwood Drive"
3454,Patricia,Humphrey,8247884102,"61 Brookdale Place"
3455,John,Eisentrout,7630510075,"56 Beech Street"
3456,Anthony,Groves,8740942028,"54 Greenfield Avenue"
3457,Warren,Robertson,9791127221,"9 Pinehurst Drive"
3458,James,Mares,9060117545,"41 Brookdale Place"
3459,Rose,Joyce,8756439585,"69 Brookdale Place"
3460,Julie,NULL,7625981772,"56 Vineyard Drive"
3461,Charles,Johnson,7122575528,"52 Cedar Court"
3462,Diane,Maloney,9782960107,"7 Parkview Terrace"
3463,Charles,Macdougall,6465664660,"37 Garden Avenue"
3464,Errol,Hogan,9655462716,"16 Holly Lane"
3465,Matthew,Sidhu,7018521145,"45 Brookdale Avenue"
3466,Gerry,Walker,6563776519,"40 Broad Street"
3467,Mark,Lohman,7192796451,"5 Pineview Road"
3468,Christina,Duncanson,7282687188,"59 Southview Lane"
3469,Elijah,Burchfield,9738846310,"70 Pineview Drive"
3470,Rodney,Castro,7628073924,"12 Glenwood Drive"
3471,Kenneth,Sandoval,8670351216,"34 Birchwood Lane"
3472,Bradley,Willbanks,8497348247,"62 Glenwood Avenue"
3473,Peter,Marzinske,8464140184,"26 Briarwood Court"
3474,Michael,Jopling,9821171899,"20 Oakwood Lane"
3475,Mattie,Smith,7783484327,"13 Rosedale Avenue"
3476,Henry,NULL,7118586603,"29 Locust Lane"
3477,Kathleen,Hale,8644764805,"76 Grove Street"
3478,Ethel,Heiskell,6984804826,"31 Park Lane"
3479,George,Howlett,8084571746,"8 Linden Lane"
3480,Amy,Hodgkins,8600678095,"11 Garden Avenue"
3481,Violet,Thomas,8421490187,"53 Eastwood Drive"
3482,Debra,Lucky,8507080680,"56 Linden Avenue"
3483,James,Sickafoose,7547715696,"15 High Street"
3484,Dianna,Yoshina,8229356479,"78 Valley View Road"
3485,Sharon,Gibson,8759915437,"75 Mainview Avenue"
3486,Monica,Gardner,8661780691,"68 Oakdale Court"
3487,Kirby,NULL,6675203329,"21 Cedar Street"
3488,Yolonda,Johnson,6869367056,"53 Greystone Terrace"
3489,Barbara,Galvan,9457446245,"7 Hudson Terrace"
3490,Sandy,NULL,6999125752,"36 Kingston Way"
3491,Christopher,Hampton,7627853400,"58 Ridgeview Drive"
3492,Alison,Strange,6816558937,"62 Walnut Street"
3493,Gwen,Collins,9753789306,"75 Eastwood Drive"
3494,Ida,Perez,6947898717,"47 Woodbine Street"
3495,Glenda,Rviz,7855872462,"65 Locust Lane"
3496,Roger,Ray,6637613006,"1 Greystone Terrace"
3497,Liane,Workman,9258266072,"58 Highland Drive"
3498,Donna,Petrillo,6954506635,"41 Beech Street"
3499,William,Reif,7908288803,"67 Meadow Lane"
3500,Alice,Golden,6650661360,"23 Applewood Drive"
3501,Jocelyn,Williams,8547152004,"49 Cedar Lane"
3502,Malcolm,Valdovinos,9398433391,"21 Hillcrest Avenue"
3503,Mary,Tobias,7870665430,"20 Ridgewood Road"
3504,Brenda,Keller,8608463038,"29 Lake Shore Drive"
3505,Byron,Wagster,6320460593,"52 Park Street"
3506,Anna,Neubauer,6165879748,"74 Pineview Lane"
3507,Johnnie,Payne,6219371117,"18 Sycamore Street"
3508,Ilda,Leighton,9951433595,"5 Kingston Way"
3509,Steven,Peterson,8764565844,"11 Springdale Road"
3510,Kathleen,NULL,6189102887,"74 Maple Lane"
3511,Carlos,Davis,8415957829,"68 Birchwood Lane"
3512,Howard,Thomas,7332600978,"33 Grove Street"
3513,Donald,Peterson,9560929202,"77 Applewood Drive"
3514,Curtis,Geidl,8471330093,"14 Fairmount Road"
3515,Milagros,Sengbusch,9512051221,"73 High Street"
3516,Kelly,Adams,9981045130,"48 Magnoli"
3517,Ronnie,Finnegan,6876060716,"43 Meadowbrook Road"
3518,Mark,Manchester,8976982928,"16 Longview Avenue"
3519,Irene,Byrd,8666707594,"68 Birch Lane"
3520,Richard,Sauders,7767080682,"68 Meadow Lane"
3521,Darin,Garcia,9340874391,"35 Magnoli"
3522,Rachel,Tekautz,9183346116,"34 Beech Street"
3523,Wilma,Harper,7500590098,"46 Woodbine Street"
3524,Nicole,Crum,8717809619,"77 Elmwood Road"
3525,Tommy,Schenck,9890997914,"79 Lincoln Circle"
3526,Isidro,Holmes,9280845622,"75 Maplewood Drive"
3527,Jennifer,Boutte,8694551697,"15 Linden Avenue"
3528,Jeffrey,NULL,8470298059,"47 Elmwood Place"
3529,Wendy,Jackson,9527164160,"15 Pinehurst Road"
3530,Monica,Snead,9588915224,"3 Riverside Drive"
3531,Juan,NULL,7382639911,"30 Newbury Way"
3532,Lawrence,NULL,6562059505,"64 Woodbine Street"
3533,Gary,Huang,6915033363,"78 Elm Street"
3534,Constance,Palmer,9116020529,"38 Broadview Avenue"
3535,Marian,Plaza,7218186920,"40 Kingston Way"
3536,Amy,Mossman,8147036388,"13 Pleasant Street"
3537,Erica,Sanders,9982761006,"47 Greenfield Terrace"
3538,Patricia,Jeffers,7638429242,"16 Prospect Avenue"
3539,Anthony,Keller,8517564043,"10 Jefferson Lane"
3540,Thomas,Wallace,9678452463,"48 Hillcrest Drive"
3541,John,Thurber,9074906526,"34 Fairmount Road"
3542,Bradley,NULL,9178022729,"66 Springdale Road"
3543,Tara,Baker,7114649806,"51 Prospect Avenue"
3544,Juanita,Walter,7919846825,"63 Oakdale Court"
3545,Diane,Cherry,6302872716,"33 Pine Street"
3546,Marisol,Abe,6625507422,"5 Yorktown Road"
3547,Bret,Wolfertz,8639210748,"75 Pineview Road"
3548,Donna,Weatherford,6455030618,"61 Orchard Road"
3549,Latoya,Jones,9605219286,"23 Eastwood Drive"
3550,Jennie,Bradley,7954210528,"29 Greystone Terrace"
3551,Joseph,Reyes,6408324219,"51 Grove Street"
3552,Robert,Jackson,9279054047,"37 Magnolia Avenue"
3553,Scott,Teems,6265932792,"54 Woodbine Street"
3554,Gregg,NULL,7899315798,"45 Sycamore Street"
3555,Olive,Colon,8870270325,"69 Greenfield Terrace"
3556,Jason,Wallace,6640192228,"34 Fairview Drive"
3557,Michael,Blankenship,7966210799,"69 Hillcrest Road"
3558,Robert,Dykstra,9270595225,"45 Hillcrest Drive"
3559,Kim,Shiver,7511793330,"25 Fairview Avenue"
3560,Gertrude,Konieczny,6681295158,"77 Lakeview Drive"
3561,Sylvester,Mejia,9375219412,"67 Vine Street"
3562,Elizabeth,NULL,8743300069,"18 Cedar Court"
3563,Shirley,NULL,8801231318,"79 Chestnut Street"
3564,Esteban,Lopez,6328911777,"9 Beechwood Avenue"
3565,Ben,Dana,6245716787,"75 Valley Road"
3566,Patrick,Burger,7754089709,"7 Pineview Lane"
3567,Rodney,Skidmore,6783287062,"45 Jefferson Street"
3568,Judy,Willcox,9964211813,"49 Brookside Avenue"
3569,Jacqueline,Poole,8838742003,"5 Washington Avenue"
3570,Pearlie,Brashier,6636572138,"69 Fairmount Road"
3571,Elizabeth,Dahlen,9305571836,"51 Park Street"
3572,Don,Brown,7119766832,"70 Lexington Place"
3573,Jennifer,Bernardo,9863753521,"37 Fairway Drive"
3574,Anita,Morgan,9344483438,"50 High Street"
3575,Peter,Wynn,8399095566,"56 Madison Avenue"
3576,Michael,Davis,7186536236,"65 Linden Avenue"
3577,Marilyn,Wrubel,6038437757,"70 Elm Street"
3578,Miguel,Martin,6768031037,"33 Sunnyside Road"
3579,Charles,Turner,6008717727,"33 Hickory Lane"
3580,Gwen,NULL,6553162806,"49 Fairway Drive"
3581,Megan,Cardoza,8331970730,"11 Longview Road"
3582,Cindy,Picot,8325655264,"9 Maple Avenue"
3583,Lucie,Pippin,9448273951,"20 Fairview Avenue"
3584,Gary,Moore,7059119957,"68 Sunnyside Avenue"
3585,Gladys,Gibbs,8664315385,"76 Holly Lane"
3586,William,Gunnerson,9803263527,"31 Lakeview Drive"
3587,Donald,Strasser,7945458111,"11 Elmwood Terrace"
3588,Kathleen,Towry,8484622497,"17 Lincoln Circle"
3589,Stephen,Jones,7515542230,"43 Prospect Avenue"
3590,Ernest,Thomas,8320457206,"13 Sunnyside Road"
3591,Robert,Silva,6013977893,"42 Pinehurst Drive"
3592,Lori,Tamayo,6239582662,"66 Longview Avenue"
3593,Ann,Brown,7667296362,"54 Vine Street"
3594,Joan,NULL,7755652043,"57 Highland Drive"
3595,Nina,Winslow,6038402611,"35 Chestnut Avenue"
3596,Gil,Fleagle,7505224145,"2 Cedar Lane"
3597,Brandy,Ross,8047948754,"6 Elmwood Place"
3598,Billie,Woolford,9920467885,"5 Park Lane"
3599,Willie,Gifford,6851626693,"3 Hickory Drive"
3600,Ryan,Tovar,6210549736,"79 Beech Street"
3601,David,Singley,6935181792,"12 Pinehurst Road"
3602,Sammy,Youngblood,8550816961,"30 Garden Avenue"
3603,Bernice,Lacher,6078584395,"69 Lincoln Avenue"
3604,Betty,NULL,8690469404,"31 Vine Street"
3605,Nathaniel,NULL,6568479646,"64 Fairway Drive"
3606,Mary,Coleman,7474323722,"61 Cedar Street"
3607,Aaron,Busch,9067322188,"78 Oak Street"
3608,Dennis,Lee,9514212524,"24 Forest Drive"
3609,Melissa,Wren,9120021706,"35 Fairview Avenue"
3610,Jane,Johnson,8783159849,"2 Parkview Road"
3611,Samuel,Danger,9252141709,"22 Springdale Road"
3612,Douglas,Doig,6686699624,"67 Locust Street"
3613,Danielle,Hamlett,7032511408,"7 Park Avenue"
3614,Terry,Dyas,8546832841,"66 Oakdale Court"
3615,Wilmer,Larios,7469088869,"21 Hickory Drive"
3616,Thomas,Howle,7166412183,"24 Holly Avenue"
3617,Deborah,Wallace,7501199629,"61 Eastlake Drive"
3618,Caroline,Garcia,6496071710,"57 Walnut Avenue"
3619,Mary,Greathouse,9624926469,"7 Hickory Lane"
3620,Tiffany,Tapp,8306939891,"9 Orchard Road"
3621,Ronald,Klingbeil,8951596948,"45 Chestnut Avenue"
3622,Karen,Duwe,6402057464,"52 Madison Court"
3623,Nancy,Harris,9915854532,"61 Longview Road"
3624,Timothy,Grayson,7065213073,"66 Sunset Drive"
3625,Erwin,Jacobs,8895469040,"62 Holly Lane"
3626,Jeffrey,Potter,6667757100,"54 Jefferson Lane"
3627,Justina,White,8754266066,"70 Woodbine Street"
3628,Rene,Kilburn,6596076039,"72 Chestnut Avenue"
3629,Steven,Pajtas,7579928455,"39 Cedar Street"
3630,Mike,Combs,6081482439,"8 Walnut Avenue"
3631,Betsy,Pease,9121968478,"52 Highland Road"
3632,Carolyn,Leland,6720747949,"20 Chestnut Street"
3633,Carrie,NULL,7522790194,"45 Cherrywood Drive"
3634,David,Devine,9075026542,"19 Washington Avenue"
3635,Lisa,Miguel,9289633866,"10 Holly Lane"
3636,Ruben,Thompson,7542097468,"21 Elmwood Terrace"
3637,Wendy,Powers,8209338497,"57 Lincoln Avenue"
3638,Kelley,Henderson,7009679388,"19 Parkview Road"
3639,Pamela,Nguyen,6777836166,"16 Hickory Drive"
3640,Richard,Hansen,7558524443,"64 Cherrywood Lane"
3641,Latoya,Fair,8091451739,"52 Vine Street"
3642,Randall,Child,8717681995,"58 Hudson Terrace"
3643,James,Davis,6396465091,"72 Northview Terrace"
3644,Leland,Volante,7363627115,"1 Holly Lane"
3645,Everette,Reid,6786551010,"12 Rosedale Avenue"
3646,Kenneth,Ruiz,9214301660,"78 Holly Lane"
3647,Lashawn,NULL,7170704521,"33 Parkview Avenue"
3648,Lorenzo,Kimball,6058355178,"77 Ridgeview Drive"
3649,Rodney,Rogers,9066571969,"42 Sunset Drive"
3650,Sylvie,Nickerson,6180109124,"21 Cedar Terrace"
3651,William,Dow,8616201996,"51 Linden Lane"
3652,Melanie,Giannetti,7504308421,"9 Elmwood Road"
3653,Debbra,NULL,7077253545,"76 Broadview Avenue"
3654,John,Wiggins,9559389085,"45 Northview Road"
3655,Jennifer,Shannon,8059936039,"3 Ashland Avenue"
3656,Geraldine,NULL,8588919480,"75 Fairway Drive"
3657,Laura,Turner,8289021085,"74 Pinehurst Road"
3658,Laurie,Jones,6320285697,"77 Grant Street"
3659,Nicolas,Williams,6347490000,"10 Northview Road"
3660,Eleanor,Turner,9634904789,"69 Fairway Drive"
3661,Jennifer,Hendricks,7629885302,"13 Hickory Drive"
3662,Elouise,Neighbors,9505164043,"77 Parkside Lane"
3663,Delores,Poirier,7048502421,"10 Chestnut Avenue"
3664,Ward,Sechrest,9325511144,"70 Lake Shore Drive"
3665,Gregory,Lyon,6259116553,"19 Jefferson Avenue"
3666,Christine,Lewis,7645555512,"40 Oak Hill Drive"
3667,Candance,Biles,7108377500,"3 Linden Avenue"
3668,Kevin,Mcfee,8958265624,"47 Springdale Road"
3669,Lisa,Buzzell,9839797914,"9 Riverside Drive West"
3670,Pasquale,Stephens,7001051087,"44 Magnoli"
3671,Crystal,Seifert,8154386324,"78 Pinehurst Drive"
3672,Jesse,Baum,6867165880,"18 Eastlake Drive"
3673,Cleo,Prieto,9638544507,"52 Forest Avenue"
3674,Randal,Isaacs,8119869665,"12 Magnoli"
3675,Marjorie,Hamby,8315091603,"18 Brookdale Avenue"
3676,Lena,Murphy,9684724736,"74 Elmwood Place"
3677,Debra,Harvey,8157638786,"25 Locust Street"
3678,Jena,Allis,6940459692,"53 Mainview Avenue"
3679,Carolyn,NULL,6808974557,"35 Pinehurst Drive"
3680,Kathleen,Varin,9321252998,"10 Greenfield Terrace"
3681,Jeffery,Osborne,8538044501,"59 Parkview Avenue"
3682,Minda,Thompson,8190207750,"52 Maple Lane"
3683,Marie,Dodd,9004217220,"4 Elmwood Road"
3684,Catherine,Warren,9235062655,"14 Hillcrest Avenue"
3685,Bret,Rodriquez,8198592438,"9 Hickory Lane"
3686,Gloria,Wilson,7657875839,"65 Sycamore Street"
3687,Heath,Elliott,9063625367,"22 Park Street"
3688,Desmond,Beu,8234836346,"9 Oakdale Drive"
3689,Pricilla,Hukill,7422446921,"3 Cedar Road"
3690,Roy,Coffey,6689435411,"15 Oak Street"
3691,Donald,Smith,8492886830,"71 Meadowbrook Road"
3692,Angela,NULL,8128495718,"30 Cherrywood Lane"
3693,Kathern,Fairman,7327144314,"78 Chestnut Avenue"
3694,Maria,Rodriguez,6386346487,"72 Orchard Road"
3695,Matt,Bratcher,9382110047,"19 Pinehurst Road"
3696,James,Uy,9679312719,"77 Magnoli"
3697,Albert,Bichler,8216497433,"65 Vineyard Drive"
3698,Stacy,Anaya,7847269751,"40 Mainview Avenue"
3699,Linda,Mitchell,7148683368,"73 Meadow Lane"
3700,Susan,Hardy,6122407853,"24 Broadview Avenue"
3701,Beatrice,Hall,8351244280,"5 Fairway Drive"
3702,Mary,Merrill,7767930583,"50 Hickory Lane"
3703,Allen,Cano,9138140357,"50 Lake Shore Drive"
3704,Gilbert,Gould,9494575444,"16 Briarwood Court"
3705,Howard,Wolfe,8751752418,"28 Vineyard Drive"
3706,Ann,Cowley,7703431851,"52 Rosedale Avenue"
3707,Danita,Conner,6521023915,"64 Yorktown Road"
3708,Brenda,NULL,7398987958,"40 Columbus Lane"
3709,Scott,Smith,7830916314,"68 Cedar Terrace"
3710,Amanda,Darlington,7727400320,"43 Hudson Terrace"
3711,James,Gros,9612668015,"54 Columbus Lane"
3712,Barbra,Newberry,9890112444,"77 Newbury Way"
3713,David,Jennings,7461025810,"74 Pine Street"
3714,Debbie,Washington,7197804393,"31 Magnolia Avenue"
3715,Thomas,Evans,9676020556,"46 Cedar Road"
3716,Dorothy,Valentine,6927543717,"72 Birch Lane"
3717,Natalie,Tozier,9852025069,"72 Mainview Avenue"
3718,Elizabeth,Britt,7283497149,"19 Sunnyside Road"
3719,Floyd,NULL,6184392744,"44 Forest Drive"
3720,Kelly,Waddle,7377172824,"14 Columbus Lane"
3721,William,Hyman,8683470348,"46 Beech Street"
3722,Marc,Cole,8020452157,"31 Magnoli"
3723,Barbara,NULL,7618955399,"76 Maple Lane"
3724,Trevor,Perry,9278006385,"1 Cedar Terrace"
3725,Lori,Reed,8368547672,"57 Columbus Lane"
3726,Timothy,Cooper,9681552107,"36 Washington Avenue"
3727,Archie,Hadiaris,8146029434,"10 Ridgewood Road"
3728,Warren,Riley,8338199473,"41 Highland Road"
3729,Judith,Wilson,8268917607,"21 Lincoln Circle"
3730,Barbara,Coleman,9772708590,"65 Parkview Avenue"
3731,Shannon,Pharris,7247083179,"13 Greystone Terrace"
3732,Norman,Slager,8633605741,"42 Hillcrest Avenue"
3733,Robert,NULL,8814369625,"6 Oak Hill Drive"
3734,James,Baseler,6445376741,"16 Grant Avenue"
3735,Steven,Bunning,9121332914,"64 Highland Place"
3736,Kevin,NULL,9062863222,"67 Park Lane"
3737,Tammy,Janicki,9821663819,"31 Hillcrest Avenue"
3738,Stella,Mills,7458490682,"74 Pineview Road"
3739,Ollie,Baumler,9857008287,"31 Parkview Avenue"
3740,Tom,Williams,7453044948,"54 Pinehurst Road"
3741,Louis,White,9846198072,"58 Southview Lane"
3742,Kelly,NULL,9058290574,"75 Hickory Drive"
3743,Herbert,Davis,7846479153,"26 Eastwood Drive"
3744,William,Torry,6802244135,"7 Kingston Way"
3745,Michael,Gallegas,9848493851,"33 Cedar Street"
3746,Kimberly,Hitzeman,7769321732,"75 Springdale Road"
3747,Tiffany,Ordonez,7781188507,"44 Longview Road"
3748,William,Carpenter,7503949605,"64 Pleasant Street"
3749,Cynthia,Clark,8187210043,"39 Lincoln Avenue"
3750,Shirley,Parsons,9813742000,"53 Briarwood Court"
3751,Linda,Herrera,8039786377,"63 Ridgeview Drive"
3752,Heidi,Losoya,8553956989,"41 Highland Drive"
3753,Nydia,Ibrahim,8125160088,"34 Beechwood Avenue"
3754,Walter,Wright,6037617441,"24 Washington Avenue"
3755,Juan,Myles,8843188952,"59 Oak Street"
3756,Joan,Green,9205095316,"61 Sunnyside Avenue"
3757,Jorge,Johnson,6300082380,"74 Hickory Lane"
3758,Elizabeth,Hillard,7403255655,"48 Garden Avenue"
3759,Vince,Matson,8115112393,"24 Walnut Street"
3760,Jade,Shingler,8110688509,"23 Yorktown Road"
3761,Carla,Igel,8219108323,"16 Vineyard Drive"
3762,Stacy,Riggs,7332263681,"70 Yorktown Road"
3763,Serena,Morales,6892589353,"28 Magnoli"
3764,Paul,Gollier,6618711112,"13 Jefferson Avenue"
3765,Kevin,Sharon,6444276316,"51 Grant Avenue"
3766,Brian,Brown,6574279260,"7 Greenfield Terrace"
3767,Amber,Daley,7511382294,"1 Brookside Avenue"
3768,Thomas,Berry,6336640752,"66 Holly Avenue"
3769,John,Sias,8385714455,"36 Elmwood Road"
3770,Grace,Cox,6780653572,"28 Broad Street"
3771,Joy,Ballard,6853259342,"49 Brookdale Avenue"
3772,Zachary,Pawlosky,9204337935,"25 Greystone Terrace"
3773,Beatrice,Morris,7171522039,"54 Magnoli"
3774,Joan,Yeung,9398497439,"1 Oakdale Drive"
3775,Sidney,Stewart,6000798196,"46 Grant Street"
3776,Gloria,Mcdonald,6779415269,"77 Vineyard Drive"
3777,Michael,Osteen,8756221330,"69 Parkview Road"
3778,Richard,Coca,8295364789,"15 Ridgewood Road"
3779,David,Lempke,8437061763,"69 Beechwood Avenue"
3780,Martha,Hagen,6408455541,"62 Grant Street"
3781,Johnnie,Heidebrecht,9068976544,"3 Parkview Road"
3782,Edward,Abernethy,6165602847,"45 Oak Street"
3783,Johnny,Ramirez,7935742873,"2 Beechwood Avenue"
3784,Joseph,Bascomb,8824088345,"7 Lincoln Circle"
3785,Peter,Mccrary,8820314956,"39 Cedar Lane"
3786,Alfred,Moore,8966467309,"73 Vine Street"
3787,Adam,Sosa,9980811626,"67 Brookdale Place"
3788,Kristopher,Whitaker,8184805832,"55 Grant Avenue"
3789,Donald,Rodriguez,8149687615,"45 Mainview Avenue"
3790,Andrew,Ferguson,8022873983,"14 Chestnut Street"
3791,Grace,Ruffner,7757233627,"2 Broad Street"
3792,Martha,NULL,9833230990,"11 Pine Street"
3793,David,Morris,9491938698,"71 Locust Lane"
3794,Kenya,Orman,8908456473,"56 Mainview Avenue"
3795,Ethel,Noe,6596246415,"40 Pinehurst Road"
3796,Clint,Suen,7778813626,"63 Elmwood Place"
3797,Merrill,Haynes,6905101088,"30 Belmont Avenue"
3798,Travis,Glover,9281981390,"77 Oak Street"
3799,William,Wood,9206140929,"36 Pineview Lane"
3800,Michele,Hudson,6002371681,"7 Linden Lane"
3801,Heather,Clark,6299401581,"13 Elm Street"
3802,Lois,Trevino,6997829216,"23 Brookdale Avenue"
3803,Thomas,Stotler,8464430278,"74 Highland Drive"
3804,Anita,Robles,7372734224,"11 Willow Lane"
3805,Dorothy,Kokoska,7544132742,"49 Maple Lane"
3806,Donald,Sawyer,7801428375,"71 Grove Street"
3807,April,Goodhart,7244296530,"26 Walnut Avenue"
3808,Suzanne,Troche,7939693728,"48 Locust Street"
3809,Jessica,Sastre,8448861886,"39 Jefferson Street"
3810,Julio,Silva,7260490688,"3 Briarwood Court"
3811,Jose,Anderson,7608514720,"65 Rosedale Avenue"
3812,June,Spurlock,8454990691,"72 Laurel Lane"
3813,Kathy,Fetterman,9243170527,"2 Glenwood Drive"
3814,Byron,Walker,6365553997,"39 Broadview Avenue"
3815,Diane,Wessel,9231799160,"1 Orchard Road"
3816,Betty,Mcbride,6332866517,"47 Fairway Drive"
3817,Jeffrey,Pena,7944693566,"22 Birchwood Lane"
3818,Alexandra,Eastland,9659340553,"11 Hillside Avenue"
3819,Carylon,Mosley,8061755373,"26 Sycamore Street"
3820,Lee,Garnica,6433732342,"49 Riverside Drive West"
3821,Jason,Randhawa,6056586044,"1 Grant Avenue"
3822,Tracy,Reed,7742237318,"29 Cherry Hill Road"
3823,Peter,Bethea,8016866614,"3 Cedar Court"
3824,Kimberly,Gonzalez,7708102947,"25 Parkview Avenue"
3825,Lou,Thomas,7675836331,"18 Fairview Drive"
3826,Shannon,Bullinger,6791677734,"18 Fairway Drive"
3827,David,Cross,7017159759,"47 Orchard Road"
3828,Edward,Madore,8697016934,"78 Hillcrest Road"
3829,Joan,Oconnor,9248511165,"3 Madison Avenue"
3830,Diane,Phomphithak,9209077312,"7 Madison Avenue"
3831,Randolph,Rosado,9375487115,"2 Forest Avenue"
3832,Anna,Yancik,7492965225,"10 Brookdale Avenue"
3833,Marie,Butcher,9498239396,"13 Longview Avenue"
3834,Richard,Aaron,8638765240,"35 Sunset Drive"
3835,James,Zabala,9851347148,"15 Elm Street"
3836,Hilda,Myers,9264000208,"79 Cherry Hill Road"
3837,Elizabeth,Lay,6290762439,"65 Belmont Avenue"
3838,Terri,Grant,8934189317,"59 Briarwood Court"
3839,Kimberly,Cooper,8109327130,"16 Oakdale Drive"
3840,Conrad,Woods,7457391846,"4 Park Avenue"
3841,Clyde,Richardson,9615935962,"43 Parkview Terrace"
3842,Marina,Davis,9936900692,"43 Park Lane"
3843,Leesa,Naylor,8805495072,"48 Springdale Road"
3844,Debra,Ochoa,8418896043,"50 Springdale Road"
3845,Joseph,Freed,9680601957,"26 Parkview Avenue"
3846,Virginia,Mcgee,7759624537,"69 Cedar Road"
3847,Shawna,Bobek,7271830009,"45 Greenfield Avenue"
3848,Barbara,NULL,7070760577,"59 Washington Avenue"
3849,William,Pinson,7438999527,"46 Sunset Drive"
3850,Jennifer,Collier,7788099691,"51 Oak Hill Drive"
3851,Jose,Gibson,8300176901,"72 Meadowbrook Road"
3852,Deloris,Dixon,6144867753,"26 Ridgeview Drive"
3853,Elizabeth,Montoya,9156863028,"5 Magnolia Avenue"
3854,Theresa,Minnick,7288937869,"27 Pineview Drive"
3855,Brian,Errington,8309569219,"65 Greenfield Terrace"
3856,Lori,NULL,8194011104,"59 Orchard Road"
3857,Joseph,Kane,8326665391,"36 Holly Lane"
3858,Danny,NULL,8340189585,"21 Holly Avenue"
3859,Earl,NULL,7512148420,"30 Maple Lane"
3860,Mike,Reper,9036084266,"19 Birch Lane"
3861,Kenneth,Holliday,7672008268,"49 Hudson Terrace"
3862,Roderick,Rodriguez,7035178736,"16 Kingston Way"
3863,Glen,Lee,9534725780,"55 Chestnut Avenue"
3864,Michael,Quint,7433525427,"37 Elm Street"
3865,Bonita,Coleman,8000291127,"6 Vineyard Drive"
3866,Patricia,Williamson,8122856911,"59 Madison Avenue"
3867,Elizabeth,Black,8531676210,"78 Cedar Court"
3868,Raymond,Hoover,9172543854,"36 Mainview Avenue"
3869,Jean,Kaufmann,6157687106,"71 Jefferson Avenue"
3870,George,White,8678446846,"42 Park Lane"
3871,Martha,Bray,8833011826,"32 Walnut Avenue"
3872,Earl,NULL,7392004291,"60 Sunset Drive"
3873,Frances,Kimmerle,9842562320,"30 Northview Terrace"
3874,Barbara,Alston,8864215741,"35 Meadow Lane"
3875,Travis,Szocki,7285089847,"28 Sunnyside Road"
3876,Irene,Worthing,9831204654,"58 Willow Lane"
3877,Melissa,Peterson,7290511825,"68 Greystone Terrace"
3878,Bradley,Hernandez,6865732642,"8 Forest Drive"
3879,Dewayne,Wright,8148017999,"39 Fairmount Road"
3880,Daniel,Murphy,9914476243,"20 Cherrywood Lane"
3881,Andrea,Staten,8272007358,"51 Cedar Terrace"
3882,James,NULL,6314506065,"13 Highland Road"
3883,Cory,Harkins,8847110563,"21 Meadow Lane"
3884,Deborah,Henry,7693283647,"43 Glenwood Drive"
3885,Jeffry,Mccarthy,6467382456,"61 Grant Street"
3886,Karina,Kerfoot,7093991332,"43 Eastlake Drive"
3887,Heather,Carr,8815272229,"24 Willow Lane"
3888,Teri,Norwood,9105685478,"77 Oakdale Drive"
3889,Marie,Thomas,9736745119,"76 Cherrywood Lane"
3890,Steve,NULL,7400175459,"61 Pine Street"
3891,Ethan,Cornwell,7125294510,"23 Mainview Avenue"
3892,Booker,Vichidvongsa,7045361610,"6 Pineview Road"
3893,Roy,Kinsey,7131949635,"8 Grant Street"
3894,Karen,Yancy,8103690060,"21 Lexington Place"
3895,Mary,Rogers,9247382718,"23 Glenwood Drive"
3896,Lois,Derrick,9949783860,"22 Riverside Drive West"
3897,Charla,Snider,7315688118,"34 Madison Avenue"
3898,Vicky,Hall,6494826224,"30 Madison Court"
3899,Judith,Landeros,8221051422,"18 Valley View Road"
3900,Thomas,NULL,6754007115,"58 Cedar Court"
3901,Rita,Klein,7155960479,"42 Brookdale Avenue"
3902,Rebecca,Snow,6009094390,"29 Highland Drive"
3903,David,Cossette,8925118312,"18 Cherrywood Drive"
3904,Esmeralda,Johnson,6618689682,"46 Ridgewood Road"
3905,Steve,Guffey,7723880233,"79 Lincoln Avenue"
3906,Juan,Risch,6835474464,"68 Fairmount Road"
3907,Raul,Johnson,8274140555,"33 Lexington Place"
3908,Cynthia,Harb,8933035495,"35 Parkview Avenue"
3909,Jerry,Butts,6552993537,"12 Ridgeview Drive"
3910,Donna,Riley,8178489681,"24 Willow Street"
3911,Louise,Jorgensen,7180681470,"39 Northview Terrace"
3912,Frances,Robinette,8997931062,"73 Brookside Avenue"
3913,Olivia,Fellows,9565119080,"68 Longview Road"
3914,Eddie,Creel,7959745809,"18 Longview Avenue"
3915,Judie,Antolin,9834071488,"24 Maple Lane"
3916,Victor,Ingram,8157201424,"52 Lexington Place"
3917,Santos,Logan,6851047879,"12 Jefferson Street"
3918,Teri,Sole,6206787834,"1 Oak Hill Drive"
3919,Wade,Smith,7065862560,"47 Longview Road"
3920,Philip,Walker,6705532940,"8 Jefferson Lane"
3921,Lawrence,Love,7838495729,"58 Sunnyside Avenue"
3922,Rafael,Harper,7640802222,"61 Hillcrest Avenue"
3923,Stephen,Buhl,8954655662,"28 Valley Road"
3924,Catharine,Farkas,7839777198,"79 Lexington Place"
3925,Robert,Cottrell,8470413158,"62 Cedar Lane"
3926,Lee,Semaan,7576511735,"39 Southview Lane"
3927,Doris,Adams,6670118951,"45 Jefferson Avenue"
3928,Sharon,Clemans,9351664032,"10 Meadow Lane"
3929,Sheila,Adams,6829352823,"59 Eastwood Drive"
3930,April,Lewis,6413006882,"14 Forest Drive"
3931,Jenna,Alexander,9920634179,"76 Beech Street"
3932,Phillip,Serrano,6194035602,"14 Park Avenue"
3933,Jimmie,Go,8146456091,"22 Elmwood Road"
3934,Kimberly,Monahan,6674651069,"39 Eastwood Drive"
3935,Ruby,Reese,7102967592,"19 Fairview Avenue"
3936,Antoinette,NULL,9431201550,"47 Oak Hill Drive"
3937,Lydia,Musser,8359736725,"74 Brookside Avenue"
3938,Frank,Faycurry,6168463903,"72 Oakwood Drive"
3939,Joseph,Winter,8640780031,"76 Garden Avenue"
3940,John,Perigo,7536511650,"14 Orchard Road"
3941,Mike,Martin,6687508813,"47 Parkview Road"
3942,John,Boozer,8507352198,"57 Pineview Lane"
3943,James,Baca,6794276078,"1 Ridgeview Drive"
3944,Richard,Waller,9217104160,"8 Park Street"
3945,Spencer,Shuler,9614866148,"8 Brookdale Place"
3946,Ruby,Smith,8588955748,"2 Cherrywood Lane"
3947,Danny,Day,7190851856,"77 Orchard Road"
3948,Lawrence,Heuser,9802985087,"59 Jefferson Lane"
3949,Gary,Thompson,8783808327,"9 Mainview Avenue"
3950,Roger,Julius,9089110406,"34 Lincoln Avenue"
3951,Jason,Andaya,8740035517,"77 Pineview Road"
3952,Carolyn,NULL,9012524749,"56 Pineview Lane"
3953,Michael,NULL,8420802157,"44 Cherrywood Lane"
3954,William,Dupes,6221265806,"37 Maplewood Drive"
3955,Carl,Garcia,7388402589,"21 Lake Shore Drive"
3956,Thomas,Jo,6877670057,"14 Holly Lane"
3957,Bruce,Toure,6982006350,"63 Vine Street"
3958,Nadine,Rothman,7479166587,"69 Grant Street"
3959,Kathryn,Mccombs,9076796921,"31 Willow Street"
3960,Gail,Gray,8708556826,"44 Hillside Avenue"
3961,Shawn,Miller,8728497416,"42 Maplewood Road"
3962,Cecile,Jenkins,9277697737,"35 Cedar Street"
3963,Martha,NULL,6002866767,"3 Fairview Avenue"
3964,William,Hundley,8548853607,"28 Oakwood Drive"
3965,Michael,Krzeczkowski,8104165041,"48 Oak Hill Drive"
3966,Andrew,Lockwood,7527347279,"54 Greystone Terrace"
3967,Jefferey,Corcoran,8749346977,"6 Vine Street"
3968,Dee,Reid,8399278576,"12 Maplewood Road"
3969,Patrick,George,7957407251,"63 Beechwood Avenue"
3970,Rick,Harris,8719440898,"65 Fairview Avenue"
3971,Marlo,Greene,9848770411,"20 Vineyard Drive"
3972,Brian,Reis,9401991403,"53 Vine Street"
3973,Rose,Jones,7874014334,"16 Laurel Lane"
3974,William,Johnson,7686483072,"39 Meadow Lane"
3975,Anna,Johnson,6393982750,"57 Greenfield Avenue"
3976,Carl,Eames,7151917773,"76 Elm Street"
3977,Barbara,Johnson,7028777224,"65 Broadview Avenue"
3978,Jeffrey,Danner,6541565569,"69 Holly Avenue"
3979,Raymond,Fountain,7682617084,"8 Cedar Street"
3980,Mary,Rivera,8315812131,"23 Ridgeview Drive"
3981,Dawn,Pichardo,6505877120,"67 Cedar Lane"
3982,Kristin,Miller,9143425394,"59 Broad Street"
3983,Jonathan,Fackler,8636947249,"79 Meadow Lane"
3984,Paige,Morales,7974739383,"42 Pleasant Street"
3985,Dorothy,Hutchins,8823989704,"3 Lexington Place"
3986,John,Johnson,8685268738,"66 Ridgeview Drive"
3987,Allen,NULL,7982296543,"77 Maplewood Road"
3988,Wayne,Bond,9051749699,"50 Oakdale Drive"
3989,Steve,Glover,8321582566,"46 Oakwood Lane"
3990,Katherine,Rosales,6548249485,"48 Jefferson Lane"
3991,Robert,Rainey,7717655465,"39 Briarwood Court"
3992,Christie,Blackburn,7094943034,"8 Lake Shore Drive"
3993,Vickie,Heath,6134000807,"60 Park Lane"
3994,John,Beckwith,7818925590,"55 Beechwood Avenue"
3995,Joy,Trout,8452788721,"7 Park Lane"
3996,Paul,Davidson,9973392805,"22 Longview Road"
3997,Monica,Russell,7990745076,"61 Cedar Road"
3998,Eric,Steed,7371540243,"67 Brookdale Avenue"
3999,William,Heater,8204779918,"51 Greenfield Terrace"
4000,Joseph,Cook,9123948131,"26 Grove Street"
4001,Tamera,Crum,7562308793,"15 Jefferson Lane"
4002,Fawn,Godfrey,7238979279,"8 Newbury Way"
4003,Charles,Henry,7279229551,"32 Locust Street"
4004,Sheryl,Lapuerta,9159528361,"4 Laurel Lane"
4005,Bennie,Cao,6223246550,"22 Oak Hill Drive"
4006,Vernice,Halloway,8188709756,"39 Valley View Road"
4007,Richard,Hamrick,7565793290,"68 Lexington Place"
4008,Helen,Hensley,8392107285,"53 Birch Lane"
4009,Marcy,Brewster,7786881002,"72 Belmont Avenue"
4010,James,Ragan,9687103709,"69 Pineview Road"
4011,Lesa,Chavez,7343169396,"27 Garden Avenue"
4012,James,Robles,8540303785,"76 Laurel Lane"
4013,Jose,Getz,7803255721,"45 Greystone Terrace"
4014,Sarah,Burns,8931712449,"41 Prospect Avenue"
4015,Cindy,Asbill,9323093988,"57 Longview Avenue"
4016,Tony,Pinkard,6007594138,"32 Valley View Road"
4017,Matthew,Burton,9384831294,"10 Pineview Lane"
4018,Cathleen,William,7638766442,"41 Oak Hill Drive"
4019,Karen,Garza,8107109630,"76 Lincoln Circle"
4020,Christopher,Taylor,7883302272,"79 Vine Street"
4021,David,Curran,9627692121,"1 Hillcrest Road"
4022,Bill,Hardison,6214572913,"23 Madison Avenue"
4023,Jimmie,Murphy,8135350539,"68 Ashland Avenue"
4024,Nettie,Hendriks,8673014261,"70 Chestnut Street"
4025,Whitney,Sapp,8980187055,"22 Elmwood Terrace"
4026,Jessica,Barger,8510525763,"5 Park Avenue"
4027,Dawn,Travis,7213253484,"49 Locust Lane"
4028,Courtney,Foster,6333519323,"5 Lincoln Circle"
4029,Alyce,Anderson,9341562150,"19 Pine Street"
4030,Dorothy,Pellot,9634305155,"71 Locust Street"
4031,Phyllis,Mcmillan,9026620770,"44 Linden Lane"
4032,Mike,Caple,9056761939,"24 Oak Hill Drive"
4033,Bernard,Wolf,8578788915,"58 Grant Avenue"
4034,Agnes,Boggs,6022905904,"50 Maplewood Road"
4035,Harold,Herrera,7101997413,"66 Cedar Terrace"
4036,Cedric,Ortiz,9774169235,"5 Pleasant Street"
4037,Jonathon,Mccarthy,9391611618,"71 Oakwood Drive"
4038,Ann,Geigel,7605001239,"50 Elm Street"
4039,Gertrude,Maxwell,9221986281,"25 Yorktown Road"
4040,William,Newsome,7939018114,"13 Hillcrest Avenue"
4041,Rodger,Corcoran,8005197244,"3 Riverside Drive West"
4042,Donald,Armstrong,6723273816,"5 Forest Drive"
4043,Carrie,Abrams,7588785831,"39 Oakdale Drive"
4044,Richard,Kimbro,6301969381,"29 Riverside Drive West"
4045,Annette,Spangle,8658678391,"40 Cedar Lane"
4046,Shirley,Rosenbaum,7556614147,"15 Holly Lane"
4047,Karen,Richards,9838852744,"42 Prospect Avenue"
4048,Janet,Agena,7073647133,"30 Park Avenue"
4049,Jeannine,Craig,9734023180,"2 Highland Road"
4050,Mary,Mcdonald,6737791228,"76 Southview Lane"
4051,Helen,Nemith,7267325230,"52 Hickory Drive"
4052,Alison,Shafer,6438860748,"13 Southview Lane"
4053,Patricia,Emery,7907141982,"62 Kingston Way"
4054,Kevin,Drew,7217004496,"1 Chestnut Street"
4055,Michael,Livingston,7164409678,"66 Highland Drive"
4056,Kathy,Marlett,8658579847,"69 Cherry Hill Road"
4057,Robert,Brennan,6554941012,"36 Brookdale Place"
4058,Brian,Brunson,9447070477,"6 Beech Street"
4059,Barry,Stewart,9977457182,"78 Glenwood Drive"
4060,Mabel,Felix,7586588299,"40 Hudson Terrace"
4061,Angela,NULL,7986347889,"34 Parkview Avenue"
4062,Elsie,Wilken,8801322952,"59 Pine Street"
4063,Doris,Clemons,6730040525,"62 Maplewood Drive"
4064,Andrew,Hewett,9861016437,"9 Linden Lane"
4065,Barbara,Clemens,7530954883,"15 Madison Avenue"
4066,Larry,Clack,6808469918,"32 Cedar Street"
4067,Joanne,Rios,9120788586,"74 Locust Street"
4068,Roosevelt,NULL,9263091309,"78 Magnoli"
4069,Ashleigh,Roper,7219994276,"44 Forest Avenue"
4070,John,John,6726825399,"61 Oakdale Court"
4071,Jeanne,Fox,9717221471,"18 Greenfield Terrace"
4072,Lisa,Jordan,8510643441,"10 Locust Street"
4073,Wesley,Morales,9355229610,"79 Grant Avenue"
4074,Larry,Edwards,8721603211,"79 Pineview Road"
4075,Claudia,Stringer,6114595840,"38 Linden Lane"
4076,Karen,Bassetti,7852450591,"47 Lakeview Drive"
4077,Candi,Kuebler,9994019036,"19 Magnolia Avenue"
4078,Kenneth,Dowty,7574738266,"53 Brookside Avenue"
4079,Antoine,Cox,8813916626,"37 Longview Avenue"
4080,Ernest,Hamilton,8918577380,"79 Chestnut Avenue"
4081,Isabel,Weidner,6061101606,"21 Maplewood Drive"
4082,Barbara,Durrant,6193229967,"78 Cedar Terrace"
4083,Carolyn,Fleniken,9636950044,"61 Vine Street"
4084,Timothy,NULL,8134924609,"25 Brookdale Avenue"
4085,Gary,Fellin,7701897875,"35 Hillcrest Avenue"
4086,Nita,NULL,8782166342,"8 Vineyard Drive"
4087,Elizabeth,Hensley,8130735283,"11 Oakwood Lane"
4088,Nicole,Whittman,8154673647,"79 Elmwood Terrace"
4089,Michael,Bisonette,8410871631,"39 Locust Lane"
4090,James,Rodriquez,6328069542,"34 Hickory Lane"
4091,David,Romero,9159242771,"77 Meadowbrook Road"
4092,Linda,Tyner,6345716042,"34 Oak Street"
4093,Eunice,Williams,6194082387,"28 Lexington Place"
4094,Anna,Melville,7070862398,"64 Locust Street"
4095,Scott,Griffin,6488716698,"44 Grant Avenue"
4096,William,Luevano,8472379456,"59 Broadview Avenue"
4097,George,Chiu,9735213333,"8 Ashland Avenue"
4098,Joseph,Cannon,7878045907,"67 Maple Lane"
4099,Guy,Doty,7219601751,"17 Springdale Road"
4100,Nina,Macdonald,7138183651,"12 Grant Avenue"
4101,Justin,Bell,7111284159,"43 Parkview Avenue"
4102,Rita,Mabry,7319250989,"24 Locust Street"
4103,Carol,Nowlin,7665117432,"57 Cedar Court"
4104,Rita,Raymond,6826336909,"5 Orchard Road"
4105,Verna,Edwards,7256878293,"38 Springdale Road"
4106,Franklin,Gayden,9137555938,"16 Willow Street"
4107,Matthew,Pettigrew,6949170735,"1 Sunnyside Road"
4108,Nancy,Short,9332397233,"28 Elmwood Road"
4109,Gladys,Taylor,6954745933,"55 Magnoli"
4110,Tanya,Brimmage,7054080256,"18 Hillcrest Road"
4111,Jesus,Longo,9758085747,"40 Belmont Avenue"
4112,Dora,Mckeeman,8917472779,"7 Brookside Avenue"
4113,James,Rogers,6613438053,"41 Madison Avenue"
4114,Michael,Ventura,8670148158,"20 Woodbine Street"
4115,Paulette,Gullett,8485347971,"68 Yorktown Road"
4116,Salvador,Chevas,8128851990,"10 Beechwood Avenue"
4117,Alfred,Shuford,9845251714,"6 Longview Road"
4118,Kyle,Korsak,9836416239,"39 Oakdale Court"
4119,Christopher,Jones,7633876328,"17 Columbus Lane"
4120,Margaret,Moss,8972717795,"46 Northview Terrace"
4121,Mark,Skinner,8894980721,"64 Grove Street"
4122,Kaye,Bueckers,9668792414,"56 Birch Lane"
4123,Charles,Ballard,8180787711,"1 Jefferson Avenue"
4124,Gloria,Bello,7926041247,"42 Maplewood Drive"
4125,Roy,Ming,9078885327,"45 Holly Lane"
4126,Christopher,Gonzales,7288416060,"79 Jefferson Avenue"
4127,Harry,Warf,9035868019,"5 Holly Lane"
4128,Frederick,Oneil,9315217505,"20 Jefferson Lane"
4129,Lillian,Tolbert,8699159554,"20 Beechwood Avenue"
4130,David,Jumper,9466392094,"57 Pineview Drive"
4131,Virginia,Phelps,9432347219,"48 Northview Terrace"
4132,Victoria,Cline,6714917639,"76 Maplewood Road"
4133,Gloria,Unterreiner,7834276762,"76 Jefferson Lane"
4134,Catina,Wright,7819168442,"67 Sunnyside Avenue"
4135,Angela,Mueller,7309478967,"36 Orchard Road"
4136,Loretta,Labelle,6590783135,"18 Mainview Avenue"
4137,Trenton,Leaf,6553302988,"79 Maplewood Drive"
4138,Barbara,Curtis,9747267835,"39 Woodbine Street"
4139,Michelle,Blackwood,7708828144,"52 Ridgeview Drive"
4140,Robin,Johnson,9605249872,"6 Holly Lane"
4141,Charles,Gunter,6397412105,"18 Valley Road"
4142,Thomas,Moss,7467036821,"39 Maplewood Drive"
4143,Gregory,Solis,9627174824,"47 Eastlake Drive"
4144,William,Hennemann,6577798141,"48 Hickory Drive"
4145,Frank,Edwards,8766894587,"36 Longview Avenue"
4146,Carol,Coldiron,9506288136,"58 Belmont Avenue"
4147,Daniel,Kelty,8617179305,"47 Walnut Avenue"
4148,Jason,Mccullough,6752910072,"60 Briarwood Court"
4149,Margaret,Sandate,6302238502,"17 Ridgewood Road"
4150,Christopher,Murray,6982578431,"69 Pineview Lane"
4151,George,Hughes,8628399200,"31 Greystone Terrace"
4152,Sharon,Hawthorne,9954166605,"34 Forest Avenue"
4153,Christy,Hamilton,8324803925,"10 Hickory Lane"
4154,Paul,Madden,9312590310,"77 Cherry Hill Road"
4155,Karen,Williams,7898317274,"14 Walnut Avenue"
4156,Jeffrey,Rhoades,9180160384,"37 High Street"
4157,Johnette,Neally,6563067588,"79 Cedar Court"
4158,James,Franks,8607169261,"41 Parkview Road"
4159,Maria,Berry,8507148149,"55 Briarwood Court"
4160,Marcella,Hatch,8975097124,"6 Ridgewood Road"
4161,Martha,Langston,9554429027,"54 Eastwood Drive"
4162,Esther,Dudasik,9010519441,"38 Brookside Avenue"
4163,Edith,Simpson,6646810064,"62 Pinehurst Drive"
4164,James,Barjas,7087025135,"30 Washington Avenue"
4165,Bobby,Barbour,9519871896,"72 Maplewood Drive"
4166,Marina,Stephens,6360596676,"75 Oakdale Drive"
4167,Rose,NULL,7085198724,"6 Springdale Road"
4168,Ronald,NULL,8519103832,"52 Oak Hill Drive"
4169,William,Swinton,9070702440,"77 Beechwood Road"
4170,Steve,Cerezo,9124037598,"15 Walnut Street"
4171,Susan,Robinson,8564865725,"10 Chestnut Street"
4172,James,Novak,6642601638,"62 Beechwood Avenue"
4173,Anthony,Robertson,9993732856,"61 Willow Lane"
4174,Irma,Lewis,6144960061,"46 Willow Lane"
4175,William,Hagerman,7417287441,"41 Eastwood Drive"
4176,April,Oglesby,6272317745,"47 Beech Street"
4177,Sabra,Jones,6990978919,"56 Applewood Drive"
4178,Linette,Richmond,9363302852,"28 Newbury Way"
4179,Vivian,Hukill,8932330910,"26 Northview Terrace"
4180,Sean,Baker,9400612910,"39 Pine Street"
4181,Debra,Williamson,8657110170,"22 Jefferson Street"
4182,Bobbie,Reynolds,6418587996,"57 Northview Terrace"
4183,Beatrice,Mays,9433484001,"55 Vine Street"
4184,Joseph,NULL,6148001147,"50 Prospect Avenue"
4185,Trista,Smith,6570131884,"2 Park Avenue"
4186,Mi,Price,7703438635,"46 Vineyard Drive"
4187,Scott,Wilde,9133587119,"79 Ashland Avenue"
4188,David,Jones,7041734874,"28 Lincoln Avenue"
4189,Jennifer,Drum,7110307046,"40 Parkside Lane"
4190,David,Turner,7603967815,"51 Cherrywood Lane"
4191,Wesley,Kubie,9720579955,"18 Oakwood Drive"
4192,Robert,Browning,8377860652,"24 Park Lane"
4193,Mamie,Gooch,9235530799,"21 Hickory Lane"
4194,Carolyn,Batiz,9342231043,"26 Eastlake Drive"
4195,Robin,Rodrigues,6088418813,"15 Locust Lane"
4196,Darrell,Walker,8097927549,"21 Cherrywood Drive"
4197,Rachael,Segura,8045395973,"12 Pineview Lane"
4198,Betty,Guyer,8246242481,"28 Locust Lane"
4199,Marie,Powell,8132598678,"28 Locust Street"
4200,Marguerite,Manley,7214354669,"2 Linden Lane"
4201,Nancy,Dunn,9217743603,"53 Madison Avenue"
4202,Phillis,Dickson,7617249743,"38 Riverside Drive West"
4203,Joseph,Cowboy,8654733620,"23 Sunnyside Avenue"
4204,Robert,Walker,7216128779,"22 Kingston Way"
4205,Steven,Lombard,8461355519,"29 Pineview Drive"
4206,Benedict,Dewinter,9273923340,"46 Hickory Lane"
4207,Paul,Murrell,7237310138,"12 Jefferson Lane"
4208,Jose,NULL,7118056414,"3 Lakeview Drive"
4209,Tyra,NULL,7658853769,"2 Brookdale Avenue"
4210,Harvey,Reynolds,6761372172,"40 Madison Court"
4211,Jerry,Laflamme,8422463847,"38 Willow Lane"
4212,Lila,Luciano,8248114693,"67 Beechwood Avenue"
4213,Margaret,Mcelroy,8139793688,"42 Jefferson Street"
4214,Kathy,England,8454059795,"12 Beechwood Road"
4215,Wanda,Smith,7191796365,"23 Rosedale Avenue"
4216,Nancy,Richards,8991796328,"6 Glenwood Avenue"
4217,Thomas,Ferris,7923887829,"44 Kingston Way"
4218,Douglas,High,9841402629,"71 Highland Road"
4219,Kelly,Caudill,9970084854,"20 Jefferson Avenue"
4220,Justin,NULL,6269343435,"75 Broad Street"
4221,Angela,Kolesnik,8515279454,"79 Laurel Lane"
4222,Donald,Reece,8108484572,"30 Brookdale Place"
4223,Derrick,Mcclary,8409743754,"52 Orchard Road"
4224,Bernard,Liebert,7503060930,"3 Hickory Lane"
4225,Patricia,NULL,6917484745,"19 Cherrywood Drive"
4226,Richard,Cannone,7637888284,"27 Washington Avenue"
4227,Kristin,Ledbetter,7136069344,"48 Grove Street"
4228,Jeffrey,Rau,9284417586,"26 Pleasant Street"
4229,Alejandro,Quinn,8544911961,"52 Springdale Road"
4230,Evelyn,Grayson,7931705683,"36 Greystone Terrace"
4231,Jack,NULL,6618763456,"65 Pleasant Street"
4232,William,Hill,7074570709,"10 Birch Lane"
4233,Mario,Henry,9300502082,"74 Cherrywood Drive"
4234,Stephanie,Wise,7559526823,"38 Laurel Lane"
4235,Matthew,Mcgeorge,9100503627,"65 Fairmount Road"
4236,Ben,Adams,9961305327,"65 Ridgeview Drive"
4237,Bobbie,Weaver,6640971918,"13 Laurel Lane"
4238,Juanita,Shumaker,7192399651,"70 Kingston Way"
4239,Patricia,Scheller,9153661995,"53 Maple Avenue"
4240,Janice,Wilson,7304347976,"72 Parkview Terrace"
4241,Cedric,Tanner,7808299720,"68 Highland Road"
4242,Nicole,Anderson,7798348930,"39 Elmwood Road"
4243,Dallas,Baker,6543408873,"5 Southview Lane"
4244,Margaret,Shaw,6876767875,"73 Hickory Drive"
4245,Luella,Currie,8687949099,"61 Jefferson Avenue"
4246,Donald,Bunn,6884317566,"61 Highland Place"
4247,Corrine,Potter,7028774008,"71 Riverside Drive"
4248,Sergio,Kissell,7406378274,"26 Hillcrest Drive"
4249,Hazel,Borsellino,9205433841,"66 Elmwood Road"
4250,Sophia,Alvarez,9141388909,"24 Jefferson Street"
4251,Peter,Estrada,7946669313,"25 Briarwood Court"
4252,Robert,Anthony,7539368389,"32 Rosedale Avenue"
4253,Brandon,Carnes,8827111943,"22 Oakdale Court"
4254,Mary,Patlan,9663470299,"65 Parkside Lane"
4255,Randy,NULL,9192558508,"47 Washington Avenue"
4256,James,Davis,6881806550,"30 Park Street"
4257,Barbara,Williams,9750316087,"55 Brookdale Avenue"
4258,William,Womble,9946150422,"22 Maple Avenue"
4259,Pamela,Haynes,8971981961,"77 Cedar Terrace"
4260,Raul,Davis,8976987394,"35 Newbury Way"
4261,David,Muzyka,6205335666,"47 Valley View Road"
4262,Gina,Townsend,6812689697,"51 Maple Lane"
4263,Mark,Bush,7686897943,"18 Linden Avenue"
4264,Vina,NULL,8790478031,"69 Glenwood Avenue"
4265,Rocco,NULL,8452680687,"11 Fairway Drive"
4266,Madison,White,7910227398,"59 Hillcrest Drive"
4267,John,Salazar,8315398430,"23 Jefferson Lane"
4268,Kim,Marrs,6700083640,"5 Willow Lane"
4269,Carolyn,Hall,8872464668,"63 Fairway Drive"
4270,Brenda,Ware,8628122495,"47 Highland Drive"
4271,Rebecca,Rodriguez,8747592220,"57 Maplewood Road"
4272,David,Ewing,8800620666,"25 Pinehurst Road"
4273,Ron,Galloway,8132174665,"23 Northview Road"
4274,Miguel,Smith,9766271615,"41 Forest Drive"
4275,Michael,Levine,9374793633,"40 Park Street"
4276,Billie,Arnett,8385805637,"40 Hickory Lane"
4277,Nana,Shelton,6760527695,"39 Maple Avenue"
4278,John,Comley,8145716386,"75 Willow Lane"
4279,Kenna,Bellas,8360898982,"57 Sunnyside Avenue"
4280,Peter,Albert,7138894541,"4 Valley Road"
4281,Gladys,Stamp,9116021134,"51 Broad Street"
4282,Doreen,Barrientos,7868545665,"41 Grant Avenue"
4283,Juan,Kelleher,8663296175,"47 Hillcrest Drive"
4284,Helen,Hatfield,8363406603,"12 Belmont Avenue"
4285,Mark,Alexander,9120099268,"58 Parkview Road"
4286,Genevieve,Stewart,6941847524,"75 Cherrywood Lane"
4287,Daisy,Merritt,7927473485,"22 Ridgewood Road"
4288,Sue,Young,6230490272,"75 Cedar Court"
4289,Kenneth,Jones,6882700794,"68 Parkview Terrace"
4290,Gavin,Freyer,9013680014,"6 Highland Drive"
4291,Bridget,Carlson,8838064798,"66 Longview Road"
4292,Jessie,NULL,6921740222,"28 Magnolia Avenue"
4293,Scott,Wells,8007744669,"53 Ridgeview Drive"
4294,Martina,NULL,6151792781,"14 Oakwood Lane"
4295,Virgie,Riggs,8157691345,"45 Washington Avenue"
4296,Robert,Borrero,7381713209,"48 Grant Street"
4297,Emma,Bucklew,9952647346,"20 Pineview Drive"
4298,Kittie,Duncan,9735363426,"47 Riverside Drive West"
4299,Whitney,Mcdermott,9016204995,"1 Cedar Road"
4300,Claude,Hare,8082610098,"20 Vine Street"
4301,Staci,Lu,8460901294,"72 High Street"
4302,Louis,Rasmussen,6417177813,"32 Cherrywood Lane"
4303,Gary,Greene,6913168490,"11 Fairmount Road"
4304,Dorene,Estes,7217091094,"55 Yorktown Road"
4305,Steven,Johnson,8324329932,"55 Fairview Avenue"
4306,Jeff,Lee,7232561947,"46 Maplewood Drive"
4307,Toni,Small,7527861667,"12 Locust Lane"
4308,Ora,Griffith,7495473184,"58 Newbury Way"
4309,Don,Anderson,7814256630,"73 Chestnut Avenue"
4310,Patrick,Johnson,7208838132,"34 Hillcrest Drive"
4311,Robert,Moreno,6020939209,"14 Ridgeview Drive"
4312,Andre,Nagy,8442900774,"78 Forest Drive"
4313,William,NULL,9512727101,"7 Valley Road"
4314,Brandy,Hutchins,6786780220,"36 Sunset Drive"
4315,Jerry,Williams,8817339882,"40 Beech Street"
4316,Lori,Zamarripa,8614751161,"70 Hillcrest Drive"
4317,Leo,Morgan,7340445432,"53 Longview Road"
4318,Elizabeth,NULL,8026016960,"65 Madison Court"
4319,Mercedes,Swint,7693109164,"27 Maplewood Drive"
4320,Milton,Keene,8218990179,"3 Lincoln Circle"
4321,Georgia,Hall,8704836590,"70 Ashland Avenue"
4322,Charles,NULL,7478644229,"62 Lakeview Drive"
4323,Fay,Cook,6779510954,"33 Riverside Drive"
4324,Gary,Meadows,9289201686,"17 Walnut Avenue"
4325,Robert,Coldiron,7152366442,"42 Northview Road"
4326,Joseph,Blay,6500677051,"58 Valley Road"
4327,Brad,Mcclellan,6005437770,"56 Greenfield Terrace"
4328,Andrew,Cole,9842034758,"29 Jefferson Lane"
4329,James,Vigue,8786005318,"50 Ridgeview Drive"
4330,Mildred,Stephens,6926223782,"9 Eastwood Drive"
4331,Angelina,Gomez,6570575410,"11 Northview Road"
4332,Jack,Young,7656870133,"59 Greystone Terrace"
4333,Joseph,Ortiz,8961257897,"50 Northview Terrace"
4334,Joyce,Garcia,9812189691,"9 Oakwood Lane"
4335,John,Rivera,7770347370,"45 Hudson Terrace"
4336,Andrew,Sams,8728768915,"18 Pine Street"
4337,Tim,Marshall,8024532452,"41 Cedar Road"
4338,Theresa,Theuret,6987261957,"79 Riverside Drive West"
4339,David,Cantrell,6875556502,"53 Fairview Drive"
4340,Mary,Kozlowski,7981640275,"70 Oak Street"
4341,Jacob,Uribe,8573520649,"73 Greystone Terrace"
4342,Teresa,Hamff,7920561658,"17 Vine Street"
4343,Lisa,NULL,8726520783,"29 Lexington Place"
4344,James,Dupre,9464699659,"37 Woodbine Street"
4345,Charles,NULL,7246377026,"73 Birch Lane"
4346,Jason,Viggiano,6604007862,"10 Fairway Drive"
4347,Jeffrey,Jones,6521974061,"57 Linden Avenue"
4348,Pedro,Johnson,9662703434,"70 Birch Lane"
4349,Emily,Paulson,9998950472,"28 Briarwood Court"
4350,James,Richmond,6877043784,"74 Cedar Court"
4351,Cary,Webster,6257077979,"56 Columbus Lane"
4352,Julia,Poston,9194688262,"32 Park Lane"
4353,Joseph,Glover,6904201943,"56 Briarwood Court"
4354,Barbara,Kruse,9905107313,"61 Greenfield Terrace"
4355,Roger,Brossard,9620769357,"9 Woodbine Street"
4356,Herbert,Leonard,8256804611,"21 Broad Street"
4357,Kenneth,Jackson,6602010924,"19 Maple Lane"
4358,John,Aslam,7809454004,"75 Parkview Avenue"
4359,Brenda,Llewellyn,7909337322,"30 Woodbine Street"
4360,Roger,Schaefer,9100106110,"64 Oakdale Court"
4361,Sarah,Matthai,6190563508,"53 Lexington Place"
4362,Robert,Underwood,8535082417,"59 Valley Road"
4363,Sylvester,Medina,7435827586,"15 Maple Lane"
4364,Richard,Brown,6181903839,"54 Locust Street"
4365,Felix,Beall,8242454117,"75 Oak Hill Drive"
4366,Maria,Orton,8894349311,"9 Ridgeview Drive"
4367,Maria,Chavez,7142577417,"47 Hickory Lane"
4368,Victoria,Kresge,9240207446,"74 Ridgeview Drive"
4369,Jon,NULL,7612926971,"50 Longview Road"
4370,John,Vaz,9291286124,"7 Hillcrest Road"
4371,Toni,Woodhouse,9245491298,"35 Pinehurst Road"
4372,Robert,Nicholas,7117069152,"46 Sunnyside Road"
4373,Randy,Carter,7848887581,"78 Woodbine Street"
4374,Richard,Logan,6502835175,"38 Park Lane"
4375,Mary,Burtt,9361825098,"12 Holly Lane"
4376,Hubert,Wilson,8460453556,"31 Grant Avenue"
4377,Gary,Lau,9914580682,"27 Cedar Street"
4378,Sheila,Mimbs,9984236973,"36 Holly Avenue"
4379,Kurt,Sturgeon,8733345350,"63 High Street"
4380,Christopher,Yoo,6827782366,"33 Cherrywood Lane"
4381,Ricky,Bova,8285238227,"52 Columbus Lane"
4382,Clara,Moore,8873638160,"68 Magnolia Avenue"
4383,Patricia,Wissinger,6473767350,"24 Locust Lane"
4384,Thomas,Jones,8407933457,"68 Applewood Drive"
4385,Virginia,Nurse,6575680760,"53 Broad Street"
4386,Jeramy,Dailey,6403359116,"66 Southview Lane"
4387,Charles,Shaw,9815757593,"25 Walnut Avenue"
4388,Pauline,Tutas,9939314253,"30 Meadow Lane"
4389,Jerry,Martin,8941362687,"25 Hickory Lane"
4390,Margaret,Radford,7854774841,"6 Parkview Terrace"
4391,Eric,Powell,7688410230,"44 Elmwood Road"
4392,Linda,Andrews,9185392571,"79 Oakdale Drive"
4393,Ernestine,NULL,9741929488,"63 Eastlake Drive"
4394,Eugene,Rubio,9960665873,"44 Cherry Hill Road"
4395,Johnny,Garcia,9452634562,"35 Oakdale Court"
4396,Mary,Dulin,8731063199,"76 Cedar Terrace"
4397,Patrick,Ruiz,7363104026,"39 Greenfield Terrace"
4398,Melissa,Brown,7195490160,"15 Laurel Lane"
4399,Jessica,Ellis,7529980730,"42 Longview Avenue"
4400,Laura,Jackson,8692768202,"49 Chestnut Street"
4401,Laura,Woods,6357189876,"62 Beechwood Road"
4402,Anne,King,9514858945,"14 Glenwood Avenue"
4403,Harry,Zellars,7136200118,"74 High Street"
4404,Catherine,Sanchez,6442502517,"69 Garden Avenue"
4405,Brenda,Rawson,7545931697,"15 Oak Hill Drive"
4406,Holly,Heidler,7044548981,"37 Linden Avenue"
4407,Kathleen,NULL,8524343346,"72 Cedar Court"
4408,John,Smith,8597695358,"17 Glenwood Drive"
4409,James,Minutillo,7567978087,"63 Parkview Road"
4410,James,Keller,9416724945,"20 Oak Hill Drive"
4411,Richard,Guardado,7319458556,"67 Holly Lane"
4412,Sharon,Gill,7171528441,"60 Rosedale Avenue"
4413,Helen,Mcbryde,6300906470,"32 Fairview Drive"
4414,Alta,Linnane,8156358723,"53 Forest Avenue"
4415,Stacey,Padilla,9224586411,"77 Broad Street"
4416,Ignacio,Davis,6512734669,"48 Greystone Terrace"
4417,Kirk,NULL,9934451104,"72 Elm Street"
4418,Christopher,Brew,7091367263,"28 Chestnut Street"
4419,Stephanie,Pointer,8066454817,"64 Hickory Drive"
4420,Mark,NULL,8294380023,"72 Lexington Place"
4421,Essie,NULL,8179982687,"62 Elmwood Terrace"
4422,Michael,Dunn,7736999859,"28 Madison Court"
4423,Karen,Weldon,7919901856,"78 Oakwood Drive"
4424,Eva,Pratt,7087698054,"55 Madison Avenue"
4425,Michelle,Frost,8909870155,"34 Elmwood Road"
4426,William,NULL,6585571998,"37 Hillcrest Drive"
4427,Janeen,Dearman,6003076718,"74 Springdale Road"
4428,Bruce,Davis,7848252163,"11 Belmont Avenue"
4429,Jonathan,Nollman,9572774138,"55 Magnolia Avenue"
4430,Leah,NULL,6236011641,"27 Park Street"
4431,Margaret,Seng,9040126247,"78 Grove Street"
4432,Frederick,NULL,6465645781,"44 Pine Street"
4433,Joseph,NULL,7469430765,"28 Orchard Road"
4434,Rhonda,Oshey,6490669863,"14 Parkview Avenue"
4435,Ralph,Woolard,9145925076,"6 High Street"
4436,Charles,King,7029389926,"34 Cedar Court"
4437,Lewis,Mullen,7944540884,"73 Park Avenue"
4438,Thomas,Lanham,8054465688,"76 Holly Avenue"
4439,Edgar,Dover,8547747635,"59 Pinehurst Road"
4440,Rebecca,Jenkins,9153370272,"32 Riverside Drive"
4441,Joyce,Simpson,8474311713,"51 Oakdale Court"
4442,Delores,Gibson,6801388033,"56 Hillcrest Drive"
4443,Benny,Newman,6810934132,"26 Broadview Avenue"
4444,Susan,Degasparre,6763409785,"67 Fairview Drive"
4445,Judy,Harner,8349590207,"72 Park Street"
4446,Mary,Hunter,8937566842,"3 Jefferson Avenue"
4447,Rachel,Lucier,7193190581,"24 Laurel Lane"
4448,Clifford,Dunn,9291359249,"6 Beechwood Road"
4449,Lois,Gaffey,8033235084,"76 Highland Road"
4450,Trent,Kenyon,8205439730,"19 Elm Street"
4451,Gilbert,Eggen,9992761154,"23 High Street"
4452,Barbara,Phillips,9102390884,"34 Elmwood Terrace"
4453,Paula,NULL,7612612064,"1 Locust Lane"
4454,Kristy,Alvarez,9763228185,"46 Parkview Avenue"
4455,Joan,NULL,7245835152,"18 Southview Lane"
4456,Roger,Bassham,6031770859,"39 Valley Road"
4457,Juan,Goode,6825465719,"4 Madison Avenue"
4458,Michael,Page,9063803653,"30 Oakwood Drive"
4459,Susan,Knight,6811337089,"76 Ridgeview Drive"
4460,Patrick,Teeter,7512915931,"41 Broad Street"
4461,Duane,Bohr,6805347105,"36 Valley View Road"
4462,Harry,Briant,7102432945,"29 Maple Lane"
4463,Ramon,Blake,9088676380,"67 Oakwood Lane"
4464,Randy,Freeman,8226107366,"63 Chestnut Street"
4465,Adele,Magnuson,8074632082,"68 Valley View Road"
4466,Juanita,Soapes,8537648568,"18 Woodbine Street"
4467,Leona,NULL,8963063587,"48 Laurel Lane"
4468,Nelson,Criger,8191812510,"57 Valley View Road"
4469,Willie,Mcclellan,8058070362,"69 Magnolia Avenue"
4470,Angelica,George,7928954041,"49 Ashland Avenue"
4471,Audrey,Jensen,8843254866,"68 Prospect Avenue"
4472,Lillian,Gaskins,7952330927,"37 Beechwood Avenue"
4473,Marta,Baudino,6307590479,"25 Springdale Road"
4474,John,Clarke,9205013976,"44 Elm Street"
4475,Daniel,Taylor,9627166786,"54 Elm Street"
4476,James,Bento,9700822527,"57 Highland Place"
4477,Maria,Moore,9813232703,"73 Mainview Avenue"
4478,Amy,Poole,6564784224,"54 Pine Street"
4479,Ryan,NULL,8698992486,"78 Lexington Place"
4480,Lisa,Mabry,9100363483,"17 Birchwood Lane"
4481,Hilary,Millhiser,8258351360,"68 Newbury Way"
4482,Ron,Crane,7092326589,"21 Grant Street"
4483,Charles,Bower,9574419707,"5 Brookdale Avenue"
4484,James,White,7303038732,"2 Woodbine Street"
4485,Mary,Zatorski,7376224264,"64 Sunset Drive"
4486,Erik,Oconnor,8217588755,"58 Jefferson Avenue"
4487,Patricia,Boucher,9469631686,"68 Laurel Lane"
4488,Lana,Mendoza,7525682630,"20 Valley Road"
4489,Nathaniel,Smith,9886364863,"62 Willow Lane"
4490,Gary,Ahmadi,9782918884,"4 Applewood Drive"
4491,Jessica,Oldham,9937884946,"9 Cherrywood Lane"
4492,Adele,Williams,7279441301,"51 Yorktown Road"
4493,Floyd,NULL,7154716539,"53 Hillcrest Road"
4494,Carol,Desano,6635045244,"30 Vineyard Drive"
4495,Hollis,Umland,7137553930,"5 Ridgeview Drive"
4496,Zoe,Dorland,6721756159,"16 Yorktown Road"
4497,Andrea,Miles,8608336399,"23 Forest Drive"
4498,Andera,Smith,6740843910,"58 Elmwood Place"
4499,Erick,Larrow,9361218004,"9 Lincoln Avenue"
4500,Todd,Foster,7064096671,"48 Parkside Lane"
4501,Henry,Smith,8999642695,"42 Elmwood Terrace"
4502,Tyrone,Trentman,6678783397,"8 Longview Avenue"
4503,Alfred,Kittle,6696967916,"46 Pineview Drive"
4504,Cody,Mclellan,7762537357,"55 Garden Avenue"
4505,Marie,Castor,7103390115,"74 Jefferson Street"
4506,Jose,Miller,8791144131,"26 Garden Avenue"
4507,Justin,Parker,8097532479,"40 Lincoln Avenue"
4508,Robert,Peck,8551945589,"30 Prospect Avenue"
4509,Jaime,Devore,8720485395,"23 Laurel Lane"
4510,Alicia,Lelacheur,7931334564,"42 Forest Avenue"
4511,Robert,Pope,7196345543,"11 Valley Road"
4512,Edwin,Varela,8772087391,"30 Ridgeview Drive"
4513,Norene,Lacroix,9580829209,"22 Pine Street"
4514,Elizabeth,Mumma,6184165380,"40 Cedar Court"
4515,Margaret,Costanza,6366103477,"54 Locust Lane"
4516,Sammy,Dominguez,7897742601,"72 Holly Lane"
4517,Mary,Burns,9724644168,"35 Broad Street"
4518,Joe,Chacon,9582372129,"30 Holly Avenue"
4519,Tim,Severance,6576462244,"30 Glenwood Avenue"
4520,Mallory,Pringle,8363447310,"1 Glenwood Drive"
4521,Denise,Mccommons,7492740718,"13 Longview Road"
4522,Daniel,Baker,9852050508,"19 Grant Avenue"
4523,Joshua,Johnson,9030474838,"30 Ashland Avenue"
4524,Cheryl,Myers,6361780705,"77 Holly Avenue"
4525,Dalia,Jackson,7655760706,"17 Park Street"
4526,Donna,Smith,8604143307,"69 Park Lane"
4527,Lisa,Wiseman,7517149416,"65 Pinehurst Drive"
4528,Rodney,Soule,9638677730,"8 Springdale Road"
4529,Margery,Griffin,9355653790,"38 Newbury Way"
4530,Crystal,Lofton,8987324805,"10 Woodbine Street"
4531,Joyce,Sanders,9987514783,"52 Ashland Avenue"
4532,Alfred,Becker,8843461258,"43 Pinehurst Road"
4533,Kevin,Breckenridge,9049556708,"2 Holly Avenue"
4534,Jimmy,Clark,8979018342,"7 Broad Street"
4535,Thomas,White,7573896466,"14 Valley View Road"
4536,Seth,Smith,7150105387,"75 Cherrywood Drive"
4537,Betty,Haber,7240023863,"20 Kingston Way"
4538,Joanna,Wilson,7096670696,"45 Elmwood Terrace"
4539,Gary,NULL,9088495094,"8 Grove Street"
4540,Liana,Caldwell,7000755699,"66 Hudson Terrace"
4541,Annette,Roberts,7438471170,"8 Highland Road"
4542,Roy,Kirkpatrick,8543066402,"33 Holly Avenue"
4543,Rhonda,Robinson,8359628731,"64 Elmwood Place"
4544,David,Degroat,6098954056,"42 Magnoli"
4545,Edward,Schober,8721691686,"53 Maplewood Road"
4546,Chester,Landau,6998490929,"41 Park Lane"
4547,Eric,Miller,7573582051,"46 Cedar Lane"
4548,Susan,Allen,9280860587,"55 Valley View Road"
4549,Tina,Davis,8235997578,"6 Willow Street"
4550,Paula,Burns,8013123225,"54 Hickory Drive"
4551,Kevin,Boyd,6046784412,"2 Elmwood Terrace"
4552,Karen,Mojica,8577153396,"12 Springdale Road"
4553,Diana,Deleon,6955009097,"15 Parkview Terrace"
4554,Kyle,Horton,9914592171,"39 Sunnyside Avenue"
4555,Zulma,NULL,9988533797,"40 Meadowbrook Road"
4556,Dennis,Wilson,8406460721,"67 Yorktown Road"
4557,Christy,Johnson,6129998521,"79 Meadowbrook Road"
4558,Lori,Gaietto,9565258102,"11 Walnut Street"
4559,Fred,Michael,6436131961,"2 Holly Lane"
4560,Kristy,Rowan,7444709344,"30 Oakwood Lane"
4561,Denny,Estevez,7672074071,"28 Willow Lane"
4562,Lauren,Wells,9235606865,"8 Elmwood Place"
4563,Ashley,Katz,7457881277,"73 Pinehurst Road"
4564,James,Diefenbach,9270735242,"13 Eastwood Drive"
4565,Tim,Mulholland,9902860638,"22 Cedar Terrace"
4566,Jacquelyn,Braden,9364352876,"23 Maplewood Road"
4567,Elizabeth,Womack,6547983134,"44 Pinehurst Road"
4568,Arlene,Horn,9105467939,"42 Grove Street"
4569,Richard,NULL,9863432916,"12 Parkview Avenue"
4570,Susan,Griffin,9705414897,"30 Riverside Drive West"
4571,Anthony,Griffin,7810515906,"56 Cedar Road"
4572,Rosemary,Bailey,6019924430,"18 Brookside Avenue"
4573,Virginia,Hill,6365083676,"28 Holly Lane"
4574,Robert,Coulson,6326764934,"69 Locust Street"
4575,Deanna,Bagen,6981046112,"54 Oakwood Drive"
4576,Phillip,Simmons,8629778095,"61 Ashland Avenue"
4577,Barbara,Mills,8663618988,"2 Fairview Avenue"
4578,Mamie,NULL,9427656360,"37 Lincoln Circle"
4579,Velma,Canon,6401153321,"10 Longview Avenue"
4580,Carolyn,Newborn,8366358015,"44 Vine Street"
4581,Harold,Maner,6648161362,"39 Columbus Lane"
4582,Tara,NULL,8715199081,"17 Cedar Lane"
4583,Pamela,Galvan,8080302853,"67 Park Street"
4584,Melva,Osofsky,8703895360,"13 Ridgewood Road"
4585,Lenora,Nolan,6265947531,"73 Pineview Road"
4586,Anna,Farley,7234081235,"27 Elmwood Place"
4587,Irene,Strobel,8253397461,"4 Holly Avenue"
4588,Larry,Garcia,7622146805,"65 Yorktown Road"
4589,Gary,Smith,6043479415,"55 Longview Avenue"
4590,Luis,Cooper,9282460455,"27 Eastwood Drive"
4591,Evelyn,Randall,7035715968,"32 Briarwood Court"
4592,Rodney,Spriggs,6943066376,"70 Sycamore Street"
4593,Alfred,Oppegard,8581160578,"43 Sunnyside Road"
4594,Paul,Johnson,8112580446,"45 Newbury Way"
4595,Katharine,Tutt,8480722551,"70 Linden Avenue"
4596,Lindsay,Robey,9910403597,"79 Hudson Terrace"
4597,Elizabeth,Keys,7698418817,"51 Oakwood Lane"
4598,Erik,Wilson,8567567747,"9 Park Street"
4599,Susan,Parr,7166715630,"28 Greystone Terrace"
4600,Karen,Allen,8652695556,"30 Linden Lane"
4601,John,Reale,7919050952,"57 Oak Hill Drive"
4602,Mark,NULL,9484153417,"71 Parkview Road"
4603,Lisa,Harvilla,7381534443,"14 Cedar Road"
4604,Sandra,Griffen,9339954879,"59 Cedar Road"
4605,Kimberly,NULL,8302651399,"35 Laurel Lane"
4606,Lloyd,Marino,8219842237,"47 Forest Drive"
4607,Kevin,Gonzalez,6377232169,"12 Sunnyside Road"
4608,Gregory,Oquendo,7690709814,"26 Orchard Road"
4609,Francis,Battle,9204437434,"75 Fairview Drive"
4610,Larry,Breese,7113208401,"77 Jefferson Street"
4611,Kim,NULL,7901495167,"65 Forest Drive"
4612,Chad,Hetrick,6345603313,"29 Grove Street"
4613,John,Pace,8654954409,"62 Garden Avenue"
4614,Robert,Burton,8934292585,"5 Cedar Lane"
4615,Gina,Winston,7751672203,"32 Magnoli"
4616,Monte,Williams,8212620191,"3 Beechwood Avenue"
4617,David,NULL,9373849885,"24 Rosedale Avenue"
4618,Thomas,Ashe,8228782867,"69 Linden Avenue"
4619,Teresa,Healey,9392496878,"5 Northview Terrace"
4620,Robert,Morales,9732553650,"55 Elmwood Place"
4621,Juan,Anderson,6551824695,"27 Columbus Lane"
4622,John,Wheeler,6077930136,"7 Prospect Avenue"
4623,Viola,Miller,9319527602,"38 Parkside Lane"
4624,Thomas,Mcknight,6264932425,"61 Cedar Terrace"
4625,Ofelia,Peeler,9403992896,"73 Broad Street"
4626,Lawrence,Monroe,6483200007,"37 Riverside Drive"
4627,Geraldine,NULL,6258179696,"12 Greenfield Avenue"
4628,Katie,Griffith,9750899367,"61 Longview Avenue"
4629,Marc,Gonzales,7999624161,"32 Northview Road"
4630,Katherine,Spencer,8514644211,"63 Elm Street"
4631,Mary,Glaser,7760602908,"50 Kingston Way"
4632,Carol,Wexler,8472038878,"78 Madison Court"
4633,Josephine,Ruiz,8453466538,"6 Oakwood Lane"
4634,Ray,Arkenberg,9087559385,"45 Orchard Road"
4635,Connie,Carlton,7595747265,"78 Park Avenue"
4636,Chris,Robinson,6235536009,"23 Hillside Avenue"
4637,Patricia,Rea,7518634530,"25 Linden Lane"
4638,Robert,Eggleston,7900423006,"67 Springdale Road"
4639,Ricardo,Parker,8011590371,"21 Eastlake Drive"
4640,James,Dixon,7487609838,"62 Fairmount Road"
4641,Frederick,Allen,9355227786,"68 Woodbine Street"
4642,Liz,Morrissette,8062571894,"29 Brookside Avenue"
4643,Antonio,Hood,6228866966,"46 Fairmount Road"
4644,Harriet,Limbo,9054490032,"72 Pineview Drive"
4645,Ryan,Correll,6819008795,"1 Forest Avenue"
4646,Curtis,Higuera,6112477963,"23 Chestnut Avenue"
4647,Susan,Nuzum,9121870951,"24 Brookside Avenue"
4648,Elaine,Shackelford,9049042097,"11 Broadview Avenue"
4649,Vivian,NULL,6406466282,"44 Meadow Lane"
4650,Marilyn,Morey,8955813742,"54 Ashland Avenue"
4651,Linda,Darnell,6716646637,"5 Parkview Road"
4652,Stacy,Snyder,9311778207,"53 Sunnyside Road"
4653,David,Jimenez,6570167884,"68 Mainview Avenue"
4654,Douglas,Medina,6066085318,"37 Meadow Lane"
4655,Karen,Hymel,6356165655,"68 Elmwood Place"
4656,Manuel,Perkins,9796640321,"21 Park Avenue"
4657,Vincent,Granby,8866145186,"30 Springdale Road"
4658,Harry,NULL,9730952174,"53 Pinehurst Road"
4659,Amanda,Cruz,9651276936,"70 Orchard Road"
4660,David,Rodriguez,9955296029,"71 Madison Avenue"
4661,Rhonda,Robinson,6063691607,"29 Birchwood Lane"
4662,William,Green,6645971868,"73 Longview Avenue"
4663,Jeffrey,Pettus,9869392571,"72 Magnoli"
4664,Arletha,Hasty,8139518975,"19 Southview Lane"
4665,Angela,Barker,7083973246,"13 Greenfield Avenue"
4666,Ross,Green,6812986928,"28 Pine Street"
4667,Louise,Duncan,8873904942,"15 Cherrywood Drive"
4668,Margaret,NULL,6434461691,"14 Walnut Street"
4669,Suzanne,Canon,7633710901,"65 Broad Street"
4670,Debra,Harper,6715139311,"70 Riverside Drive West"
4671,Jason,Morrow,8810320830,"42 Hickory Lane"
4672,Cliff,NULL,7492978785,"11 Park Street"
4673,Martha,Bills,7114083482,"52 Cherry Hill Road"
4674,Melvin,Hudson,9307923043,"19 Magnoli"
4675,Stephen,Walsh,7141802463,"79 Greenfield Terrace"
4676,Olga,Rowley,9296785719,"70 Walnut Avenue"
4677,Ethel,Gentry,6044242328,"26 Birchwood Lane"
4678,Michelle,Padgett,9276011727,"50 Sunnyside Road"
4679,Scott,Manor,7893850271,"16 Pinehurst Road"
4680,Leroy,Tiry,8696168787,"36 Southview Lane"
4681,Eduardo,Brown,7407511199,"26 Walnut Street"
4682,Julie,Cockrell,7156898394,"11 Prospect Avenue"
4683,Glenda,Hill,8285777872,"51 Birchwood Lane"
4684,Marlys,Chavez,9163525067,"28 Meadow Lane"
4685,Norma,Herrmann,6207803118,"56 Highland Place"
4686,Danny,Jordan,8621494270,"57 Elm Street"
4687,Jamie,Parrish,7824343890,"78 Meadowbrook Road"
4688,Louis,Borden,8900641344,"71 Cedar Court"
4689,Billie,Stewart,6446185009,"15 Cedar Lane"
4690,Bradley,NULL,8547058676,"12 Chestnut Street"
4691,Richard,Livingston,6571929271,"2 Northview Terrace"
4692,Timothy,Mason,6755563988,"78 Pineview Drive"
4693,Alvaro,Moller,6361336062,"70 Locust Street"
4694,Emma,Kimble,8625248380,"60 Hudson Terrace"
4695,Derrick,Lamb,9710316862,"60 Sunnyside Avenue"
4696,Rosa,Porter,6739049725,"63 Lake Shore Drive"
4697,Graciela,Griffith,8214475549,"48 Elmwood Road"
4698,Matthew,Blair,9075735193,"78 Pinehurst Road"
4699,Michael,Sell,8475097684,"13 Grant Street"
4700,Jason,Gallivan,6312464064,"43 Sycamore Street"
4701,Ronald,NULL,7736339739,"1 Parkview Terrace"
4702,Alfred,Morrison,7762987322,"64 Locust Lane"
4703,Kecia,Strefeler,8761258634,"31 Beechwood Road"
4704,Dennis,Pagan,9068979967,"51 Elmwood Place"
4705,Melissa,Pike,7473800561,"35 Birch Lane"
4706,Myra,NULL,9683098976,"1 Hillside Avenue"
4707,Jessica,Martinez,9495324219,"24 Newbury Way"
4708,Doug,Riley,6139966912,"33 Elmwood Road"
4709,Tiffaney,Johnson,9490426711,"78 Greenfield Terrace"
4710,Bryan,Dyer,9616781035,"58 Park Lane"
4711,Peter,Moore,9039572122,"37 Kingston Way"
4712,Bobby,Wilcox,9818980793,"63 Ridgewood Road"
4713,Hilda,Smith,8167028111,"40 Locust Lane"
4714,Lee,Mellis,9665248890,"52 Oakwood Drive"
4715,Barbara,Catton,8664256253,"25 Glenwood Drive"
4716,Emily,Cordray,6612795943,"56 Forest Drive"
4717,William,Starr,9545141883,"35 Linden Avenue"
4718,William,Gallegas,7863530654,"4 Grove Street"
4719,Norman,Ortega,9460963664,"31 Elmwood Terrace"
4720,Maudie,NULL,7709408741,"39 Prospect Avenue"
4721,Peter,Dupre,6832556901,"9 Prospect Avenue"
4722,Elizabeth,Jones,7688677984,"16 Pineview Road"
4723,John,Wilkerson,9898379492,"28 Walnut Street"
4724,Ismael,Wilcox,6873836907,"65 Willow Street"
4725,Judy,Rains,9011299949,"65 Pineview Drive"
4726,Laurie,Page,9464790095,"59 Oakwood Drive"
4727,Cynthia,Souza,8444695721,"20 Parkview Avenue"
4728,Lisa,Perry,7277953944,"74 Linden Avenue"
4729,Brittany,Birch,7542100989,"18 Highland Road"
4730,Meg,Noble,7063766380,"7 Highland Place"
4731,Ronald,Derrigo,7779262554,"5 Elm Street"
4732,Emily,Casillas,8115836074,"5 Ashland Avenue"
4733,Lorita,Collins,9553796142,"17 Pineview Road"
4734,Debbie,Ahern,8873656448,"38 Locust Street"
4735,Joseph,Hartness,6614390508,"31 Forest Avenue"
4736,Tonya,Degasparre,8899399757,"73 Cedar Court"
4737,Marilyn,Heller,9320197617,"72 Hudson Terrace"
4738,Juana,Goldfeder,6229967204,"54 Parkview Terrace"
4739,Christine,Rivas,8411737040,"28 Hillcrest Road"
4740,Richard,Rankin,6065465703,"33 Hillside Avenue"
4741,Larry,Brown,8316507326,"47 Briarwood Court"
4742,Kyle,Dion,6857934534,"68 Grove Street"
4743,Barbara,Taylor,6749897443,"71 Ridgeview Drive"
4744,Frank,Leahy,9100304216,"36 Linden Lane"
4745,Jim,Tourville,9512454654,"33 Grant Street"
4746,Todd,Rader,7946362975,"43 Magnoli"
4747,Dana,Anderson,8587055092,"58 Columbus Lane"
4748,Tomas,Kennell,7517510482,"3 Fairway Drive"
4749,Jennette,Hopkins,9687966786,"23 Northview Terrace"
4750,Melissa,NULL,7191419753,"26 Elmwood Road"
4751,William,Buck,7509730482,"54 Cherry Hill Road"
4752,Joel,Lopeman,8064844547,"69 Oakdale Drive"
4753,Cameron,Edwards,6476973488,"23 Pine Street"
4754,Lori,Frias,7675291975,"27 Parkview Terrace"
4755,Philip,Campbell,6107089749,"37 Willow Lane"
4756,Christopher,Coddington,9277038036,"29 Maplewood Road"
4757,Darcie,Deleon,6849422004,"79 Cherrywood Lane"
4758,Tina,Coley,9007388456,"23 Garden Avenue"
4759,Nancy,Richards,8834888198,"52 Riverside Drive West"
4760,Linda,Bradshaw,7639125615,"11 Magnolia Avenue"
4761,Joyce,Brester,6267979904,"64 Elmwood Road"
4762,Kristin,Gustafson,9664714249,"63 Jefferson Lane"
4763,Sunny,Torres,9403712601,"59 Highland Place"
4764,Ricardo,Hollingsworth,7946881521,"37 Brookdale Avenue"
4765,Noah,Roesler,9202102611,"73 Madison Court"
4766,Lisa,Prohaska,8615852123,"46 Forest Avenue"
4767,Diana,Lee,6098812739,"49 Glenwood Avenue"
4768,Ricky,Carnevale,8035682084,"6 Lincoln Circle"
4769,Erin,Miller,6844083270,"14 Park Lane"
4770,Peter,Hall,6669703010,"51 Pineview Drive"
4771,Kenneth,Johnson,6805255557,"15 Hickory Drive"
4772,Donald,NULL,7754224017,"36 Oakwood Lane"
4773,Kim,Clanton,7166079026,"7 Brookdale Place"
4774,Dorothy,Loewen,8650728379,"35 Glenwood Drive"
4775,Jerry,Adams,7604060206,"51 Pinehurst Road"
4776,Theodore,Horn,6853346510,"48 Pineview Drive"
4777,Casandra,Flores,8147626284,"24 Longview Road"
4778,Evelyn,Mcclellan,8155397328,"17 Broadview Avenue"
4779,Chris,Ervin,8099062464,"24 Orchard Road"
4780,Jacquelyn,Harris,6482824236,"63 Pine Street"
4781,Sandra,Leonard,8328011503,"47 Madison Court"
4782,Robert,Pond,8971622038,"74 Garden Avenue"
4783,Alan,Johnson,9709520374,"12 Broad Street"
4784,Robert,Knaub,9836415758,"68 Pinehurst Road"
4785,Clinton,Millhouse,7453847577,"67 Vineyard Drive"
4786,John,Andrade,6598470634,"68 Cherrywood Lane"
4787,Thomas,Greene,8108240051,"55 Linden Lane"
4788,Rosie,James,8500792291,"59 Columbus Lane"
4789,Pamela,Waite,7982959182,"60 Elmwood Road"
4790,Charles,Davilla,6733610973,"45 Birchwood Lane"
4791,George,Cohen,6078114585,"63 Broadview Avenue"
4792,Cathleen,Capossela,6982997788,"40 Locust Street"
4793,Charlie,Dagley,9168445195,"43 Pleasant Street"
4794,Araceli,Poe,8090757318,"59 Vine Street"
4795,Krista,Becker,9695024486,"30 Elmwood Place"
4796,Kevin,Adams,7966606745,"54 Hudson Terrace"
4797,Matthew,Coyne,9850454099,"52 Fairview Avenue"
4798,Bobby,Mittler,8656029182,"17 Elmwood Terrace"
4799,Cristina,Byrne,8732735955,"33 Washington Avenue"
4800,Beverley,NULL,8808630300,"37 Newbury Way"
4801,Michael,Bankston,8004745965,"67 Greenfield Terrace"
4802,Michael,Sekel,6032310722,"5 Sunnyside Avenue"
4803,Christopher,Alexander,6470480531,"64 Parkview Terrace"
4804,Carla,Hodges,9633329826,"41 Oakdale Court"
4805,Sandie,Lawler,7861724016,"71 Newbury Way"
4806,Benjamin,Cheatham,6698026172,"69 Park Street"
4807,Clifford,Grace,8563807449,"48 Cherrywood Drive"
4808,Gloria,Rivas,9856570172,"40 Brookdale Place"
4809,Paul,Kennedy,8346563634,"11 Cedar Lane"
4810,Louise,Jones,8399048811,"43 Elmwood Road"
4811,Rita,Banks,8264476823,"63 Riverside Drive West"
4812,Charlie,Truesdale,9109902966,"53 Walnut Avenue"
4813,Terry,Varney,7577219338,"42 Ridgeview Drive"
4814,Claretta,Thorson,9899706316,"43 Jefferson Avenue"
4815,Shirley,Thiel,6687262084,"68 Beech Street"
4816,Sarah,Falkowski,8142446611,"36 Riverside Drive West"
4817,Kenneth,Cook,8322059636,"63 Maplewood Road"
4818,Curtis,Villalobos,7077692300,"51 Northview Road"
4819,James,Myers,8008959147,"31 High Street"
4820,Maria,Smith,8285668362,"74 Hickory Drive"
4821,Michael,Coleman,9955587862,"8 Jefferson Avenue"
4822,Lola,Chang,8891077985,"11 Birch Lane"
4823,Charles,Rosenberg,6163625582,"1 Grove Street"
4824,Arthur,Angelilli,6962166697,"2 Willow Lane"
4825,Ronald,Tuttle,8502656032,"31 Holly Avenue"
4826,Tina,Youngdahl,9174640412,"30 Lexington Place"
4827,Misty,NULL,7110838950,"12 Hillcrest Road"
4828,Thomas,Sheroan,8071963440,"27 Parkview Road"
4829,Sylvia,Francis,6421908517,"28 Hillside Avenue"
4830,Justin,Reyes,7620634960,"62 Parkside Lane"
4831,Daniel,Andrews,7094536589,"43 Cedar Court"
4832,Valerie,Antle,8276585811,"13 Jefferson Street"
4833,Michael,Cole,9173129652,"39 Orchard Road"
4834,Pamela,Nichols,7356027988,"60 Valley Road"
4835,Lynda,Pollock,8898028378,"21 Mainview Avenue"
4836,Elnora,Phillies,9469159586,"18 Ridgeview Drive"
4837,Carl,League,6897365506,"40 Glenwood Drive"
4838,May,Binegar,8781876766,"25 High Street"
4839,Carmen,NULL,6294535472,"10 Maple Lane"
4840,Jessica,Jordan,6960302581,"58 Oak Street"
4841,Candace,Lara,9076341410,"11 Grant Street"
4842,Norma,Jones,6218010628,"64 Holly Lane"
4843,Alma,Arp,6273698236,"47 Pine Street"
4844,David,Hall,6795551647,"49 Birchwood Lane"
4845,Julie,Jarvis,8658367889,"40 Riverside Drive"
4846,Lee,Delrosario,8707999403,"7 Brookdale Avenue"
4847,Judy,Rodriguez,9510947709,"49 Madison Court"
4848,Wayne,Lindsey,6541496956,"54 Newbury Way"
4849,Alfredo,Finney,8518368511,"20 Ridgeview Drive"
4850,Pamela,Henson,6807156064,"56 Jefferson Street"
4851,Elwood,Lorenz,7593216181,"53 Meadowbrook Road"
4852,Nina,Godinez,7860791433,"40 High Street"
4853,Bertha,Shelton,6533694583,"57 Birch Lane"
4854,Kacie,Schneider,8272492950,"7 Fairview Drive"
4855,Roland,Mcdonough,6063082212,"14 Locust Street"
4856,Betty,Block,6455059163,"71 Northview Road"
4857,Ida,Andes,6910399981,"39 Oakwood Drive"
4858,Irene,Berglund,8029863865,"72 Grant Street"
4859,Juana,Barnes,8779554535,"56 Southview Lane"
4860,Michael,Fortin,9539290277,"51 Elmwood Road"
4861,Mittie,NULL,9948877421,"9 Beech Street"
4862,Clarence,Olson,8222874014,"5 Chestnut Avenue"
4863,Micah,Braden,7780459665,"61 Lincoln Avenue"
4864,Wayne,Collins,9990143090,"22 Parkview Terrace"
4865,Nell,Delaney,6434979643,"31 Brookside Avenue"
4866,Arthur,Freeman,9059510772,"72 Jefferson Lane"
4867,Paul,Robertson,7422711396,"29 Broad Street"
4868,Vannesa,NULL,7097938296,"26 Brookdale Avenue"
4869,Sandy,Balducci,8268300015,"79 Walnut Avenue"
4870,Nita,Gonzalez,9265722395,"33 Locust Lane"
4871,Andrew,Jones,7240959518,"67 Hickory Drive"
4872,Irene,Villena,9042530688,"20 Fairway Drive"
4873,Deena,Mauldin,6889866527,"60 Mainview Avenue"
4874,Joshua,Murray,9397527679,"56 Fairview Drive"
4875,Dale,NULL,6353834619,"70 Broad Street"
4876,Marge,NULL,8959992668,"74 Eastlake Drive"
4877,Lucille,Bean,9875793075,"47 Parkview Avenue"
4878,Phillip,Carualho,7848325821,"59 Fairview Drive"
4879,Dean,Kerr,9071866848,"22 Brookdale Place"
4880,Jennifer,Holland,9468674422,"52 Cedar Street"
4881,Barbara,NULL,6707247430,"36 Madison Avenue"
4882,Patrick,NULL,9489470145,"35 Brookside Avenue"
4883,Jeffrey,NULL,9393752084,"62 Woodbine Street"
4884,Tom,King,7576987061,"57 Willow Street"
4885,Lisa,Hellman,9900010568,"34 Northview Road"
4886,Katherine,Barney,7275760346,"1 Linden Lane"
4887,Jerry,Guzman,7522551629,"18 Broadview Avenue"
4888,William,Robbs,9333616373,"18 Park Street"
4889,Sara,Boutelle,7969991229,"53 Hickory Drive"
4890,Linda,Morris,6556931857,"20 Madison Avenue"
4891,Marlon,Brock,9210213028,"39 Springdale Road"
4892,Carolyn,Chambers,9513282153,"62 Birch Lane"
4893,Naomi,Ramos,8520800600,"28 Beech Street"
4894,Lucy,Bailey,8089524284,"11 Hillcrest Avenue"
4895,Scott,Washington,8627264554,"13 Walnut Street"
4896,Robert,Wagner,9334476094,"53 Chestnut Street"
4897,Marcella,Krause,9612358936,"77 Cherrywood Lane"
4898,George,Stones,6645559201,"33 Ashland Avenue"
4899,Sherry,Moreno,8413857150,"10 Mainview Avenue"
4900,Shelby,Brady,9684324102,"63 Newbury Way"
4901,Julie,Levitsky,9255701833,"70 Elmwood Road"
4902,William,Williams,9436790616,"12 Hudson Terrace"
4903,Tammy,Amundson,8304156097,"22 Chestnut Avenue"
4904,Joan,Shadle,9661100188,"6 Oak Street"
4905,Anna,Flower,6029811260,"73 Pleasant Street"
4906,Kristin,Hatherly,8517320655,"71 Maple Lane"
4907,Nikki,Hall,8886578778,"32 Pine Street"
4908,Wayne,Bradley,8896005011,"3 Washington Avenue"
4909,Ola,Thomas,9325706488,"38 Highland Road"
4910,Ronald,Dorsey,7177982420,"37 Broad Street"
4911,Paul,Maloney,6914417686,"39 Greenfield Avenue"
4912,Michele,Vargas,9828196589,"50 Highland Road"
4913,Keith,Berner,9753249925,"49 Elmwood Terrace"
4914,Robert,Angel,8495923502,"69 Longview Road"
4915,Diane,Pitcherello,6154545240,"8 Orchard Road"
4916,Johnnie,Johnson,6048254262,"76 Pinehurst Road"
4917,Ben,Forney,8399268753,"48 Applewood Drive"
4918,Kenneth,Brenner,6256362310,"60 Woodbine Street"
4919,Teresa,Singleton,9238055309,"55 Forest Avenue"
4920,Consuelo,Kelly,7121668724,"52 Elm Street"
4921,Johanna,Gibbs,9874246189,"48 Brookdale Avenue"
4922,Marta,Arellano,7378940868,"58 Glenwood Avenue"
4923,Mary,Adams,7027774629,"6 Highland Place"
4924,Arthur,Nelson,7549654864,"17 Madison Court"
4925,David,NULL,9646493207,"54 Magnolia Avenue"
4926,Michele,NULL,7850870627,"2 Locust Street"
4927,George,Bryant,7619230873,"43 Newbury Way"
4928,Sanjuanita,Sperry,9343719828,"13 Madison Avenue"
4929,Michael,NULL,8093776144,"79 Brookdale Avenue"
4930,Keith,Perez,7122815459,"9 Lakeview Drive"
4931,Tameka,Chow,6031204888,"74 Oakdale Drive"
4932,Joyce,Hanlon,8431517432,"60 Vineyard Drive"
4933,John,NULL,9741314032,"47 Lexington Place"
4934,John,Davis,8471026959,"42 Rosedale Avenue"
4935,Stephanie,Galindo,6586569022,"14 Hillcrest Road"
4936,Harold,Eisinger,6349211662,"33 Oak Hill Drive"
4937,Angela,Garcia,8171362151,"37 Parkside Lane"
4938,Philip,Dixon,8232578062,"5 Oakdale Court"
4939,Kenneth,Limerick,8790732028,"27 Greystone Terrace"
4940,Christine,Myklebust,7406173861,"51 Hillcrest Road"
4941,Ben,Unterseher,9282769888,"14 Meadowbrook Road"
4942,James,Cain,9938932019,"6 Washington Avenue"
4943,John,Brinkley,9902860080,"74 Sunset Drive"
4944,Michael,Curlee,6025748500,"50 Willow Lane"
4945,Cecilia,Alvarez,8691912002,"13 Riverside Drive"
4946,Earline,Epps,6597134671,"22 Laurel Lane"
4947,Mark,Stones,7508979290,"68 Sycamore Street"
4948,Martin,Hamilton,8352047229,"26 Highland Road"
4949,Jarrett,Williams,9106765572,"20 Riverside Drive"
4950,Felicia,Smith,6401335305,"22 Maple Lane"
4951,Mildred,Debnam,8910414032,"22 Maplewood Drive"
4952,Saundra,NULL,9926407728,"61 Newbury Way"
4953,Marc,Mccomas,8461198363,"24 Oak Street"
4954,Josie,Dennis,9454969877,"73 Madison Avenue"
4955,David,Thomas,7515310179,"8 Forest Avenue"
4956,Wm,Sheppard,8035590460,"23 Oak Hill Drive"
4957,Jeanette,Burchett,9969468164,"31 Chestnut Avenue"
4958,Michael,Vaughn,9777759297,"21 Pinehurst Road"
4959,Cynthia,Schleusner,7836596876,"34 Pinehurst Road"
4960,Marie,Ray,6237460162,"49 Linden Lane"
4961,Miles,Bordelon,8013971525,"78 Greystone Terrace"
4962,Thomas,Scott,9074253880,"60 Jefferson Avenue"
4963,Zella,Trader,7213615948,"49 Sunnyside Road"
4964,Mary,Harris,8497782592,"76 Glenwood Avenue"
4965,Anthony,Gonzales,9012822559,"72 Brookdale Avenue"
4966,Lino,Eshom,7457720390,"18 Ridgewood Road"
4967,Phyllis,Lovell,6972265698,"73 Grove Street"
4968,Maria,Londono,7331993569,"12 Grove Street"
4969,Louis,Hewins,6627382099,"27 Briarwood Court"
4970,Derick,Brown,7608271737,"22 Cedar Street"
4971,Gloria,Brooks,6581476495,"73 Holly Avenue"
4972,Terese,Baxter,6629333381,"75 Highland Road"
4973,Suzanne,Gallagher,7791119161,"60 Pinehurst Road"
4974,James,Hare,8766365298,"25 Cherrywood Lane"
4975,Terrance,Sanchez,9918818930,"6 Pinehurst Drive"
4976,Amanda,Friesenhahn,8364539148,"26 Hickory Drive"
4977,Tommy,Barreto,8892495666,"3 Ridgewood Road"
4978,Kirsten,Allred,9082435860,"49 Park Lane"
4979,Paul,Lake,9714874096,"43 Riverside Drive West"
4980,Nichole,Atkins,7619263854,"57 Holly Avenue"
4981,Richard,Ellis,8275484596,"16 Ashland Avenue"
4982,Cinda,Johnston,6775782788,"52 Pinehurst Road"
4983,Ashley,Clarke,8754379357,"79 Elm Street"
4984,Celestine,Elias,8386063985,"34 Glenwood Avenue"
4985,John,Mitchel,6639312859,"58 Hickory Lane"
4986,Maria,Arwood,7282847248,"35 Elmwood Terrace"
4987,Anthony,Hayden,9898962972,"76 Park Street"
4988,Della,Mercurio,6407564924,"73 Sunnyside Road"
4989,Edith,Watkins,7694714652,"18 Chestnut Street"
4990,Brandon,Ruffin,6779217282,"3 Cedar Street"
4991,Edward,Duhon,8544926853,"42 Forest Drive"
4992,William,NULL,7172057770,"77 Garden Avenue"
4993,Becky,Clegg,7766721093,"67 Brookside Avenue"
4994,Carmen,Hill,6169979933,"73 Valley Road"
4995,Olga,Brack,9712121727,"79 Willow Lane"
4996,Betty,Eury,6942943527,"8 Washington Avenue"
4997,Henry,Gomez,8375723073,"8 Jefferson Street"
4998,Mildred,Freeman,7439499826,"10 Maple Avenue"
4999,Sally,Konowal,9881500494,"1 Vine Street"
5000,Mary,Alleman,9499274376,"72 Springdale Road"
5001,Susan,Bosley,7024736229,"47 Hillcrest Avenue"
5002,India,Weathersby,7847201717,"55 Holly Avenue"
5003,Jesus,Fernandez,9774398953,"41 Lakeview Drive"
5004,Lee,Smith,8082923004,"73 Highland Place"
5005,Joshua,Matthews,7077216515,"61 Madison Court"
5006,Tempie,Walker,7446459003,"52 High Street"
5007,Glenn,Schroyer,8249054630,"74 Riverside Drive"
5008,Jessie,Rehl,9609530711,"63 Columbus Lane"
5009,Michael,Broberg,9897251477,"55 Jefferson Lane"
5010,Brenda,Martinez,7884213967,"26 Fairway Drive"
5011,Nathaniel,Acker,6727226037,"39 Forest Drive"
5012,Tiffany,Turner,7851927873,"75 Cedar Lane"
5013,Jammie,Low,7293945307,"75 Hillside Avenue"
5014,Evelyn,Hanstein,7251541984,"32 Pineview Drive"
5015,Juan,Brown,8893856910,"22 Longview Avenue"
5016,Ronald,Conditt,6756105005,"18 Cherrywood Lane"
5017,Christy,NULL,6186263508,"28 Brookdale Place"
5018,Nicholas,Burgher,9529438713,"61 Maple Lane"
5019,Violet,Craig,8883101516,"73 Valley View Road"
5020,Ted,Coleman,8457864668,"69 Cedar Street"
5021,Michael,Benavidez,8172615295,"4 Pinehurst Drive"
5022,Teresa,Kirkpatrick,7034866156,"34 Highland Drive"
5023,Hollie,NULL,9022463323,"33 Rosedale Avenue"
5024,Alexis,Park,8237207529,"18 Yorktown Road"
5025,Melanie,Hearn,9873228603,"34 Sunset Drive"
5026,Beth,Harris,6417194012,"75 Meadow Lane"
5027,Herbert,Hoster,7542267675,"31 Elmwood Place"
5028,John,Ellis,8651472934,"46 Valley Road"
5029,Marc,Quayle,9714025023,"37 Northview Terrace"
5030,Judy,Torres,9524875610,"79 Hillcrest Avenue"
5031,Katherine,Applewhite,9622841550,"35 Glenwood Avenue"
5032,Melissa,Talerico,7276564888,"3 Maplewood Drive"
5033,Evelyn,Barnard,8980405189,"63 Oakwood Lane"
5034,Tammie,Kennon,9239675567,"35 Park Street"
5035,Gregory,Koch,9912280094,"18 Eastwood Drive"
5036,William,Dix,8927697435,"48 Cedar Terrace"
5037,Richard,Connor,8951858448,"54 Lincoln Circle"
5038,Timothy,Csaszar,6863351593,"27 Walnut Avenue"
5039,Willie,NULL,6628985338,"30 Fairmount Road"
5040,Leigh,Howard,7294760298,"66 Rosedale Avenue"
5041,Richard,Russell,8983246763,"13 Hillcrest Drive"
5042,Anita,Dykes,9461746857,"45 Park Avenue"
5043,Charles,Dambrosio,6378380943,"47 Brookdale Place"
5044,Larry,Tortora,9606250079,"39 Parkview Road"
5045,Mark,Miller,8332005444,"58 Birchwood Lane"
5046,Sandra,Goodin,6730870214,"64 Broadview Avenue"
5047,Paul,Martin,9286264142,"39 Riverside Drive"
5048,Timothy,Flores,7881651530,"74 Greystone Terrace"
5049,Susanna,Miller,7370887495,"20 Cherrywood Drive"
5050,William,Hamann,8550273726,"11 Sunnyside Road"
5051,Eduardo,Foster,7543538954,"37 Birch Lane"
5052,Frances,Naumann,6172370271,"22 Pinehurst Road"
5053,David,Mcclure,8113373393,"64 Springdale Road"
5054,David,Stone,6629514091,"32 Glenwood Drive"
5055,Timothy,Timmons,9372316472,"33 Lincoln Circle"
5056,Karen,Parker,6835524963,"16 Parkview Terrace"
5057,Shirley,NULL,8286932148,"12 Laurel Lane"
5058,Michael,Waters,8998048950,"41 Ridgeview Drive"
5059,Ruth,Groves,9905094962,"12 Elmwood Place"
5060,John,Carr,9533070124,"73 Riverside Drive"
5061,Darrell,Lyman,8745250768,"57 Fairmount Road"
5062,Carrie,Jones,7305153094,"57 Garden Avenue"
5063,Wilford,Carroll,6266486814,"12 Oakdale Drive"
5064,Frank,Browning,7178787829,"21 Glenwood Drive"
5065,Charles,Maurer,6951278825,"1 Broadview Avenue"
5066,Paul,NULL,6147375070,"46 Springdale Road"
5067,Glenda,Pimental,8479730601,"5 Walnut Street"
5068,Thomas,Oakes,7137567926,"6 Columbus Lane"
5069,Janet,Railsback,7467574478,"12 Lincoln Circle"
5070,Jesus,NULL,8086075477,"70 Oakdale Court"
5071,Keith,Gallegos,8184190058,"68 Ridgeview Drive"
5072,Phyllis,Allison,6286346667,"60 Broadview Avenue"
5073,Abigail,Kipp,8687472128,"44 Fairview Avenue"
5074,Orville,Snyder,6722749922,"70 Cherrywood Drive"
5075,Carol,Dunbar,6517512110,"14 Greenfield Terrace"
5076,Christine,Carter,9851587568,"59 Yorktown Road"
5077,Miriam,Kane,6361874597,"60 Chestnut Street"
5078,James,Mauro,6026415513,"53 Willow Lane"
5079,David,NULL,8181003048,"59 Lincoln Circle"
5080,Betty,Davis,7032437641,"26 Glenwood Drive"
5081,Patricia,Weinberg,9074729542,"53 Maple Lane"
5082,Raymond,Murach,7733597816,"21 Fairway Drive"
5083,David,Camara,7490172659,"62 Parkview Terrace"
5084,Charles,Douglas,9919595794,"17 Madison Avenue"
5085,Patricia,Vondielingen,8249925448,"70 Beech Street"
5086,Odessa,Wolfe,8890735061,"14 Magnolia Avenue"
5087,Raquel,Monger,7453299019,"34 Springdale Road"
5088,Angela,Horvath,9184179276,"43 Garden Avenue"
5089,Donald,Brand,6344530981,"45 Meadowbrook Road"
5090,Anne,Mcleland,8275481996,"78 Springdale Road"
5091,Hilma,Lipford,6209066448,"63 Locust Lane"
5092,Cynthia,Scott,8864717080,"54 Birch Lane"
5093,Anne,Skipper,7204773729,"35 Parkview Terrace"
5094,Brenda,Gump,7851893451,"1 High Street"
5095,Jose,Kirk,9344006829,"55 Birchwood Lane"
5096,Andrew,Grimes,9945782413,"49 Hillside Avenue"
5097,Dan,Tipton,8305361090,"14 Sycamore Street"
5098,Paul,Thibodeau,7926781882,"52 Longview Avenue"
5099,Tomeka,Flagg,6613867668,"75 Glenwood Drive"
5100,Beverly,Santiago,8943048143,"66 Fairmount Road"
5101,John,NULL,6951967733,"42 Pineview Drive"
5102,Erich,Giron,8832608970,"54 Applewood Drive"
5103,Linda,NULL,7752827576,"8 Pineview Lane"
5104,Ella,Mckie,7793120568,"40 Pineview Drive"
5105,John,Graham,9609328315,"52 Glenwood Avenue"
5106,Dorothy,Aviles,8779414661,"37 Walnut Avenue"
5107,Nick,NULL,7300774451,"46 Grove Street"
5108,John,Corporan,9357783318,"75 Park Avenue"
5109,Daniel,Kendall,6103076031,"48 Holly Avenue"
5110,May,Bowman,9981112840,"25 Forest Avenue"
5111,Geraldine,Pimentel,9850173867,"70 Southview Lane"
5112,Angela,Paxton,8702779769,"29 Grant Street"
5113,Christopher,Mcvey,8012284568,"56 Madison Court"
5114,Margaret,Cunningham,8268288217,"13 Kingston Way"
5115,James,NULL,7173905456,"69 Eastlake Drive"
5116,Jackie,Major,8138951837,"71 Lakeview Drive"
5117,Chris,NULL,9226506274,"18 Cedar Lane"
5118,Rita,NULL,7273159161,"25 Longview Road"
5119,Robert,Cook,9857061366,"35 Broadview Avenue"
5120,Catherine,Gump,6590844323,"27 Locust Street"
5121,Ruth,Anderson,7690968595,"28 Hickory Lane"
5122,James,Craig,7212049325,"59 Maplewood Road"
5123,Reginald,Blanchette,6189151155,"75 Lake Shore Drive"
5124,Jennifer,Butler,7145232304,"35 Maplewood Road"
5125,Grace,Walsh,6899660852,"73 Eastlake Drive"
5126,Terrance,Brown,8657376499,"31 Glenwood Avenue"
5127,Kimberly,Santiago,7554069859,"61 Ridgeview Drive"
5128,Thomas,Pond,7890414403,"38 Grant Street"
5129,Michiko,Sandy,9632505015,"64 Northview Terrace"
5130,James,Smith,7594409450,"77 Ashland Avenue"
5131,Effie,Crowley,9245003641,"6 Meadow Lane"
5132,Harry,Feeley,6433717430,"24 Kingston Way"
5133,Frank,Bodner,8032794544,"40 Sycamore Street"
5134,Gregory,Carter,9546852488,"78 Magnolia Avenue"
5135,Floyd,Soliz,6713799998,"62 Belmont Avenue"
5136,Jose,Torres,8496987873,"11 Fairview Drive"
5137,David,Weller,6588581003,"70 Parkside Lane"
5138,Lester,Jolin,8943996006,"71 Walnut Street"
5139,Kathy,Jonas,6859080356,"21 Ridgewood Road"
5140,Patricia,Johnson,8878283676,"41 Greenfield Avenue"
5141,Rita,Smith,6088515276,"72 Hillcrest Avenue"
5142,Catherine,Walker,6677199267,"31 Woodbine Street"
5143,Sally,Krumwiede,6445923623,"13 Elmwood Road"
5144,William,Bailey,7015379992,"58 Kingston Way"
5145,Setsuko,Schmatz,8560873649,"34 Broad Street"
5146,Martha,Estrada,7484749714,"36 Eastwood Drive"
5147,Pattie,Sharpe,6480039109,"65 Lake Shore Drive"
5148,Julio,Espinal,9187729011,"17 Highland Road"
5149,Naomi,Johnson,6307865436,"16 Lincoln Avenue"
5150,Jeff,Amerson,8512207519,"7 Garden Avenue"
5151,Alvaro,Henninger,7850361551,"27 Pineview Lane"
5152,Julie,Smith,8516244578,"68 Beechwood Road"
5153,Robert,Jauregui,9579201157,"5 Grant Avenue"
5154,David,Bryson,8700790751,"36 Northview Road"
5155,Kayla,Kantor,7223780494,"31 Northview Road"
5156,Alva,Taylor,6418670547,"40 Pineview Road"
5157,Mark,Ryant,9772733804,"6 Parkside Lane"
5158,Rick,Lomonaco,9080397524,"3 Madison Court"
5159,Frank,Pugh,6299284330,"47 Parkside Lane"
5160,Lela,Allen,7048285387,"60 Northview Terrace"
5161,Keith,Angeles,9412568288,"33 Parkview Terrace"
5162,Manual,Swearengin,9513130484,"65 Orchard Road"
5163,Cara,Pierson,8953543695,"56 Pineview Road"
5164,Linda,Betts,9961449407,"3 Willow Lane"
5165,Gladys,Ankrom,7643486436,"19 Oak Hill Drive"
5166,Viola,Green,7651839401,"43 Grove Street"
5167,Albert,Mcculloch,6967890675,"7 Jefferson Avenue"
5168,Sarah,Walker,9401563045,"43 Pine Street"
5169,Mitchell,Distefano,6079376978,"56 Northview Terrace"
5170,Vicenta,Rebuldela,6856180172,"35 Chestnut Street"
5171,Helen,Garcia,6565732752,"69 Brookside Avenue"
5172,Laureen,Darrigo,7588845270,"63 Brookside Avenue"
5173,Michael,NULL,9111884670,"9 Riverside Drive"
5174,Alan,Whittle,9055953522,"28 Elmwood Terrace"
5175,Wilma,Toscano,9390871258,"37 Pine Street"
5176,William,NULL,9851097356,"34 Hudson Terrace"
5177,Laverne,Taylor,8627970611,"24 Hillside Avenue"
5178,John,Rock,7221038049,"34 Grant Avenue"
5179,Arthur,Lewis,9564322615,"44 Hickory Lane"
5180,Timothy,Luis,8810879698,"40 Parkview Terrace"
5181,Sarah,Torres,8936021877,"10 Linden Avenue"
5182,Perry,Zamora,9833272463,"34 Prospect Avenue"
5183,Jose,Smith,6037997020,"36 Brookdale Avenue"
5184,Charles,Smith,9978727140,"35 Oakwood Drive"
5185,Lora,NULL,9872369749,"68 Orchard Road"
5186,Jack,Hamberg,6847298145,"48 Parkview Terrace"
5187,Donald,Russell,9459832959,"2 Lincoln Avenue"
5188,Patricia,Harris,7598951670,"77 Birchwood Lane"
5189,Steven,Rodman,8285060080,"11 Oakdale Court"
5190,Tran,Abernathy,7791367281,"32 High Street"
5191,Ruby,Boden,7705279120,"46 Chestnut Street"
5192,Elizabeth,Mchenry,8132354599,"22 Maplewood Road"
5193,Robert,Maxcy,9253645838,"20 Maplewood Drive"
5194,Michael,Harris,9527427041,"32 Laurel Lane"
5195,Caitlyn,Badgley,9640985757,"24 Cedar Street"
5196,Maxine,Aplin,9156127672,"60 Grant Street"
5197,Dustin,Medina,6314672459,"58 Hickory Drive"
5198,Anita,Macias,7497352994,"41 Hickory Lane"
5199,Sarah,Kestler,9551525012,"63 Pinehurst Road"
5200,David,Angel,9461038748,"19 Grant Street"
5201,Amy,Para,6705223487,"60 Cedar Street"
5202,Mattie,James,6583390777,"59 Belmont Avenue"
5203,Cornelia,Heffernan,9271547199,"74 Pineview Drive"
5204,Dennis,Derrick,6674825393,"67 Parkview Road"
5205,Joanne,Tineo,9683783672,"42 Hickory Drive"
5206,Lester,Barnes,6670511417,"50 Pinehurst Road"
5207,David,Swartz,9476603546,"33 Hickory Drive"
5208,Carol,Fashaw,7626007740,"58 Pineview Lane"
5209,Fred,Ferguson,6682300294,"39 Linden Avenue"
5210,Alisha,NULL,8931368120,"49 Maple Avenue"
5211,Jennifer,Showers,9059912992,"70 Hickory Lane"
5212,Pamela,Lewis,7706932741,"42 Cherry Hill Road"
5213,Mel,NULL,9204401866,"7 Maple Avenue"
5214,George,Cebula,6634170612,"28 Forest Drive"
5215,Doug,Easton,6589280022,"10 Cherrywood Drive"
5216,Odell,Bradshaw,7338425078,"41 Belmont Avenue"
5217,Paul,Bullard,7626038326,"79 Magnoli"
5218,Lindsay,Digiacomo,6633921351,"19 Grove Street"
5219,Gilbert,Lee,8384254520,"16 Cedar Court"
5220,Vanessa,Babin,7831762516,"31 Hillcrest Road"
5221,August,Chestnut,7805125592,"38 Brookdale Place"
5222,Betty,Duncan,9707577986,"45 Pineview Drive"
5223,Scotty,Kornreich,9024205560,"48 Willow Lane"
5224,Megan,Lambert,8597424569,"18 Birchwood Lane"
5225,Irene,Greenwood,7787858055,"31 Lincoln Avenue"
5226,Roberto,Radabaugh,7679926087,"66 Jefferson Lane"
5227,Lisa,NULL,8029010768,"79 Valley View Road"
5228,Bryan,Bell,6276477551,"8 Riverside Drive West"
5229,Todd,NULL,9884224837,"29 Cedar Road"
5230,Burt,NULL,9986069844,"49 Oakdale Drive"
5231,Brenda,Rodrigues,6359328267,"42 Applewood Drive"
5232,Elizabeth,Gruwell,9087438979,"17 High Street"
5233,Serita,Alatorre,7676758000,"39 Oakwood Lane"
5234,Michael,Baynard,8895554732,"38 Maple Avenue"
5235,Joseph,Milton,7890444929,"39 Grant Street"
5236,Jewell,Cendejas,9858320315,"69 Meadow Lane"
5237,Chase,NULL,9066910165,"13 Pineview Drive"
5238,Emily,Desai,9856567235,"49 Springdale Road"
5239,Wallace,Lee,8768373810,"71 Hickory Drive"
5240,Daniel,Tregre,8287414551,"45 Ashland Avenue"
5241,David,Collier,6247382797,"13 Willow Street"
5242,Jerome,Turcotte,7179850712,"73 Fairview Avenue"
5243,Andrew,Head,9311369974,"59 Vineyard Drive"
5244,Gustavo,Parrish,9173165633,"40 Lake Shore Drive"
5245,Megan,Jenkins,9643687684,"22 Southview Lane"
5246,Ladonna,Hayden,9935805812,"66 Meadowbrook Road"
5247,Dominic,Jones,8969091654,"53 Parkside Lane"
5248,Pearl,Grantham,7691291417,"46 Magnoli"
5249,Derek,Ruiz,6587606182,"37 Rosedale Avenue"
5250,Lydia,Thomas,9366812142,"50 Pineview Drive"
5251,Douglas,Ortiz,8750790846,"35 Lincoln Avenue"
5252,Cheryl,Manera,6533755576,"34 Cedar Lane"
5253,William,Vargas,8756871079,"59 Parkview Road"
5254,Annmarie,Harris,6597380153,"63 Northview Road"
5255,Susan,Mcmullan,9095910268,"25 Hillcrest Avenue"
5256,Sandra,Lang,8800722030,"39 Highland Drive"
5257,Anne,Davis,6669375212,"44 Birch Lane"
5258,James,Lopez,9512745439,"52 Southview Lane"
5259,Joseph,Carpenter,6590101535,"63 Belmont Avenue"
5260,Amy,Weeks,8829048445,"15 Lakeview Drive"
5261,Estelle,Jedele,9289947579,"71 Willow Lane"
5262,Nicole,Norris,7913650486,"62 Elmwood Road"
5263,Kelsi,Shockey,9686010792,"63 Cherry Hill Road"
5264,Sarah,Pittman,6133328195,"30 Parkview Avenue"
5265,Robert,Vaughn,9162064058,"46 Park Lane"
5266,Fredrick,Henderson,8757930964,"58 Pine Street"
5267,Angelique,Smith,8470034120,"58 Linden Avenue"
5268,Carlos,Tomasini,8138366149,"65 Maplewood Road"
5269,Kera,Brown,7342029407,"75 Locust Lane"
5270,Tami,Moreland,7354271323,"13 Magnolia Avenue"
5271,John,Epperson,8216890592,"44 Oakwood Drive"
5272,Elsa,Patillo,6723769865,"51 Fairway Drive"
5273,Hiram,Box,6294992300,"76 Oakdale Court"
5274,Marlene,Gallaher,6885309457,"38 Madison Court"
5275,Arnulfo,North,7418597595,"38 Ridgewood Road"
5276,Robert,Rivera,6665426079,"27 Birchwood Lane"
5277,Louise,Bock,8309355049,"13 Northview Terrace"
5278,Joshua,Hua,6024195176,"32 Washington Avenue"
5279,Stephen,Allegra,8033384328,"14 Garden Avenue"
5280,Eliana,Stovall,9502590818,"6 Cedar Lane"
5281,Joshua,Mendoza,6012127675,"53 Broadview Avenue"
5282,Arthur,NULL,7140029692,"68 Maplewood Road"
5283,Leo,Mikelson,7017479720,"29 Valley View Road"
5284,Chris,Green,6182805756,"21 Park Street"
5285,Margaret,Taylor,6630582777,"60 Yorktown Road"
5286,Kelley,Moorman,6458422165,"9 Forest Avenue"
5287,Carlos,Ogden,9193782598,"31 Hickory Lane"
5288,James,Garza,9337182200,"39 Vine Street"
5289,Terry,Santos,7284384739,"79 Sunset Drive"
5290,Delbert,Curley,6410982580,"16 Fairmount Road"
5291,Gina,East,9199515092,"34 Linden Lane"
5292,Harry,Kelley,8878107357,"69 Hickory Lane"
5293,Jamie,Schreiber,9645290544,"74 Meadow Lane"
5294,Cassie,Thornhill,7638236516,"45 Willow Street"
5295,Brian,Schulte,6197137112,"44 Park Street"
5296,William,NULL,6674816607,"48 Oakwood Drive"
5297,Christina,Zepeda,6373658391,"58 Hillcrest Road"
5298,Roy,Battle,6148690352,"60 Broad Street"
5299,Ashley,Wynn,8191157948,"26 Fairmount Road"
5300,Rebecca,Escobar,8904933222,"48 Forest Drive"
5301,Douglas,Reiher,7601883413,"53 Glenwood Avenue"
5302,Keith,Dennis,7382049638,"67 Birchwood Lane"
5303,Daniel,Mallia,9399499858,"76 Parkview Terrace"
5304,Cecile,Hallock,8621486828,"8 Oakwood Drive"
5305,Earline,Hughes,8946413204,"8 Highland Place"
5306,Julius,Scott,8780857460,"76 Walnut Avenue"
5307,Tamara,NULL,8170282438,"28 Forest Avenue"
5308,Cris,NULL,9938244000,"38 Greenfield Avenue"
5309,Walter,Amador,8619973221,"77 Greenfield Terrace"
5310,Anna,Frein,7910464692,"47 Pleasant Street"
5311,Virginia,Long,6468731283,"67 Southview Lane"
5312,Rufus,Mouw,7956828939,"42 Cedar Lane"
5313,Charles,Diaz,8390340193,"10 Broadview Avenue"
5314,Ann,NULL,6865582428,"6 Hillcrest Road"
5315,Teresa,Ryan,8963306201,"14 Riverside Drive"
5316,Robert,Girard,9252122098,"15 Linden Lane"
5317,Albert,Hale,7069803540,"16 Elmwood Road"
5318,Peter,Schmidt,9450194884,"6 Meadowbrook Road"
5319,Elizabeth,Washington,8091307307,"14 Sunset Drive"
5320,Jacob,Wingert,7581450508,"28 Riverside Drive West"
5321,Mary,Mccool,7720417055,"34 Maplewood Road"
5322,Lorna,Davis,7879054754,"30 Madison Avenue"
5323,Chad,Jones,7753116027,"5 Hickory Lane"
5324,Darren,Lara,6147772726,"62 Hudson Terrace"
5325,Sandra,Stevens,6084933008,"20 Park Street"
5326,Jaime,Winnike,9168173530,"40 Northview Terrace"
5327,Everette,NULL,6173566247,"50 Parkview Avenue"
5328,Robert,Mann,6045433595,"11 Greenfield Avenue"
5329,James,Thomas,7333608329,"2 Lexington Place"
5330,Carl,Grijalva,9894478804,"18 Pineview Drive"
5331,Susan,Zinn,7948941182,"54 Longview Road"
5332,Barry,Tiller,8292416788,"37 Oak Hill Drive"
5333,Fred,Walls,9475393917,"66 Cedar Street"
5334,Hugh,Routt,7438928679,"34 Ridgeview Drive"
5335,Lindsey,Pokswinski,8594040614,"35 Pleasant Street"
5336,James,Banks,8468297936,"26 Maple Avenue"
5337,Benjamin,Manning,7387869474,"38 Meadowbrook Road"
5338,Patricia,Bagdon,7257989371,"44 Locust Lane"
5339,Mary,Mouser,7024890696,"47 Willow Street"
5340,Jo,Crews,6196901675,"56 Washington Avenue"
5341,Jennifer,Wooten,6502578093,"26 Jefferson Avenue"
5342,Charles,Boggs,7079876927,"50 Vineyard Drive"
5343,Christine,Hayes,7634799253,"2 Pinehurst Road"
5344,James,Schneider,7506342616,"54 Oakwood Lane"
5345,Olive,Gomez,6024495508,"8 Elmwood Road"
5346,Virginia,Denker,6247662554,"35 Cedar Road"
5347,Juan,Bijou,9438276165,"22 Highland Place"
5348,Gary,Martinez,7875628704,"75 Fairmount Road"
5349,Robert,Levine,7339794799,"51 Valley View Road"
5350,Mary,Skeels,7481429328,"18 Oak Hill Drive"
5351,Christopher,Kym,6804682477,"53 Garden Avenue"
5352,Kathy,Forrest,9609368280,"75 Lakeview Drive"
5353,Tameka,NULL,6637247617,"44 Beech Street"
5354,Eric,Carl,9931114984,"41 Cherry Hill Road"
5355,Larry,Goshorn,9226744719,"62 Maplewood Road"
5356,Kindra,Mccurdy,7234595338,"18 Newbury Way"
5357,Rita,Flynn,7158542291,"19 Hillcrest Drive"
5358,Herman,NULL,9530620675,"4 High Street"
5359,Virgil,Burns,7138792566,"73 Brookdale Place"
5360,Ernest,Miller,6215953317,"34 Pinehurst Drive"
5361,Lorraine,NULL,6670374850,"1 Parkview Avenue"
5362,Mary,Flowers,9691743603,"34 Cherry Hill Road"
5363,Elizabeth,Cash,8390114701,"34 Jefferson Street"
5364,Scott,Swingle,9857954020,"31 Highland Drive"
5365,Gary,Quimby,7184544483,"20 Belmont Avenue"
5366,Kai,NULL,7091153038,"3 Oakdale Drive"
5367,William,Sanchez,9149891266,"4 Maplewood Drive"
5368,Marjorie,Lee,7557004631,"6 Willow Lane"
5369,Evelyn,Goodson,7902090560,"58 Greenfield Avenue"
5370,Muriel,Marks,7408675125,"45 Magnoli"
5371,Eduardo,Cianflone,7127555480,"57 Oakwood Lane"
5372,Connie,Miles,6077840160,"67 Forest Avenue"
5373,Brittany,Brown,7860387388,"65 Beechwood Avenue"
5374,Sylvia,January,6287554964,"2 Jefferson Avenue"
5375,Gregory,Herrera,7823507893,"4 Chestnut Street"
5376,Ruby,Michelotti,8706196000,"54 Greenfield Terrace"
5377,Jewell,NULL,9357976092,"9 Springdale Road"
5378,Mark,Pritchard,9333148066,"15 Hillcrest Drive"
5379,Samuel,Raggio,7381412390,"76 Hudson Terrace"
5380,Edward,Toney,9690596192,"2 Greenfield Avenue"
5381,Douglas,Mcmahon,7486111195,"4 Birch Lane"
5382,Numbers,NULL,6962619324,"33 Linden Lane"
5383,Elva,Stavros,8031570565,"36 Jefferson Street"
5384,Delia,Rogers,8804493187,"48 Meadow Lane"
5385,Veronica,Flye,9157090795,"49 Kingston Way"
5386,Kerri,Bowen,6253505059,"34 Lincoln Circle"
5387,Jeffery,Carboni,7334650500,"53 Elmwood Place"
5388,Wendy,Przedwiecki,9088742578,"37 Ashland Avenue"
5389,Tabitha,Cooper,8997429305,"32 Chestnut Street"
5390,Edwin,Joseph,6397363970,"74 Jefferson Avenue"
5391,Alfredo,Hermosillo,6116843675,"1 Elmwood Road"
5392,Caren,Ibarra,8463418764,"22 Fairview Avenue"
5393,Edward,Nelson,9090068298,"46 Pleasant Street"
5394,Sheldon,Goss,7422169154,"44 Sycamore Street"
5395,Samuel,Rodriguez,6620000700,"65 Chestnut Avenue"
5396,Antonio,Konakowitz,6165635354,"71 Fairview Avenue"
5397,Dion,Blair,8422539832,"25 Longview Avenue"
5398,Dorothy,Gerula,9711374101,"40 Newbury Way"
5399,Alejandro,Childs,8686697452,"73 Laurel Lane"
5400,Miguel,Collin,7232285430,"54 Hillside Avenue"
5401,Clarissa,Hamiel,7323721275,"19 Hickory Lane"
5402,Shirley,Savage,9700737953,"8 Prospect Avenue"
5403,Micheal,Finney,9130419497,"44 Greenfield Terrace"
5404,Fausto,Skidmore,9830627627,"58 Brookdale Avenue"
5405,Abby,Thames,9132001751,"68 Highland Place"
5406,Steven,Riesner,7118810413,"50 Maplewood Drive"
5407,Lelia,Johnson,7528571900,"28 Ridgeview Drive"
5408,Joseph,Chaffin,6000364750,"59 High Street"
5409,Bonnie,Espino,9931367849,"17 Pineview Drive"
5410,Frederick,Reed,9518636318,"73 Lincoln Circle"
5411,Debra,Hourigan,6029749774,"61 Meadow Lane"
5412,Walter,NULL,7207830847,"44 Applewood Drive"
5413,Micheal,Guinasso,7364842741,"21 Maplewood Road"
5414,Sidney,Webb,9468170958,"19 Belmont Avenue"
5415,Darrell,Warren,9929375264,"21 Cedar Lane"
5416,Josephine,Grow,8660078453,"54 Cedar Court"
5417,Walter,Pittman,8200961718,"37 Hillcrest Avenue"
5418,Maria,Conklin,9871274418,"73 Columbus Lane"
5419,Wanda,Garrett,9055690064,"49 Linden Avenue"
5420,Emanuel,NULL,9153866195,"15 Longview Avenue"
5421,Latonya,Crotts,8524095708,"18 Maple Lane"
5422,Jennifer,Biggs,8405985050,"52 Locust Street"
5423,Renee,Campbell,8404809564,"27 Oakwood Lane"
5424,Laura,Horton,8810401770,"62 Sunset Drive"
5425,Jonathan,Lilly,8762865783,"69 Pinehurst Drive"
5426,Ethel,Swearengin,7502431047,"7 Northview Road"
5427,Bernard,Rhine,9186461800,"26 Valley Road"
5428,Preston,Marcus,6794308435,"79 Northview Road"
5429,John,Sowards,7287876332,"72 Forest Drive"
5430,Elizabeth,Montoya,7285968351,"1 Park Avenue"
5431,Armando,Louis,8550814477,"50 Walnut Street"
5432,Larry,Denton,6183260082,"73 Linden Avenue"
5433,Dean,Howard,9437543368,"30 Cherry Hill Road"
5434,Kathryn,Makhija,9049127639,"36 Grant Street"
5435,Richard,Miller,7706516309,"30 Hickory Lane"
5436,Carlos,Johnston,6371799132,"70 Park Avenue"
5437,Stacey,Wilfong,8971728337,"29 Brookdale Avenue"
5438,Darlene,Harris,8946814614,"1 Longview Road"
5439,Kenneth,Seats,9085201307,"51 Pine Street"
5440,Maria,Dockery,8135089812,"76 Ridgewood Road"
5441,Holly,Daniel,6491920501,"9 Hillcrest Drive"
5442,Lela,Dorn,8123989418,"47 Sunnyside Road"
5443,Jessie,Wilkerson,8214589378,"23 Elmwood Terrace"
5444,Richard,Osburn,8841305680,"44 Oakwood Lane"
5445,Carla,Obrien,7712881524,"34 Broadview Avenue"
5446,Paul,Lynch,7399203861,"53 Linden Lane"
5447,Bruce,Moss,6270793014,"50 Orchard Road"
5448,Cassidy,Huynh,6329565574,"68 Cedar Court"
5449,Larry,Johnson,8861007136,"5 Hudson Terrace"
5450,Juan,Wright,7047293118,"9 Jefferson Avenue"
5451,Pamela,Harvey,7331928896,"71 Walnut Avenue"
5452,Richard,Williams,8140980624,"17 Laurel Lane"
5453,Peggy,Hernandez,7984298383,"12 Oakwood Lane"
5454,Michelle,Britt,9491904879,"74 Applewood Drive"
5455,Christopher,Makinen,7613391007,"19 Holly Avenue"
5456,Cathy,NULL,9561540118,"60 Hickory Drive"
5457,Gregory,Donovan,6442607415,"67 Northview Road"
5458,Hettie,Stewart,8364309295,"29 Hillcrest Road"
5459,Anne,NULL,7368880137,"19 Maplewood Drive"
5460,Keith,NULL,9176215649,"3 Valley Road"
5461,Lorene,NULL,9068496521,"1 Lincoln Avenue"
5462,Dorothy,Warner,7828444289,"3 Hillcrest Road"
5463,Adam,Blaney,9228230262,"54 Park Avenue"
5464,Cecile,Jernigan,7340769940,"66 Maple Lane"
5465,Dennis,Magallan,6025356876,"76 Maple Avenue"
5466,Harold,Frizzle,9328205614,"60 Parkview Avenue"
5467,Maggie,Vera,9438667145,"35 Park Lane"
5468,Douglas,Bell,7746916588,"32 Oak Street"
5469,Lisa,Martin,9628450782,"33 Beechwood Road"
5470,Deirdre,NULL,9645747393,"66 Oak Street"
5471,Rick,Gregory,8121527516,"54 Glenwood Avenue"
5472,Brenna,Davis,8019962157,"38 Valley Road"
5473,Helen,Thurston,9451344008,"66 Beechwood Avenue"
5474,Sandra,Wilcoxon,8978639363,"13 Oak Hill Drive"
5475,Martin,Starr,9715614385,"49 Northview Terrace"
5476,Michael,Mallory,7794059796,"37 Longview Road"
5477,Adrienne,Priest,7181688644,"44 Cedar Lane"
5478,Petra,Bowman,9929813510,"48 Broad Street"
5479,Misty,David,8219838827,"36 Oakwood Drive"
5480,Shannon,Villela,7656147405,"11 Woodbine Street"
5481,Don,Kratzer,8328343674,"8 Birch Lane"
5482,Mark,Jimenez,8742961634,"6 Birch Lane"
5483,Thomas,Bishop,9938863597,"65 Riverside Drive West"
5484,Angela,Langel,7635333278,"9 Brookside Avenue"
5485,Doreen,Richardson,8437303593,"28 Hickory Drive"
5486,Richard,Pursell,9339656679,"73 Pineview Drive"
5487,Jamie,Sawyer,6249816337,"6 Park Street"
5488,Marianela,Jenkins,9756537058,"43 Fairmount Road"
5489,Alex,Daniel,8976146552,"56 Cherry Hill Road"
5490,Lorene,Roman,8621047026,"57 Northview Road"
5491,Jose,Principe,6093973772,"59 Mainview Avenue"
5492,Ruth,NULL,6934927052,"77 Springdale Road"
5493,Benjamin,Robinson,8233712228,"44 Park Avenue"
5494,Carol,Lindsley,6173802843,"71 Chestnut Avenue"
5495,Audrey,Quinn,7047763672,"25 Hudson Terrace"
5496,William,Padilla,8106690783,"69 Vine Street"
5497,Terrance,Burns,8288090870,"7 Vineyard Drive"
5498,Christine,Arias,7880774828,"23 Vineyard Drive"
5499,Mathew,Gordon,9141385478,"3 Hillside Avenue"
5500,Jo,NULL,6999889686,"47 Broadview Avenue"
5501,Ruth,Bissonnette,6970161902,"35 Garden Avenue"
5502,Delores,Acosta,7962068295,"15 Vineyard Drive"
5503,Hye,Brown,8591022813,"67 Broadview Avenue"
5504,Charles,Malmin,6225074970,"2 Riverside Drive West"
5505,Bernita,Smith,6895954501,"8 Birchwood Lane"
5506,Erik,Younger,7040496939,"13 Cedar Lane"
5507,Emily,Yim,8886234291,"60 Park Street"
5508,Todd,Shelton,8196924665,"40 Grove Street"
5509,Kelly,Stubbs,9672993877,"63 Grant Avenue"
5510,Lisa,Duncan,9057751873,"71 Cedar Street"
5511,Lisa,Busby,9886516503,"34 Oakdale Court"
5512,Deborah,Durham,9509209352,"76 Jefferson Street"
5513,John,Sanders,7710971643,"64 Grant Avenue"
5514,Roger,Williams,7124800609,"28 Cedar Road"
5515,Judith,Wilson,9999069396,"43 Oakdale Court"
5516,Patricia,Jochum,9401314794,"51 Beechwood Avenue"
5517,Jose,Melcher,7014786781,"35 Lakeview Drive"
5518,Frank,NULL,8892425363,"34 Mainview Avenue"
5519,Debra,Hall,7974901133,"74 Kingston Way"
5520,Maura,Spence,8492589354,"63 Forest Avenue"
5521,Michelle,Graham,9859580927,"4 Hillside Avenue"
5522,George,Levesque,7209664676,"66 Sycamore Street"
5523,Nathan,Stephens,8528095477,"53 Woodbine Street"
5524,Linda,Cabrera,6687426931,"29 Northview Terrace"
5525,Kathleen,NULL,6681558242,"58 Pleasant Street"
5526,Lawrence,Stoker,9243986770,"33 Springdale Road"
5527,Anthony,Muzii,9942893113,"14 Linden Lane"
5528,Diane,Brown,8490737511,"13 Fairmount Road"
5529,James,Rann,8714058546,"55 Forest Drive"
5530,Donald,Miners,7316005143,"69 Columbus Lane"
5531,Robert,Figueroa,9481336556,"79 Hickory Drive"
5532,Helen,Lewis,6913054525,"78 Pleasant Street"
5533,Marcus,Alexander,6065383919,"41 Holly Avenue"
5534,Angel,Blackburn,7148615659,"58 Forest Drive"
5535,Linda,Evans,8663765950,"30 Glenwood Drive"
5536,Daniel,Johnson,9824944893,"4 Beechwood Avenue"
5537,Jay,Brush,6245305784,"35 Parkview Road"
5538,George,Newman,9989702014,"22 Elm Street"
5539,Genevieve,Seward,6286429020,"45 Meadow Lane"
5540,James,Gaddy,7363465177,"57 Oak Street"
5541,Richard,NULL,6326428580,"23 Cedar Terrace"
5542,Alma,NULL,9663327368,"42 Greenfield Terrace"
5543,Betty,Walker,9438142169,"8 Meadow Lane"
5544,Helen,Spector,6628073781,"20 Pinehurst Road"
5545,John,Little,8460877700,"26 Riverside Drive"
5546,Antoinette,Workman,9832686460,"76 Prospect Avenue"
5547,Keith,Marley,7578709560,"72 Brookside Avenue"
5548,Ethel,Johnson,7061411305,"1 Laurel Lane"
5549,James,Stuart,7118976154,"60 Meadow Lane"
5550,Tony,Tso,8322295293,"29 Beechwood Road"
5551,Shannon,Roth,9242182560,"26 Vine Street"
5552,Norma,Wiggins,7867293641,"43 Fairview Drive"
5553,Marcus,Ramerez,9968451471,"57 Beech Street"
5554,Felix,Burnham,6822233559,"21 Chestnut Street"
5555,Elizabeth,Vargas,9099378741,"2 Greystone Terrace"
5556,Helen,Molina,7245984274,"22 Hudson Terrace"
5557,Ginger,Ryals,9159256738,"57 Lake Shore Drive"
5558,Charles,Burns,7011499644,"74 Columbus Lane"
5559,David,Dawson,8668186316,"2 High Street"
5560,Jenny,Gilliam,9900587960,"35 Fairway Drive"
5561,Charles,Vega,9619795249,"24 Park Street"
5562,Andrew,Turcotte,8591571724,"61 Hillcrest Road"
5563,Amanda,Parker,6676493051,"62 Applewood Drive"
5564,Lesley,Thompson,6315339834,"32 Jefferson Street"
5565,Victor,Yankey,6535583409,"9 Highland Drive"
5566,Arlene,Wiley,6154214455,"14 Vine Street"
5567,John,Ford,8951169156,"11 Newbury Way"
5568,Michael,Smith,7024576555,"55 Brookdale Place"
5569,Judy,Dean,9662129975,"3 Beechwood Road"
5570,Lacey,NULL,9937053548,"57 Cherrywood Lane"
5571,Luann,NULL,9266118379,"53 Beechwood Road"
5572,Lillie,Smith,6182229408,"17 Lincoln Avenue"
5573,Steven,Vega,9940336059,"78 Sunset Drive"
5574,James,Larios,7977095240,"34 Briarwood Court"
5575,Mary,Paul,9462041882,"68 Elm Street"
5576,Lawrence,Rodriguez,6699309322,"52 Longview Road"
5577,Shawn,NULL,7298812424,"11 Chestnut Street"
5578,Roger,Hecker,9170784230,"63 Vineyard Drive"
5579,Daniel,Ingram,7560876584,"15 Beechwood Avenue"
5580,Max,Rice,9384334357,"9 Madison Court"
5581,Steven,Andren,8344993622,"48 Lakeview Drive"
5582,Roman,Manley,8601125432,"17 Elmwood Road"
5583,James,NULL,9656947948,"47 Holly Lane"
5584,Micaela,Axel,8073166314,"39 Highland Place"
5585,Lisa,Oconnor,7729368381,"62 Brookdale Place"
5586,Gertrude,Blair,6150148447,"63 Longview Avenue"
5587,Mana,Wallace,9107106227,"3 Walnut Avenue"
5588,Linda,Saylor,6611028999,"24 Springdale Road"
5589,Jennifer,Moran,8546822804,"17 Brookside Avenue"
5590,Robert,Simmons,7566786885,"67 Madison Court"
5591,Jerome,Hammond,6553589296,"46 Greenfield Terrace"
5592,Nadine,Holland,9059764129,"73 Locust Lane"
5593,Timothy,Jensen,9603136117,"41 Ridgewood Road"
5594,Reginald,Jackson,8614598512,"28 Greenfield Avenue"
5595,Amelia,Martin,7885729834,"68 Sunset Drive"
5596,Judi,Brown,8102759490,"31 Vineyard Drive"
5597,John,Blankenship,8010473605,"40 Maple Avenue"
5598,Luis,Yoxall,6813823521,"73 Cedar Terrace"
5599,Lorena,Charles,9249764954,"77 Highland Drive"
5600,Christopher,Lorona,9264601321,"56 Ridgewood Road"
5601,Janet,Lee,6183258608,"66 Cedar Lane"
5602,Katherine,Washington,8493498594,"70 Longview Road"
5603,Deborah,Session,8305008102,"42 Ridgewood Road"
5604,Numbers,Seburg,6954583660,"77 Hickory Drive"
5605,Nancy,Robinson,6782051568,"13 Riverside Drive West"
5606,Cedric,Hayes,6195689010,"18 Walnut Street"
5607,Altagracia,Godinez,7973572612,"20 Forest Avenue"
5608,Michael,Conroy,6879401668,"18 Oakdale Drive"
5609,Betty,Pierce,6907195653,"48 Lincoln Circle"
5610,Ella,Hurwitz,6088029759,"36 Hickory Drive"
5611,Edward,Cole,8976603678,"18 Longview Road"
5612,Stephen,Woods,8496167237,"69 Prospect Avenue"
5613,Jessica,Huether,6712840360,"73 Highland Road"
5614,Angel,Collier,7238854047,"5 Riverside Drive"
5615,Jeanne,NULL,6143517563,"46 Walnut Street"
5616,Donald,NULL,8831939442,"18 Belmont Avenue"
5617,Justin,Sawyers,7233472971,"63 Briarwood Court"
5618,Johnson,Montano,8253587970,"8 Willow Street"
5619,Essie,Edwards,6447697414,"37 Cedar Terrace"
5620,Corey,Nagle,7596415356,"56 Riverside Drive West"
5621,Karen,Williams,9193113862,"76 Brookdale Place"
5622,Robbie,NULL,8578590673,"75 Grant Street"
5623,Terri,Mcclure,6224119196,"25 Cedar Road"
5624,Gale,Boyd,7655742637,"33 Sunset Drive"
5625,Ona,Jorge,9656909528,"36 Cedar Road"
5626,Agnes,Wyche,6736223353,"65 Oak Hill Drive"
5627,David,Mcfarlane,6837192779,"72 Briarwood Court"
5628,Nancy,NULL,8184126749,"4 Orchard Road"
5629,Thomas,Moore,7049318301,"70 Forest Avenue"
5630,Samuel,Webb,6997988335,"47 Chestnut Avenue"
5631,Alexander,Kirwan,7301965874,"43 Cherrywood Drive"
5632,Roger,Scott,8827506031,"65 Brookside Avenue"
5633,Charles,NULL,7746120022,"8 Elmwood Terrace"
5634,Jesse,Browning,6611579188,"63 Riverside Drive"
5635,Ralph,Roland,6568470825,"60 Fairview Drive"
5636,Vera,Conlin,6637965995,"77 Grove Street"
5637,Janie,Brown,6879566163,"61 Magnolia Avenue"
5638,Chris,Crespo,9542689498,"48 Oakdale Drive"
5639,Gerald,Plaskett,8660638444,"5 Beechwood Avenue"
5640,Orville,Markowitz,6604171046,"76 Chestnut Avenue"
5641,Adrian,Jones,7799317003,"45 Longview Avenue"
5642,Wendy,Llewellyn,7174570740,"34 Lexington Place"
5643,Ana,Vannorman,7166159430,"69 Pineview Drive"
5644,Heather,Mohamed,8512549008,"25 Forest Drive"
5645,Amy,Harrington,7426206943,"7 Cherrywood Lane"
5646,Kenneth,Silverstein,9079030705,"14 High Street"
5647,David,Franco,9573348021,"56 Elmwood Road"
5648,Dawn,Moore,8199438664,"3 Oakwood Drive"
5649,David,Tripp,7879787317,"17 Birch Lane"
5650,Harry,Montgomery,8819371555,"28 Maple Avenue"
5651,Diane,Molina,9354708851,"17 Sunnyside Road"
5652,Jimmy,Brown,6868530794,"18 Glenwood Drive"
5653,Dorla,Johns,6808362078,"76 Hillcrest Avenue"
5654,Timothy,Davis,7814813353,"6 Fairway Drive"
5655,Oscar,Bojorquez,9651869418,"65 Fairview Drive"
5656,Julie,Davis,6672514926,"20 Brookside Avenue"
5657,Arlene,NULL,6481415130,"36 Fairview Avenue"
5658,Sidney,Hendrix,6417504933,"59 Fairway Drive"
5659,Charles,Broberg,9955783850,"11 Elmwood Place"
5660,Graciela,Cowan,6765910354,"42 Valley View Road"
5661,Jennifer,Thorsness,7461034119,"30 Oak Street"
5662,Max,Merrithew,6649839823,"9 Birchwood Lane"
5663,Kati,Cermeno,7496834224,"73 Cherry Hill Road"
5664,Vernon,Evans,9360256183,"55 Northview Terrace"
5665,Susan,Chizmar,9095632609,"51 Woodbine Street"
5666,John,Rangel,7909261885,"24 Greenfield Terrace"
5667,Anna,Imai,8099516181,"31 Linden Lane"
5668,Nancy,Hill,7143659501,"79 Columbus Lane"
5669,James,Italia,6205822439,"41 Cedar Terrace"
5670,Mayra,Watson,6938296747,"23 Elm Street"
5671,Donald,NULL,8894637849,"76 Eastlake Drive"
5672,Mary,Blume,8182631581,"66 Parkview Terrace"
5673,Pedro,Baker,6866260598,"51 Briarwood Court"
5674,Donny,Blomdahl,7638153992,"2 Elm Street"
5675,Robert,Mcmackin,9602604574,"50 Brookdale Place"
5676,Paul,Ellis,6609297807,"53 Magnolia Avenue"
5677,Ruth,Palacios,6390276305,"59 Sunnyside Avenue"
5678,Shellie,Sur,6982691468,"15 Eastlake Drive"
5679,Kenneth,Mcalexander,9116833285,"47 Broad Street"
5680,Rose,Abad,7520099644,"41 Washington Avenue"
5681,Perry,Magar,9488946643,"8 Walnut Street"
5682,Aimee,NULL,9380733422,"52 Broadview Avenue"
5683,Kathryn,NULL,9464666028,"19 Greenfield Terrace"
5684,Terrence,Bracero,9110977252,"45 Magnolia Avenue"
5685,Darrell,Burrough,7967129091,"17 Oakdale Court"
5686,Jessica,Mize,8255413297,"12 Cedar Street"
5687,Phillip,Hanson,7112499458,"78 Brookdale Avenue"
5688,Allen,Hildreth,9344583677,"59 Grant Avenue"
5689,Faye,Lee,9312914722,"8 Hillcrest Avenue"
5690,Ruth,Lloyd,8267014453,"78 Willow Lane"
5691,Gregory,Smith,6405718852,"37 Grant Avenue"
5692,Arthur,Vogus,8037437154,"31 Brookdale Avenue"
5693,Shauna,Harding,9229407058,"10 Parkview Road"
5694,Kyle,Millsap,9366673484,"14 Prospect Avenue"
5695,Glen,Baird,9084405688,"41 Applewood Drive"
5696,Tommy,NULL,8994327323,"36 Briarwood Court"
5697,Delores,Garcia,6097242316,"53 Laurel Lane"
5698,Eleanor,Lusk,7569358297,"26 Elmwood Place"
5699,William,Nicholas,7165141784,"66 Park Lane"
5700,Margaret,Munday,9989011818,"70 Madison Court"
5701,Katherine,Addison,7630535569,"43 Locust Lane"
5702,Mary,Glenn,8324450379,"73 Northview Road"
5703,Ezra,Herr,6239910427,"70 Oakwood Drive"
5704,Nicole,NULL,7122423666,"76 Cedar Road"
5705,Jessica,Lewis,7291514444,"41 Locust Street"
5706,Lucille,Pena,8127056099,"37 Northview Road"
5707,Lauren,Blaida,7384998172,"5 Elmwood Place"
5708,Paul,Rowell,6046329305,"50 Holly Avenue"
5709,Petra,Torres,8003980308,"51 Mainview Avenue"
5710,Betsy,Mayfield,8952982212,"61 Grove Street"
5711,John,Rivera,7982643263,"73 Beechwood Road"
5712,Thelma,Crawford,8437048540,"35 Linden Lane"
5713,James,Williamson,7960349472,"77 Greenfield Avenue"
5714,Bruce,Osborne,8270999939,"75 Beech Street"
5715,Michelle,Doiron,6788347357,"32 Newbury Way"
5716,April,Sparks,6082516384,"69 Cherrywood Drive"
5717,Janice,Tracy,8711391513,"32 Longview Avenue"
5718,Robert,Bidwell,8861812486,"49 Parkside Lane"
5719,Mary,Price,7822982039,"10 Elmwood Place"
5720,Josephine,Scholz,6806069778,"64 Sunnyside Avenue"
5721,Gail,Tierney,9551740312,"21 Holly Lane"
5722,Harriet,NULL,8388267715,"10 Maplewood Drive"
5723,Christopher,Jost,6887339940,"3 Brookdale Place"
5724,Gwendolyn,Bowe,6014624040,"5 Hickory Drive"
5725,Kelvin,Pennell,9312974181,"30 Greystone Terrace"
5726,Terry,Sanders,7572024994,"76 Highland Place"
5727,Hannah,Wedeking,7801089558,"66 Elmwood Terrace"
5728,Josephine,Parker,6049320602,"58 Lincoln Avenue"
5729,Corey,Babino,9346954341,"53 High Street"
5730,Taylor,Bush,9062728094,"60 Longview Road"
5731,Robert,Maxwell,8709892903,"8 Broad Street"
5732,Francine,Reyes,9568145504,"12 Greenfield Terrace"
5733,Joyce,Messer,6785867308,"22 Hillcrest Avenue"
5734,Melisa,Terry,8961175763,"72 Highland Drive"
5735,Carlos,Morse,9408086022,"11 Lakeview Drive"
5736,Timothy,Johnson,7380684126,"15 Lake Shore Drive"
5737,Tiffany,Koch,8060466504,"4 Pinehurst Road"
5738,Joan,Torres,8385925243,"16 Eastwood Drive"
5739,Eileen,Kern,7918286247,"42 Orchard Road"
5740,Aimee,Flores,7505260639,"21 Vineyard Drive"
5741,Billie,Molina,9347635222,"4 Maple Avenue"
5742,Erik,Scott,6422576999,"16 Elmwood Place"
5743,Richard,Deiss,7558544538,"28 Beechwood Avenue"
5744,Lloyd,Padgett,7860572650,"3 Longview Road"
5745,Loretta,Ramos,7080609536,"15 Chestnut Street"
5746,Alfonso,Rogers,9354576764,"59 Meadowbrook Road"
5747,Myrtle,Fisher,9500457471,"45 Maplewood Road"
5748,David,Torkelson,7583713851,"38 Maplewood Road"
5749,Richard,Kramp,7002928934,"79 Cherrywood Drive"
5750,Twila,Ewing,7693086610,"29 Cherrywood Drive"
5751,David,NULL,6955908362,"47 Laurel Lane"
5752,Traci,Nelson,9636681793,"32 Willow Lane"
5753,Wayne,Carson,8083764160,"46 Glenwood Avenue"
5754,Elijah,Coulson,7833331107,"40 Holly Avenue"
5755,Nicholas,Gombert,6592401950,"55 Cedar Terrace"
5756,Bobby,Schnee,7223114410,"19 Broad Street"
5757,Melissa,NULL,9145384470,"32 Fairview Avenue"
5758,Tracy,Robinson,9217952932,"31 Lake Shore Drive"
5759,Mary,Barnett,9216908079,"40 Lakeview Drive"
5760,Susan,Marinello,9249679432,"7 Forest Drive"
5761,Roy,NULL,6557493132,"70 Northview Road"
5762,Margret,Walker,7922388962,"50 Cedar Lane"
5763,Jennifer,Gehrmann,6771373349,"25 Broad Street"
5764,Franklin,NULL,6600838005,"62 Newbury Way"
5765,Catherine,Lawson,8807745422,"17 Northview Road"
5766,Nelson,NULL,6434107744,"29 Pineview Lane"
5767,David,Cole,9962513851,"23 Valley Road"
5768,Patricia,Holzman,8577962904,"73 Broadview Avenue"
5769,Kathy,Brown,7637175292,"10 Greenfield Avenue"
5770,Robert,Gertz,8184739924,"14 Elmwood Place"
5771,Melvin,Delisle,7111765373,"37 Oakdale Drive"
5772,Kay,Buford,8024379144,"48 Maplewood Drive"
5773,Mattie,NULL,9101969996,"5 Maplewood Road"
5774,Edna,Coffey,6393137054,"55 Beech Street"
5775,Phyllis,Tudor,9851833315,"72 Oakwood Lane"
5776,Charles,Hudson,8697993293,"8 Parkview Terrace"
5777,Jennifer,Gutierrez,7154542844,"27 Cherrywood Lane"
5778,Stacey,Carlyle,7040665036,"78 Birch Lane"
5779,Elvira,Zien,7707264345,"75 Walnut Street"
5780,Francisca,Dumas,9672718311,"50 Park Street"
5781,James,Bates,7885121220,"50 Jefferson Avenue"
5782,Kathleen,Hernandez,7128172144,"24 Sunnyside Avenue"
5783,Oliver,NULL,7350029076,"25 Elmwood Place"
5784,Shaun,Dubill,6953449146,"76 Highland Drive"
5785,Rita,Herrera,8171511110,"59 Holly Avenue"
5786,Gerald,Madore,8192972579,"18 Meadow Lane"
5787,Walter,Jurado,6748992698,"25 Highland Road"
5788,Malissa,Johnson,9088525362,"2 Parkside Lane"
5789,Dana,Palacios,6081551935,"63 Cherrywood Drive"
5790,Eloy,Prewitt,7682613261,"17 Hillcrest Avenue"
5791,Michael,Wilkins,7971705152,"8 Elm Street"
5792,Gregory,Weber,9500017226,"25 Holly Avenue"
5793,Christopher,Lau,9641677284,"59 Park Lane"
5794,Wade,Lindsay,6085408885,"30 Lake Shore Drive"
5795,Michael,Duckett,6509224752,"47 Oakwood Lane"
5796,Linda,Cook,7419169298,"46 Locust Street"
5797,William,Haun,9769813408,"68 Springdale Road"
5798,Joseph,Taylor,7219775630,"33 Brookdale Place"
5799,Darcy,NULL,8146269380,"19 Brookdale Avenue"
5800,Sam,Drinkard,8567232153,"5 Beech Street"
5801,Christina,Wilson,7010924331,"29 Holly Lane"
5802,Marcel,NULL,7610761135,"27 Lincoln Avenue"
5803,Barry,Bowen,6533261582,"60 Holly Lane"
5804,Verna,Gurney,6849210112,"25 Beech Street"
5805,Damon,Deshazer,8857827174,"11 Meadow Lane"
5806,Joya,Garcia,6010955907,"21 Yorktown Road"
5807,Krysta,Strickland,9402021168,"38 Sycamore Street"
5808,Carolyn,Elie,6781366674,"6 Parkview Avenue"
5809,Evangelina,Hughes,9778649582,"20 Lincoln Avenue"
5810,William,Hyatt,9274168577,"69 Laurel Lane"
5811,Rita,Culpepper,8277487772,"63 Forest Drive"
5812,Alice,Mitchell,9209500965,"6 Jefferson Avenue"
5813,Michael,Kropf,9925757420,"10 Oak Street"
5814,Jacqueline,Bowen,6064404472,"32 Hickory Drive"
5815,Antonio,Conover,6668362585,"77 Forest Avenue"
5816,John,Morrison,6087929968,"76 Vineyard Drive"
5817,Ginger,Patterson,6831060698,"58 Broadview Avenue"
5818,Laura,Manfredi,6894320785,"71 Maplewood Road"
5819,Ronald,Wong,8920943309,"30 Fairview Avenue"
5820,Davis,Osborn,6618674096,"5 Highland Place"
5821,Nicole,Stiffler,9333154228,"25 Vine Street"
5822,David,NULL,9993270637,"12 Longview Road"
5823,Kurt,Moore,6227242213,"64 Kingston Way"
5824,Gabriel,Newton,7277848915,"12 Sycamore Street"
5825,Logan,Macpherson,9295879753,"23 Maple Lane"
5826,Mary,Westendorf,7196191050,"67 Hudson Terrace"
5827,Peter,NULL,9597429744,"9 Highland Place"
5828,Maria,Gabe,6053652376,"66 Park Street"
5829,Laura,NULL,7245409574,"78 Cherrywood Drive"
5830,Tara,Hoover,8085776983,"35 Belmont Avenue"
5831,Michael,NULL,6495710739,"23 Belmont Avenue"
5832,Joe,Juul,9832718340,"34 Columbus Lane"
5833,Dorothy,Garza,6349544368,"57 Valley Road"
5834,Barbara,Murphy,9718375434,"62 Hickory Drive"
5835,Dianne,Eichenberger,8024692742,"4 Hickory Drive"
5836,Elsie,NULL,6203379499,"6 Lexington Place"
5837,Beulah,Brackman,7374411241,"30 Broadview Avenue"
5838,David,Lamont,9577015127,"48 Broadview Avenue"
5839,Ruth,Clodfelter,7269629907,"68 Maplewood Drive"
5840,Clifford,Conley,7644566234,"26 Longview Road"
5841,Carol,Small,6739509349,"57 Pineview Road"
5842,Alvin,Toney,9814593455,"61 Oak Hill Drive"
5843,John,Bannister,6112231030,"10 Hillcrest Road"
5844,John,Nilsen,9660275800,"26 Brookside Avenue"
5845,Steven,Baker,6166593988,"27 Hillcrest Road"
5846,Chris,Gresham,6652094107,"64 Highland Road"
5847,Michael,Claxton,9273545588,"8 Cherry Hill Road"
5848,Mitchel,Moon,6057200098,"33 Hillcrest Avenue"
5849,Lori,Elletson,6223692804,"71 Lincoln Avenue"
5850,Yesenia,Fitzgerald,6381970220,"34 Elmwood Place"
5851,Patricia,Vasques,9898183553,"45 Hillside Avenue"
5852,Kyle,Fishman,8821813955,"53 Greenfield Avenue"
5853,Clair,Tobin,8486397323,"60 High Street"
5854,Katina,Leonard,9085287911,"79 Park Avenue"
5855,Oliver,Ellington,9564660073,"59 Pinehurst Drive"
5856,Juan,Cruz,9245424388,"41 Walnut Street"
5857,Maria,Kelly,7100540794,"74 Magnolia Avenue"
5858,Chad,Reed,6632835500,"16 Valley View Road"
5859,Gary,Cunningham,6016559613,"69 Fairview Avenue"
5860,Heather,Shelton,9829102423,"63 Willow Street"
5861,Karen,Mcneese,9257463118,"67 Park Avenue"
5862,Rossie,Strange,7447615845,"7 Hickory Drive"
5863,Teresa,Jensen,7727716372,"25 Cedar Terrace"
5864,Marvin,Hagge,8488664358,"2 Madison Avenue"
5865,Teresita,Bornhorst,8438212909,"63 Applewood Drive"
5866,Brenda,Rocha,9003892358,"60 Walnut Street"
5867,Robert,Brown,7358440513,"57 Grove Street"
5868,Freida,Marble,8702377543,"62 Park Lane"
5869,Heather,Mauch,6398672783,"51 Meadowbrook Road"
5870,David,Mccray,9012630657,"56 Lincoln Circle"
5871,Elvin,Yingst,6257073464,"66 Laurel Lane"
5872,Kay,Habegger,8919173930,"44 Pineview Lane"
5873,Bradley,Martin,7701488169,"61 Pinehurst Drive"
5874,Kimberly,Claypool,9162377307,"45 Ridgewood Road"
5875,Lisa,Wiedmann,6014912975,"21 Chestnut Avenue"
5876,Gayle,Mccormick,9245856157,"9 Hillside Avenue"
5877,Minnie,Lugo,7476215138,"61 Northview Terrace"
5878,Corey,Smith,7346688524,"61 Hillside Avenue"
5879,Catherine,Abron,9888233711,"11 Hickory Lane"
5880,Rodger,Lockwood,7078805771,"70 Linden Lane"
5881,Michael,Washington,6835655865,"75 Hickory Lane"
5882,Dane,Schmidt,7347312866,"19 Sycamore Street"
5883,James,Contreras,8490162399,"72 Elmwood Place"
5884,Mary,Mcintosh,7380012300,"41 Cedar Court"
5885,Edna,Waller,8654875244,"41 Hillcrest Drive"
5886,Angela,Terry,7324952700,"37 Grove Street"
5887,Lola,Hartman,6828536396,"63 Parkside Lane"
5888,Brian,Woodyard,9525938630,"12 Holly Avenue"
5889,Joanne,Hackett,7468515411,"3 Forest Avenue"
5890,Kimberly,Horn,8709590078,"57 Park Lane"
5891,Arthur,Robinson,9956601015,"36 Cherrywood Drive"
5892,Victor,Dean,9770825669,"65 Maple Lane"
5893,Robert,Norvell,8517827006,"40 Northview Road"
5894,James,Foersterling,8247119567,"26 Elm Street"
5895,Julian,Grover,6333771426,"75 Cherry Hill Road"
5896,Paula,Rodriguez,8975091834,"76 Willow Lane"
5897,Jerrold,Nkomo,8602299661,"66 Pineview Drive"
5898,Nellie,NULL,9896890369,"37 Lake Shore Drive"
5899,Helen,Grimes,9769725754,"68 Belmont Avenue"
5900,Steve,Gregg,8586874589,"45 Beechwood Road"
5901,Bradley,Bernardino,6134594741,"19 Pinehurst Drive"
5902,Larry,Linarez,7160840214,"3 Oakwood Lane"
5903,Julia,Judd,9777231202,"36 Willow Street"
5904,Jessica,Hemmingsen,8346336807,"60 Southview Lane"
5905,Larry,Bonelli,7918106874,"68 Fairway Drive"
5906,Jon,Beyah,6642922110,"8 Sunnyside Avenue"
5907,Angela,Robertson,7550960344,"17 Forest Drive"
5908,Debra,Heck,7188900242,"62 Birchwood Lane"
5909,Mary,Wray,8859059636,"70 Meadowbrook Road"
5910,Steven,Baillargeon,6013579735,"43 Elm Street"
5911,Linda,Aman,6807622350,"14 Park Street"
5912,David,Nicolosi,9356190249,"43 Washington Avenue"
5913,Eugene,Haigh,8866539145,"22 Forest Avenue"
5914,Andy,Pridgen,6848227491,"52 Holly Avenue"
5915,Marvin,Watkins,8858993914,"25 Elmwood Road"
5916,Margarita,Martinez,9963221489,"1 Meadowbrook Road"
5917,Mitchell,Law,8667571149,"54 Cherrywood Drive"
5918,Richard,NULL,9492937441,"8 Columbus Lane"
5919,Manuel,Coleman,6148715837,"16 Madison Avenue"
5920,James,Kneip,7227129191,"11 Forest Avenue"
5921,Aisha,Castillo,6794898514,"71 Woodbine Street"
5922,Laura,NULL,6718845947,"56 Linden Lane"
5923,Eric,Kelsey,9443507692,"17 Oakwood Drive"
5924,William,Riley,8146401208,"54 Ridgeview Drive"
5925,Alfred,Pick,8244863802,"54 Valley Road"
5926,Shaun,Kitchen,7531371622,"11 Park Avenue"
5927,Roy,Brady,9925383730,"63 Maple Lane"
5928,Mark,Colella,9805602309,"73 Fairmount Road"
5929,Gwendolyn,Cummings,8968368603,"27 Forest Avenue"
5930,Stephanie,Conley,7409168792,"55 Oak Hill Drive"
5931,Kelly,Mattas,8962940454,"42 Northview Terrace"
5932,Anya,Moody,7917636773,"14 Brookdale Place"
5933,Mary,Dunham,7161807019,"74 Hillcrest Road"
5934,Karen,Croghan,6090878896,"19 Walnut Avenue"
5935,Ruth,Pruitt,8242898067,"27 Lexington Place"
5936,William,Silverberg,6090158283,"71 Elmwood Terrace"
5937,Michael,Schaeffer,7015147259,"71 Orchard Road"
5938,Jesse,Brent,9492539784,"34 Park Avenue"
5939,Jessenia,Roberson,8132384626,"17 Eastlake Drive"
5940,Judith,Hoeppner,9698139657,"71 Cedar Terrace"
5941,Amber,Smith,6933908979,"51 Pleasant Street"
5942,Margaret,Hemmen,8977410043,"72 Pineview Road"
5943,Mary,Fagundes,6413074556,"25 Rosedale Avenue"
5944,Bradley,Dominguez,6715386511,"42 Hudson Terrace"
5945,Adam,Carter,7134640162,"24 Belmont Avenue"
5946,Mark,Madison,6971946426,"1 Broad Street"
5947,Orlando,Hodson,6488870956,"42 High Street"
5948,Diane,Temple,9879983181,"8 Greenfield Terrace"
5949,Steve,Snowden,9226774543,"23 Hillcrest Avenue"
5950,Lynda,Branco,6619015155,"64 Belmont Avenue"
5951,Scott,Nasser,8416644957,"15 Cherry Hill Road"
5952,Phillip,Stewart,7479998391,"14 Cedar Court"
5953,John,Sandberg,8003286604,"64 Grant Street"
5954,David,Riggio,9280707603,"73 Oakwood Drive"
5955,Geoffrey,Glass,7926100143,"75 Maplewood Road"
5956,Carol,Bowling,9599591892,"21 Riverside Drive West"
5957,Christine,Mooneyham,7903042919,"15 Sycamore Street"
5958,Jose,Presley,7799338635,"70 Eastlake Drive"
5959,Linda,Black,8316557777,"3 Elmwood Road"
5960,Shirley,Greene,9864315732,"61 Holly Avenue"
5961,Patricia,Wisniewski,9567862931,"31 Longview Road"
5962,Loraine,Dixon,6214499724,"40 Cedar Street"
5963,Karen,Pharis,7876849499,"59 Cherrywood Lane"
5964,Morris,Rhymer,7111306082,"7 Chestnut Street"
5965,Mark,Kaplan,9380874467,"79 Glenwood Avenue"
5966,Adele,Prosser,7094237291,"4 Ashland Avenue"
5967,Sandra,Weddle,8017326441,"69 Jefferson Street"
5968,Michael,Childs,9918544505,"17 Briarwood Court"
5969,Anita,Straub,6520527531,"66 Eastlake Drive"
5970,Rafael,Griffie,7040843353,"20 Hillcrest Drive"
5971,Louie,Larcom,9001088162,"5 Greystone Terrace"
5972,John,Vinson,9337426024,"79 Fairmount Road"
5973,Von,Big,9645800020,"46 Southview Lane"
5974,Reva,Jones,8984154478,"5 Hillcrest Avenue"
5975,Lin,Yazzie,9468133807,"19 Pineview Road"
5976,Lora,Collins,8991913387,"13 Holly Lane"
5977,Mario,Moore,9194776445,"41 Southview Lane"
5978,Lillian,Obrien,8164738427,"38 Elmwood Terrace"
5979,Sarah,Taylor,9472718535,"64 Cedar Terrace"
5980,Maria,Woodworth,8695563890,"15 Greystone Terrace"
5981,Rhonda,Close,6760510838,"45 Birch Lane"
5982,Sue,NULL,9581936247,"8 Park Lane"
5983,Kevin,Sanders,9700134359,"26 Magnoli"
5984,Kristina,Bartolome,8118456045,"22 Northview Terrace"
5985,Roy,Whiteford,8451894317,"79 Elmwood Road"
5986,Lisa,Locklear,9901639415,"40 Longview Avenue"
5987,Randy,Puckett,6458159149,"20 Sycamore Street"
5988,Carolyn,Ivey,7846665877,"11 Orchard Road"
5989,Harriett,Lacaze,6043577729,"57 Broadview Avenue"
5990,Dorothy,Smith,8765849093,"54 Park Street"
5991,Dwayne,Webster,8818657534,"69 Ridgeview Drive"
5992,Gwyn,Freeman,8885922291,"70 Grove Street"
5993,Jennifer,Acosta,6435147901,"55 Springdale Road"
5994,Ethel,Sisson,6118533557,"64 Northview Road"
5995,Sheena,Harding,7788380890,"52 Cedar Lane"
5996,Ronald,NULL,7699567408,"9 Greenfield Avenue"
5997,John,Keen,7782115218,"62 Washington Avenue"
5998,James,Williams,8568499838,"21 Columbus Lane"
5999,Roxann,Castillo,9753872534,"20 Sunnyside Road"
6000,William,Byfield,7539916791,"4 Cherrywood Drive"
6001,Lucy,Watts,9239302461,"7 Sycamore Street"
6002,Isiah,Rodrigues,7952651592,"2 Applewood Drive"
6003,John,Bliss,6390222412,"2 Linden Avenue"
6004,Michele,NULL,7492825511,"28 Birchwood Lane"
6005,Angela,NULL,6627453642,"77 Willow Street"
6006,Joan,Ramirez,6378889127,"76 Riverside Drive"
6007,Patricia,Hedge,6302045574,"47 Ashland Avenue"
6008,Lisa,Cook,9971503667,"65 Birchwood Lane"
6009,Ingrid,Maxwell,9100548999,"40 Grant Avenue"
6010,Catherine,Siano,7961316571,"68 Locust Street"
6011,Tony,Henry,8541845030,"24 Highland Drive"
6012,Marlene,Kaune,8024982262,"17 Longview Road"
6013,Kristin,Sierra,8016371339,"33 Oakwood Lane"
6014,Raymond,Rios,9714161902,"24 Yorktown Road"
6015,Tawana,Hunter,7401784646,"30 Maplewood Drive"
6016,Donna,Melvin,8816724216,"61 Springdale Road"
6017,Ellen,Cosenza,8255208266,"4 Elmwood Terrace"
6018,Allyson,Sims,6075587564,"61 Pleasant Street"
6019,Douglas,Holloway,8577361394,"20 Longview Avenue"
6020,Maria,NULL,8362927049,"26 Ashland Avenue"
6021,Laura,Ball,6620850495,"23 Jefferson Avenue"
6022,Edwin,Beauprez,7165480665,"10 Cedar Court"
6023,David,Walls,9397025232,"24 Vineyard Drive"
6024,Kendall,Ramaker,6798102680,"38 Pine Street"
6025,Millard,Mitchell,7595062672,"4 Pleasant Street"
6026,Dwayne,Leonard,6254967735,"52 Glenwood Drive"
6027,Wilma,Wallace,9934066503,"31 Newbury Way"
6028,Leta,Denney,6864920974,"77 Pinehurst Road"
6029,Johnnie,Lynch,6389204003,"61 Glenwood Avenue"
6030,Barbara,NULL,8515797938,"43 Brookdale Avenue"
6031,Arthur,Petersen,7214249405,"68 Cedar Road"
6032,Mary,Youngblood,7764832371,"43 Maplewood Road"
6033,Mildred,Smart,8038166480,"48 Pineview Road"
6034,Michael,NULL,7646162695,"30 Fairview Drive"
6035,Christine,Painter,9033708050,"57 Hillcrest Avenue"
6036,Alden,Congleton,8695669346,"32 Cedar Lane"
6037,William,Payne,8193263474,"24 Highland Place"
6038,Dennis,Olson,7823853967,"25 Applewood Drive"
6039,Brad,Spencer,9744979408,"4 Maplewood Road"
6040,Cynthia,Kemp,6850869407,"68 Broad Street"
6041,John,Whitfield,6949634363,"21 Jefferson Lane"
6042,Bryan,Moseley,6689155783,"42 Pinehurst Road"
6043,Peter,NULL,7723961374,"58 Holly Avenue"
6044,Lucila,Ore,9905095612,"8 Beechwood Road"
6045,Leo,Cook,9347454677,"22 Beechwood Avenue"
6046,John,Lawary,9161771031,"26 Forest Avenue"
6047,George,Gordon,7925398425,"74 Beech Street"
6048,Ben,Sandoval,6015502587,"75 Pine Street"
6049,Bernardo,Lamothe,8306200257,"20 Cedar Court"
6050,Lewis,White,8452664185,"21 Beechwood Avenue"
6051,John,Edwards,8822453742,"56 Eastwood Drive"
6052,Joseph,Mcmillan,8910026261,"32 Meadowbrook Road"
6053,Lyle,Boner,8313708344,"20 Beech Street"
6054,Janet,Harris,8858831870,"53 Cherry Hill Road"
6055,Joseph,Murphrey,7905448886,"55 Hickory Lane"
6056,Richard,Johnston,7913184300,"43 Elmwood Terrace"
6057,Steve,Jackson,6755313180,"14 Ashland Avenue"
6058,Betty,Olmos,8377655888,"63 Meadow Lane"
6059,Veronica,Noah,6931866839,"25 Oakwood Drive"
6060,Andrew,NULL,9661538387,"39 Chestnut Street"
6061,Jose,Banta,8675536667,"74 Chestnut Street"
6062,Charles,Butterfield,7440424116,"19 Longview Avenue"
6063,Nancy,Anderson,6255866076,"46 Oakdale Drive"
6064,Herman,Fetterhoff,8737018937,"44 Fairview Drive"
6065,Patricia,Edwards,6308852599,"4 Highland Place"
6066,Natasha,Schmig,7313801773,"71 Longview Road"
6067,James,Breland,8295526398,"24 Mainview Avenue"
6068,Roberta,NULL,8603598508,"39 Pinehurst Drive"
6069,Phillip,Anello,6416053454,"33 Longview Avenue"
6070,James,Huff,8443847568,"44 Lexington Place"
6071,Thomas,Uvalle,9765611793,"20 Parkview Terrace"
6072,Wesley,Hager,8577989694,"7 Maplewood Drive"
6073,Blake,Morales,6553935397,"57 Elmwood Place"
6074,Linda,Remus,7296824963,"5 Fairview Drive"
6075,Margaret,Egan,7350110516,"42 Hillcrest Drive"
6076,Edna,Welton,7796686750,"62 Maple Lane"
6077,Rosalia,Noland,8532960414,"72 Linden Avenue"
6078,Jesse,Crumpler,7689724567,"15 Oakdale Drive"
6079,Richard,Jenkins,7922253764,"46 Locust Lane"
6080,Sidney,Hoke,7027810273,"22 Park Lane"
6081,Denise,NULL,7323986273,"16 Garden Avenue"
6082,Travis,Foley,6946018507,"54 Elmwood Place"
6083,Raymond,NULL,7255770867,"42 Locust Lane"
6084,Charles,Haynes,9230903656,"77 Magnolia Avenue"
6085,Carolina,Lopez,6270863803,"69 Elmwood Place"
6086,Carl,Bertram,8222629121,"67 Birch Lane"
6087,Roy,Barton,7273043116,"28 Fairview Drive"
6088,Lorraine,Alexander,7709159479,"8 Cedar Court"
6089,James,Booker,6772512486,"55 Parkview Avenue"
6090,Rueben,Jackson,8459792476,"79 Lakeview Drive"
6091,Lois,Beaudreault,6636877112,"26 Lincoln Circle"
6092,Mary,Kenne,9172947962,"49 Elmwood Place"
6093,Maria,Smith,7282167802,"27 Ashland Avenue"
6094,Daniel,Wagner,8882066187,"22 Fairview Drive"
6095,Alexa,Gordon,9000831942,"17 Riverside Drive West"
6096,John,Simpson,9597369347,"48 Parkview Avenue"
6097,Steve,Thomas,7657984467,"25 Oakwood Lane"
6098,Rhonda,Abbott,9094388130,"62 Longview Avenue"
6099,Willie,Croes,9766914593,"77 Elmwood Terrace"
6100,Barbara,Lopze,6859945105,"3 Kingston Way"
6101,Tyrone,Parker,6495948532,"75 Oakwood Drive"
6102,Robert,Stanley,8581941895,"70 Pinehurst Road"
6103,Gustavo,Storm,6795757738,"30 Chestnut Street"
6104,Chris,Mota,7011387998,"71 Holly Avenue"
6105,James,Dinardo,9016613968,"20 High Street"
6106,Diana,Guenther,9488342255,"20 Chestnut Avenue"
6107,Blake,Garza,8694255209,"53 Park Street"
6108,Bree,Shaw,7086464944,"67 Parkview Terrace"
6109,Larry,Ulloa,9897989746,"28 Cherry Hill Road"
6110,William,Schenk,9389429258,"37 Cedar Lane"
6111,Marietta,Ecker,8648858260,"18 Cedar Street"
6112,Carolyn,Haza,6903828665,"60 Locust Street"
6113,Lisa,Hoskins,7061330983,"65 Ridgewood Road"
6114,Kelly,Price,7807009504,"11 Southview Lane"
6115,Frankie,Fritts,7533440172,"49 Yorktown Road"
6116,Patricia,Hart,7859432444,"35 Beechwood Road"
6117,Johnny,Hallowell,6317488070,"24 Grove Street"
6118,Jay,Cunha,9451671110,"35 Elmwood Place"
6119,Roy,Hutnak,7100450677,"6 Southview Lane"
6120,Albert,Mcardle,8579556319,"22 Pleasant Street"
6121,Albert,Long,7091507880,"24 Broad Street"
6122,Anthony,Drury,6567117683,"54 Jefferson Avenue"
6123,Margaret,Cooney,6646003391,"42 Briarwood Court"
6124,Jacob,Hannah,7834984356,"56 Eastlake Drive"
6125,Mattie,Robey,8120153343,"72 Locust Street"
6126,Toni,Engemann,8791727042,"6 Park Lane"
6127,Marla,Baker,8442173639,"9 Parkview Terrace"
6128,Sherman,NULL,8075014533,"13 Park Lane"
6129,Lois,Martin,6402763185,"75 Beechwood Road"
6130,Enrique,Potter,9799705270,"15 Meadowbrook Road"
6131,Ashley,Hill,9936077040,"16 Hillside Avenue"
6132,Almeda,Seger,7006532982,"47 Glenwood Avenue"
6133,Christopher,Ludwick,8453001431,"9 Hillcrest Avenue"
6134,Paul,Francis,7578493797,"12 Forest Drive"
6135,Melody,Warren,8003318805,"9 Linden Avenue"
6136,John,Knudsen,6306649513,"19 Woodbine Street"
6137,Rita,Hernandez,7073307317,"15 Maplewood Drive"
6138,Burton,Walton,9832180038,"27 Jefferson Lane"
6139,Cameron,Pierce,6559565244,"28 Cedar Court"
6140,Gayle,Childress,6372679101,"35 Hudson Terrace"
6141,David,Feldman,7854434382,"29 Park Avenue"
6142,Rex,Barth,7703757143,"14 Cedar Terrace"
6143,Edna,Manfre,8528601512,"12 Beechwood Avenue"
6144,David,Warner,7296452920,"69 Briarwood Court"
6145,Laura,NULL,6370602029,"27 Vineyard Drive"
6146,Vannessa,Fontaine,7382286322,"56 Jefferson Lane"
6147,Corey,Murray,6934163626,"4 Lexington Place"
6148,Azzie,Guzman,9609270047,"38 Northview Road"
6149,Faith,Twitchell,7486661326,"49 Birch Lane"
6150,Nicole,NULL,8082747770,"7 Parkside Lane"
6151,Joe,Jantz,9705701687,"28 Cherrywood Lane"
6152,Ronald,NULL,9950757152,"47 Maple Lane"
6153,James,Smith,7344868091,"40 Vine Street"
6154,Leo,Robinson,6722685524,"74 Highland Place"
6155,Charles,Dever,8826968414,"71 Park Street"
6156,Georgia,Hang,8373101680,"2 Brookside Avenue"
6157,Donald,Eller,7248137019,"26 Lakeview Drive"
6158,Chris,Holmes,7199646832,"30 Beechwood Road"
6159,Robin,Tompkins,9848443510,"18 Magnoli"
6160,William,Epps,9402665263,"33 Oak Street"
6161,Luther,Dreyer,7802649038,"66 Elmwood Place"
6162,Audrey,Pooler,9692430608,"27 Oakdale Drive"
6163,Florence,Lower,9996666871,"48 Parkview Road"
6164,William,Freeman,9864598559,"18 Fairview Avenue"
6165,Jane,Morales,6589205487,"5 Sycamore Street"
6166,Judith,Miller,9947215652,"50 Rosedale Avenue"
6167,Francis,Katzer,8928181471,"25 Brookdale Place"
6168,Nellie,Sills,8198400688,"66 Glenwood Drive"
6169,Helene,Redwine,7078529031,"79 Highland Place"
6170,Jose,Cole,9154008868,"61 Hickory Lane"
6171,Roy,Reeder,7076653113,"75 Southview Lane"
6172,Angela,Kelley,7201284351,"63 Garden Avenue"
6173,Ola,Assante,6567619071,"13 Elmwood Place"
6174,Greg,Mchenry,6752415535,"67 Oak Street"
6175,Herbert,Richardson,9669875803,"33 Broad Street"
6176,Linda,Young,6209321995,"77 Woodbine Street"
6177,Angel,Espinoza,7307135451,"35 Hickory Drive"
6178,Marty,Gilmore,6924527770,"13 Pinehurst Drive"
6179,Tonya,Brasil,7109730495,"49 Oakwood Lane"
6180,Mark,Trujillo,9960470513,"36 Longview Road"
6181,David,Shields,9679601127,"19 Cedar Court"
6182,William,Lacey,6548191565,"3 Longview Avenue"
6183,Mary,Levi,7179555169,"42 Birch Lane"
6184,Marcus,Davis,8516880395,"44 Oakdale Drive"
6185,Karen,Buckley,7893135592,"31 Chestnut Street"
6186,Marion,Numbers,8442390460,"12 Prospect Avenue"
6187,Mary,Ridenour,9162419354,"48 Columbus Lane"
6188,Casey,Wright,8490413322,"57 Walnut Street"
6189,James,NULL,7470356594,"51 Highland Drive"
6190,Victoria,Bonds,7788452472,"4 Maple Lane"
6191,Bert,Waters,8528967068,"58 Hillcrest Drive"
6192,George,Morrison,6984281366,"10 Longview Road"
6193,Susan,Carson,7058182713,"66 Fairview Avenue"
6194,Stacy,Johnson,6694242262,"37 Sunset Drive"
6195,Mary,Marmolejo,8697864426,"44 Hillcrest Road"
6196,Gary,Pearman,7109504124,"6 Mainview Avenue"
6197,Willie,Roberts,7014935473,"64 Jefferson Avenue"
6198,Jeri,Breton,9044376172,"7 Newbury Way"
6199,Ruth,Hiller,9518589596,"46 Pineview Road"
6200,Sherry,Gibson,6634838403,"67 Sycamore Street"
6201,Louise,Silvas,7074695498,"55 Prospect Avenue"
6202,Emily,Bryant,8841950692,"76 Parkside Lane"
6203,Timothy,Williams,8428304352,"54 Highland Place"
6204,Michael,Jacobs,6553501476,"27 Beechwood Road"
6205,Cindy,Frandsen,9720563681,"68 Rosedale Avenue"
6206,Thomas,Mullens,8630537422,"7 Valley View Road"
6207,Joan,Disla,8147909181,"37 Elmwood Terrace"
6208,Ramona,Stiles,7593519669,"13 Maplewood Road"
6209,Mitzi,Lovejoy,8883528335,"62 Pine Street"
6210,Gilbert,Sippel,6512765817,"19 Eastwood Drive"
6211,Steven,Cohen,7079709013,"4 Broadview Avenue"
6212,Kenneth,Deaton,8223688416,"31 Locust Street"
6213,Jaqueline,NULL,7738253597,"74 Hillcrest Drive"
6214,Edward,Martin,9398519393,"61 Maplewood Road"
6215,Aaron,Walker,7919981380,"47 Park Avenue"
6216,Allison,Michael,8739073735,"55 Maple Avenue"
6217,Andrew,Blair,6479450738,"17 Grove Street"
6218,Marjorie,Burris,6289168261,"4 Walnut Avenue"
6219,Mary,Houghton,9467661972,"72 Pleasant Street"
6220,Sara,Johnson,7659534070,"11 Mainview Avenue"
6221,Ian,Jones,6691435039,"29 Chestnut Street"
6222,Lucille,NULL,9117703533,"60 Highland Place"
6223,Julie,Turk,6952381411,"25 Oak Street"
6224,James,Fontenot,9388054277,"4 Valley View Road"
6225,Katina,Rivera,6471338731,"51 Hudson Terrace"
6226,Russell,Mitchell,8092091304,"24 Southview Lane"
6227,Samuel,Angle,6705136612,"69 Kingston Way"
6228,Gertrude,Gottschalk,7016458282,"63 Parkview Terrace"
6229,Jenny,Warren,8043040936,"35 Maplewood Drive"
6230,Donita,Gunther,9627156780,"72 Fairview Drive"
6231,Shirley,Atkins,9959711346,"56 Greenfield Avenue"
6232,Annie,Lee,7973570552,"56 Meadowbrook Road"
6233,Alejandro,Martel,6314586713,"6 Valley View Road"
6234,Mary,Barber,8278714942,"17 Jefferson Street"
6235,John,Edwards,6577052437,"60 Park Avenue"
6236,Jamie,NULL,7609897066,"55 Southview Lane"
6237,Gloria,Lewis,8840277410,"77 Hillcrest Avenue"
6238,Robyn,NULL,9592973112,"16 Hillcrest Road"
6239,Joe,Petersen,7283008684,"53 Elm Street"
6240,Richard,Hammer,8995724078,"42 Meadow Lane"
6241,Mattie,Popp,6096104462,"1 Fairview Avenue"
6242,Barbara,Todd,7170345330,"9 High Street"
6243,Alfred,Santistevan,6422780315,"27 Pineview Road"
6244,Carol,NULL,8360017758,"79 Forest Drive"
6245,Andrew,Mcdonough,6788176988,"50 Pineview Road"
6246,Darlene,Ramos,8155124850,"52 Newbury Way"
6247,Laurel,Reese,9739366909,"42 Walnut Avenue"
6248,Timothy,Barnett,6528001190,"34 Holly Avenue"
6249,Judith,NULL,6047133441,"47 Longview Avenue"
6250,Diane,Mazur,6818102873,"2 Pinehurst Drive"
6251,Albert,Cuthbert,8771478229,"73 Glenwood Avenue"
6252,Eloise,Matthai,8332971176,"79 Jefferson Street"
6253,Lillian,Hennings,8631392760,"27 Kingston Way"
6254,Keith,Ward,7222035853,"46 Mainview Avenue"
6255,Jennifer,Powell,9467195734,"35 Oakdale Drive"
6256,Victor,NULL,6128679449,"78 Pineview Road"
6257,Bryan,Ortiz,7213785196,"16 Maplewood Road"
6258,Shelley,Faulk,8048945032,"13 Prospect Avenue"
6259,David,Koehn,6549985105,"40 Jefferson Street"
6260,Yvonne,Gordon,7266846304,"69 Hillside Avenue"
6261,Wanda,Strickland,7780375425,"1 Pineview Road"
6262,Bernard,Honeywell,8137176042,"15 Northview Terrace"
6263,Ronald,Knight,9822627567,"77 Walnut Street"
6264,Bessie,Fairfax,9446769376,"4 Fairview Drive"
6265,Davina,NULL,6319217811,"44 Maple Lane"
6266,Robert,Lenz,6759103428,"64 Holly Avenue"
6267,Brittany,Harvey,7503471918,"20 Willow Street"
6268,Martha,Rollins,8927130363,"27 Longview Avenue"
6269,Shirley,Harrison,6093856011,"21 Lincoln Avenue"
6270,Casey,Hanna,6936162510,"26 Forest Drive"
6271,Jose,Mckinney,6745205099,"21 Willow Lane"
6272,Emily,Karaffa,7838327147,"66 Cherrywood Lane"
6273,Teresa,Obryon,6123105638,"5 Broad Street"
6274,Sheila,Florez,7746892025,"2 Meadow Lane"
6275,Miriam,Morton,9018395476,"78 Beechwood Avenue"
6276,Dustin,Lott,6156237278,"22 Forest Drive"
6277,Kandis,Volz,9325255492,"24 Holly Lane"
6278,Brian,Price,7493650741,"66 Ridgewood Road"
6279,Micheal,Cummings,8481022589,"29 Willow Lane"
6280,Mary,NULL,8992865652,"24 Columbus Lane"
6281,Doris,Mckelvey,6393821625,"22 Vine Street"
6282,Pamela,Bullock,8144915773,"55 Locust Lane"
6283,Joseph,Baker,7271666171,"60 Vine Street"
6284,Bessie,Axel,6357692010,"13 Orchard Road"
6285,Glen,Stewart,6580566118,"68 Parkview Avenue"
6286,Frances,Aldape,7126716017,"37 Sunnyside Road"
6287,Katherine,Stoehr,6658831676,"1 Grant Street"
6288,Thelma,Tuggle,8703111515,"64 Lincoln Circle"
6289,Raymond,Guerrero,8362854383,"47 Sunset Drive"
6290,Genevieve,Capone,7796765899,"16 Longview Road"
6291,Ronald,Johnson,7774506030,"73 Fairway Drive"
6292,Sharon,Grosvenor,7937219443,"38 Washington Avenue"
6293,Roy,Moore,9057899744,"56 Oakdale Court"
6294,Marian,Simmons,9075413908,"78 Newbury Way"
6295,Chris,Barrios,6842177673,"41 Pineview Drive"
6296,Jerry,Reper,9182422334,"61 Hickory Drive"
6297,Sheila,Baker,8834301867,"67 Magnoli"
6298,Charles,Wiseman,8727552892,"17 Belmont Avenue"
6299,Travis,Hart,8036636522,"24 Eastlake Drive"
6300,Leroy,Difrancesco,6658142813,"61 Highland Drive"
6301,Esther,Talmage,7206873669,"17 Lakeview Drive"
6302,Jimmy,Smith,9005835047,"8 Ridgewood Road"
6303,Jane,Villasenor,9756820498,"8 Laurel Lane"
6304,Joseph,Ender,6727081648,"3 Chestnut Avenue"
6305,Glenn,Clayton,9481179381,"77 Lake Shore Drive"
6306,George,Heck,8228813473,"70 Maplewood Road"
6307,Dawn,Austin,9183464471,"14 Fairview Avenue"
6308,Gus,NULL,6097035567,"61 Madison Avenue"
6309,Thomas,Johnson,7229454469,"74 Sycamore Street"
6310,Michael,Lopez,9148960378,"62 Riverside Drive West"
6311,Diego,Diaz,9616811012,"1 Mainview Avenue"
6312,Peter,Quinto,6699846398,"5 Longview Avenue"
6313,Patricia,Copeland,8516677792,"15 Pineview Drive"
6314,Jeffrey,Bishop,9872654920,"40 Vineyard Drive"
6315,Angeline,NULL,8898380343,"36 Pinehurst Drive"
6316,Roland,Williams,8005488067,"34 Pleasant Street"
6317,Helen,Bacon,8363332818,"38 Hudson Terrace"
6318,Lisa,Langston,9038812262,"4 Garden Avenue"
6319,Krista,Keys,6750589792,"20 Orchard Road"
6320,Janice,Terry,8669167630,"25 Ridgewood Road"
6321,Eugene,Visvardis,7018919431,"8 Fairway Drive"
6322,Kelvin,Mccoy,8183912504,"68 Park Avenue"
6323,Shannon,Hoard,7910736874,"25 Pineview Lane"
6324,Jeffrey,Ganison,7241552673,"52 Madison Avenue"
6325,Ophelia,Small,7557204732,"7 Riverside Drive West"
6326,Shana,Damico,7145469165,"59 Fairmount Road"
6327,Todd,Dickey,7317774394,"79 Walnut Street"
6328,Eugene,Higgins,8722821063,"52 Sycamore Street"
6329,Iva,Martich,8689869681,"46 Columbus Lane"
6330,Carrie,Bennett,6653158654,"31 Hillside Avenue"
6331,Marietta,Jones,6831865960,"72 Greenfield Avenue"
6332,Frederick,Loper,9748049297,"13 Magnoli"
6333,Linda,Williams,8296037531,"23 Grove Street"
6334,Philip,Fullmer,6779170328,"38 Sunset Drive"
6335,Janice,Seutter,6599648378,"6 Eastlake Drive"
6336,Darlene,Urey,9085304255,"69 Vineyard Drive"
6337,Charles,Leffler,6082795455,"73 Parkview Road"
6338,Terrance,Little,7133123182,"29 Hickory Drive"
6339,Michael,Tuite,9630314122,"63 Pleasant Street"
6340,Peter,Aguirre,7775740238,"3 Elmwood Terrace"
6341,Pat,Shirkey,8695207874,"32 Greenfield Terrace"
6342,Dana,Martin,6850478060,"62 Greenfield Avenue"
6343,Gordon,Harrington,7817672371,"10 Columbus Lane"
6344,Tamera,Gaines,8126052719,"65 Oakdale Drive"
6345,Wallace,Edmonds,8302091277,"48 Southview Lane"
6346,Irvin,Natal,6592203763,"78 Beech Street"
6347,Janet,Ganley,9468504552,"28 High Street"
6348,Rodney,Watson,8452779924,"39 Elmwood Place"
6349,Robert,Montgomery,6432035397,"65 Forest Avenue"
6350,Tammy,Hoagland,7187303424,"44 Valley Road"
6351,James,Krois,9710133808,"9 Sunset Drive"
6352,Gerda,Doughty,6886312604,"6 Pineview Lane"
6353,Reba,Mendez,7425995348,"30 Columbus Lane"
6354,Francis,Bergen,6939877666,"13 Highland Drive"
6355,William,Bevers,7271187675,"4 Linden Avenue"
6356,Cheryl,Coats,8936774449,"75 Park Street"
6357,Robert,Myers,6238720050,"50 Newbury Way"
6358,Amy,Forrest,9833055683,"9 Locust Lane"
6359,Mari,Vick,8725063172,"52 Meadowbrook Road"
6360,William,Pinkston,6095089084,"2 Mainview Avenue"
6361,Leonard,Eguia,9423161336,"70 Hillcrest Avenue"
6362,Larry,Maring,9818081911,"28 Valley View Road"
6363,Sharon,Crowe,9219556620,"48 Glenwood Avenue"
6364,John,Donnelly,8320366130,"73 Ashland Avenue"
6365,Lydia,Gunn,9631555341,"11 Lincoln Circle"
6366,Kelly,NULL,9083858229,"3 Birch Lane"
6367,Scott,King,8964309101,"12 Sunnyside Avenue"
6368,Nathan,Hill,7508822857,"3 Brookside Avenue"
6369,John,Booth,8698999279,"44 Springdale Road"
6370,Tom,Mautone,7938631827,"76 Pinehurst Drive"
6371,Thomas,Williams,7771686726,"32 Parkview Terrace"
6372,Kenneth,Ramirez,8627957920,"64 Rosedale Avenue"
6373,Warner,Flanders,7653512862,"24 Garden Avenue"
6374,Kathleen,Buzis,9538931687,"43 Greenfield Terrace"
6375,Walter,Frazier,7002398417,"15 Meadow Lane"
6376,Patricia,Ponder,6252428534,"60 Cedar Lane"
6377,Andrew,Ortiz,8057389309,"79 Brookside Avenue"
6378,Mary,Logan,7814276954,"20 Walnut Avenue"
6379,Edwin,Bocanegra,9573761028,"77 Northview Road"
6380,Kermit,NULL,9190508194,"74 Parkview Road"
6381,William,Dejesus,8873188698,"67 Sunnyside Road"
6382,Linda,Florens,7878915253,"45 Grant Avenue"
6383,Edith,Robertson,9722129426,"47 Cedar Road"
6384,Francis,Garafalo,9493944472,"22 Glenwood Drive"
6385,Craig,Picklesimer,8887568460,"50 Fairview Drive"
6386,Melissa,Echols,6373239964,"32 Sunnyside Road"
6387,Simone,Riddle,7646970568,"35 Highland Drive"
6388,Paul,Whitaker,8287841631,"4 Greystone Terrace"
6389,Sasha,Hayes,6615714416,"5 Cedar Terrace"
6390,Nancy,Helms,7011038113,"61 Pinehurst Road"
6391,Henry,Lachance,9140763497,"57 Brookside Avenue"
6392,Jerry,Jones,6882828293,"30 Northview Road"
6393,Seth,Baskin,8521167407,"35 Greenfield Avenue"
6394,Patrick,Renfrow,6035046387,"78 Elmwood Place"
6395,Kenneth,NULL,7835027963,"29 Lincoln Circle"
6396,Clinton,Hall,7484060089,"65 Elm Street"
6397,Laura,Rzeczycki,6679598752,"46 Broadview Avenue"
6398,Richard,Pearce,6901385356,"10 Brookdale Place"
6399,Thomas,Riley,6375617931,"52 Chestnut Street"
6400,Tabitha,Creswell,8280119339,"22 Lincoln Circle"
6401,Jean,Walker,7649159182,"8 Rosedale Avenue"
6402,Fred,Berry,6278273664,"38 Highland Place"
6403,Jimmy,Jolley,6005300149,"74 Walnut Street"
6404,Philip,NULL,9586253519,"75 Eastlake Drive"
6405,Mary,Peters,6329676933,"53 Ashland Avenue"
6406,Desiree,Gonzalez,9858333502,"35 Oakwood Lane"
6407,Michael,Jones,8756671514,"32 Lincoln Circle"
6408,Sarah,Irvin,8070547347,"79 Cedar Road"
6409,Kirsten,Buteau,6084092275,"5 Willow Street"
6410,Gary,NULL,7678869371,"49 Brookdale Place"
6411,Toby,Dantzler,7369342000,"66 Lincoln Avenue"
6412,Dick,Bruce,8856334508,"1 Elm Street"
6413,Edwin,Offerdahl,7242038578,"65 Beechwood Road"
6414,Ruth,Gillis,6713080151,"17 Ridgeview Drive"
6415,Michael,Berry,9614657691,"29 Sunnyside Road"
6416,Robbie,Macumber,8627194979,"21 Longview Avenue"
6417,Jane,NULL,8400241749,"20 Newbury Way"
6418,Kelly,Hamilton,7668830963,"24 Brookdale Avenue"
6419,Sarah,Samuels,6105293743,"55 Willow Street"
6420,Opal,Sunderland,7009401195,"22 Holly Lane"
6421,Gregory,Beck,7631288685,"7 Oakdale Drive"
6422,Michelle,NULL,9763414316,"53 Orchard Road"
6423,Anthony,Boutin,8990563307,"72 Riverside Drive"
6424,Christine,Jones,8523419585,"48 Walnut Street"
6425,Gregorio,Ostler,6045092648,"10 Fairmount Road"
6426,Freddie,Devens,7750511366,"23 Cedar Lane"
6427,Myrna,NULL,6050058864,"55 Hillcrest Road"
6428,Richard,NULL,8188736894,"31 Fairview Avenue"
6429,Kevin,Slostad,8058305885,"78 Fairview Avenue"
6430,James,Stillwagon,7560551270,"32 Highland Drive"
6431,William,Nelson,9739485486,"52 Oakdale Court"
6432,Natalie,NULL,7904419186,"70 Glenwood Drive"
6433,Patrick,Newman,6022940177,"59 Oakwood Lane"
6434,Dorothy,Gatton,9384145883,"74 Fairway Drive"
6435,Monica,Mark,6856232025,"8 Broadview Avenue"
6436,Casey,Wilder,6375875436,"50 Riverside Drive West"
6437,Maria,Logue,7178425914,"54 Pineview Road"
6438,Jamie,Hottinger,9747782146,"75 Oakdale Court"
6439,Tommy,Hensley,9546216554,"24 Park Avenue"
6440,Gabriel,Tronaas,8278758014,"64 Cedar Street"
6441,Gloria,Weeks,8273110004,"55 Cherry Hill Road"
6442,Donald,Araujo,7498684445,"77 Hillcrest Road"
6443,Christopher,Morgan,7719158025,"10 Cedar Lane"
6444,Clarice,Pipes,9159215767,"50 Magnolia Avenue"
6445,Don,Traughber,9533158053,"62 Holly Avenue"
6446,Eric,Weaver,8155816011,"4 Birchwood Lane"
6447,Shirley,Hernandez,8282887723,"13 Vineyard Drive"
6448,Annette,Rumley,6127927721,"12 Cherrywood Lane"
6449,Phil,Mcmullen,9573505925,"56 Cedar Court"
6450,Melissa,Hamilton,8101000045,"67 Madison Avenue"
6451,Edith,Perez,6676308983,"29 Park Street"
6452,Rafael,Hao,9528136733,"67 Belmont Avenue"
6453,Ann,Mcnamee,8139776811,"55 Pineview Lane"
6454,Thomas,Mota,9333221325,"14 Linden Avenue"
6455,Violet,Anderson,9609109697,"42 Oakwood Lane"
6456,Jeanice,Rieck,9493239821,"33 Maplewood Road"
6457,Jennifer,Swingle,9222457783,"57 Hillside Avenue"
6458,Karen,Mcadory,7465680413,"19 Park Avenue"
6459,Aaron,Whicker,6827446291,"48 Linden Lane"
6460,Gene,Padgett,8531996781,"34 Elm Street"
6461,William,Baron,7418951912,"69 Sycamore Street"
6462,Jacque,Heath,6615317157,"25 Columbus Lane"
6463,Ann,Luciano,8448166001,"31 Valley Road"
6464,Helen,Devotie,9130792955,"8 Lakeview Drive"
6465,James,Johnson,8278057940,"11 Beech Street"
6466,Robert,Segrest,7936414988,"9 Parkview Avenue"
6467,James,Borcherding,9526014406,"43 Broadview Avenue"
6468,Kasey,Jacobs,8911588170,"22 Orchard Road"
6469,Darren,Snyder,6616825062,"67 Maple Avenue"
6470,Diane,White,8781976735,"7 Park Street"
6471,Cleo,Walker,8273504961,"36 Locust Street"
6472,Lula,Robert,7030564862,"11 High Street"
6473,Stephanie,Texeira,9041406667,"6 Hickory Drive"
6474,Chris,Covington,8778515467,"61 Park Avenue"
6475,Dorothy,Thomas,7983691002,"58 Birch Lane"
6476,Bernice,Satcher,9172680211,"54 Brookdale Avenue"
6477,Bettye,Pendergrass,9798866672,"66 Riverside Drive West"
6478,David,Case,7420092286,"7 Jefferson Street"
6479,Marie,Gonzalez,7234866193,"10 Northview Terrace"
6480,Paul,Gonzalez,8404140167,"15 Fairview Drive"
6481,Shelly,Strawder,8369645314,"37 Greystone Terrace"
6482,Wanda,NULL,6724133171,"69 Mainview Avenue"
6483,John,Wagner,6985015821,"49 Walnut Avenue"
6484,Kirk,NULL,6666053177,"70 Brookside Avenue"
6485,Christopher,Wood,9661929204,"42 Jefferson Lane"
6486,Lucille,Shackelford,7893333688,"29 Pinehurst Road"
6487,Candace,Fann,9850324850,"68 Vine Street"
6488,Charles,Light,9301802181,"7 Grant Street"
6489,Ada,Saxton,6257063145,"62 Grove Street"
6490,Vincent,Anderson,7273963817,"19 Longview Road"
6491,Marta,Ortiz,6518055563,"35 Hillcrest Drive"
6492,Susan,Slemmons,9533053909,"55 Cedar Court"
6493,Dean,Hill,8577199159,"66 Pineview Road"
6494,Bernadette,Thompkins,6940367561,"37 Fairview Avenue"
6495,William,Hall,7993015852,"8 Sunnyside Road"
6496,Paula,Resendiz,7479453836,"75 Prospect Avenue"
6497,Jay,Hewell,8689660562,"35 Eastwood Drive"
6498,Diane,Hall,8626240600,"49 Parkview Avenue"
6499,Christopher,Waldrep,7536713988,"58 Vine Street"
6500,Brian,Robinson,8778179183,"27 Walnut Street"
6501,Katelynn,Hughes,6117841382,"55 Eastwood Drive"
6502,Patrick,NULL,8433508147,"28 Jefferson Avenue"
6503,Rae,Pulliam,7769922806,"61 Garden Avenue"
6504,Joseph,Hagans,9492422656,"12 Yorktown Road"
6505,Roger,Burton,6900568911,"10 Brookside Avenue"
6506,Sharon,Hall,8374339644,"78 Washington Avenue"
6507,Elizabeth,West,6386158568,"20 Brookdale Place"
6508,Antonio,Shannon,6085357133,"76 Birch Lane"
6509,Jeffrey,White,7687233025,"10 Parkside Lane"
6510,Warren,Phifer,9594976541,"53 Cedar Street"
6511,Mitchell,Isaksen,8436679285,"14 Jefferson Lane"
6512,Tyler,Mercado,8796787071,"17 Oak Street"
6513,Tonya,Polk,9202457444,"8 Oakwood Lane"
6514,Jeffrey,Johansen,8503172138,"21 Magnoli"
6515,Terri,NULL,9828065999,"36 Laurel Lane"
6516,Lois,Smith,8283898066,"42 Elmwood Road"
6517,Patrick,Mitchell,8156999214,"1 Glenwood Avenue"
6518,Evelyn,Johnson,7625503889,"64 Fairview Drive"
6519,Michael,Comeau,6227902675,"53 Madison Court"
6520,Elisa,Mead,7218466543,"25 Chestnut Street"
6521,Patricia,Ruiz,9456414735,"42 Southview Lane"
6522,Thomas,Leno,7298646586,"23 Linden Lane"
6523,Christian,NULL,6348223551,"24 Elm Street"
6524,Norman,Collins,7768387434,"28 Sycamore Street"
6525,Mark,Tong,9349622046,"5 Columbus Lane"
6526,Lorraine,Chung,6744281971,"28 Parkview Avenue"
6527,Cynthia,Moore,8074792292,"28 Pinehurst Road"
6528,Marie,NULL,9931998107,"10 Hillside Avenue"
6529,Walter,Reynolds,6697724970,"45 Hillcrest Road"
6530,Lillie,Castro,6019990500,"41 Columbus Lane"
6531,Esmeralda,Bova,6908299924,"42 Holly Avenue"
6532,Vicente,Stewart,8973747112,"56 Cedar Lane"
6533,Lamar,Way,6685718207,"61 Birch Lane"
6534,Larry,Dawkins,7238183934,"6 Cherry Hill Road"
6535,Angelique,Miles,7011596903,"13 Yorktown Road"
6536,Louise,Drew,8704313492,"76 Lincoln Avenue"
6537,Irene,Williams,9470057725,"9 Longview Avenue"
6538,Seth,NULL,8360613966,"43 Lincoln Avenue"
6539,Kirby,Mcguire,8835648634,"9 Rosedale Avenue"
6540,Robert,Duggan,8974999385,"32 Garden Avenue"
6541,Jamison,Lauricella,7213378880,"37 Highland Road"
6542,Nicholas,Cloutier,9176173190,"57 Magnoli"
6543,Phyllis,Adkins,8374969386,"18 Beechwood Road"
6544,Lee,Iman,8248080656,"76 Greystone Terrace"
6545,Rene,Meek,7043067226,"15 Forest Drive"
6546,Jeffrey,Leija,6025311977,"66 Highland Place"
6547,Earl,Kafer,7750864307,"62 Parkview Avenue"
6548,John,Wheat,7902162090,"36 Valley Road"
6549,Carlos,NULL,9628958614,"63 Fairview Drive"
6550,Celeste,Rosario,7520123407,"59 Greenfield Avenue"
6551,Bobbie,Johnson,9159355485,"49 Lincoln Avenue"
6552,Avery,Rivera,7128843355,"2 Hillcrest Drive"
6553,Derek,Houck,9390903876,"56 Oak Street"
6554,Kirsten,Gill,8672868533,"21 Elm Street"
6555,Ruth,Duffy,8528608896,"47 Greenfield Avenue"
6556,Shelby,Cohen,6772185074,"29 Meadowbrook Road"
6557,Marian,Holstein,8205159458,"37 Glenwood Drive"
6558,Bobby,NULL,9341202293,"19 Highland Road"
6559,Thomas,Casey,6775411007,"62 Briarwood Court"
6560,Julia,Matten,8580365215,"63 Lakeview Drive"
6561,Amy,Libby,8589509124,"64 High Street"
6562,Alva,Vasquez,7521350940,"21 Cherry Hill Road"
6563,Edward,Else,6548661804,"46 Briarwood Court"
6564,Roger,Unger,9785135823,"45 Brookdale Place"
6565,Dianne,NULL,9996140309,"15 Pleasant Street"
6566,Terry,Mueller,8459627611,"70 Pleasant Street"
6567,Gregory,Pfaff,7894130401,"79 Longview Avenue"
6568,Wayne,Devens,6928875578,"50 Glenwood Avenue"
6569,Kristine,Jackson,9891551525,"49 Maplewood Drive"
6570,Nigel,Galvan,6198769327,"29 Elmwood Terrace"
6571,Sally,Acuna,9112377589,"69 Elm Street"
6572,Shayla,Johnson,9780346427,"8 Valley View Road"
6573,Gladys,Dorman,7084504776,"72 Lincoln Circle"
6574,Theresa,Mccollum,9254962975,"58 Oakdale Court"
6575,Derrick,Roberts,9602515860,"69 Springdale Road"
6576,Lloyd,Jozwiak,9828480551,"46 Chestnut Avenue"
6577,Brenda,Dodge,8587353923,"42 Brookdale Place"
6578,Sandra,Wells,9505775192,"12 Willow Lane"
6579,Addie,NULL,7875467049,"46 Cherrywood Lane"
6580,Nicole,Tyler,8160308074,"20 Greenfield Avenue"
6581,Lindsay,Wade,8873444555,"70 Lincoln Circle"
6582,John,Shankle,8013131280,"45 Grant Street"
6583,Manuel,Guillory,6638992145,"25 Broadview Avenue"
6584,Robert,Blankenship,6209167879,"18 Lexington Place"
6585,James,Shepherd,7068053524,"37 Meadowbrook Road"
6586,Alex,Horton,9780945256,"1 Brookdale Place"
6587,Raymond,NULL,9144921090,"51 Walnut Avenue"
6588,Gary,Smith,7000796394,"53 Ridgewood Road"
6589,Eva,NULL,6418700698,"64 Lakeview Drive"
6590,Barbara,Trusty,7035562475,"32 Hillcrest Avenue"
6591,Nathan,NULL,6305954778,"21 Forest Avenue"
6592,Lillie,Garcia,8125280225,"31 Riverside Drive"
6593,Leeann,Rutt,8287436257,"68 Hillside Avenue"
6594,Joseph,Morace,9216063198,"25 Ridgeview Drive"
6595,Doris,NULL,8397556879,"7 Maplewood Road"
6596,Enrique,Harrison,9233089678,"13 Ridgeview Drive"
6597,Brian,Macnab,6159830533,"65 Park Avenue"
6598,Katie,NULL,9788705539,"54 Yorktown Road"
6599,Timothy,Daniels,6034422390,"67 Linden Lane"
6600,Zane,Mullinix,9072545024,"52 Linden Avenue"
6601,Kenneth,NULL,8082256694,"52 Belmont Avenue"
6602,Marjorie,Blackburn,9227554424,"79 Parkview Road"
6603,Randy,Mandel,9356977049,"51 Garden Avenue"
6604,Elizabeth,Cousin,9434794119,"32 Cedar Road"
6605,Dennis,Richardson,6472093474,"1 Madison Avenue"
6606,Eugene,Harris,6106391225,"14 Northview Road"
6607,David,Mares,9046704409,"59 Garden Avenue"
6608,Josephine,Latson,6384115076,"44 Grant Street"
6609,Kendrick,Olsen,7899683579,"53 Linden Avenue"
6610,Eugene,Suttles,9648186788,"45 Hillcrest Avenue"
6611,George,Perez,6138417679,"59 Birchwood Lane"
6612,Barbara,Wright,7118046130,"39 Kingston Way"
6613,Joann,Mendoza,6290249841,"25 Park Street"
6614,Brian,Walker,7890203561,"60 Riverside Drive"
6615,Diane,Boccella,6258713523,"48 Vineyard Drive"
6616,Jose,Mata,7156327220,"35 Oak Street"
6617,Sarah,Weidner,6430430402,"40 Maple Lane"
6618,Ruby,Mann,7086634269,"17 Meadowbrook Road"
6619,Michael,Smith,8241468775,"15 Kingston Way"
6620,Jennifer,Wheeler,8744339208,"16 Ridgeview Drive"
6621,Terry,Smith,9148121419,"66 Madison Court"
6622,Diane,Lehman,6875066410,"12 Cedar Terrace"
6623,Leslie,Salazar,8687703316,"52 Pineview Drive"
6624,Michael,Einhorn,9362883468,"12 Park Lane"
6625,Deborah,Halton,8410294493,"2 Garden Avenue"
6626,Paula,Chandler,6026832179,"65 Elmwood Place"
6627,Constance,Cross,8157113948,"61 Southview Lane"
6628,Lorine,Williams,6032375841,"62 Madison Court"
6629,Becky,Gray,9632304191,"20 Oakwood Drive"
6630,Lilian,Romanick,8040959807,"62 Columbus Lane"
6631,Mona,Switzer,9520926426,"14 Highland Road"
6632,Craig,Perry,6200423913,"51 Glenwood Avenue"
6633,Karen,Maki,9739252662,"43 Vineyard Drive"
6634,Keiko,Duncan,7805435352,"78 Vine Street"
6635,Eleanor,Chisolm,8143270155,"55 Park Street"
6636,Kristine,Mahar,6168873860,"76 Elmwood Terrace"
6637,Lola,Hardeman,6657159186,"47 Highland Place"
6638,Patricia,Orcutt,6198401692,"35 Applewood Drive"
6639,Stacey,Bingham,9593163237,"5 Greenfield Avenue"
6640,Timothy,Rosario,9848584209,"3 Meadow Lane"
6641,Sharon,Haley,7224947281,"50 Cherrywood Drive"
6642,Delicia,Thomas,6472938996,"39 Fairway Drive"
6643,Lenny,Gardner,6039573265,"53 Applewood Drive"
6644,Elizabeth,NULL,9029643600,"40 Valley View Road"
6645,Charlotte,Grubbs,9235059533,"59 Springdale Road"
6646,Maxwell,Everts,6462518702,"31 Ashland Avenue"
6647,Jeremy,Trujillo,8607374424,"21 Greystone Terrace"
6648,Shanna,Foote,9434138572,"58 Lake Shore Drive"
6649,Phyllis,Marshall,8476201852,"72 Willow Street"
6650,Emilio,Hanson,9825552424,"28 Fairmount Road"
6651,John,Part,6010565814,"20 Linden Lane"
6652,Delores,Skorupa,8811576130,"64 Meadowbrook Road"
6653,Lupe,Bennett,7853808273,"31 Walnut Street"
6654,Armando,Bowman,6140835472,"3 Beech Street"
6655,Shelley,Mcgraw,8440409191,"2 Fairmount Road"
6656,Edward,Toney,9224473223,"5 Sunset Drive"
6657,Aliza,Ornelas,8048276672,"29 Locust Street"
6658,Jimmie,Delong,9110149405,"17 Chestnut Avenue"
6659,Dorothy,Prado,9798449939,"35 Walnut Avenue"
6660,Ruth,Seto,8533440070,"19 Elmwood Place"
6661,Nancy,NULL,6666466624,"49 Pleasant Street"
6662,Joe,Thompson,7937822189,"1 Maple Lane"
6663,Edwin,Sees,8987367669,"14 Birchwood Lane"
6664,David,Feltus,6773660028,"10 Cherrywood Lane"
6665,James,NULL,6510082457,"54 Orchard Road"
6666,Eusebio,Pena,7146261872,"36 Pineview Drive"
6667,Robert,Taylor,8857912584,"6 Fairmount Road"
6668,Jeanette,Kelly,8517293368,"73 Parkview Avenue"
6669,Anna,Miller,9824893931,"76 Cedar Street"
6670,Denise,Douglas,6615787906,"25 Woodbine Street"
6671,Will,Campbell,8742259078,"23 Greenfield Avenue"
6672,Dennis,Siwicki,7902946432,"6 Briarwood Court"
6673,Jordan,Kite,8526143459,"29 Pine Street"
6674,Gary,Bourgeois,6079372157,"32 Prospect Avenue"
6675,Phyllis,Rosas,8067915595,"49 Woodbine Street"
6676,Muriel,Ford,8717997562,"58 Valley View Road"
6677,Keith,Rees,6078449723,"2 Grant Street"
6678,Mark,Halley,9442869226,"44 Newbury Way"
6679,Tamatha,Cook,6665227667,"14 Maple Avenue"
6680,Steve,Holsworth,7583459056,"15 Applewood Drive"
6681,Amber,Kim,8447661009,"59 Pineview Drive"
6682,Monica,Peabody,6039972450,"16 Highland Road"
6683,John,Richardson,8855509873,"22 Broadview Avenue"
6684,Jose,Smith,6597429067,"72 Pinehurst Drive"
6685,Derek,Briggs,9728461149,"49 Eastwood Drive"
6686,Brent,Munoz,9566704309,"69 Parkside Lane"
6687,Penny,Nathanson,9856151920,"65 Willow Lane"
6688,Kelly,Gauthier,7771977539,"64 Walnut Street"
6689,Catherine,Strother,6950369840,"35 Hickory Lane"
6690,Marjorie,Olds,7560877919,"6 Hillcrest Avenue"
6691,Jared,Baur,9483618765,"66 Brookdale Avenue"
6692,Gertrude,Parker,8440648090,"16 Orchard Road"
6693,Janis,Mckinney,8709577735,"58 Parkside Lane"
6694,Angela,Grinnell,6633595803,"11 Willow Street"
6695,Loren,Villarreal,7233712583,"7 Ashland Avenue"
6696,Alvin,Dipietro,6273195401,"67 Hillcrest Road"
6697,Andrea,Oge,8413988092,"29 High Street"
6698,Kenneth,Cushman,9069165591,"67 Pinehurst Drive"
6699,Dan,Lin,7529444210,"68 Glenwood Avenue"
6700,Tamara,Trickel,9792714110,"73 Kingston Way"
6701,Kris,Smith,7031172903,"4 Riverside Drive"
6702,Sharon,Luna,7603918896,"24 Fairview Avenue"
6703,Christopher,NULL,7364757015,"3 Holly Avenue"
6704,Jerry,Hyman,8144371998,"52 Applewood Drive"
6705,James,Hatfield,6953402961,"58 Magnolia Avenue"
6706,Brandon,Hutchinson,6932905724,"64 Southview Lane"
6707,William,Presler,8331641754,"76 Columbus Lane"
6708,Carol,Mccarty,8282794829,"25 Greenfield Avenue"
6709,Cindy,Grisby,8419456303,"44 Greenfield Avenue"
6710,Brandi,Dance,6222035519,"25 Washington Avenue"
6711,Josephine,Clark,9835797569,"7 Oakwood Lane"
6712,Arlene,Kakos,6964567670,"49 Vineyard Drive"
6713,Nakita,Roman,8151080013,"26 Oakdale Court"
6714,Willard,Davis,7893343710,"67 Hillcrest Avenue"
6715,Joel,NULL,9622803637,"64 Highland Drive"
6716,Danielle,Robbins,6566615908,"40 Park Lane"
6717,Gail,Sand,8209966787,"46 Walnut Avenue"
6718,Jose,Roddy,6462943122,"45 Applewood Drive"
6719,Larry,Starling,7913024496,"30 Locust Lane"
6720,Wilma,Means,6467985345,"34 Garden Avenue"
6721,John,Carey,7757952626,"13 Forest Avenue"
6722,Richard,Stoner,7671313215,"19 Lexington Place"
6723,Eddie,Lin,8723655413,"11 Lexington Place"
6724,Gladys,Perrone,9487092069,"27 Sunset Drive"
6725,Erin,Masters,6079947311,"54 Madison Avenue"
6726,Patricia,Mouton,9147986156,"3 Birchwood Lane"
6727,Ann,NULL,7284302836,"69 Oakwood Drive"
6728,Ray,Ford,8204399312,"59 Magnoli"
6729,Tabitha,NULL,9198947031,"75 Walnut Avenue"
6730,Daniel,Sailors,7547257077,"22 Linden Avenue"
6731,Christopher,Cooke,8089142914,"3 Parkview Terrace"
6732,Kristy,Frisch,9392768790,"23 Ashland Avenue"
6733,Kathleen,Clark,7216079719,"23 Park Street"
6734,Gayla,Williams,9013890191,"3 Orchard Road"
6735,Patricia,Maxwell,6737283050,"38 High Street"
6736,Samantha,Rollins,7447105191,"36 Oak Hill Drive"
6737,Patricia,Olson,9826043133,"64 Greenfield Avenue"
6738,Deanna,Christopher,6610013499,"77 Riverside Drive"
6739,Brandon,Short,8974886237,"30 Sunnyside Avenue"
6740,Anna,Juarez,7703276223,"65 Park Street"
6741,Trudy,Poulin,8752149680,"11 Glenwood Avenue"
6742,Lisa,Mccabe,7159116085,"26 Glenwood Avenue"
6743,Kevin,Simmons,9857851115,"68 Eastlake Drive"
6744,Michael,Holland,6756747981,"75 Greenfield Terrace"
6745,Shannon,Anderson,8760793539,"43 Oakwood Drive"
6746,Jody,Delcid,6697441637,"75 Hudson Terrace"
6747,Sophie,Hampton,7149498083,"48 Glenwood Drive"
6748,Maria,NULL,8330290127,"43 Yorktown Road"
6749,Debbie,Arellano,8302872466,"8 Hudson Terrace"
6750,Nancy,Calabrese,7387292999,"28 Applewood Drive"
6751,Sue,Jolin,7385718999,"12 Oakwood Drive"
6752,Vincent,Patrylak,7481570306,"3 Cherrywood Lane"
6753,Rose,Burgin,8356144355,"25 Sunset Drive"
6754,Rena,Mieloszyk,7520604129,"72 Linden Lane"
6755,Raymond,Kincaid,9580994136,"28 Hillcrest Drive"
6756,Michael,Pettway,8181466590,"67 Highland Road"
6757,Paul,Plank,9416255382,"21 Cedar Road"
6758,Regina,Reiser,6209587935,"47 Locust Lane"
6759,Jimmy,Bennett,6833208093,"58 Oakwood Drive"
6760,Salvador,Flynn,9283110050,"10 Ashland Avenue"
6761,Dana,Anguiano,6136426399,"22 Beech Street"
6762,Jennifer,NULL,6797702869,"35 Parkside Lane"
6763,Jacob,Orr,8275757540,"36 Park Street"
6764,Edna,King,8806764185,"2 Oakdale Drive"
6765,Nancy,Jacobs,6513192370,"43 Grant Avenue"
6766,Aaron,Moore,8198840614,"53 Glenwood Drive"
6767,Elsie,Macklin,6185910789,"2 Forest Drive"
6768,Jo,Peffley,8679388684,"58 Elm Street"
6769,Jodie,Hernandez,8423530237,"13 Newbury Way"
6770,Elise,Cichon,6234137778,"4 Locust Street"
6771,Beulah,Jones,7810356385,"32 Hillside Avenue"
6772,Lori,Stolar,6972546763,"61 Lakeview Drive"
6773,Viola,Vetter,6124102080,"34 Parkview Road"
6774,Danny,Buitron,9626978284,"53 Brookdale Place"
6775,Richard,Walker,9227668199,"18 Beech Street"
6776,Betty,Chaffin,6352511897,"75 Parkside Lane"
6777,Michael,Farris,7690613196,"43 Longview Avenue"
6778,Joseph,Tronaas,9913818547,"54 Kingston Way"
6779,Renee,Garcia,6879237829,"4 Northview Road"
6780,Ervin,Knight,7876045062,"78 Maplewood Road"
6781,Michael,Henderson,6416878564,"9 Longview Road"
6782,Erin,Douglas,8811131415,"66 High Street"
6783,Jennifer,Pellegrino,9601604550,"42 Broadview Avenue"
6784,Diane,Franklin,8699635728,"27 Woodbine Street"
6785,Shirley,Kmiecik,8393954889,"58 Fairmount Road"
6786,Neville,Weathersby,8762900869,"77 Eastwood Drive"
6787,William,Jackson,9998940597,"40 Pineview Lane"
6788,David,Brandenberger,6486825156,"27 Park Avenue"
6789,Anna,Williams,7784144460,"16 Park Street"
6790,Margaret,Ness,7154128253,"11 Brookdale Avenue"
6791,Dean,Mccaffrey,8884072191,"33 Eastlake Drive"
6792,Angelo,NULL,6376722061,"74 Washington Avenue"
6793,James,Neal,6208638092,"33 Oakdale Drive"
6794,Rose,Davis,8275091359,"27 Northview Road"
6795,Elise,Bruno,7786893362,"56 Fairmount Road"
6796,Theodore,Shirkey,9101289288,"53 Yorktown Road"
6797,Gregory,Frilling,8512431512,"33 Woodbine Street"
6798,Eugene,Green,7464479510,"48 Hickory Lane"
6799,Coral,Banks,8186431927,"32 Birch Lane"
6800,Michele,Harris,7221326762,"35 Yorktown Road"
6801,Patrick,Lemus,7547167346,"37 Glenwood Avenue"
6802,Leonard,Orozco,6459910831,"15 Walnut Avenue"
6803,Wallace,Stephens,6681460106,"68 Holly Avenue"
6804,William,Stone,6414991638,"45 Parkside Lane"
6805,Tom,NULL,7795235074,"27 Chestnut Street"
6806,Virginia,Bartlett,7849414393,"66 Pineview Lane"
6807,Helen,Meredith,9093910313,"56 Ridgeview Drive"
6808,Henry,Carroll,8150061083,"59 Brookdale Avenue"
6809,Elmer,Heck,8363486131,"1 Locust Street"
6810,Bobbye,Machesky,7159183491,"31 Sunset Drive"
6811,Christine,Samuels,8898219046,"14 Ridgewood Road"
6812,Justin,Norden,8406029143,"27 Ridgewood Road"
6813,Jacob,Walker,6968117482,"7 Longview Road"
6814,Kenneth,Jones,8084064267,"50 Willow Street"
6815,Ellen,Watson,6309703339,"63 Broad Street"
6816,Barry,Hopkins,7933832359,"13 Oakwood Lane"
6817,Mae,Shroyer,9340724996,"12 Cherrywood Drive"
6818,Victor,Mcmillan,8444391565,"40 Parkview Road"
6819,Charles,NULL,8502060012,"16 Beechwood Avenue"
6820,Audrey,Logan,7505343432,"43 Linden Avenue"
6821,Catherine,Nunez,9256480628,"26 Laurel Lane"
6822,Andrew,Sykes,7756153701,"45 Elmwood Road"
6823,James,Haugen,6217530261,"49 Magnolia Avenue"
6824,Carlene,Brown,6309342183,"22 Walnut Avenue"
6825,Josie,Certain,9238656585,"50 Oak Hill Drive"
6826,Wayne,Lawyer,7898954898,"45 Lincoln Avenue"
6827,Jean,Phillips,7355765856,"73 Applewood Drive"
6828,Rodney,Wieland,6584192365,"67 Beechwood Road"
6829,Lewis,Saska,7817566335,"51 Brookdale Avenue"
6830,Michelle,Nova,6416270101,"32 Grove Street"
6831,Gina,Gordon,9360043226,"56 Lexington Place"
6832,Richard,NULL,9091460733,"47 Madison Avenue"
6833,Glen,Robinson,9932535904,"40 Linden Avenue"
6834,Janice,Mueller,7606420166,"78 Sunnyside Avenue"
6835,Philip,Daschofsky,8974249685,"20 Walnut Street"
6836,Marian,Fields,8379807372,"65 Madison Avenue"
6837,Evelyn,Bailey,9973029833,"6 Yorktown Road"
6838,Michele,Johnston,6911955398,"41 Garden Avenue"
6839,Karyn,Tilley,6055313767,"5 Laurel Lane"
6840,Jacob,Hagen,7217304799,"74 Cedar Road"
6841,Frederick,Herbert,6245423606,"14 Hillside Avenue"
6842,Mario,Fiorentino,7903355245,"46 Laurel Lane"
6843,Lillie,Schnee,9716687749,"8 Pine Street"
6844,Lawrence,NULL,9082392216,"60 Madison Avenue"
6845,Angela,Dryer,8971420575,"12 Southview Lane"
6846,Darryl,White,9482929525,"31 Meadow Lane"
6847,Aaron,Clark,7727544094,"13 Madison Court"
6848,Susan,Clarke,7023263697,"53 Holly Lane"
6849,Joseph,Wright,8399910424,"53 Kingston Way"
6850,Mark,Bono,6214666463,"65 Pine Street"
6851,Lelia,Amenta,9106290437,"45 Walnut Street"
6852,Vernon,Palmer,8241191118,"8 Maplewood Drive"
6853,Tami,Gilliam,6893097269,"68 Forest Drive"
6854,Curtis,Blok,8718538446,"8 Briarwood Court"
6855,Yvonne,Murphy,7446677938,"32 Jefferson Avenue"
6856,Francis,Arzu,8828275923,"65 Linden Lane"
6857,Marie,Salter,7913152675,"77 Lexington Place"
6858,Howard,NULL,9011568898,"78 Linden Lane"
6859,Ann,Buchman,8487030222,"69 Cherrywood Lane"
6860,Kyle,Polk,9605654488,"59 Longview Avenue"
6861,Adam,Wiedemann,9952942590,"64 Ridgeview Drive"
6862,Shirley,Villalpando,6788353504,"67 Pineview Drive"
6863,Brian,Burnett,7391357728,"47 Walnut Street"
6864,Jose,NULL,8700781652,"77 Parkview Avenue"
6865,Richard,Yeager,7966678504,"59 Brookside Avenue"
6866,Amy,Wanner,6375286287,"21 Grant Avenue"
6867,Billy,Palmore,7758152267,"35 Sycamore Street"
6868,Lincoln,Melear,6408514595,"20 Magnolia Avenue"
6869,William,Hawkins,6680269582,"14 Woodbine Street"
6870,Carol,Seda,9677320460,"62 Fairview Avenue"
6871,Cynthia,NULL,9995446795,"46 Jefferson Street"
6872,Lauryn,NULL,9033638394,"67 Cedar Terrace"
6873,Jeffrey,Christian,7598895304,"1 Jefferson Lane"
6874,Elyse,Gogan,7196295975,"52 Oakdale Drive"
6875,Thomas,Barney,7712278419,"22 Madison Court"
6876,Sandra,Jones,8558277959,"25 Fairway Drive"
6877,Richard,NULL,7877335215,"42 Birchwood Lane"
6878,Mary,Desrosier,7612736605,"15 Grant Avenue"
6879,Jeffrey,Law,9655487193,"38 Ashland Avenue"
6880,Heidi,Lira,8871522872,"26 Park Avenue"
6881,Walter,Mcdonald,8139649431,"18 Parkside Lane"
6882,Kyle,Rose,6544332798,"72 Walnut Avenue"
6883,Kathi,Lacy,9959415790,"71 Pineview Lane"
6884,Kathleen,Reed,9298712397,"23 Pleasant Street"
6885,Charles,Reedy,6910100715,"41 Fairview Drive"
6886,Tanya,Benjamin,7043089645,"21 Forest Drive"
6887,Andrea,Shibley,6157349045,"46 Riverside Drive"
6888,Enrique,Ferguson,7502808216,"22 Mainview Avenue"
6889,Lillie,Underwood,9884854339,"33 Willow Street"
6890,Karen,Zettlemoyer,9474910893,"76 Hickory Lane"
6891,Catherin,NULL,8951747031,"20 Park Lane"
6892,Shawn,Musielak,9933856494,"77 Northview Terrace"
6893,John,Williams,7877882061,"75 Oakwood Lane"
6894,Jean,Weed,6088009614,"19 Prospect Avenue"
6895,Robert,Wells,7294203001,"44 Fairmount Road"
6896,Tamara,Phu,9052213018,"34 Magnoli"
6897,Vivien,Baldino,9344176383,"27 Maple Lane"
6898,Sheila,Antoniou,9532729829,"56 Meadow Lane"
6899,Barbara,NULL,9846971217,"66 Beech Street"
6900,Ashley,Cruz,6255095491,"66 Lexington Place"
6901,Maria,Sundberg,9189737520,"2 Elmwood Road"
6902,Anthony,Williams,7896242167,"74 Fairview Drive"
6903,Georgia,Oates,8307714753,"34 Riverside Drive West"
6904,Allan,Heeren,9964176114,"64 Fairmount Road"
6905,Joanne,Klepchick,8389453499,"45 Cedar Terrace"
6906,Frank,Boyle,7248087441,"38 Cedar Road"
6907,Michael,Kirk,9229612197,"70 Lincoln Avenue"
6908,Joel,Sutherland,6540068404,"25 Valley View Road"
6909,Rose,Marino,6853335750,"13 Cherrywood Drive"
6910,Kristen,Bueter,6716734664,"26 Parkview Terrace"
6911,Daniel,Hull,9489493619,"49 Longview Avenue"
6912,Brandy,Colvard,6869008752,"54 Northview Road"
6913,Katrina,NULL,8986769676,"3 Oak Hill Drive"
6914,Kesha,Rhew,7789358155,"51 Sunnyside Road"
6915,Robert,Lacey,9905124258,"18 Lincoln Circle"
6916,Teresa,Aten,8923871244,"51 Longview Road"
6917,Angelica,Chatman,7241014329,"46 Yorktown Road"
6918,Christina,Mayfield,6680394287,"2 Ridgewood Road"
6919,Romeo,Lynn,8454792941,"27 Maplewood Road"
6920,Julie,Fryson,8165706701,"11 Madison Court"
6921,Michael,Ferguson,6831162152,"4 Magnolia Avenue"
6922,Gloria,Frisina,7345960375,"60 Columbus Lane"
6923,Michael,Andrews,6263699632,"76 Cherry Hill Road"
6924,Jeremy,NULL,7169244872,"23 Magnoli"
6925,Elizabeth,Goetz,7507555886,"26 Hillside Avenue"
6926,Mary,Connors,9774042931,"37 Hudson Terrace"
6927,Clifford,Kamp,6787874415,"13 Broadview Avenue"
6928,Leah,Negrete,8692957777,"70 Beechwood Avenue"
6929,Robert,Savage,6686273125,"45 Riverside Drive West"
6930,Samuel,Vasquez,6786271125,"64 Maplewood Drive"
6931,David,Landrum,6640504041,"54 Sunset Drive"
6932,Laurie,Powers,9930193282,"39 Elmwood Terrace"
6933,Lori,Mcgill,7709326621,"75 Ridgewood Road"
6934,Terrie,Harvey,8323216323,"78 Elmwood Terrace"
6935,Robert,Noland,7616475880,"35 Cedar Lane"
6936,Terry,Bacon,7264133862,"13 Chestnut Street"
6937,William,Coil,6503691133,"11 Longview Avenue"
6938,Melba,Lee,7231404460,"60 Ridgewood Road"
6939,Georgia,Neil,9126891464,"33 Brookside Avenue"
6940,Mario,Silva,8054688786,"45 Oakwood Lane"
6941,Henry,Montoya,6163584747,"53 Highland Place"
6942,Gail,Lytell,7288436313,"53 Cedar Court"
6943,Richard,Bowman,8477788085,"6 Riverside Drive"
6944,Joseph,Freeman,9556408702,"62 Oak Street"
6945,Stephanie,Fountain,6792421060,"74 Elm Street"
6946,Louis,NULL,7927253368,"60 Hillcrest Road"
6947,Vera,NULL,9096758066,"5 Oakdale Drive"
6948,Pamela,Zamudio,8712311808,"66 Belmont Avenue"
6949,Sharon,Curry,7603180710,"18 Jefferson Avenue"
6950,William,Harris,7586006625,"28 Lakeview Drive"
6951,Lucas,Riggins,6918670949,"65 Applewood Drive"
6952,Gary,Chadwick,8404062475,"79 Oakdale Court"
6953,Judy,Burnstein,7992523679,"78 Garden Avenue"
6954,Margaret,Henry,7130297040,"57 Magnolia Avenue"
6955,Louis,Mcdonald,9619298913,"44 Magnolia Avenue"
6956,Robert,NULL,6425551017,"38 Longview Avenue"
6957,Mildred,Crockett,9811027750,"53 Park Avenue"
6958,Joseph,Clay,8947767122,"38 Fairmount Road"
6959,Margaret,Jones,6444961509,"14 Hudson Terrace"
6960,Frances,Bradley,7972217316,"20 Maplewood Road"
6961,Donna,Warfield,6393890017,"19 Eastlake Drive"
6962,Mattie,Pittman,6971199951,"34 Pineview Drive"
6963,Steven,NULL,6501847787,"57 Sycamore Street"
6964,Melissa,Griffen,7603238727,"35 Prospect Avenue"
6965,Jose,Cornely,8885252454,"6 Birchwood Lane"
6966,Ruth,NULL,8168368342,"74 Cedar Lane"
6967,Mackenzie,Burrell,8971275479,"27 Magnolia Avenue"
6968,Elmer,Miranda,9522713034,"61 Vineyard Drive"
6969,Carol,Yearout,7994795515,"11 Laurel Lane"
6970,Leroy,Merryman,8062988448,"56 Parkside Lane"
6971,Joseph,Draper,7258792679,"57 Glenwood Avenue"
6972,Lawrence,Jefferies,8808008913,"52 Kingston Way"
6973,Barbara,Tripp,8721085817,"8 Brookside Avenue"
6974,Dirk,Rodgers,9213634842,"45 Walnut Avenue"
6975,Rose,Shea,7402537494,"49 Oakwood Drive"
6976,William,Brown,8916209585,"21 Oakwood Lane"
6977,Ruth,Wilson,8410094061,"74 Oak Hill Drive"
6978,Nicholas,Quitugua,7766775345,"54 Sycamore Street"
6979,Charlie,NULL,8080412113,"79 High Street"
6980,Mark,NULL,8587537723,"7 Woodbine Street"
6981,Carma,NULL,6439081405,"57 Lexington Place"
6982,Cecil,Shirilla,6441803895,"72 Walnut Street"
6983,Suzette,Grand,8917952131,"8 Holly Lane"
6984,Luis,Self,7723073078,"1 Fairmount Road"
6985,Xavier,Saunder,8392909077,"43 Willow Lane"
6986,Ruth,Borden,8513102401,"40 Oakwood Lane"
6987,Robert,NULL,9558071770,"41 Walnut Avenue"
6988,Earl,Hornback,9432113199,"36 Maple Lane"
6989,Robin,Gray,7417794284,"23 Park Lane"
6990,Michael,Williams,7213929436,"49 Hickory Drive"
6991,Paul,Gray,8003944870,"31 Cedar Lane"
6992,Susan,Childs,9875596965,"78 Hillcrest Avenue"
6993,Adam,Mcrae,7105544691,"8 Sycamore Street"
6994,Lisa,Kohn,6412385623,"48 Sycamore Street"
6995,Joan,Seward,7098344488,"13 Beech Street"
6996,Keith,Purinton,9135012247,"79 Lake Shore Drive"
6997,Robyn,Barber,8669453910,"33 Cedar Court"
6998,Willie,Ross,7998904534,"41 Hillcrest Road"
6999,Mark,Kelly,6931102317,"20 Highland Place"
7000,Irving,Pinson,7879509867,"38 Forest Avenue"
7001,Amy,Radford,9555538948,"45 Fairmount Road"
7002,Helen,Marks,9769032993,"29 Beechwood Avenue"
7003,Virginia,Libby,7299179124,"36 Vineyard Drive"
7004,Rene,Easley,7188058656,"61 Highland Road"
7005,Valerie,Rojas,6627957421,"19 Ashland Avenue"
7006,Clarence,Johnson,7955744709,"75 Cedar Road"
7007,Edward,Lewis,6250621441,"26 Greystone Terrace"
7008,Audrey,Tatom,7550519950,"1 Birchwood Lane"
7009,Deborah,Garrison,7266563867,"58 Cherry Hill Road"
7010,Kanesha,Morales,8181202093,"76 Oak Hill Drive"
7011,David,Allen,7708983216,"40 Cherrywood Lane"
7012,Joi,Jordan,8813890440,"33 High Street"
7013,Timothy,Chambers,7727515782,"74 Lincoln Avenue"
7014,Numbers,Preston,9037086185,"1 Garden Avenue"
7015,Kerry,Kingsley,9186333792,"28 Yorktown Road"
7016,Jose,Seacat,7438664543,"7 Pleasant Street"
7017,Donald,Stoddard,9270005739,"64 Hillcrest Drive"
7018,Richard,Hidinger,6803039361,"11 Pineview Lane"
7019,Tawny,Ratcliff,6163802421,"3 Vine Street"
7020,Jeffrey,Wilson,7149702392,"79 Birchwood Lane"
7021,Christian,Day,9749178861,"50 Grant Street"
7022,Louie,Sowers,9384169622,"45 Belmont Avenue"
7023,Chris,Messinger,7617418454,"29 Longview Avenue"
7024,George,Hicks,9167535415,"64 Longview Avenue"
7025,Jessica,Mccann,6858200126,"53 Beech Street"
7026,Melissa,Patterson,8225510016,"71 Broadview Avenue"
7027,Thomas,Baker,8992631572,"74 Broadview Avenue"
7028,William,Parker,8506233778,"76 Sunnyside Avenue"
7029,Michelle,Laverriere,9529090985,"10 Elmwood Road"
7030,Brenda,Barber,7540965522,"6 Maple Avenue"
7031,Wesley,Moore,7859505154,"13 Oakdale Court"
7032,Carol,Allen,7167720955,"62 Brookdale Avenue"
7033,Jessica,Sisk,6941929852,"77 Longview Road"
7034,Verna,Rogers,6766430798,"44 Cherrywood Drive"
7035,Jorge,Smith,8974596208,"31 Cedar Terrace"
7036,Christopher,Decker,7394714227,"52 Maple Avenue"
7037,Cynthia,Crowley,8131621196,"65 Oak Street"
7038,Shirley,Maze,6417803140,"65 Briarwood Court"
7039,Mary,NULL,9057304955,"34 Jefferson Lane"
7040,Ulysses,Silvera,9343979271,"2 Beechwood Road"
7041,Elizabeth,Clemens,9293416648,"41 Riverside Drive West"
7042,Ivan,Anglemyer,8990744469,"37 Springdale Road"
7043,Janice,Simon,9058092827,"35 Pineview Drive"
7044,James,Blaylock,8200920332,"34 Applewood Drive"
7045,Henry,Porter,8849916837,"45 Hickory Lane"
7046,Samuel,Beaver,6645323872,"74 Magnoli"
7047,Virginia,Trinidad,6574305429,"73 Ridgeview Drive"
7048,Emily,Lee,6111229461,"22 Eastwood Drive"
7049,Leslie,Rushing,7446787575,"70 Chestnut Avenue"
7050,Constance,Clark,7191930531,"29 Hillcrest Avenue"
7051,Jeffrey,Hutchens,7877942175,"27 Locust Lane"
7052,Julia,Stilwell,6685866120,"46 Fairview Avenue"
7053,Neil,Floyd,6467068870,"65 Hickory Lane"
7054,Brian,NULL,7456246013,"67 Garden Avenue"
7055,Julia,Mitchell,8963521891,"37 Walnut Street"
7056,William,NULL,8642493851,"6 Newbury Way"
7057,Robert,Williams,8721239924,"16 Northview Terrace"
7058,Bill,Cosper,7562956951,"11 Cherry Hill Road"
7059,Duane,Yip,8097445044,"61 Meadowbrook Road"
7060,Deborah,NULL,6529985952,"67 Cedar Court"
7061,Dorothy,Stewart,7405411737,"15 Greenfield Avenue"
7062,Javier,Murray,7788577149,"48 Ridgewood Road"
7063,Jennifer,Smith,9440650213,"74 Parkside Lane"
7064,Tara,NULL,7608839782,"7 Walnut Avenue"
7065,Norman,Moser,9297945307,"4 Beechwood Road"
7066,Donna,Sumstad,8309115024,"29 Lakeview Drive"
7067,Margaret,Stoeckel,9890229975,"39 Hickory Lane"
7068,Bruce,Heffner,9459900544,"29 Fairmount Road"
7069,James,NULL,6026678562,"15 Elmwood Terrace"
7070,Thomas,Days,6416571856,"18 Hillside Avenue"
7071,Nicholas,Carrier,8964801263,"39 Newbury Way"
7072,Bonnie,Whatoname,9448884667,"26 Hillcrest Avenue"
7073,Sheila,Gates,9924355893,"37 Cherrywood Lane"
7074,Kenda,NULL,9709220240,"28 Sunnyside Avenue"
7075,Sandi,Carlson,6871401842,"14 Springdale Road"
7076,Elizabeth,Starks,9533216431,"57 Cedar Terrace"
7077,Robert,Medina,9184510852,"53 Lincoln Circle"
7078,Brandon,Corbitt,8482341377,"77 Brookside Avenue"
7079,Monica,Barrows,6904063240,"28 Parkside Lane"
7080,Edward,Tucholski,6907733607,"55 Glenwood Avenue"
7081,Tricia,Gile,9509492437,"61 Willow Street"
7082,Helen,Alverez,9734740155,"46 Northview Road"
7083,Sherell,Seals,9889790992,"39 Park Lane"
7084,Charles,Torres,7686946428,"68 Hillcrest Avenue"
7085,Gregory,Tarver,7136851224,"34 Hillcrest Avenue"
7086,Allison,Butler,8724655063,"27 Glenwood Avenue"
7087,Don,Barton,9943396877,"65 Glenwood Drive"
7088,Michael,Stevens,7605931448,"38 Oakdale Drive"
7089,Diana,Coyle,9462175018,"57 Eastlake Drive"
7090,Robert,Jones,6126382035,"54 Northview Terrace"
7091,Eula,Harper,7719334156,"17 Sycamore Street"
7092,Chris,Price,8837844579,"50 Fairmount Road"
7093,Priscilla,Wilson,7797052859,"28 Sunset Drive"
7094,Evelyn,Fraction,7652941495,"74 Cedar Terrace"
7095,Marissa,NULL,7575330419,"73 Orchard Road"
7096,William,Terry,9443638299,"75 Park Lane"
7097,Kerry,Helton,7864620585,"49 Glenwood Drive"
7098,John,NULL,8646649406,"41 Highland Place"
7099,Karen,Williams,8912833282,"47 Grant Street"
7100,Renee,Paulk,6622325785,"26 Cedar Terrace"
7101,Misty,Manning,7539502991,"54 Glenwood Drive"
7102,Susanna,Newton,9310548924,"79 Hickory Lane"
7103,Cody,Dwyer,8273443485,"15 Oakwood Lane"
7104,Richard,NULL,7074657810,"30 Orchard Road"
7105,Sherman,Hartley,8488773824,"22 Vineyard Drive"
7106,Eva,Rodriguez,6014474501,"3 Parkview Avenue"
7107,Stacy,Cudney,6033687739,"38 Pleasant Street"
7108,Angelica,Carpenter,6120566725,"59 Sycamore Street"
7109,Ronald,Acres,7880984295,"27 Hickory Drive"
7110,Maria,NULL,7776880035,"7 Walnut Street"
7111,Tamara,Wills,7436560422,"10 Madison Avenue"
7112,Alice,Lo,6361621655,"4 Hillcrest Road"
7113,Sam,Clark,8919454000,"77 Holly Lane"
7114,Clyde,NULL,9110374446,"76 Hillside Avenue"
7115,Fredric,Soroka,9694735748,"46 Meadowbrook Road"
7116,Gaston,Ferrell,7228047148,"24 Cedar Lane"
7117,Valeria,Mathis,7832525635,"77 Belmont Avenue"
7118,Mark,Harris,6753552119,"37 Washington Avenue"
7119,Rachel,Hicks,9739221761,"54 Springdale Road"
7120,Gregory,Carmichael,7150531034,"11 Beechwood Road"
7121,Adam,Rogers,9901589977,"78 Valley Road"
7122,Emily,Wade,9355796225,"52 Hudson Terrace"
7123,Steven,Ralph,6916307465,"73 Springdale Road"
7124,Peter,Bridges,6884699738,"9 Willow Lane"
7125,Mary,Smith,8771697130,"47 Jefferson Street"
7126,Shawn,NULL,7481245316,"41 Jefferson Avenue"
7127,Bryant,Hernandez,9474179966,"27 Broadview Avenue"
7128,James,Gause,6101266521,"30 Hillside Avenue"
7129,Bryan,Packer,9855023893,"65 Brookdale Place"
7130,Vikki,Williamson,8947210265,"40 Maplewood Drive"
7131,Tina,Crawford,8901964776,"65 Riverside Drive"
7132,Ryan,Sallas,6506007402,"6 Glenwood Drive"
7133,John,Staggs,9484626298,"46 Madison Avenue"
7134,Jimmy,Farley,6734691261,"26 Longview Avenue"
7135,Muriel,Abrams,8791929190,"56 Yorktown Road"
7136,Andrew,Brawley,6154740875,"7 Fairmount Road"
7137,Shelia,Herrod,8514934596,"49 Cedar Court"
7138,Grace,Mccoy,8023581377,"10 Grant Avenue"
7139,Robert,Nicholas,7339293114,"3 Southview Lane"
7140,Irene,Green,7676391246,"76 Hickory Drive"
7141,Cynthia,Mccain,9860064997,"33 Meadow Lane"
7142,Karl,Abercrombie,9456161577,"79 Fairview Drive"
7143,Tammy,Hancock,7305336780,"27 Magnoli"
7144,Vernon,NULL,8059205266,"23 Holly Lane"
7145,Patrica,Stevens,7880597285,"13 Broad Street"
7146,Devon,Cathey,9613860336,"49 Greystone Terrace"
7147,Sally,NULL,9050003367,"15 Parkview Avenue"
7148,Helen,Wells,8798964830,"70 Grant Street"
7149,John,NULL,8571605004,"43 Fairview Avenue"
7150,Douglas,Bunch,7445947135,"55 Grove Street"
7151,Daniel,Allen,7456931888,"42 Highland Place"
7152,Charles,Sturdivant,8694592013,"55 Riverside Drive West"
7153,Chad,Sandate,6230163952,"23 Linden Avenue"
7154,Clay,Callaway,8791152551,"29 Hudson Terrace"
7155,Timothy,Kwiecien,8907731009,"30 Sycamore Street"
7156,Elizabeth,NULL,9819653601,"41 Glenwood Drive"
7157,Joy,Mcrae,9733079774,"49 Highland Place"
7158,Helen,Wilson,6640378483,"39 Hudson Terrace"
7159,Sharon,Chadwick,7498000279,"25 Oak Hill Drive"
7160,Nancy,Oneal,6576495156,"34 Greystone Terrace"
7161,Kristina,Rader,7865486602,"37 Oakwood Lane"
7162,Carmen,Jones,8326526446,"36 Sycamore Street"
7163,Mark,Costa,7521201295,"37 Cedar Street"
7164,Antonio,Olives,9606481891,"52 Holly Lane"
7165,Stella,Jones,7145684675,"26 Holly Lane"
7166,Cordelia,Bowlds,7710430707,"58 Maple Lane"
7167,Jeane,Dewitt,6366914247,"71 Linden Lane"
7168,Patricia,Edwards,9821643559,"6 Magnolia Avenue"
7169,Sarah,Shaw,8868683378,"37 Parkview Avenue"
7170,Esther,Smith,7707123650,"70 Cedar Street"
7171,Larry,Harrison,6595550307,"10 Sunnyside Road"
7172,Mark,Brown,7796195169,"63 Prospect Avenue"
7173,Carol,Suk,8785701758,"78 Park Street"
7174,Kevin,Wachsman,7942689809,"3 Eastwood Drive"
7175,Donnie,Flores,8360807487,"44 Cedar Terrace"
7176,Anthony,Newton,8087211149,"63 Maplewood Drive"
7177,Wilfredo,Brown,8873942845,"35 Fairmount Road"
7178,Charles,Lemoine,6532642424,"25 Maple Avenue"
7179,Alexandra,Shaffer,8524521142,"45 Pinehurst Road"
7180,Josh,Avery,8399175376,"49 Ridgeview Drive"
7181,Brandon,Farrior,6946878687,"49 Pinehurst Road"
7182,Vicki,Tomidy,6359191609,"5 Newbury Way"
7183,Marylou,Poole,6632027737,"58 Sycamore Street"
7184,Robbie,Tewksbury,8728830512,"39 Maple Lane"
7185,Michael,Powell,6940816232,"44 Garden Avenue"
7186,Kelly,Way,9821120507,"26 Elmwood Terrace"
7187,John,Castille,9972046799,"50 Pleasant Street"
7188,Johnnie,Romo,7398478483,"3 Sunnyside Avenue"
7189,Scott,Hollingsworth,7010773518,"10 Laurel Lane"
7190,Hans,Mueller,9805410657,"79 Pineview Drive"
7191,Roselyn,Lawley,8949260070,"15 Glenwood Drive"
7192,Marion,Purnell,9071021896,"37 Sunnyside Avenue"
7193,Raymond,Holmquist,8686736358,"26 Parkview Road"
7194,Michael,Hornbacher,7593407164,"50 Beechwood Avenue"
7195,Roger,Kemp,8722784669,"40 Oakwood Drive"
7196,Charles,Ferrell,8533543537,"48 Walnut Avenue"
7197,Earnest,Gildea,9593192949,"32 Greenfield Avenue"
7198,Helen,Sellers,8645882205,"11 Birchwood Lane"
7199,Karina,Gibney,6898052391,"67 Pineview Road"
7200,Tina,Wright,8012979687,"36 Oakdale Court"
7201,Adelaida,Paddock,7855504912,"32 Cherrywood Drive"
7202,Willie,Krier,6764010479,"12 Elmwood Terrace"
7203,Christopher,Munn,7545467260,"51 Lakeview Drive"
7204,John,Ross,6409824998,"50 Parkview Terrace"
7205,Krystal,Allender,6650238702,"57 Oakdale Drive"
7206,Devora,Hall,8738601612,"39 Northview Road"
7207,Pedro,Osborne,6913149437,"2 Pine Street"
7208,Vicki,Rodriguez,7827061294,"21 Northview Terrace"
7209,Effie,Jeffrey,9227654091,"62 Pineview Road"
7210,Jeremy,Soto,8291047529,"60 Linden Lane"
7211,Idella,Mariano,6981842537,"73 Brookdale Avenue"
7212,Russell,Ahern,9681632382,"33 Maple Avenue"
7213,Jennifer,Yaney,7107438286,"36 Beechwood Avenue"
7214,Jean,Sowers,9662362969,"66 Birchwood Lane"
7215,Richard,Chabot,6866287718,"26 Beechwood Road"
7216,Gladys,Storrs,6293208950,"7 Hillcrest Avenue"
7217,Dan,Raderstorf,9381521132,"59 Jefferson Street"
7218,Joseph,Mastoris,7756435779,"28 Brookside Avenue"
7219,Margaret,Burchfield,9744627456,"39 Sycamore Street"
7220,Clarence,Mosley,8291617496,"17 Vineyard Drive"
7221,Ronda,Haley,7484889338,"37 Mainview Avenue"
7222,Gabriel,Patrick,7451139685,"19 Cherry Hill Road"
7223,Chrystal,Mccall,6264532449,"38 Pineview Lane"
7224,Leon,Hurst,9144868824,"54 Vineyard Drive"
7225,Valarie,Williams,9269361169,"70 Locust Lane"
7226,Gerardo,Damico,7432903800,"65 Valley Road"
7227,Joseph,Coffman,7905321276,"42 Parkview Road"
7228,Caleb,Dibenedetto,6486616628,"37 Valley Road"
7229,Debbie,Lackey,8534547126,"69 Cedar Court"
7230,Mary,Merritt,8177897735,"24 Oakdale Court"
7231,Patricia,Wright,9262203293,"45 Maple Lane"
7232,Paul,Bellamy,6831804267,"62 Cherrywood Drive"
7233,Dorothy,Blackman,7878455687,"48 Jefferson Avenue"
7234,Nathaniel,Eaddy,7840530416,"47 Yorktown Road"
7235,Nicholas,NULL,9746161192,"63 Laurel Lane"
7236,Richard,Long,7749634802,"32 Ashland Avenue"
7237,Linda,Lawson,9590304610,"61 Valley Road"
7238,Andrew,Smith,8983163766,"24 Pine Street"
7239,Daniel,Underwood,8204218287,"61 Locust Lane"
7240,Shirley,Fretwell,6151029031,"23 Briarwood Court"
7241,Christian,Madho,7605423945,"42 Washington Avenue"
7242,Henry,Matthews,9708786376,"41 Pineview Lane"
7243,Amy,Harvey,9753241654,"31 Forest Drive"
7244,Matthew,Pearson,6048455144,"73 Glenwood Drive"
7245,Jose,Huber,9778235138,"47 Fairmount Road"
7246,Joan,Rivera,7085105473,"59 Riverside Drive"
7247,Lilia,Nolan,6570977864,"23 Grant Avenue"
7248,Julie,Felton,8089341455,"70 Hickory Drive"
7249,John,Vance,7274882099,"35 Beechwood Avenue"
7250,Martha,Belcher,8394724252,"34 Brookdale Place"
7251,Albert,NULL,7223422656,"4 Highland Road"
7252,Mika,Flores,9006276142,"53 Pineview Road"
7253,Shannon,Nelson,7335716393,"56 Brookdale Avenue"
7254,James,Ogami,9154869428,"3 Fairview Drive"
7255,Juanita,Brown,6402489875,"11 Greenfield Terrace"
7256,Kevin,Moore,6456126495,"65 Holly Lane"
7257,Melvin,Allen,7253677494,"69 Magnoli"
7258,Nicole,NULL,7504654752,"2 Springdale Road"
7259,Viola,Bowden,7400866550,"69 Maple Avenue"
7260,Andrea,Cluff,7913176496,"10 Walnut Street"
7261,Karen,Jones,6639184306,"36 Sunnyside Road"
7262,Bob,Quarnstrom,8844856064,"51 Locust Street"
7263,Douglas,Golden,7422367259,"19 Hickory Drive"
7264,Tameka,Perkins,9354442483,"55 Willow Lane"
7265,Jeanne,Nalls,6901456022,"34 Oak Hill Drive"
7266,William,Torres,6178223586,"9 Grant Avenue"
7267,Steven,Vang,9299890344,"35 Jefferson Street"
7268,Christopher,Vasser,7031457388,"57 Vine Street"
7269,Christopher,Mcclure,6031558805,"43 Highland Place"
7270,Glen,Ruiz,8284536972,"30 Longview Avenue"
7271,Edward,Watts,8518494856,"72 Pineview Lane"
7272,Nikki,Erlebach,9213564041,"61 Greenfield Avenue"
7273,Elroy,Manns,7757713578,"77 Cedar Lane"
7274,Jorge,Huerta,6474296659,"41 Maple Lane"
7275,Emma,NULL,8588667810,"11 Sunset Drive"
7276,Gordon,Miller,8600924303,"50 Maple Avenue"
7277,Angie,NULL,9633377760,"25 Park Avenue"
7278,Bradley,Pinson,7399016288,"30 Valley View Road"
7279,Rachel,Denny,7712999116,"72 Greenfield Terrace"
7280,Yolanda,Stallworth,9379195910,"5 Greenfield Terrace"
7281,Denise,Siciliano,9073303254,"3 Maple Lane"
7282,Dale,Sayco,8142800825,"26 Beech Street"
7283,Edward,Hackwell,6453985262,"9 Vineyard Drive"
7284,William,Blair,6898710951,"16 Meadow Lane"
7285,Charles,Singer,9848936420,"69 Riverside Drive"
7286,Christopher,Simpson,9572190168,"67 Lincoln Avenue"
7287,Stephen,Lucero,7236182266,"23 Willow Lane"
7288,Margo,Mccullough,6021698626,"6 Ridgeview Drive"
7289,Blanche,Godby,6904877619,"54 Southview Lane"
7290,Edward,Martin,9208382340,"6 Sycamore Street"
7291,Linda,Howard,7177608279,"64 Oak Hill Drive"
7292,Maxine,Howard,6685778811,"55 Parkside Lane"
7293,James,Walker,8912388985,"22 Glenwood Avenue"
7294,Yvonne,Davis,7651503980,"74 Northview Terrace"
7295,Johnny,Rogers,9832545550,"56 Cherrywood Drive"
7296,Sarah,Roland,9147509206,"24 Pinehurst Drive"
7297,Angelica,Taylor,8334541685,"73 Vineyard Drive"
7298,Dana,Freeman,8313620588,"10 Grove Street"
7299,Michael,Dyer,7693115837,"17 Forest Avenue"
7300,Victor,Hinman,8236481074,"25 Highland Place"
7301,William,Bolt,8017421767,"32 Elmwood Road"
7302,Deborah,Esterbrook,9741266787,"78 Holly Avenue"
7303,Susie,White,6775452789,"52 Hillcrest Road"
7304,Felicia,Roose,8940739028,"47 Beechwood Road"
7305,Brad,Mcgarry,9818378196,"28 Birch Lane"
7306,Franklyn,Jepson,9001634819,"70 Pineview Road"
7307,Ron,Kimmel,6827702381,"31 Lexington Place"
7308,Grace,Fain,6001299890,"2 Pineview Drive"
7309,Sarah,Domke,8755558058,"20 Parkside Lane"
7310,Lisha,Sexton,6177215379,"10 Oak Hill Drive"
7311,Juan,Milton,6191953032,"42 Riverside Drive West"
7312,Stephen,Magano,9996923205,"49 Orchard Road"
7313,Jennifer,Slater,6004251347,"26 Pineview Lane"
7314,Ruth,Anderson,7380295007,"23 Washington Avenue"
7315,Samantha,Miller,6658543213,"51 Magnolia Avenue"
7316,Joe,Scheuer,8684421850,"4 Lakeview Drive"
7317,Willie,Young,8607958769,"45 Longview Road"
7318,David,Soders,7335679631,"26 Lake Shore Drive"
7319,Brittany,Smith,9015120259,"59 Northview Terrace"
7320,Wendy,Sanderson,9521312820,"30 Highland Drive"
7321,Joyce,Mekee,7311993219,"10 Yorktown Road"
7322,Lee,Frasier,9373322755,"15 Briarwood Court"
7323,Doris,Woods,6762265166,"64 Garden Avenue"
7324,Clyde,NULL,9704960630,"72 Hillcrest Road"
7325,Ellen,Gabel,6403422000,"26 Jefferson Lane"
7326,Joseph,Taylor,7955699683,"73 Locust Street"
7327,Amanda,Leblanc,9800371900,"58 Hillside Avenue"
7328,Javier,Smith,9418040268,"38 Maple Lane"
7329,Janet,Reed,6701619569,"66 Forest Drive"
7330,Cindy,Sloat,7547127184,"28 Walnut Avenue"
7331,David,Burget,6824012847,"44 Northview Terrace"
7332,Max,Tellez,7170844387,"11 Cedar Street"
7333,Ricky,Holman,6454493943,"27 Eastlake Drive"
7334,Maude,NULL,9527241759,"36 Ridgewood Road"
7335,Michael,Raper,7989960267,"21 Laurel Lane"
7336,Christopher,Cumberbatch,6403656641,"76 Lakeview Drive"
7337,Frances,Hughes,9462766287,"44 Walnut Street"
7338,Mary,Hernandez,9452903979,"12 Highland Road"
7339,Debra,NULL,9003766997,"17 Oakwood Lane"
7340,Guadalupe,NULL,6990069210,"2 Valley View Road"
7341,Irene,NULL,9393756971,"12 Fairview Avenue"
7342,Ted,Cowger,7938949854,"5 Elmwood Road"
7343,William,NULL,6351680053,"47 Northview Terrace"
7344,Lisa,NULL,9064760187,"72 Parkview Avenue"
7345,Theresa,Kardashian,9178902554,"52 Fairmount Road"
7346,Jennifer,Flores,9706523602,"59 Birch Lane"
7347,Victoria,Robinson,7528865220,"55 Walnut Street"
7348,Phyllis,Riggle,6938965885,"6 Lincoln Avenue"
7349,Dorothy,Jochim,8241008825,"60 Oakdale Drive"
7350,Bobby,Morgan,7996765189,"36 Pineview Road"
7351,Misti,Johnson,7618297250,"40 Oak Street"
7352,Caren,Taylor,9248655024,"76 Glenwood Drive"
7353,Joseph,Haertel,9860557254,"54 Brookdale Place"
7354,Danny,Lynn,9055708462,"70 Parkview Terrace"
7355,Timothy,Riebau,9943772172,"62 Lexington Place"
7356,Terry,Hoyle,8417044629,"38 Southview Lane"
7357,Pauline,NULL,9873310987,"45 Sunnyside Road"
7358,Martha,Mclaughlin,8348982995,"39 Walnut Street"
7359,Fred,NULL,8452718074,"75 Locust Street"
7360,Robert,Sprague,8262731890,"16 Fairview Avenue"
7361,Deborah,Young,6026392509,"17 Greenfield Avenue"
7362,Fred,Schumacher,6417897072,"43 Oak Street"
7363,James,Johnson,7699542973,"41 Fairview Avenue"
7364,Eric,Johnson,8518162005,"11 Yorktown Road"
7365,Paula,Salters,8046583491,"34 Washington Avenue"
7366,Katherine,NULL,6866195564,"78 Pine Street"
7367,Keith,Howell,8109155009,"61 Columbus Lane"
7368,Carlos,Anderson,8947632869,"63 Grant Street"
7369,Gregory,Lanier,9080586033,"13 Fairview Avenue"
7370,Robert,NULL,9652310567,"21 Pineview Drive"
7371,Mark,Casey,7024276210,"53 Longview Avenue"
7372,Angela,Comerford,6711968365,"4 Linden Lane"
7373,Rita,Garcia,8924015135,"44 Hillcrest Avenue"
7374,Helen,Shannon,7382298922,"55 Columbus Lane"
7375,Patrick,NULL,9813106264,"68 Brookdale Avenue"
7376,Nathan,Mendell,9647811282,"17 Fairway Drive"
7377,Joseph,Pyle,8463652721,"29 Fairview Avenue"
7378,Barbara,Barrett,8705668805,"31 Pine Street"
7379,Melissa,Powers,8461590079,"65 Park Lane"
7380,Thomas,Jackson,6472139634,"34 Woodbine Street"
7381,Mark,Walker,6790220896,"43 Walnut Avenue"
7382,David,Matier,7276445486,"29 Vine Street"
7383,Harold,Miller,8499168162,"38 Hickory Lane"
7384,Scott,Quiroz,9876844846,"42 Willow Lane"
7385,Jennifer,Diaz,6342948279,"19 Springdale Road"
7386,Marvin,Pavick,9920529465,"79 Applewood Drive"
7387,Lori,French,6466828659,"60 Grove Street"
7388,Susie,King,8835484911,"53 Beechwood Avenue"
7389,Kenneth,Hernandez,8360858468,"7 Grove Street"
7390,Kenneth,NULL,6540763754,"31 Cedar Road"
7391,Catherine,Johnston,9570919831,"77 Ridgewood Road"
7392,Robert,Agudo,9783644206,"17 Magnoli"
7393,Greg,Cashio,8492811023,"66 Birch Lane"
7394,Sheldon,Ebert,9055898113,"41 Oakwood Drive"
7395,Guy,Mayton,9629106434,"11 Forest Drive"
7396,Michael,Macchiarella,7848373130,"3 Park Street"
7397,Laurette,Smith,6988052272,"35 Columbus Lane"
7398,James,Dasilva,9287010131,"18 Madison Court"
7399,Dale,Williamson,6882389768,"26 Locust Street"
7400,Serina,Balmer,6979109813,"79 Madison Court"
7401,Janet,Noble,8624918292,"15 Southview Lane"
7402,Jonell,Sterlace,7084956474,"67 Broad Street"
7403,Hector,NULL,7637589372,"2 Laurel Lane"
7404,Denise,NULL,8289916914,"78 Cedar Street"
7405,Patricia,Roza,6563418271,"33 Southview Lane"
7406,Kimberly,Daniel,7647786068,"28 Pineview Lane"
7407,Naomi,Gilbreth,9546729033,"70 Pine Street"
7408,Terry,Smith,9131029556,"2 Maplewood Drive"
7409,Yvonne,NULL,7771610042,"67 Fairview Avenue"
7410,Aja,Wagner,8237565857,"65 Parkview Road"
7411,Bradley,Kilby,7850650848,"69 Eastwood Drive"
7412,Bethany,Clark,7270502842,"16 Brookdale Place"
7413,Roberto,Gustafson,9821743592,"59 Forest Avenue"
7414,Dennis,Walling,7462429612,"16 Beech Street"
7415,John,Powe,6118046034,"69 Pinehurst Road"
7416,Ferne,NULL,7594822364,"29 Oakwood Drive"
7417,Walter,Bazin,9545691640,"31 Greenfield Avenue"
7418,Jessie,Hairston,9555365656,"44 Oakdale Court"
7419,Jordan,Williams,6100008918,"49 Hickory Lane"
7420,Mack,Allen,9759604216,"7 Cedar Lane"
7421,Alyse,Shuler,7542640828,"7 Pinehurst Road"
7422,Benjamin,Langston,9583260423,"42 Laurel Lane"
7423,Carmen,Puulei,9487983714,"20 Willow Lane"
7424,Carlton,Collins,7547597897,"33 Pineview Road"
7425,Jennifer,Parsons,7544360399,"43 Elmwood Place"
7426,Thomas,Miller,8660086347,"64 Sycamore Street"
7427,William,Carew,6729808044,"64 Applewood Drive"
7428,Douglas,NULL,7758529271,"45 Oak Hill Drive"
7429,Shirlee,Henderson,6835500919,"71 Brookdale Avenue"
7430,John,Mcadory,8762323452,"30 Walnut Avenue"
7431,Lawrence,NULL,9280227574,"6 Jefferson Street"
7432,Patricia,Walters,8572712617,"46 Rosedale Avenue"
7433,Max,Johnson,7252415303,"48 Maple Avenue"
7434,Barbara,Allen,9377193380,"29 Maple Avenue"
7435,Susan,Mendieta,7426689832,"28 Riverside Drive"
7436,Ramiro,Wal,7660598520,"58 Ashland Avenue"
7437,Ethelene,Mcpeak,7757184416,"54 Park Lane"
7438,Kathleen,Feiner,6940121525,"79 Longview Road"
7439,Denise,Ray,7886256272,"39 Ridgeview Drive"
7440,Steven,NULL,9778273370,"77 Hillside Avenue"
7441,Mark,Rutledge,7105419996,"78 Grant Street"
7442,Donna,Delong,9047805994,"29 Sycamore Street"
7443,Ileen,Hart,8696261270,"22 Woodbine Street"
7444,Annie,NULL,8303800780,"29 Willow Street"
7445,Emma,Sanders,8800659333,"14 Broadview Avenue"
7446,Jillian,NULL,9991470198,"16 Sunnyside Avenue"
7447,Kathleen,Sites,6096799687,"16 Glenwood Drive"
7448,Elizabeth,Vanleuven,7051915834,"55 Lexington Place"
7449,William,Bostic,6769888414,"4 Vineyard Drive"
7450,Robert,Malone,8184508138,"65 Oakdale Court"
7451,Linda,Kamerling,9039837214,"64 Meadow Lane"
7452,George,Reid,7129587907,"16 Oak Street"
7453,David,Gravette,9524804129,"33 Walnut Avenue"
7454,Cheryl,Green,6291428092,"53 Belmont Avenue"
7455,Dave,Tomidy,9836275338,"34 Linden Avenue"
7456,Brendan,Tennyson,9615133782,"62 Springdale Road"
7457,Louise,Jacklin,7486638620,"11 Rosedale Avenue"
7458,Betty,Lauro,9704873462,"62 Madison Avenue"
7459,Carl,Coleman,7485119784,"78 Walnut Avenue"
7460,Muriel,Cargo,6942402495,"47 Sycamore Street"
7461,Lisa,NULL,8093408198,"64 Briarwood Court"
7462,Tiffany,Mckemie,9767437457,"68 Jefferson Avenue"
7463,Angel,Dehaan,9682560985,"79 Highland Road"
7464,Marc,Brown,8383808508,"71 Greystone Terrace"
7465,Elizabeth,Grose,8175696623,"33 Yorktown Road"
7466,Gregory,Moody,7355884703,"63 Valley View Road"
7467,Roger,Herrera,8124132629,"2 Eastwood Drive"
7468,Evan,Rowan,9150319214,"37 Greenfield Terrace"
7469,Walter,Aliaga,8949292606,"65 Southview Lane"
7470,Joe,Manrique,9190483415,"39 Beechwood Avenue"
7471,Catherine,Bredesen,6320796128,"25 Holly Lane"
7472,Elinor,Ely,8364565396,"23 Beechwood Road"
7473,Mark,NULL,8636776397,"70 Elmwood Terrace"
7474,Larry,Ellis,8408552009,"43 Cedar Lane"
7475,Carol,Sanders,7328926732,"26 Greenfield Avenue"
7476,Christine,Williams,9494470803,"30 Eastlake Drive"
7477,Alton,Nelson,6122071341,"13 Parkview Terrace"
7478,Patricia,Keith,6489107899,"58 Sunnyside Road"
7479,Jose,Haynes,9831099989,"48 Northview Road"
7480,Rashad,Davis,7599010093,"15 Riverside Drive West"
7481,Steve,Osmer,9428462049,"69 Pine Street"
7482,Ricky,Douglass,8799606451,"51 Hillcrest Avenue"
7483,Dee,Clark,7390832284,"71 Vineyard Drive"
7484,Curtis,Holland,9610523770,"35 Locust Street"
7485,Ronald,Pelfrey,9639914616,"24 Chestnut Street"
7486,Charles,Winger,6912514153,"33 Broadview Avenue"
7487,Joshua,Sood,8328634487,"9 Magnoli"
7488,Donna,Scott,7284023041,"53 Lincoln Avenue"
7489,Karen,Oconnor,6917735139,"65 Beech Street"
7490,Bill,Jackson,6537136251,"9 Sycamore Street"
7491,Zachary,Thieman,8942303010,"10 Hickory Drive"
7492,Jimmie,Summers,6150848142,"74 Maplewood Road"
7493,Irene,Garcia,8635868656,"25 Elm Street"
7494,Norman,French,8090894460,"32 Highland Place"
7495,Ann,Pearson,9678120430,"2 Northview Road"
7496,Mindy,Barrett,8220135032,"34 Parkside Lane"
7497,Alfonso,Weidert,6454945133,"33 Northview Road"
7498,Anne,Edmondson,6184606357,"33 Lincoln Avenue"
7499,Joseph,Johnson,7712320541,"18 Walnut Avenue"
7500,Lynette,Jeffries,6014331174,"45 Valley Road"
7501,Dorothy,Schacher,6415822456,"64 Washington Avenue"
7502,Jeannie,Bibber,7936658791,"51 Lake Shore Drive"
7503,Lori,Bridges,8452671954,"41 Parkside Lane"
7504,Sarah,Smith,6602491543,"52 Oak Street"
7505,Christopher,August,7059110295,"47 Cedar Street"
7506,Kathy,Swan,9515607167,"66 Prospect Avenue"
7507,Lucie,Lowe,6296260989,"24 Beechwood Road"
7508,Kevin,Guetersloh,8817977160,"63 Willow Lane"
7509,Clifton,Ramirez,7233096187,"4 Brookdale Place"
7510,Loretta,Barnes,9155779666,"15 Park Lane"
7511,Albert,Zemel,8343494743,"51 Holly Lane"
7512,Ellen,Boris,8303549419,"16 Locust Street"
7513,Virginia,Rosenfeld,6491808256,"36 Birchwood Lane"
7514,Sasha,Khalaf,7670287955,"46 Riverside Drive West"
7515,Andy,Merchant,8774058210,"63 Hickory Drive"
7516,Carlton,Hunking,6383765205,"5 Grove Street"
7517,Charles,Kolinski,7170625952,"44 Lake Shore Drive"
7518,Joanna,Tow,7942143219,"47 Grant Avenue"
7519,Raymond,Bussen,6844188109,"14 Cherrywood Lane"
7520,Walter,Whitener,6333369833,"59 Grant Street"
7521,Mary,Sutherland,9297148547,"4 Hillcrest Avenue"
7522,Michael,Petro,8960437176,"43 Cherry Hill Road"
7523,Karen,Snoke,7075968250,"34 Grove Street"
7524,Homer,NULL,7932081620,"54 Maplewood Road"
7525,Sandra,Spears,9102733295,"15 Riverside Drive"
7526,Stephanie,Guimond,8907869873,"23 Vine Street"
7527,Rosa,Danna,6889724428,"33 Locust Street"
7528,Lorraine,Davis,8820468466,"67 Grove Street"
7529,Teressa,Washington,8676600582,"52 Lakeview Drive"
7530,Dion,Lee,6811121588,"29 Chestnut Avenue"
7531,Barbara,Prince,7540760440,"1 Fairway Drive"
7532,Connie,Kave,6088420235,"52 Linden Lane"
7533,German,NULL,6611743796,"22 Pinehurst Drive"
7534,Cleo,Moore,9561477053,"77 Hudson Terrace"
7535,Guy,Conrad,9432861730,"50 Forest Avenue"
7536,Barry,Miller,9027052317,"27 Elm Street"
7537,Robert,Deloach,9398963243,"55 Highland Road"
7538,William,Eaton,8743226341,"67 Linden Avenue"
7539,Richard,Nelson,6024774836,"17 Greenfield Terrace"
7540,Robert,Waugh,9374798861,"45 Jefferson Lane"
7541,Felix,Larsen,9681166957,"38 Vine Street"
7542,Douglas,Waren,6039649601,"32 Maple Avenue"
7543,Christine,Cargile,6839054272,"77 Cedar Street"
7544,Carol,Horning,9814713064,"44 Eastwood Drive"
7545,Lance,Mcgee,6543030577,"33 Northview Terrace"
7546,Barbara,Turner,6624862164,"60 Hillside Avenue"
7547,Richard,Ford,9822937122,"48 Longview Avenue"
7548,Jeremy,Frances,7118617155,"25 Northview Road"
7549,John,White,9795362713,"23 Maple Avenue"
7550,Michael,Allen,6367931384,"6 Brookside Avenue"
7551,David,Cioffi,6335828680,"54 Cedar Terrace"
7552,Christopher,Wilson,9008040472,"34 Highland Road"
7553,Alpha,Pitts,8306437347,"59 Hudson Terrace"
7554,Haley,Popielarczyk,9890065787,"17 Elmwood Place"
7555,Nicholas,NULL,8060549251,"46 Linden Lane"
7556,Matilde,Taylor,8372088182,"61 Lake Shore Drive"
7557,Doretta,Gonzalez,7417819411,"21 Garden Avenue"
7558,Robert,Hansberger,6065753152,"22 Jefferson Avenue"
7559,Cindy,Watkins,7532427177,"72 Prospect Avenue"
7560,Ernest,Huerta,7834041308,"1 Eastwood Drive"
7561,Floyd,Smith,6810371930,"77 Washington Avenue"
7562,Herbert,Scott,9806023785,"77 Mainview Avenue"
7563,Mamie,Jaime,7874505352,"27 Grant Avenue"
7564,Jeremy,Thompson,7139537238,"65 Grant Avenue"
7565,Joel,Wilson,9367369659,"68 Cedar Lane"
7566,Jessica,Adams,8022010580,"26 Oakdale Drive"
7567,Mary,Mcdonald,6971336281,"14 Cherry Hill Road"
7568,Ray,Horvath,9153839578,"10 High Street"
7569,Aurora,Pointer,8825321485,"23 Riverside Drive West"
7570,Eugene,Morganfield,8006479002,"43 Southview Lane"
7571,Cherie,Patton,8257748692,"55 Sunnyside Avenue"
7572,Jerry,Schlenker,7862417608,"6 Cedar Street"
7573,Evelyn,Obiesie,6906290750,"43 Valley Road"
7574,Marc,Mitchell,7148076309,"9 Cedar Lane"
7575,David,Lang,7163595400,"15 Rosedale Avenue"
7576,Paula,Sherman,6953893597,"14 Eastlake Drive"
7577,James,Grier,8668452732,"42 Parkview Avenue"
7578,Brandon,Mason,7826678620,"79 Maple Lane"
7579,Peter,Lee,6131934649,"34 Eastwood Drive"
7580,Rudolph,Duncan,8227331902,"15 Northview Road"
7581,Lester,Stacks,9501037452,"32 Cherry Hill Road"
7582,Vilma,Landefeld,8096500390,"63 Yorktown Road"
7583,Marc,NULL,7448774791,"47 Oakdale Court"
7584,Gloria,Botner,8382913376,"65 Locust Street"
7585,Charles,Cassidy,8392616778,"50 Maple Lane"
7586,Mike,Fields,7141364608,"48 Lexington Place"
7587,Tillie,Love,6011761405,"14 Parkview Terrace"
7588,Donald,Bailey,8613443173,"10 Elmwood Terrace"
7589,Armando,Smith,6355451382,"16 Birchwood Lane"
7590,Juan,Fleming,6651372271,"45 Broadview Avenue"
7591,Ida,Lloyd,6952805893,"48 Cedar Court"
7592,Tamara,Kessler,7475371425,"60 Oakwood Drive"
7593,Sterling,Ivey,7295548814,"56 Jefferson Avenue"
7594,Jonathon,Buck,7135039537,"8 Locust Street"
7595,Ann,Whitehead,6365820073,"5 Beechwood Road"
7596,Elena,Flynn,8602810910,"11 Pinehurst Road"
7597,Starla,Evans,8878674050,"11 Hillcrest Drive"
7598,Sydney,English,9130702611,"66 Fairview Drive"
7599,John,Johnson,9150481373,"79 Jefferson Lane"
7600,Harold,Russell,7945459094,"1 Maplewood Road"
7601,Lizette,Rush,9858031101,"6 Cedar Court"
7602,Carolyn,May,8852981286,"18 Jefferson Street"
7603,Francis,NULL,8075962085,"51 Applewood Drive"
7604,Don,Coates,8970563296,"49 Highland Road"
7605,Thomas,Ogburn,7090875908,"62 Oak Hill Drive"
7606,Connie,Rodriguez,9842515712,"75 Rosedale Avenue"
7607,Lakeshia,Rojas,7860206304,"13 Pineview Lane"
7608,Edward,Plessinger,7057397664,"21 Woodbine Street"
7609,Robin,Popken,8993235421,"44 High Street"
7610,Evelyn,Bondy,7162243362,"69 Lexington Place"
7611,Aldo,NULL,6993289285,"52 Woodbine Street"
7612,Kevin,Brigham,9736927737,"66 Cedar Road"
7613,Terrance,Joseph,9656022595,"53 Oak Street"
7614,Samuel,Patterson,7921635701,"24 Linden Avenue"
7615,Christopher,Buzard,9695764368,"67 Elmwood Place"
7616,Herbert,Dayton,9960458575,"13 Birchwood Lane"
7617,Gail,Bunch,9842907478,"50 Walnut Avenue"
7618,Kenneth,Wiggs,6013182587,"31 Locust Lane"
7619,Florence,Sperling,8000593335,"61 Broadview Avenue"
7620,Mildred,West,6740096587,"70 Longview Avenue"
7621,Margaret,Robinson,9189435259,"10 Beechwood Road"
7622,Armand,NULL,7075646626,"27 Lake Shore Drive"
7623,Lonnie,Lamoreaux,6492610275,"20 Pineview Lane"
7624,Lottie,Crosby,7702598613,"9 Pineview Lane"
7625,Kevin,Leake,8642300034,"21 Brookdale Avenue"
7626,Michael,Thomas,7735710542,"76 Fairmount Road"
7627,Julie,NULL,8059458095,"66 Columbus Lane"
7628,Cody,Mayberry,8883150161,"44 Riverside Drive West"
7629,Shane,NULL,7329365919,"21 Hillside Avenue"
7630,Irma,Lee,8099214815,"78 Walnut Street"
7631,Jason,Quinn,9904948806,"19 Parkview Terrace"
7632,Laura,NULL,7350118286,"20 Jefferson Street"
7633,Matthew,Rice,7165937532,"28 Glenwood Avenue"
7634,Bryan,Wester,8754980954,"69 Cedar Lane"
7635,Stacey,Vickers,6945892533,"34 Willow Lane"
7636,Kathy,Jones,8373403302,"9 Hickory Drive"
7637,Reed,Crippen,6708756423,"33 Park Street"
7638,Gina,Scantling,8530602878,"8 Oakdale Drive"
7639,Sondra,Ayers,9337605232,"49 Southview Lane"
7640,Michelle,Knutson,7227410936,"11 Ridgeview Drive"
7641,Ruth,Doak,7912426482,"19 Ridgewood Road"
7642,Tammy,Krueger,9709001732,"9 Fairview Drive"
7643,Leslie,Shallenberger,7196788923,"14 Elmwood Road"
7644,Florence,Desorcy,7074064140,"77 Oakwood Drive"
7645,Jared,Allen,7959553679,"75 Glenwood Avenue"
7646,Debra,Torres,7699832715,"50 Brookside Avenue"
7647,Andrew,Hinton,8997865977,"41 Elmwood Place"
7648,Chad,Solomon,8819583120,"63 Glenwood Avenue"
7649,Martha,Mullen,6478038169,"58 Oakwood Lane"
7650,Elizabeth,Grady,7466493788,"79 Hillcrest Road"
7651,Kirk,Cribbin,9984466669,"8 Kingston Way"
7652,Micheal,Abramowski,8322841789,"71 Greenfield Avenue"
7653,Theresa,Dercole,9067207876,"21 Applewood Drive"
7654,Molly,Hall,6655006967,"68 Greenfield Avenue"
7655,Ezra,Henderson,8461713302,"6 Hillcrest Drive"
7656,Doris,Pitchford,9389196042,"65 Washington Avenue"
7657,Thomas,Rodriguez,9427374403,"13 Beechwood Avenue"
7658,Estelle,Johnson,8786283591,"23 Prospect Avenue"
7659,Hoa,Nii,9460922143,"42 Oakdale Court"
7660,Julie,Mueller,7197693966,"31 Hillcrest Drive"
7661,Toni,Williamson,7517444360,"38 Valley View Road"
7662,Marianne,Frain,6540744400,"62 Linden Lane"
7663,David,Brannen,9689721584,"52 Grove Street"
7664,Elin,Stevenson,6583420218,"43 Park Avenue"
7665,Mary,Maloney,9852418623,"58 Pineview Drive"
7666,Annette,Spears,8693117279,"63 Beechwood Road"
7667,Lang,Graves,9581160750,"66 Cedar Court"
7668,Helen,Morton,7968117457,"51 Elmwood Terrace"
7669,Marilyn,Newton,7553324460,"7 Sunnyside Avenue"
7670,James,Guidry,6636048049,"28 Willow Street"
7671,Daniel,Mortell,6022402359,"9 Pineview Road"
7672,Dorothy,Mcfarland,7082000300,"9 Forest Drive"
7673,Patrick,Law,9672806417,"10 Glenwood Drive"
7674,William,Clyatt,7858177468,"69 Northview Road"
7675,Heidi,Mendiola,6970500314,"32 Applewood Drive"
7676,Eugene,Heard,7243000870,"38 Elm Street"
7677,Nancy,Pinto,7313427251,"25 Hillside Avenue"
7678,Betty,Davis,7603370541,"60 Parkview Road"
7679,Beth,Leffler,6771168127,"24 Maple Avenue"
7680,Hobert,Clark,9813679287,"74 Fairview Avenue"
7681,Earl,Seymour,8030912588,"18 High Street"
7682,Susan,Toevs,9383525367,"25 Locust Lane"
7683,Arleen,Ollendick,9836623900,"23 Parkview Terrace"
7684,Shirley,Torrence,9770344130,"63 Northview Terrace"
7685,Steve,Huskey,7837193961,"64 Birch Lane"
7686,Ben,Thomas,7549199696,"13 Cedar Road"
7687,Michelle,Wall,8908374983,"65 Valley View Road"
7688,Amanda,Caban,8928993631,"47 Hudson Terrace"
7689,Betty,NULL,6351711998,"68 Pine Street"
7690,Kelly,Owens,7557928004,"2 Elmwood Place"
7691,John,Berkowitz,7423473342,"73 Pine Street"
7692,Donald,Dominquez,6633010221,"40 Laurel Lane"
7693,Joey,NULL,9029316140,"26 Madison Avenue"
7694,Roberto,Miller,6196510407,"54 Forest Avenue"
7695,Genevieve,Norris,9648975073,"61 Oakdale Drive"
7696,Michael,Reardon,6791578897,"25 Hickory Drive"
7697,Clara,Harney,9081021930,"51 Greystone Terrace"
7698,Mary,Irizarry,7885261916,"76 Madison Avenue"
7699,Madeleine,NULL,6893577361,"41 Hudson Terrace"
7700,Roy,Haynes,8000471933,"64 Oakwood Drive"
7701,Jim,Rothhaupt,9981627915,"2 Fairview Drive"
7702,Antonia,Murphy,9881618672,"31 Hudson Terrace"
7703,Colleen,Kroner,7230856449,"66 Highland Road"
7704,John,Galvin,9153042385,"78 Longview Road"
7705,Andrew,Daniels,7046963659,"18 Grant Street"
7706,Catherine,Schuetz,6790275895,"57 Lakeview Drive"
7707,Gertrud,Stanley,7863489157,"56 Parkview Terrace"
7708,Dorothy,Deacon,9788944663,"16 Pineview Drive"
7709,Neil,Eckland,8318418075,"17 Magnolia Avenue"
7710,Bonnie,Cooley,8251005046,"35 Sunnyside Road"
7711,Stephen,NULL,7349537407,"66 Hickory Lane"
7712,Deborah,Randolph,8907496408,"51 Rosedale Avenue"
7713,Helen,Langlois,9508672395,"78 Forest Avenue"
7714,David,Lubinski,9196774268,"43 Hickory Drive"
7715,Elsie,NULL,6075676182,"68 Briarwood Court"
7716,William,Jordan,6522734311,"8 Greystone Terrace"
7717,Kimberly,Rodgers,7536408756,"55 Parkview Terrace"
7718,Lynn,Arguello,8047986020,"6 Greystone Terrace"
7719,Chelsey,Carey,7216205145,"50 Hudson Terrace"
7720,Lance,Lohr,8824813899,"29 Springdale Road"
7721,Joshua,Bernstein,6642017236,"76 Cherrywood Drive"
7722,Dennis,Casali,6947128056,"68 Riverside Drive"
7723,Thomas,Young,6893671556,"43 Longview Road"
7724,Amanda,NULL,7813148046,"3 Mainview Avenue"
7725,Helen,Lopez,7199834355,"1 Washington Avenue"
7726,Sabrina,Naylor,6974375388,"44 Sunnyside Road"
7727,Tina,Lauriano,6947712511,"15 Ashland Avenue"
7728,Jennifer,Pacheco,8315521214,"62 High Street"
7729,Reginald,Blakeman,6293472940,"2 Ridgeview Drive"
7730,Richard,Blake,9757110815,"70 Meadow Lane"
7731,Colette,Hoffman,8521771703,"68 Eastwood Drive"
7732,James,Manes,8091249568,"62 Ashland Avenue"
7733,David,Murrell,6571471871,"13 Birch Lane"
7734,Linda,Kilburn,9778410828,"7 Applewood Drive"
7735,Barbera,Barnes,6651814835,"21 Lakeview Drive"
7736,Alice,Meyer,6531652033,"73 Oak Hill Drive"
7737,Svetlana,NULL,8858092754,"76 Locust Street"
7738,Derick,Harrison,7133644233,"73 Lexington Place"
7739,Cecilia,NULL,9957058074,"46 Hillcrest Avenue"
7740,Thomas,Gargiulo,7163604228,"5 Cedar Court"
7741,Margaret,Mcvea,9145082523,"9 Magnolia Avenue"
7742,Angela,Bracy,7729785649,"14 Greenfield Avenue"
7743,Nicole,Willemsen,8637816620,"10 Lincoln Avenue"
7744,Angel,Meek,9206860046,"8 Grant Avenue"
7745,Christopher,Smith,7635976812,"49 Rosedale Avenue"
7746,Robert,Flander,7452701283,"9 Pineview Drive"
7747,Shane,Fillinger,8480482088,"12 High Street"
7748,James,Sayler,9159330978,"58 Pinehurst Road"
7749,Roderick,Spellacy,9204084423,"36 Northview Terrace"
7750,Margaret,Neubauer,9323948825,"42 Brookside Avenue"
7751,Tracy,Zepeda,7644354074,"51 Parkview Avenue"
7752,Charles,Pate,6118477159,"40 Lincoln Circle"
7753,David,Tipton,8984183076,"5 Sunnyside Road"
7754,Terry,Minter,9394555690,"39 Locust Street"
7755,Margie,Vescio,7787019730,"53 Greenfield Terrace"
7756,Ruby,Maxson,9395084550,"30 Sunnyside Road"
7757,Terry,Bennett,9921976132,"50 Columbus Lane"
7758,Margaret,Walter,8213305310,"74 Grant Avenue"
7759,Scott,Tingle,7033316483,"55 Belmont Avenue"
7760,Sean,Button,6658640644,"38 Ridgeview Drive"
7761,April,Coburn,9664223519,"24 Hudson Terrace"
7762,Virginia,NULL,8680864779,"62 Glenwood Drive"
7763,Andrew,Wolfe,6972987334,"27 Elmwood Terrace"
7764,Jerry,Perkins,8755980380,"72 Oak Street"
7765,Linda,Torres,9705989285,"40 Hillcrest Drive"
7766,Oscar,Villarreal,7238688833,"57 Hickory Drive"
7767,Richard,Clay,6744548084,"79 Forest Avenue"
7768,Estela,NULL,6796370051,"51 Hickory Drive"
7769,Cecil,Duffield,8785639792,"31 Park Street"
7770,Thomas,Sinclair,6827599747,"75 Birchwood Lane"
7771,Lee,Winter,6738429282,"42 Belmont Avenue"
7772,Barbara,NULL,6008562732,"9 Maplewood Road"
7773,Bonnie,Keene,8687651521,"52 Parkview Avenue"
7774,Ruth,Wheat,6707744972,"23 Valley View Road"
7775,Alejandro,NULL,9662652967,"8 Cherrywood Drive"
7776,Ann,Snyder,9104257331,"9 Broad Street"
7777,Ernest,Deharo,7824040265,"74 Grove Street"
7778,Dennis,Wagner,7286671872,"60 Cherrywood Drive"
7779,Angela,Wallace,7229235396,"55 Linden Avenue"
7780,William,Meredith,8869920433,"26 Meadow Lane"
7781,Jonathon,Navarrete,6312418886,"64 Pineview Road"
7782,Anthony,Thompson,8411061849,"41 Greystone Terrace"
7783,Marie,Goodwin,9412195982,"36 Sunnyside Avenue"
7784,Jacqueline,Thayer,9006404300,"29 Fairview Drive"
7785,Steven,Carpenter,7446789261,"61 Greystone Terrace"
7786,Tyler,Cape,6195388105,"25 Prospect Avenue"
7787,Staci,Martineau,8343812520,"24 Brookdale Place"
7788,Walter,Parry,9680213728,"2 Maple Lane"
7789,Mario,Campbell,9787430700,"52 Brookdale Place"
7790,Devon,Brown,6749211389,"35 Cedar Court"
7791,Gerald,Yarnell,6622729551,"52 Jefferson Street"
7792,Daniel,Clay,9906737622,"24 Elmwood Road"
7793,Richard,Yopp,9979565331,"60 Oakwood Lane"
7794,Tonia,Kehoe,7599909950,"25 Valley Road"
7795,April,Roule,9276498889,"62 Sunnyside Avenue"
7796,Terry,Bratcher,8480370693,"44 Sunnyside Avenue"
7797,Mary,Lagnese,6006095774,"45 Beechwood Avenue"
7798,Ashley,NULL,7046772190,"24 Parkside Lane"
7799,Samuel,Burrus,7673558373,"52 Prospect Avenue"
7800,Patricia,Hamrick,9661532707,"75 Sycamore Street"
7801,Jerrie,Schindler,9704627318,"43 Brookdale Place"
7802,Martha,Overton,7305253587,"29 Greenfield Terrace"
7803,Michelle,Letson,7719851981,"77 Cedar Court"
7804,Diane,NULL,9259090135,"18 Sunset Drive"
7805,Maira,NULL,6271944987,"40 Brookdale Avenue"
7806,Ralph,Smith,6635361973,"65 Pineview Lane"
7807,Hettie,Jordan,6774447059,"44 Rosedale Avenue"
7808,Rachel,Shady,9989320770,"49 Park Street"
7809,Yong,Derrigo,9932057919,"48 Rosedale Avenue"
7810,Augustus,Timko,9922858346,"16 Holly Avenue"
7811,Sue,Walker,7065959120,"33 Fairway Drive"
7812,Martha,Pelayo,7217478488,"58 Pinehurst Drive"
7813,Joe,Greene,8888790854,"32 Sunset Drive"
7814,Rosamaria,Forsmark,9948749324,"66 Ashland Avenue"
7815,Bruce,Crislip,8324458250,"44 Ridgewood Road"
7816,Les,Hernandez,6018462381,"71 Kingston Way"
7817,Paul,NULL,9529824705,"60 Highland Road"
7818,Mary,Mason,6075014687,"4 Elmwood Place"
7819,John,NULL,9476178782,"76 Jefferson Avenue"
7820,Daniel,Reynolds,6724516138,"55 Lake Shore Drive"
7821,Helen,Wilkerson,8108476577,"41 Pineview Road"
7822,Roland,Meler,6170722429,"12 Magnolia Avenue"
7823,Cynthia,Sachse,7583349958,"23 Newbury Way"
7824,Robyn,Haley,6647855734,"75 Linden Lane"
7825,Walter,Ray,8421083073,"20 Garden Avenue"
7826,Carmen,Fultz,9349979434,"29 Fairway Drive"
7827,Maureen,Beck,9502536928,"39 Madison Court"
7828,Kenny,Bonilla,9674339108,"63 Greenfield Terrace"
7829,John,Storey,6800203733,"11 Locust Lane"
7830,Troy,Grigsby,9715822855,"58 Chestnut Avenue"
7831,Susan,Courtney,8876849591,"29 Valley Road"
7832,Carol,Draeger,6546069693,"4 Elm Street"
7833,Rosa,Branham,9838943216,"75 Northview Terrace"
7834,Allison,NULL,7068791524,"7 Sunnyside Road"
7835,Barbara,Worth,7329686579,"7 Laurel Lane"
7836,Tara,Boyle,7486603008,"4 Highland Drive"
7837,Arthur,NULL,7544614656,"72 Park Avenue"
7838,Diana,Witt,7483822050,"27 Meadowbrook Road"
7839,Sonja,Murillo,9881727936,"75 Parkview Road"
7840,Vicki,Sublett,9341351812,"46 Maple Lane"
7841,Rena,Windham,8326893822,"31 Southview Lane"
7842,Margaret,Brayman,9739749130,"77 Birch Lane"
7843,Barbara,Chiquito,8278215186,"34 Longview Avenue"
7844,Roger,Capers,9906839327,"53 Holly Avenue"
7845,Vera,Corral,8335636707,"3 Glenwood Drive"
7846,Bruce,Perdue,9315300294,"51 Washington Avenue"
7847,Helen,Knox,6856998974,"79 Holly Avenue"
7848,Shawn,Conaway,9825428451,"20 Grant Avenue"
7849,Walter,Fegueroa,6518347060,"67 Sunset Drive"
7850,Jason,Cook,8417220609,"59 Elm Street"
7851,Edward,Haddad,8875659656,"72 Cedar Street"
7852,Andrew,Kidd,8225985503,"72 Magnolia Avenue"
7853,William,Walker,6472423941,"17 Washington Avenue"
7854,Nancy,Chabez,6516424465,"10 Prospect Avenue"
7855,Kris,Campbell,9939245172,"52 Pineview Lane"
7856,Kirk,Schermerhorn,8552332796,"7 Parkview Avenue"
7857,Helen,Blum,9881987312,"76 Oakwood Drive"
7858,Deborah,Proctor,9730970167,"8 Southview Lane"
7859,Marcus,Sanford,7237615196,"21 Greenfield Terrace"
7860,Rick,Raj,7395520531,"72 Highland Place"
7861,Paula,Delaney,8786153923,"38 Highland Drive"
7862,Mary,Collins,9856275247,"59 Elmwood Place"
7863,Robert,NULL,6997618545,"29 Cedar Lane"
7864,Erin,Ahern,9073641220,"74 Orchard Road"
7865,Esther,Moffett,7300419582,"59 Woodbine Street"
7866,David,Hornbuckle,9242852882,"11 Maplewood Drive"
7867,Carolyn,Castillo,9987260700,"24 Glenwood Avenue"
7868,John,NULL,6812247084,"77 Parkview Terrace"
7869,Cynthia,Rikard,8298491736,"76 Park Lane"
7870,Jamie,Sergi,6604652386,"67 Hickory Lane"
7871,Victor,Olivas,6653848918,"3 Willow Street"
7872,Kelly,Michelsen,6618993301,"61 Fairmount Road"
7873,Wayne,Robbinson,7970012081,"39 Holly Lane"
7874,Martha,NULL,7610442159,"12 Woodbine Street"
7875,Sandra,Parker,8404181554,"55 Laurel Lane"
7876,Holly,Nutt,6471052468,"61 Sunset Drive"
7877,Lawrence,NULL,8554623714,"74 Mainview Avenue"
7878,Paul,Houle,7192713442,"32 Cedar Court"
7879,Joey,Dennison,9006018959,"1 Kingston Way"
7880,Jason,Matney,7862586567,"61 Jefferson Street"
7881,Margaret,Lindsey,7556709946,"13 Lexington Place"
7882,Larry,Smith,7934458298,"21 Hillcrest Drive"
7883,Susana,Rollins,7937043509,"7 Riverside Drive"
7884,Henry,NULL,6068414156,"16 Greenfield Avenue"
7885,Marshall,NULL,6736838423,"28 Jefferson Street"
7886,John,Long,9307580351,"45 Linden Avenue"
7887,Micheal,Evans,7037387434,"3 Vineyard Drive"
7888,William,Hernadez,8090697171,"2 Belmont Avenue"
7889,Daniel,Deaton,8258924200,"12 Sunset Drive"
7890,Christopher,Hughes,8871675198,"30 Oak Hill Drive"
7891,Maria,Jefferson,8941639171,"41 Woodbine Street"
7892,Kimberly,Gjelaj,9673086560,"24 Lexington Place"
7893,Sharon,Smith,8465979660,"13 Cherrywood Lane"
7894,Robin,Griffin,7108770406,"75 Kingston Way"
7895,Ervin,Martin,8028371497,"16 Maple Lane"
7896,Dorothy,Dorsey,8418781881,"55 Elmwood Terrace"
7897,Dario,Tardy,8645283520,"18 Orchard Road"
7898,Cleveland,Scott,7251826466,"53 Oakdale Court"
7899,Joseph,Glisson,9268106660,"72 Jefferson Avenue"
7900,Dorothy,Mayer,8756734746,"75 Jefferson Street"
7901,Cody,NULL,8710594597,"18 Pineview Lane"
7902,David,King,7970354648,"1 Eastlake Drive"
7903,Oliver,Trevino,9634721273,"76 Oakdale Drive"
7904,Rogelio,Myers,6767702363,"7 Oak Street"
7905,Jessica,Betts,9973832885,"51 Maplewood Road"
7906,Jaqueline,Hamilton,9968773963,"23 Cherrywood Lane"
7907,Betty,Ross,7789619932,"52 Northview Road"
7908,Hazel,Battle,8060819807,"10 Valley View Road"
7909,Elizabeth,Martinez,6931605765,"55 Hillcrest Avenue"
7910,Paul,Barker,9029974346,"6 Cedar Terrace"
7911,Eldon,Encallado,8389983781,"68 Brookdale Place"
7912,David,Nading,8351142278,"13 Maplewood Drive"
7913,Deborah,NULL,6277826356,"68 Lake Shore Drive"
7914,Kimberly,Navarro,6021863066,"8 Linden Avenue"
7915,Gerald,Kotas,7972742960,"13 Oakdale Drive"
7916,Richard,Garland,9091913353,"7 Meadow Lane"
7917,Ronald,Fagan,9688621851,"43 Parkview Road"
7918,Debra,Hogg,9878164527,"20 Eastwood Drive"
7919,Jenny,Thode,7771511157,"71 Hillcrest Drive"
7920,Laurie,Raygoza,9430144925,"20 Pine Street"
7921,Jennifer,Crawford,9565280071,"30 Parkview Road"
7922,Gene,Hisle,8357789942,"16 Lakeview Drive"
7923,Timothy,Arnold,8352914287,"51 Jefferson Avenue"
7924,Tammy,Ternullo,6292451286,"2 Lincoln Circle"
7925,Kathleen,NULL,9951890571,"22 Hickory Drive"
7926,Lynda,Payne,9180735540,"56 Cedar Terrace"
7927,Mildred,Fuller,6512118143,"9 Oakdale Court"
7928,Frederick,Smith,8016109447,"53 Hillcrest Avenue"
7929,Earl,Anderson,8243007545,"17 Cherrywood Lane"
7930,Charles,Holt,7194124646,"39 Brookdale Place"
7931,Bruce,Golden,9127466263,"66 Greenfield Terrace"
7932,Gerri,Prach,8418741124,"27 Valley Road"
7933,Edward,Allen,8629530866,"4 Cedar Street"
7934,Luis,Hash,8868267705,"28 Cedar Street"
7935,Carlos,NULL,8956580256,"59 Beechwood Avenue"
7936,Christina,Franklin,7549695746,"77 Fairmount Road"
7937,James,NULL,6278233303,"1 Hillcrest Drive"
7938,Nellie,Garcia,9971807141,"57 Locust Street"
7939,Deborah,Ojeda,7355233040,"36 Hudson Terrace"
7940,John,Campbell,7386118499,"18 Riverside Drive"
7941,Doug,Hudgens,8583262327,"65 Chestnut Street"
7942,Candy,Munoz,7995983616,"22 Hillcrest Road"
7943,Michael,Hudnall,8491859751,"25 Birch Lane"
7944,Richard,Sliwa,8031511660,"18 Pinehurst Road"
7945,Glen,NULL,7979174733,"13 High Street"
7946,Pierre,Fullard,7956834915,"77 Valley Road"
7947,Hilda,NULL,7954225785,"61 Hillcrest Drive"
7948,Susan,Williams,9470816910,"21 Grove Street"
7949,Myrtle,Rodriguez,8947496157,"77 Maple Lane"
7950,Shelley,Ashburn,6530301504,"46 Parkside Lane"
7951,Diane,Salcido,8242453033,"8 Cedar Terrace"
7952,Raymond,Kurland,9200233873,"32 Orchard Road"
7953,Kristin,Nolen,9050165342,"57 Sunnyside Road"
7954,Johnny,Patterson,9521064196,"20 Longview Road"
7955,Steve,Bezanson,7486256174,"39 Lake Shore Drive"
7956,Gloria,Plunkett,7146885591,"5 Northview Road"
7957,Yee,Magill,6730262835,"52 Beechwood Avenue"
7958,Charles,Harris,8350780861,"40 Elm Street"
7959,Lisa,Hanson,8395823779,"62 Walnut Avenue"
7960,Benjamin,Mcnair,9222518984,"20 Ashland Avenue"
7961,Lauren,Burton,6108490042,"39 Parkview Avenue"
7962,Shirley,Chase,8546717117,"31 Kingston Way"
7963,Donald,Mcgee,6293902264,"70 Sunnyside Road"
7964,Daniel,Anderson,9907077402,"23 Columbus Lane"
7965,Kathleen,Distaffen,7260413157,"13 Ashland Avenue"
7966,Dolly,Fitzpatrick,7872294538,"15 Hillcrest Avenue"
7967,Reynaldo,Christiansen,7720844508,"57 Brookdale Avenue"
7968,Patricia,Chavez,7016786219,"18 Springdale Road"
7969,Vickie,Henry,9317527279,"35 Vine Street"
7970,Barbara,Cook,9955515676,"55 Birch Lane"
7971,Nancy,Robertson,7794961054,"23 Hillcrest Drive"
7972,Christopher,Casler,6232718531,"37 Vineyard Drive"
7973,Jeanne,Jutras,7412232880,"3 Springdale Road"
7974,Judie,Morrison,6543846238,"27 Rosedale Avenue"
7975,Tammy,Haubrich,9478174029,"22 Pineview Road"
7976,David,Lorraine,9840629422,"32 Holly Lane"
7977,Rosendo,Brown,9071833818,"78 Meadow Lane"
7978,Janet,Deville,8819152406,"68 Madison Avenue"
7979,Valerie,Grant,9229082516,"56 Magnoli"
7980,Thomas,Chapa,9247974244,"58 Madison Court"
7981,Gerald,Burhans,8822443527,"27 Jefferson Avenue"
7982,Christine,NULL,6604811329,"41 Fairway Drive"
7983,Stephanie,Luster,6756721237,"16 Parkside Lane"
7984,Jack,Ludwick,7533671680,"43 Highland Road"
7985,Anthony,Padel,6827745759,"52 Garden Avenue"
7986,Danielle,Lynch,8404237067,"28 Vine Street"
7987,Dan,Cox,6231915827,"8 Oak Hill Drive"
7988,Justin,Ross,7135308068,"12 Applewood Drive"
7989,Brian,NULL,7845192378,"15 Beech Street"
7990,Michael,Rocha,7588630634,"24 Pineview Lane"
7991,Tierra,Henry,8701190326,"56 Woodbine Street"
7992,Irene,Dorsey,9052465561,"73 Maple Lane"
7993,Melissa,Call,8354851755,"16 Cherry Hill Road"
7994,Hazel,Lange,8659285617,"79 Park Lane"
7995,Wayne,Ray,6515603240,"24 Sycamore Street"
7996,Jeremiah,Friend,6338490715,"76 Birchwood Lane"
7997,Jesus,Tuttle,8982229942,"38 Fairway Drive"
7998,Cindy,Janda,9352671776,"48 Magnolia Avenue"
7999,Shirley,Sells,6574434756,"69 Washington Avenue"
8000,Ignacio,Kennedy,6607361975,"53 Riverside Drive West"
8001,Haley,Watson,9008014066,"10 Garden Avenue"
8002,Stephanie,Mead,9466112375,"64 Jefferson Lane"
8003,Shannon,Mcphail,7733311573,"20 Magnoli"
8004,Josephine,Fountain,8734793778,"25 Maple Lane"
8005,Laura,Mack,9675025990,"27 Greenfield Terrace"
8006,Andrea,Thrasher,6898688734,"48 Cherry Hill Road"
8007,John,Amerson,7582587396,"63 Holly Lane"
8008,Ruth,White,8234821415,"31 Eastlake Drive"
8009,Quentin,Gingras,8022392626,"17 Fairview Drive"
8010,Ryan,Simmons,7036915836,"52 Yorktown Road"
8011,Kevin,Poppel,8969633124,"7 Northview Terrace"
8012,Sean,Rivera,9586737091,"26 Cedar Road"
8013,Frances,Brown,7654532085,"67 Northview Terrace"
8014,Melissa,Barbieri,9444804526,"60 Eastwood Drive"
8015,Lois,NULL,9633447316,"37 Madison Court"
8016,Penny,Edmund,8927849319,"56 Elmwood Terrace"
8017,Virgil,Odum,9626598186,"72 Broad Street"
8018,Rachel,Liberto,7502636516,"5 Birchwood Lane"
8019,Omar,Scott,9335009181,"78 Applewood Drive"
8020,Angel,Dixon,8866040544,"16 Pine Street"
8021,Cheryl,Timmons,7988650609,"17 Brookdale Place"
8022,Lillian,Ribron,7520435053,"37 Prospect Avenue"
8023,Kris,Simkins,7548270608,"10 Highland Place"
8024,Manuel,Morris,8789978843,"50 Locust Lane"
8025,Tammara,Hakes,8016754523,"51 Birch Lane"
8026,Catalina,Glass,7621729986,"33 Forest Avenue"
8027,Lakiesha,Shrout,7265690397,"44 Riverside Drive"
8028,Terry,Gantz,6914989553,"75 Linden Avenue"
8029,Mark,Forte,9023961483,"60 Glenwood Avenue"
8030,Teresa,Johnson,8639106673,"75 Laurel Lane"
8031,James,Renaud,9974250052,"33 Birch Lane"
8032,Michelle,Moffett,8341959193,"22 Cherrywood Lane"
8033,Mark,Green,6893282646,"29 Sunnyside Avenue"
8034,Stephen,Malone,8563892447,"5 Highland Drive"
8035,Socorro,Mitchell,6011538389,"53 Valley View Road"
8036,James,Stpierre,8077824496,"8 Highland Drive"
8037,James,Layden,7935493662,"36 Prospect Avenue"
8038,Heather,Tate,8987539198,"42 Glenwood Drive"
8039,Jeannie,Jones,7122672557,"11 Maple Avenue"
8040,Doris,Hutchens,9593750203,"51 Ridgewood Road"
8041,Jack,Smetana,9790441313,"15 Broadview Avenue"
8042,Thomas,Whitaker,6036280739,"10 Greystone Terrace"
8043,Jerry,Sims,6761851619,"32 Jefferson Lane"
8044,Michael,Hedman,9530258485,"46 Sunnyside Avenue"
8045,John,Smith,7800868768,"51 Pineview Lane"
8046,Joann,Rea,6161752391,"74 Longview Road"
8047,Rosa,Mendoza,9271214189,"49 Elmwood Road"
8048,Cynthia,King,8667437356,"51 Laurel Lane"
8049,Peter,Turner,6376484282,"46 Beechwood Avenue"
8050,Mae,NULL,7367252362,"38 Hillcrest Drive"
8051,Darlene,NULL,9530759868,"59 Cherry Hill Road"
8052,Lisa,Jacobs,8526041496,"52 Willow Street"
8053,William,Widger,6769457504,"26 Washington Avenue"
8054,Alberto,Mann,7911127964,"56 Glenwood Drive"
8055,Virginia,Casali,8506153859,"71 Beech Street"
8056,Luba,Cardenas,6722365553,"27 Ridgeview Drive"
8057,Angela,Henry,7582725349,"35 Elmwood Road"
8058,Myra,Reynolds,9076775505,"56 Fairway Drive"
8059,Mary,Hall,7560144695,"31 Oakdale Drive"
8060,Teresa,Conant,9459645857,"50 Greenfield Terrace"
8061,Sandra,Jefferson,8266457272,"16 Brookdale Avenue"
8062,Trisha,Brown,6312927610,"58 Riverside Drive West"
8063,Farah,Oleksy,7205823416,"48 Ridgeview Drive"
8064,Raymond,Blaschke,6292249925,"22 Oakwood Drive"
8065,Jeanne,Daniel,6670147018,"28 Northview Terrace"
8066,Marguerite,Mckeown,8284037783,"74 Yorktown Road"
8067,Preston,Mitchener,7720387149,"42 Cedar Street"
8068,Charlotte,Flatt,6244757154,"70 Oakwood Lane"
8069,Craig,Alpert,7978902548,"61 Riverside Drive West"
8070,Eric,Denny,8744009597,"49 Sycamore Street"
8071,Rosa,Fuller,8772297632,"29 Birch Lane"
8072,Joseph,Miller,6020222395,"49 Beechwood Avenue"
8073,Christine,Mcneil,7136322845,"57 Ridgeview Drive"
8074,James,Osborne,7307157592,"38 Beechwood Avenue"
8075,Gabriel,Duchon,9451283470,"42 Walnut Street"
8076,James,Taylor,8266513507,"8 Greenfield Avenue"
8077,Walter,Willis,9299689905,"68 Holly Lane"
8078,Laura,Patton,7826628199,"35 Jefferson Lane"
8079,Helen,Nichols,7143612637,"3 Cedar Lane"
8080,Norma,Watson,7720571969,"10 Eastlake Drive"
8081,Alfonzo,Brayman,8786359209,"29 Sunset Drive"
8082,Vida,Parker,6227052759,"15 Magnoli"
8083,Jordan,Becker,8978246696,"67 Maplewood Drive"
8084,Nancy,Nielsen,7443932625,"38 Elmwood Place"
8085,Donald,Calley,8868122075,"12 Eastwood Drive"
8086,William,Brandon,9428763708,"42 Magnolia Avenue"
8087,Linda,Mitchell,8722603129,"52 Cherrywood Lane"
8088,Christina,Blansett,8037509494,"31 Oak Hill Drive"
8089,Bernice,Griffin,6947536528,"76 Fairway Drive"
8090,Wyatt,Burns,8163562624,"11 Grant Avenue"
8091,Alan,Ramirez,6418709856,"48 Madison Avenue"
8092,Michael,Scott,8559044395,"27 Yorktown Road"
8093,Richard,Pyron,7501527666,"27 Madison Avenue"
8094,Gerald,Jones,6918041727,"33 Fairmount Road"
8095,Pamela,NULL,9976782585,"79 Orchard Road"
8096,Francis,Roach,9893142432,"40 Walnut Street"
8097,Juana,Dishon,8913152852,"37 Vine Street"
8098,Thomas,Wilson,7892018196,"10 Sycamore Street"
8099,Dorothy,Perez,8930568331,"74 Vine Street"
8100,Patricia,Gipson,9447826099,"32 Broad Street"
8101,Christine,Stephens,8048311468,"5 Chestnut Street"
8102,Sheldon,Campbell,7005347251,"51 Valley Road"
8103,Sharron,Ramirez,8451135313,"4 Broad Street"
8104,Lavonne,Allison,7813941501,"63 Locust Street"
8105,Walter,Hudson,8200797263,"79 Glenwood Drive"
8106,Doris,Mcevoy,7011546522,"5 Prospect Avenue"
8107,Abraham,Johnson,8751823955,"30 Brookside Avenue"
8108,Carlos,Mohammed,7958422169,"63 Cherrywood Lane"
8109,Beverly,Turley,8760790945,"65 Pineview Road"
8110,Stephen,Pollard,6770365776,"57 Forest Drive"
8111,Steven,Blosser,7525222487,"57 Lincoln Circle"
8112,Sophie,Ruiz,7206476663,"61 Parkside Lane"
8113,Elia,Oetzel,7981856545,"11 Cedar Court"
8114,Eddie,Moroz,8051994838,"64 Glenwood Avenue"
8115,Robert,Bell,7635129078,"29 Hillcrest Drive"
8116,William,Cook,6138150392,"21 Linden Avenue"
8117,Karin,Fomby,9299932199,"47 Beechwood Avenue"
8118,Daniel,Guieb,7964701367,"29 Grant Avenue"
8119,Dawn,NULL,7792708802,"9 Locust Street"
8120,Stacey,Anderson,7613479402,"56 Magnolia Avenue"
8121,Cheryl,Zastawny,9370643080,"33 Chestnut Street"
8122,David,Hanners,7590434448,"50 Broad Street"
8123,Romana,Wood,6347295767,"79 Parkside Lane"
8124,Andrea,NULL,9532336769,"73 Yorktown Road"
8125,William,NULL,9512919569,"23 Fairmount Road"
8126,Carmen,Pickett,7735548607,"52 Pineview Road"
8127,Sharon,Saddler,9197455017,"59 Kingston Way"
8128,Pam,Becker,9763822760,"13 Sycamore Street"
8129,Melva,Shubert,6524077792,"22 Garden Avenue"
8130,Francisco,Olander,9598270808,"67 Fairway Drive"
8131,Virginia,Mckinney,7271090503,"14 Maple Lane"
8132,Michael,Brown,6501816749,"56 Lincoln Avenue"
8133,Anthony,Borja,8089314205,"69 Oak Hill Drive"
8134,Scott,Miller,8570482934,"63 Walnut Avenue"
8135,Albert,Reese,6641842651,"30 Beech Street"
8136,David,NULL,8926011106,"10 Elm Street"
8137,Nancy,Knecht,7383644869,"66 Oakwood Lane"
8138,Ricardo,Smith,7076319852,"77 Madison Avenue"
8139,James,Cranford,7281382622,"25 Laurel Lane"
8140,Gail,Casto,6020997456,"42 Chestnut Street"
8141,Juan,NULL,8328477059,"22 Northview Road"
8142,Marie,Rasmussen,8581235728,"72 Glenwood Drive"
8143,Richard,Alexander,9225030954,"3 Elm Street"
8144,Angelique,Cooley,8846595982,"75 Forest Avenue"
8145,Tasha,Henley,8588133587,"23 Lakeview Drive"
8146,Vera,NULL,6984270585,"20 Prospect Avenue"
8147,Woodrow,Landres,6660057202,"36 Pleasant Street"
8148,Anna,Thompson,8293769839,"64 Hillside Avenue"
8149,Ryan,Hill,7737027337,"68 Chestnut Avenue"
8150,Henry,West,8699809700,"14 Lake Shore Drive"
8151,Kirby,Biddle,9436946244,"42 Hillcrest Road"
8152,Cora,Powles,7438326183,"9 Meadow Lane"
8153,Anthony,Smith,8748005327,"53 Sunset Drive"
8154,Michael,Lane,7724646009,"1 Hillcrest Avenue"
8155,James,Jones,6529356975,"12 Parkside Lane"
8156,Margaret,Levi,8978781381,"36 Greenfield Avenue"
8157,Maryann,Morgan,8867791691,"25 Pleasant Street"
8158,Judy,NULL,6342580761,"45 Madison Court"
8159,Edward,Mckenzie,6206086831,"65 Holly Avenue"
8160,Evelyn,Nunez,9126114639,"38 Oakdale Court"
8161,Arthur,Hower,6236862836,"40 Forest Avenue"
8162,Peter,Carroll,7956763132,"64 Vine Street"
8163,Nellie,Mckinnon,8539007559,"27 Belmont Avenue"
8164,Rafael,Watson,9095432587,"48 Elmwood Place"
8165,Kevin,Jackson,8913117562,"19 Chestnut Avenue"
8166,Robert,Sprinkel,6990378973,"1 Walnut Avenue"
8167,Glenda,Miller,8882153653,"67 Mainview Avenue"
8168,Amie,NULL,7751638381,"68 Lakeview Drive"
8169,Willie,Harton,6059317064,"52 Beech Street"
8170,Kenneth,Mccoy,9610019068,"60 Laurel Lane"
8171,Kent,Whitaker,8370002784,"29 Glenwood Drive"
8172,Kim,Scheller,8398836578,"15 Pine Street"
8173,Viki,Aston,6593183436,"32 Glenwood Avenue"
8174,Anthony,Rivera,8807731743,"38 Cedar Lane"
8175,Lyle,Lopez,9454384543,"42 Newbury Way"
8176,John,Esterly,9986744753,"75 Sunset Drive"
8177,Marquis,Coe,8823046988,"31 Parkside Lane"
8178,William,Bassett,6793197757,"62 Pineview Lane"
8179,Timothy,NULL,7466232908,"12 Birchwood Lane"
8180,Patsy,Weese,8222543908,"57 Laurel Lane"
8181,Edward,Donley,7464245603,"46 Hickory Drive"
8182,Courtney,Winkle,7573106168,"78 Cedar Lane"
8183,Keith,Olewine,6336881964,"48 Pinehurst Road"
8184,William,Williamson,6155110644,"49 Oak Street"
8185,John,Weinberger,7252597714,"37 Laurel Lane"
8186,Johnnie,Gonyea,7898979227,"31 Meadowbrook Road"
8187,Warren,Hackleman,9029987395,"43 Orchard Road"
8188,Genevieve,Mcallister,7197670129,"21 Highland Road"
8189,Felicia,NULL,6758176679,"23 Greenfield Terrace"
8190,Diane,Smith,9841283796,"28 Greenfield Terrace"
8191,Lydia,Gowans,7322717309,"71 Lake Shore Drive"
8192,Justin,Hall,8007149128,"52 Mainview Avenue"
8193,Kelly,Simmons,9640009385,"4 Glenwood Drive"
8194,Lai,Clark,6480847308,"28 Kingston Way"
8195,Deborah,Giacomini,6332487564,"46 Magnolia Avenue"
8196,Evelyn,Kelly,7762407490,"43 Holly Lane"
8197,Olivia,Rinkel,9231938920,"55 Broad Street"
8198,Louis,Trent,7607370855,"70 Brookdale Place"
8199,Brian,Mason,8776038776,"18 Pineview Road"
8200,Brad,Fowler,6689145623,"57 Pinehurst Drive"
8201,Marietta,Martinez,8865324435,"54 Fairview Drive"
8202,Jessica,Juarez,6489709739,"76 Magnolia Avenue"
8203,Michael,Su,7694454963,"40 Elmwood Place"
8204,Jessie,Murray,7792342410,"59 Maple Avenue"
8205,Chester,Clay,6036386298,"30 Greenfield Terrace"
8206,Doris,Dobbins,7134293089,"29 Cedar Street"
8207,Elizabeth,Pugh,6770476104,"49 Northview Road"
8208,Gerry,Persing,7221460393,"42 Cedar Terrace"
8209,Robert,Hayes,7672448162,"59 Hillside Avenue"
8210,Valerie,Williams,7435477750,"56 Orchard Road"
8211,Debra,NULL,8901708918,"21 Cedar Court"
8212,Celeste,Priester,9309770915,"51 Ridgeview Drive"
8213,Johnny,Maxwell,8915795310,"6 Cedar Road"
8214,Brenda,Perez,9262347094,"6 Walnut Avenue"
8215,John,Hunt,8369842256,"3 Greystone Terrace"
8216,Michael,Provino,8639009684,"9 Parkview Road"
8217,Alan,Winfield,7620650651,"19 Riverside Drive West"
8218,Greg,Marshall,8179509238,"30 Locust Street"
8219,Lori,Ives,6142131034,"24 Valley Road"
8220,Kevin,Suzuki,6547866803,"20 Madison Court"
8221,Dale,Gomez,8821807983,"53 Grant Street"
8222,Nicolas,Parker,8245273304,"7 Lincoln Avenue"
8223,Christopher,Carpenter,9588142462,"14 Lexington Place"
8224,Kathleen,NULL,8634900413,"37 Park Street"
8225,Debra,Wingate,9858578287,"48 Hillcrest Road"
8226,Maria,Lucio,7895493669,"54 Broadview Avenue"
8227,Adina,NULL,9770787236,"24 Lakeview Drive"
8228,Gordon,Chu,8917475259,"52 Greenfield Terrace"
8229,Michael,Hill,6612254248,"16 Linden Lane"
8230,Nichole,Lanier,9190411870,"56 Hillside Avenue"
8231,Emma,Smith,8163844538,"8 Hickory Lane"
8232,Sheri,Goodman,7547997188,"74 Belmont Avenue"
8233,Lillie,Heiman,8893124170,"73 Cedar Street"
8234,Alma,Powell,8281170910,"13 Lake Shore Drive"
8235,Barbara,NULL,9653831658,"32 Oakwood Drive"
8236,Terry,Turner,7332936811,"78 Ridgeview Drive"
8237,Steven,Gilmore,9231565679,"78 Prospect Avenue"
8238,Jason,Kiefer,8337607920,"66 Brookdale Place"
8239,Alexander,Rodriguez,7742931966,"17 Northview Terrace"
8240,Elizabeth,Becker,7043544149,"27 Highland Drive"
8241,Wanda,Schinke,9534614732,"28 Pineview Drive"
8242,Dorothy,Lewis,8812516403,"42 Chestnut Avenue"
8243,Joseph,Flanders,8564478604,"22 Washington Avenue"
8244,Seth,Irby,6881183720,"32 Southview Lane"
8245,Venus,Nitz,9394313895,"66 Holly Lane"
8246,Christy,Newman,9258095446,"71 Jefferson Street"
8247,Debra,Maxon,9980681641,"20 Grant Street"
8248,Cassandra,Foster,7059276522,"31 Fairview Drive"
8249,Jean,Stewart,8958295075,"18 Briarwood Court"
8250,Kathleen,Gonzalez,6221606844,"54 Brookside Avenue"
8251,Rachel,NULL,7850619506,"55 Beechwood Road"
8252,Charlie,Willis,9158107950,"2 Sunnyside Avenue"
8253,Kevin,Gerhart,7969926667,"43 Chestnut Street"
8254,Donald,NULL,7290524050,"62 Maple Avenue"
8255,Susan,Quintana,8583397177,"41 Vineyard Drive"
8256,Gayle,NULL,6802438692,"76 Lexington Place"
8257,James,NULL,9312333381,"75 Pineview Lane"
8258,Nancy,Hilton,8979946901,"1 Ashland Avenue"
8259,Elaine,Cohen,9112897225,"36 Beechwood Road"
8260,Charles,Hoss,7288363206,"29 Newbury Way"
8261,Judith,Corbin,8746702562,"10 Holly Avenue"
8262,Melvin,Ortega,6729705040,"12 Lake Shore Drive"
8263,Irene,Camacho,6057224484,"17 Locust Lane"
8264,John,NULL,6318950886,"58 Magnoli"
8265,Elizabeth,Wright,6147521463,"70 Parkview Road"
8266,Gary,Young,9477679175,"61 Beechwood Avenue"
8267,David,Kowalewski,9389872014,"64 Pinehurst Drive"
8268,Joyce,Damewood,9730282755,"52 Broad Street"
8269,Chris,Chambliss,9655995238,"39 Cedar Terrace"
8270,Andrew,Taylor,8034848186,"26 Hillcrest Road"
8271,John,Martin,9660263818,"14 Pineview Road"
8272,Kimberly,Hackett,7798943276,"53 Magnoli"
8273,Shirley,Buchanan,9489558561,"53 Lakeview Drive"
8274,Dan,Matsumoto,8770039966,"73 Longview Road"
8275,Carrie,Kuebler,9696057225,"55 Maplewood Drive"
8276,Nancy,Kolinski,9947996791,"58 Brookside Avenue"
8277,Marilyn,Obenshain,8504690092,"70 Magnoli"
8278,William,Webster,6609686186,"69 Grant Avenue"
8279,Lorena,Matthews,8482862040,"4 Oakwood Lane"
8280,Arlene,Hatton,8191575509,"17 Yorktown Road"
8281,Regina,Whitaker,7230313629,"37 Pineview Road"
8282,Fannie,NULL,6919723460,"42 Vine Street"
8283,Keiko,Holsten,7893506132,"26 Lexington Place"
8284,David,Luna,8472789178,"69 Madison Court"
8285,Frank,Guenther,8666850705,"77 Chestnut Avenue"
8286,Vicki,Mendez,7728102242,"35 Greystone Terrace"
8287,Angela,Derry,7199836805,"3 Lake Shore Drive"
8288,Carrie,NULL,6836879336,"75 High Street"
8289,Ray,Genther,8828866637,"16 Vine Street"
8290,Howard,Herrera,8431386026,"39 Birch Lane"
8291,Gracie,Mclennan,6448643796,"56 Oakwood Lane"
8292,Sarah,Sinclair,8609891229,"58 Locust Lane"
8293,Dolores,NULL,9228120385,"4 Glenwood Avenue"
8294,Vincent,Larsen,8322247250,"19 Highland Place"
8295,Randall,Bernard,8670363662,"62 Northview Road"
8296,Johnny,Scolaro,6351277027,"76 Lake Shore Drive"
8297,Lillian,Hawkins,7317335545,"22 Briarwood Court"
8298,Cynthia,Carlton,9393318342,"49 Grant Street"
8299,Rogelio,Garcia,8993858750,"24 Elmwood Terrace"
8300,Maria,Muray,7650471383,"38 Grant Avenue"
8301,Lorraine,NULL,8121351619,"1 Hickory Lane"
8302,Crystal,Holman,7441996875,"38 Willow Street"
8303,Frank,Agosto,8332817107,"20 Hudson Terrace"
8304,Dorothy,NULL,7084572366,"41 Hillcrest Avenue"
8305,Ashley,Eder,9625489874,"34 Vineyard Drive"
8306,Janice,Porter,6068005515,"4 Greenfield Avenue"
8307,Diann,Mahler,6590034355,"39 Pleasant Street"
8308,Greg,NULL,6271536167,"71 Pinehurst Road"
8309,Armando,Mcbride,8751116161,"31 Cedar Court"
8310,Jewel,Aybar,8326008134,"71 Rosedale Avenue"
8311,Anne,Mcclendon,9585657381,"38 Fairview Drive"
8312,Judith,Evans,7897261143,"11 Holly Avenue"
8313,Sean,Aleshire,7184848004,"17 Hillcrest Road"
8314,Mellissa,Kinslow,6530330080,"12 Pineview Road"
8315,Paul,Tolman,6092038224,"50 Park Lane"
8316,Derrick,Wilson,7938150682,"3 Highland Place"
8317,Harrison,Lee,8116060259,"62 Park Avenue"
8318,Harold,Jones,6699793973,"52 Elmwood Place"
8319,Gloria,Newton,9510953333,"78 Brookdale Place"
8320,Luise,Penn,8561430039,"61 Lincoln Circle"
8321,Deborah,Palmer,6100255027,"67 Elmwood Terrace"
8322,Gerald,Short,7572832169,"60 Grant Avenue"
8323,Fidelia,Gannon,9494556002,"36 Forest Avenue"
8324,William,Kirkland,6684472893,"51 Vineyard Drive"
8325,Paul,Pittenger,6407593105,"77 Pineview Drive"
8326,Patricia,NULL,7366198086,"35 Jefferson Avenue"
8327,Jodie,Rodriguez,8009186107,"20 Riverside Drive West"
8328,Teresa,Mack,8962282830,"18 Oakwood Lane"
8329,Wanda,Sohre,6968064870,"23 Lexington Place"
8330,Bobbie,Hernandez,7598401847,"26 Magnolia Avenue"
8331,Ralph,Poston,6621232390,"63 Longview Road"
8332,Catherine,Fennell,6810210332,"54 Lake Shore Drive"
8333,Donna,Aris,9909321237,"67 Columbus Lane"
8334,Crystal,Clark,9809922409,"50 Cedar Road"
8335,Larry,Allen,7535433552,"32 Chestnut Avenue"
8336,Ethel,Luce,7453862386,"36 Highland Place"
8337,Amy,Wedlow,6338427177,"37 Pineview Drive"
8338,Mary,Whiteis,9284791514,"64 Ashland Avenue"
8339,Nancy,Garcia,9456628549,"58 Fairway Drive"
8340,Neal,Lucero,8294566790,"62 Oakdale Court"
8341,Theresa,Walsh,8101447148,"69 Fairview Drive"
8342,Arthur,Carter,8580462967,"70 Vine Street"
8343,Jenifer,Range,6770381300,"36 Locust Lane"
8344,Ryan,Rhead,9079584668,"9 Newbury Way"
8345,David,Conder,9858267702,"47 Ridgeview Drive"
8346,Claire,Burris,6236747221,"55 Meadowbrook Road"
8347,Roxanne,Patten,9921731307,"11 Maple Lane"
8348,Shirley,Haygood,6934670320,"19 Sunnyside Avenue"
8349,Jennifer,NULL,6526819345,"43 Holly Avenue"
8350,Brent,Tieman,8878988343,"54 Maple Avenue"
8351,Karen,Crespino,7775020780,"29 Glenwood Avenue"
8352,Raymond,Durkee,8197625856,"18 Maplewood Road"
8353,Johanne,Fernandez,7532626950,"29 Oakdale Court"
8354,Jose,Devilbiss,6374505514,"78 Glenwood Avenue"
8355,James,Chavez,7158709897,"74 Oakwood Drive"
8356,Myrna,Fox,7479821078,"5 Jefferson Avenue"
8357,David,Harrison,6484236268,"55 Parkview Road"
8358,Rebeca,Samson,8642108542,"62 Locust Lane"
8359,Steven,Reeves,9164863314,"47 Elmwood Terrace"
8360,Carl,Macmillan,9351774028,"41 Elmwood Road"
8361,Cathy,NULL,9184341974,"23 Sunnyside Road"
8362,David,James,6748360298,"35 Beech Street"
8363,William,NULL,6369340512,"30 Forest Drive"
8364,Elizabeth,Groff,9983351815,"31 Fairway Drive"
8365,Frank,NULL,9389131551,"58 Jefferson Street"
8366,Savannah,Beckwith,9314813074,"75 Sunnyside Avenue"
8367,Corinne,Hernandez,8421197423,"35 Grant Street"
8368,Tanya,Campbell,8623167118,"1 Oakwood Drive"
8369,Donald,Mcfadden,6926024331,"62 Hickory Lane"
8370,Marguerite,Feeley,9540340033,"60 Glenwood Drive"
8371,Doris,Hazlett,7982692805,"2 Grant Avenue"
8372,Lisa,Ligon,7271440548,"14 Willow Lane"
8373,Nadine,Kaune,8848737536,"6 Valley Road"
8374,Florence,Seery,8524612987,"27 Southview Lane"
8375,Melissa,Harmon,8963254663,"76 Fairview Avenue"
8376,Henry,Kanne,7889159349,"73 Park Street"
8377,Lance,Vanderwal,9442811788,"71 Pineview Drive"
8378,Casey,Cutshall,8076308113,"79 Locust Lane"
8379,Kristi,Brown,9904902504,"1 Oak Street"
8380,Charlene,Preston,9342930100,"69 Greenfield Avenue"
8381,Penney,Green,6930942756,"6 Applewood Drive"
8382,Clifton,Kolle,6367162166,"25 Willow Lane"
8383,Kathey,NULL,6205721744,"4 Forest Avenue"
8384,Janie,Anderson,9817595872,"36 Chestnut Street"
8385,George,Watson,6048755465,"38 Northview Terrace"
8386,John,Leonardo,8764279904,"9 Maplewood Drive"
8387,Mario,Stroup,6233841977,"69 Jefferson Lane"
8388,Santa,Mendez,9114047225,"62 Brookside Avenue"
8389,Pamela,Kirkwood,9999078283,"72 Hillcrest Drive"
8390,Rita,Wolfe,9539848844,"72 Cherrywood Lane"
8391,Adele,Haynes,7769962261,"48 Hillside Avenue"
8392,Tina,Presley,8479403833,"63 Eastwood Drive"
8393,Edmund,Germy,7533485622,"68 Meadowbrook Road"
8394,Melvin,Guerrero,8583222311,"49 Park Avenue"
8395,Mildred,Reyes,6532546268,"49 Holly Avenue"
8396,Christoper,Telfer,9665713867,"10 Kingston Way"
8397,Paige,Belanger,7941247475,"29 Woodbine Street"
8398,Anna,Mccarter,7812737399,"32 Oakdale Court"
8399,Tanja,Behnke,7355980703,"15 Jefferson Street"
8400,Adam,Abbott,9311528105,"13 Jefferson Lane"
8401,Melisa,Tennill,7467148523,"58 Cedar Lane"
8402,Sheldon,Oconnor,6480602974,"56 Longview Road"
8403,James,Bailey,8891190978,"22 Beechwood Road"
8404,Malena,Steadman,7478983548,"55 Lincoln Circle"
8405,Albert,Rosel,7299423318,"76 Ashland Avenue"
8406,Kelli,Thomas,9622409786,"55 Holly Lane"
8407,Michael,Gillen,7918860773,"2 Jefferson Lane"
8408,Carrie,Mccollum,8535525653,"53 Elmwood Road"
8409,Randy,Johnson,9304404295,"37 Ridgeview Drive"
8410,Patricia,Garcia,9561958735,"57 Mainview Avenue"
8411,Robin,Rodriguez,8442518986,"4 Newbury Way"
8412,Virginia,Rogillio,6488953794,"3 Parkside Lane"
8413,Lonna,Mowrey,6148642399,"46 Belmont Avenue"
8414,Jarvis,Kettle,8700638456,"79 Pinehurst Drive"
8415,Cordell,Furlong,7050689884,"31 Pleasant Street"
8416,Albert,Strang,6970575681,"20 Fairview Drive"
8417,Sarina,Tristan,7695448854,"22 Park Avenue"
8418,Parker,Cherubino,7342191903,"66 Chestnut Avenue"
8419,Phillip,King,8634412049,"48 Hudson Terrace"
8420,Joseph,Smith,7557292066,"11 Highland Drive"
8421,Janet,Bishop,9238685731,"47 Linden Lane"
8422,Brian,Myers,8455292894,"6 Pinehurst Road"
8423,Terry,Banks,8621603274,"43 Lakeview Drive"
8424,Jason,Arteaga,6566857877,"52 Lake Shore Drive"
8425,Donald,Roby,9663040567,"40 Elmwood Terrace"
8426,William,Chiarello,9203501363,"29 Orchard Road"
8427,Kari,Jewell,8347189723,"69 Forest Avenue"
8428,Bethel,Coronado,8430038173,"16 Elmwood Terrace"
8429,Maria,Sprague,8768550035,"44 Vineyard Drive"
8430,Elizabeth,Delgado,8048113675,"74 Oak Street"
8431,Jacqueline,Soucy,6370079747,"54 Fairway Drive"
8432,Johnathon,Gooch,6003385907,"67 Cherrywood Lane"
8433,Eric,Hinz,7021783334,"12 Elmwood Road"
8434,Sarah,William,7262958885,"37 Greenfield Avenue"
8435,Faith,NULL,6520124320,"27 Greenfield Avenue"
8436,Janice,Medders,6252470857,"22 Locust Lane"
8437,Laticia,Lucena,7167351396,"21 Glenwood Avenue"
8438,Danny,Bradley,8314900752,"24 Birchwood Lane"
8439,Hildred,Leonard,9126369992,"21 Broadview Avenue"
8440,Edward,Barney,6780957528,"42 Linden Lane"
8441,Myrtis,Jochum,8515713890,"18 Brookdale Place"
8442,David,Minichiello,8894024294,"61 Rosedale Avenue"
8443,Tom,Brooks,6708775670,"10 Springdale Road"
8444,Jeffrey,Graham,9623223924,"59 Sunnyside Road"
8445,Deanne,Lindstrom,8010512529,"67 Eastwood Drive"
8446,Jeremy,Seiler,6362886139,"28 Ashland Avenue"
8447,Mark,Grill,6590832704,"69 Oak Street"
8448,Susan,Dixon,7758837091,"7 Birchwood Lane"
8449,Sharon,Brown,8563311028,"16 Meadowbrook Road"
8450,Eddie,Mcghee,6141939293,"17 Pleasant Street"
8451,Candace,Bledsoe,8622305399,"32 Ridgeview Drive"
8452,Manuel,NULL,9267068434,"60 Madison Court"
8453,Suzanne,Hunt,9302336979,"33 Valley Road"
8454,Sara,Popielarczyk,7147549756,"34 Vine Street"
8455,Paul,Taylor,6235066838,"4 Washington Avenue"
8456,Sharon,Estrella,6303667381,"79 Eastlake Drive"
8457,Margaret,Doan,6851299350,"64 Vineyard Drive"
8458,Alyssa,Porter,7292878447,"22 Elmwood Place"
8459,Amy,Dudley,8875959701,"11 Jefferson Lane"
8460,Charles,Montes,6328905309,"2 Cherry Hill Road"
8461,Angelita,NULL,8853177199,"37 Beechwood Road"
8462,Mildred,NULL,6533303790,"64 Ridgewood Road"
8463,Jaclyn,Duckworth,7484655958,"32 Lake Shore Drive"
8464,Blanche,NULL,8267337582,"61 Maple Avenue"
8465,Sylvia,Thacker,8902495677,"63 Cedar Court"
8466,Richard,Porter,7861570041,"35 Southview Lane"
8467,Eulalia,Turner,6525010936,"21 Locust Street"
8468,Raymond,Scales,8121715923,"68 Parkside Lane"
8469,Alexander,Ray,7742187496,"29 Park Lane"
8470,Micheal,Abraham,8465060712,"44 Highland Place"
8471,Rebecca,Rudzinski,9376319764,"11 Parkside Lane"
8472,Sandy,Marta,7823181443,"10 Orchard Road"
8473,Daniel,Yopp,8841174012,"68 Sunnyside Road"
8474,Charles,Makin,7419567569,"45 Cedar Road"
8475,Anita,Basque,8002393660,"25 Grant Avenue"
8476,Chris,Pospicil,7965729715,"2 Kingston Way"
8477,Charles,Collins,8997242918,"70 Lakeview Drive"
8478,Anne,Barnes,9409624882,"6 Brookdale Avenue"
8479,Sylvia,Johnston,7051932040,"48 Lincoln Avenue"
8480,Elizabeth,Hickey,7468010408,"1 Fairview Drive"
8481,Hope,NULL,8776158392,"16 Chestnut Avenue"
8482,Barbara,Sell,8831165798,"59 Valley View Road"
8483,Ryan,Duffy,7512768432,"43 Pinehurst Drive"
8484,Collin,Hardy,6080229658,"19 Forest Avenue"
8485,Eugene,King,8758367155,"65 Woodbine Street"
8486,Virginia,Gardner,8821613195,"27 Parkview Avenue"
8487,Bethany,Shields,6065281222,"67 Hillside Avenue"
8488,William,Sundby,6810897888,"61 Yorktown Road"
8489,Joel,Anderson,9795867268,"53 Pineview Lane"
8490,Andrew,Duty,9522703077,"78 Vineyard Drive"
8491,Jeffrey,Ruiz,6578722583,"29 Maplewood Drive"
8492,Christopher,NULL,7839443505,"11 Broad Street"
8493,Claude,Pearson,8736570044,"61 Forest Drive"
8494,Katie,Kitchin,9586878486,"10 Newbury Way"
8495,Carol,NULL,7609570697,"58 Longview Avenue"
8496,Mary,Hutchinson,8582952266,"69 Walnut Street"
8497,Martha,Carr,6142414700,"47 Elmwood Road"
8498,Todd,Anthony,9140257040,"27 Hudson Terrace"
8499,Emily,Magoun,8205104701,"16 Pleasant Street"
8500,Thomas,Gonzalez,7611650593,"61 Jefferson Lane"
8501,Tara,Schmitmeyer,7293696902,"32 Parkview Avenue"
8502,Cynthia,Engle,9127987998,"46 Pinehurst Drive"
8503,Mark,Armes,7884798686,"40 Ridgewood Road"
8504,Kevin,Branch,7610142294,"36 Highland Drive"
8505,Evelyn,NULL,6453612775,"22 Birch Lane"
8506,Alice,Collins,6794456944,"19 Beechwood Avenue"
8507,Jacqueline,Garcia,7681383354,"34 Southview Lane"
8508,Judith,Mullins,8454038222,"51 Chestnut Street"
8509,Terry,Swanston,6256761561,"25 Pinehurst Drive"
8510,Kimberly,Garcia,6959038624,"7 Birch Lane"
8511,Heather,Young,8383064778,"11 Jefferson Street"
8512,Virginia,Domhoff,6519976209,"38 Beechwood Road"
8513,Stephanie,Obryon,9977582415,"65 Magnolia Avenue"
8514,Kevin,Weatherly,8197269978,"15 Orchard Road"
8515,Stephanie,Rex,7963632564,"36 Cedar Lane"
8516,Austin,Stoll,6501472046,"76 High Street"
8517,Bryan,Schumacher,9625539091,"32 Forest Avenue"
8518,Bart,Dodd,9501871501,"64 Lexington Place"
8519,Sarah,Cameron,9033192424,"66 Oakwood Drive"
8520,Kayleen,Black,8046255390,"56 Walnut Street"
8521,Elizabeth,Reed,8430424247,"10 Parkview Terrace"
8522,Myra,Tasker,7581473711,"4 Madison Court"
8523,Janet,Helton,8296488347,"5 Lake Shore Drive"
8524,Scott,Gomez,6890362584,"39 Laurel Lane"
8525,Joan,Anderson,7438294962,"37 Valley View Road"
8526,Brigitte,Summers,8536247066,"64 Linden Lane"
8527,Eva,Herrera,8522496229,"32 Grant Avenue"
8528,Sammie,Montelongo,6639795509,"21 Linden Lane"
8529,Larry,Butler,6339687481,"61 Pineview Drive"
8530,Oliver,Gaudin,9779044867,"60 Lexington Place"
8531,Willie,Wilson,9264840000,"78 Ridgewood Road"
8532,Mary,Johnson,8412657303,"78 Lincoln Circle"
8533,Donald,Emerson,8893590288,"31 Maplewood Road"
8534,Henrietta,Ward,6700799004,"9 Glenwood Avenue"
8535,Mabel,Williams,9872758436,"57 Greystone Terrace"
8536,Christina,Mays,9815995654,"57 Maple Avenue"
8537,Samuel,Brown,6513655309,"72 Vine Street"
8538,Charlie,Turnbow,8865550638,"71 Hillside Avenue"
8539,Stephen,Ross,9451126397,"41 Northview Terrace"
8540,Daniel,Outman,9772964801,"30 Oakdale Drive"
8541,Lois,Hogen,6158873677,"44 Walnut Avenue"
8542,Jamal,Partch,8848241615,"7 Beechwood Road"
8543,Venita,Fontenot,9389857060,"51 Park Avenue"
8544,Deanne,Schieber,8370278648,"27 Springdale Road"
8545,Laura,Stratman,7284975388,"72 Beechwood Avenue"
8546,Jessie,Felps,7919696502,"19 Applewood Drive"
8547,Jimmie,Ojeda,8513053477,"60 Brookdale Place"
8548,Norman,Lord,7009098553,"77 Pinehurst Drive"
8549,Diane,Eichmann,7535574357,"68 Beechwood Avenue"
8550,Douglas,Caputo,7202536240,"22 Belmont Avenue"
8551,Frank,Currie,6715339500,"22 Cherry Hill Road"
8552,Glenn,Johnston,6880979829,"37 Holly Lane"
8553,Michelle,Silver,9412768935,"54 Parkside Lane"
8554,Callie,Stagliano,7729614337,"29 Eastwood Drive"
8555,James,Nemeth,7840604868,"55 Ridgewood Road"
8556,Barbara,James,8225215176,"43 Sunnyside Avenue"
8557,Erma,Garfield,6159077673,"43 Grant Street"
8558,Dawn,Lovell,8142267515,"24 Ridgewood Road"
8559,Josephine,Hernandez,6603434639,"4 Lake Shore Drive"
8560,Griselda,Peeden,7757402130,"77 Meadow Lane"
8561,John,Justice,8368164729,"79 Greystone Terrace"
8562,Juan,Martin,6858840548,"62 Parkview Road"
8563,Marcia,Williams,7794874576,"40 Birchwood Lane"
8564,Kevin,Hernandez,7268782848,"3 Pineview Road"
8565,Helen,Morgan,7050993356,"15 Locust Street"
8566,Leroy,Neal,6544502715,"3 Hudson Terrace"
8567,Keitha,Kuennen,8990959563,"34 Rosedale Avenue"
8568,George,Rountree,8022508699,"37 Eastlake Drive"
8569,Tara,Jackson,6406360444,"33 Fairview Avenue"
8570,Meghan,Kissel,9827806469,"66 Orchard Road"
8571,Joshua,Harmon,9595335287,"45 Springdale Road"
8572,Isabel,Dublin,6332815677,"30 Hillcrest Drive"
8573,Tony,Carrasquillo,6255557833,"64 Laurel Lane"
8574,Rory,Sims,6697088211,"41 Ashland Avenue"
8575,Vera,Gilliam,6537337247,"33 Eastwood Drive"
8576,Richard,Miller,8222582413,"73 Pineview Lane"
8577,Yvonne,NULL,9060818696,"66 Sunnyside Road"
8578,Eric,Johnson,6743749473,"73 Highland Drive"
8579,Martha,Liss,7651030938,"39 Meadowbrook Road"
8580,Peter,NULL,7374528587,"3 High Street"
8581,Tara,Bush,9520531275,"32 Meadow Lane"
8582,Gloria,Fetzer,6997488462,"9 Kingston Way"
8583,Joan,Ruffin,7480482796,"21 Vine Street"
8584,Gertrude,Belcher,8979765900,"9 Greenfield Terrace"
8585,James,Rivas,8077899425,"79 Prospect Avenue"
8586,Dave,Tobar,6843375832,"12 Riverside Drive"
8587,Genevieve,NULL,6456896422,"31 Pinehurst Drive"
8588,Karen,Briley,6800070377,"66 Hickory Drive"
8589,Carey,Bratcher,7867994357,"41 Lincoln Circle"
8590,James,Erlandson,7008029008,"37 Maplewood Road"
8591,Cheryl,Ore,6517236654,"42 Willow Street"
8592,Gary,NULL,6764687709,"61 Lexington Place"
8593,Joyce,Markow,9499001565,"70 Birchwood Lane"
8594,Chau,Ebel,6931635871,"44 Hillcrest Drive"
8595,Larry,Jaramillo,7143952580,"7 Rosedale Avenue"
8596,Kristi,Belgarde,8846572497,"28 Holly Avenue"
8597,Kenneth,Nance,7390599637,"34 Holly Lane"
8598,Christine,Mims,6093528157,"40 Fairview Avenue"
8599,Frank,Tu,7486910363,"57 Parkview Avenue"
8600,Vickie,Woolley,8241741382,"51 Parkview Road"
8601,Amy,Abbasi,8547868052,"17 Kingston Way"
8602,Hayley,Diggs,7821019452,"57 Grant Avenue"
8603,Marie,Cipriani,6256010585,"15 Lincoln Circle"
8604,Margaret,NULL,7163516977,"39 Hillcrest Road"
8605,Thomas,Rivera,7431158853,"14 Hillcrest Drive"
8606,Kristi,Ramirez,8988037214,"57 Jefferson Avenue"
8607,David,Armstrong,8984026213,"9 Cherry Hill Road"
8608,Guy,Spence,7646135205,"77 Southview Lane"
8609,Jennifer,Wieland,9465778897,"54 Forest Drive"
8610,Ernest,Mayfield,6330311197,"23 Ridgewood Road"
8611,Kelly,Garrett,6060393981,"34 High Street"
8612,Mirella,Bailey,7505155465,"43 Hillcrest Road"
8613,William,Lowder,9007918691,"50 Sunnyside Avenue"
8614,Wesley,Wilson,6575173751,"38 Belmont Avenue"
8615,Gil,Jones,7791641887,"2 Oak Hill Drive"
8616,Catherine,Guillen,7721713390,"44 Longview Avenue"
8617,Shasta,Friedle,9357464027,"57 Kingston Way"
8618,Virginia,Mayne,8163665066,"77 Briarwood Court"
8619,Mario,Mcdonald,7194956419,"73 Jefferson Lane"
8620,Raymundo,Mathis,9291643797,"24 Hillcrest Road"
8621,Joann,Coley,6886626161,"11 Lake Shore Drive"
8622,George,Lewis,6330222093,"58 Hillcrest Avenue"
8623,Robert,Smith,8820883448,"12 Maplewood Drive"
8624,Raymond,Blanks,9904957155,"74 Madison Avenue"
8625,Gladys,Mccall,6193224775,"22 Riverside Drive"
8626,Donald,NULL,6821280440,"26 Sunset Drive"
8627,Pedro,Mcomber,9242431127,"9 Valley View Road"
8628,Marilyn,Hegg,9166457001,"18 Highland Place"
8629,Thomas,Tucker,9727881866,"41 Elm Street"
8630,Margaret,NULL,9191523940,"5 Ridgewood Road"
8631,Marty,Brann,7468663790,"37 Hickory Lane"
8632,John,Lee,6602458440,"9 Broadview Avenue"
8633,Lori,Peffley,8920266202,"75 Northview Road"
8634,Bettie,Gomez,9148796118,"7 Mainview Avenue"
8635,Sarah,Bowers,8851730577,"22 Newbury Way"
8636,Anthony,Perry,7965082605,"26 Pineview Road"
8637,Josh,Brooks,6219434066,"58 Highland Road"
8638,Elizabeth,Dixon,8207570365,"65 Lexington Place"
8639,Teresa,Casas,9599016907,"56 Beechwood Avenue"
8640,Velva,Ray,6659945486,"49 Elm Street"
8641,Donald,NULL,8382228329,"6 Broadview Avenue"
8642,Bobbie,Kanish,6439248939,"42 Cherrywood Lane"
8643,Timothy,Cobb,7834669125,"2 Locust Lane"
8644,Anita,Klein,8176153931,"15 Fairview Avenue"
8645,Alice,Allen,6298456165,"45 Pineview Road"
8646,Anna,Miranda,9653367108,"7 Cherry Hill Road"
8647,David,Craig,9310897391,"7 Ridgeview Drive"
8648,Elsie,Wade,8450354819,"69 Northview Terrace"
8649,Phillis,Hammonds,9508049965,"68 Brookside Avenue"
8650,Francisco,Cordova,9411372725,"57 Madison Court"
8651,Sandra,Klein,6301620860,"9 Fairmount Road"
8652,Augusta,Brenner,8785793304,"47 Elm Street"
8653,Darla,Ordonez,9036214824,"76 Longview Road"
8654,William,Walker,8682121112,"59 Parkview Terrace"
8655,Gerald,Goss,9902485455,"20 Glenwood Drive"
8656,Carolyn,Oquendo,6197285123,"41 Orchard Road"
8657,Sonja,Davis,7297755514,"66 Woodbine Street"
8658,Nina,Daughtry,6891403336,"33 Brookdale Avenue"
8659,Imogene,Baker,6476421042,"36 Lakeview Drive"
8660,Steven,Anderson,6591912566,"55 Northview Road"
8661,Lorraine,Swiger,7144579318,"16 Glenwood Avenue"
8662,James,Samuel,8457091815,"38 Eastlake Drive"
8663,Vance,Hudson,9620854304,"74 Valley View Road"
8664,Barbara,Brinson,7822525537,"33 Greenfield Terrace"
8665,Sarah,Maples,6082382791,"38 Cedar Street"
8666,Tessa,Wilcox,9564067867,"75 Maple Avenue"
8667,Michele,Scinto,7720963985,"16 Springdale Road"
8668,Jennifer,Corbin,7735430247,"41 Willow Lane"
8669,Sue,Kelly,9426585559,"2 Eastlake Drive"
8670,William,Lind,9124791663,"59 Ridgeview Drive"
8671,Bruce,Graves,7373500389,"4 Fairmount Road"
8672,Dennis,NULL,7699058910,"9 Cedar Street"
8673,George,Vela,8803454481,"67 Pineview Lane"
8674,Fred,Blevins,6225419230,"49 Eastlake Drive"
8675,Shawn,Labbe,9378165451,"66 Jefferson Street"
8676,Rita,Gold,9741952777,"49 Cedar Terrace"
8677,Marge,Dicken,8723352472,"10 Grant Street"
8678,David,Rodriguez,8737673508,"27 Pinehurst Drive"
8679,William,Summers,6177399500,"20 Oakdale Court"
8680,Juanita,Barrett,9460859571,"68 Riverside Drive West"
8681,Elizabeth,Davidson,8220644256,"60 Hillcrest Drive"
8682,Susann,Sears,8441968372,"75 Fairview Avenue"
8683,Karl,Sanchez,6328172045,"66 Locust Lane"
8684,Tara,Sauer,6905344979,"75 Maple Lane"
8685,Beth,Peavy,7333089774,"3 Valley View Road"
8686,Louise,Lowe,9168338675,"16 Riverside Drive"
8687,Kevin,Abernathy,7691694088,"61 Prospect Avenue"
8688,Kenneth,Petty,9718942078,"6 Maplewood Drive"
8689,Stanley,Morales,7230550644,"17 Grant Street"
8690,Jorge,Wilkie,9281970753,"23 Holly Avenue"
8691,Louis,Nicolas,8547673122,"62 Meadowbrook Road"
8692,Evangeline,Stewart,9643316768,"66 Maplewood Road"
8693,Oscar,Mcwhorter,8425325029,"42 Columbus Lane"
8694,Chris,NULL,8513339375,"25 Madison Court"
8695,Fabian,Porter,7239098172,"34 Locust Street"
8696,Beverly,Smith,7639470003,"71 Pineview Road"
8697,Jeffery,Dawson,8843148171,"1 Columbus Lane"
8698,Bianca,Piles,9601642437,"15 Broad Street"
8699,Gerald,Yager,6150839850,"45 Lexington Place"
8700,Jennifer,Jose,7245960186,"35 Forest Drive"
8701,Nicholas,Coley,7805706591,"44 Brookdale Avenue"
8702,Mellisa,Bengel,6191168408,"73 Jefferson Street"
8703,Sherman,Ragland,8801924538,"22 Fairway Drive"
8704,John,Jackson,9504423579,"76 Oakwood Lane"
8705,Mark,Bernd,6545851495,"8 Riverside Drive"
8706,Daniel,NULL,7762089632,"16 High Street"
8707,Rosemary,Moldenhauer,8555207316,"62 Vine Street"
8708,John,Graham,6088045750,"69 Parkview Avenue"
8709,Douglas,NULL,6553046957,"23 Sycamore Street"
8710,Ilene,Taylor,7357864461,"41 Willow Street"
8711,Sandra,Cadenas,9291348462,"66 Grant Street"
8712,Emory,Ollis,9237834561,"62 Eastlake Drive"
8713,Colleen,Avila,9753970230,"26 Oak Street"
8714,Michael,Burkle,9162294496,"52 Laurel Lane"
8715,Brian,Cowan,8778150223,"3 Pinehurst Road"
8716,Lora,Gamache,6835776228,"34 Grant Street"
8717,Ronald,Finnegan,8712684104,"63 Pineview Lane"
8718,Robert,Steward,7016859815,"2 Parkview Terrace"
8719,Stephen,Kaizer,6672636611,"41 Grove Street"
8720,Connie,Staats,9915280542,"12 Fairview Drive"
8721,Marvin,Conerly,7092911753,"31 Longview Avenue"
8722,Todd,Veltman,7103522642,"1 Longview Avenue"
8723,Clyde,Baker,8472532293,"41 Pine Street"
8724,Joe,Amaya,8920877170,"38 Hillside Avenue"
8725,Tabitha,Williams,6966077629,"12 Lincoln Avenue"
8726,Mark,Lokke,7890662630,"74 Briarwood Court"
8727,Renee,Harrell,9171852357,"78 Orchard Road"
8728,Anthony,Walter,7123352947,"66 Elm Street"
8729,Ryan,Mcnally,8933438366,"2 Riverside Drive"
8730,Alice,Crowley,7429702858,"77 Grant Avenue"
8731,Michael,Smith,6028307108,"26 Hickory Lane"
8732,Wayne,Hodges,9308916783,"9 Belmont Avenue"
8733,Janice,Smith,9908996767,"54 Pleasant Street"
8734,James,Doyle,8310609581,"42 Sunnyside Avenue"
8735,Joseph,Gray,9968703013,"58 Elmwood Terrace"
8736,Brandon,Walker,7007223132,"72 Yorktown Road"
8737,Destiny,Vallery,9188574151,"55 Pineview Drive"
8738,Glenn,Auxier,6846149723,"59 Applewood Drive"
8739,Matthew,Burns,7781799193,"33 Greystone Terrace"
8740,Filomena,Eady,6465473185,"45 Parkview Avenue"
8741,Kevin,Hunter,7635951384,"8 Ridgeview Drive"
8742,Rodney,Williams,8428005493,"13 Pinehurst Road"
8743,Kenneth,Nino,6970205994,"30 Vine Street"
8744,Linda,Hopkins,6029580871,"45 Holly Avenue"
8745,Roberto,Kniffen,8440757689,"69 Birchwood Lane"
8746,Rebecca,Acosta,9622302507,"4 Pineview Road"
8747,Harold,Alexandra,9959631348,"21 Oakdale Drive"
8748,Melissa,Wilson,9912739727,"14 Pleasant Street"
8749,Deanna,Thornhill,7597879411,"67 High Street"
8750,Esther,Carmona,7706519279,"25 Hillcrest Road"
8751,Noemi,Payne,6406729372,"1 Madison Court"
8752,Joann,Tate,6074508231,"21 Southview Lane"
8753,Oralia,Graves,8008821538,"78 Cherry Hill Road"
8754,James,Skelton,8422612650,"31 Madison Court"
8755,Gary,Lopez,6683916683,"34 Ridgewood Road"
8756,Regina,Gieger,7108628051,"6 Pineview Drive"
8757,Julia,Hillman,6169224283,"72 Meadow Lane"
8758,Kathleen,Rouse,7627330173,"53 Vineyard Drive"
8759,Victoria,NULL,7266568416,"54 Hillcrest Drive"
8760,Charles,Smith,8847453552,"9 Northview Terrace"
8761,Genevieve,Monaghan,7427155286,"38 Cherrywood Lane"
8762,Melissa,Green,8694663428,"19 Cedar Terrace"
8763,Thomas,NULL,8997240020,"30 Cherrywood Drive"
8764,Margaret,Hughes,9683661783,"50 Lincoln Avenue"
8765,Mary,White,6107595897,"21 Birchwood Lane"
8766,Cecil,Robertson,8273707911,"46 Ridgeview Drive"
8767,Daniel,Ryan,7931163618,"76 Fairview Drive"
8768,Dorothy,Kennedy,6570104504,"46 Elm Street"
8769,Carl,Bagnoli,7483862009,"68 Hudson Terrace"
8770,Laura,Bloom,8193219228,"39 Parkview Terrace"
8771,Dorothy,NULL,7868014199,"44 Pineview Drive"
8772,Barbara,King,8150263776,"74 Valley Road"
8773,Doris,Horton,9433818535,"28 Elm Street"
8774,Hugh,Aponte,6185376660,"34 Highland Place"
8775,Anthony,Rich,7328897225,"24 Oakdale Drive"
8776,Carmen,Brown,8110916367,"15 Beechwood Road"
8777,Janice,Daudelin,9861970568,"24 Magnoli"
8778,Andrea,Carrasco,8713613479,"40 Linden Lane"
8779,Byron,Tucker,6682381815,"44 Park Lane"
8780,Melvin,Smallidge,6776539506,"60 Northview Road"
8781,Eleanor,Plummer,7130402770,"74 Highland Road"
8782,Erin,Allan,6019529821,"45 Lincoln Circle"
8783,Roger,Wood,8392579730,"54 Elmwood Road"
8784,Jill,Boyd,9829083076,"9 Pine Street"
8785,Cynthia,Mills,6256356716,"13 Fairway Drive"
8786,Alexandra,Williams,7585026366,"33 Oakwood Drive"
8787,Jesse,Wisniewski,8190923466,"26 Cherry Hill Road"
8788,Roger,Mendoza,7504188847,"1 Highland Road"
8789,Camille,Jay,6870208900,"58 Meadow Lane"
8790,Justin,Lopez,6968522412,"75 Greenfield Avenue"
8791,Rose,NULL,9716122189,"5 Oak Street"
8792,Dexter,Townsend,7942733235,"7 Glenwood Avenue"
8793,Barbara,Davis,9298678235,"44 Mainview Avenue"
8794,Ronald,Hernandez,8900695816,"4 Rosedale Avenue"
8795,William,North,8375854938,"32 Lexington Place"
8796,Darryl,Stewart,7560122969,"34 Maple Lane"
8797,Jolene,Leaton,8750924893,"73 Hillcrest Drive"
8798,Diana,Mahoney,8158952954,"76 Elmwood Road"
8799,Stephen,Hamburg,9170496832,"33 Elmwood Terrace"
8800,Dan,Huff,7935304819,"33 Highland Place"
8801,Chester,NULL,8833941652,"20 Locust Street"
8802,Patricia,Beck,9997011121,"44 Parkview Road"
8803,Philip,Hoar,9146978473,"32 Lincoln Avenue"
8804,Charlotte,Fitzgerald,9396440817,"34 Lakeview Drive"
8805,Regina,Gates,8051925243,"77 Lincoln Avenue"
8806,Irene,Riggle,7821990895,"17 Linden Avenue"
8807,Nicholas,Buckmaster,8338380565,"58 Sunset Drive"
8808,Nolan,Richards,9821053552,"8 Oakdale Court"
8809,Robert,Diggs,8000920101,"50 Ridgewood Road"
8810,Kurt,Boyd,9175445358,"19 Cedar Road"
8811,Clara,Hale,8545511869,"58 Northview Terrace"
8812,Gwen,Gilpatrick,7559860057,"3 Cherry Hill Road"
8813,Lucille,Anderson,9913001865,"42 Pine Street"
8814,Kareem,Thibodeaux,8545732098,"13 Hillcrest Road"
8815,Brandy,Smith,9199935325,"13 Hillside Avenue"
8816,Glen,Stay,7205929886,"23 Riverside Drive"
8817,Jessica,Strawder,8580251761,"41 Grant Street"
8818,Rodney,Harshbarger,9154794326,"20 Beechwood Road"
8819,Donald,Hubbard,9653640655,"23 Oakwood Drive"
8820,James,Simpson,9859882991,"74 Brookdale Place"
8821,Art,Miller,7794136624,"35 Grant Avenue"
8822,Carlos,Keisler,9502852547,"9 Greystone Terrace"
8823,Craig,Clark,7038919123,"53 Oakwood Drive"
8824,April,Rivera,9247246754,"29 Rosedale Avenue"
8825,Lorna,Booker,6574595769,"65 High Street"
8826,Susan,NULL,6698019155,"53 Valley Road"
8827,James,Harris,6360478399,"39 Forest Avenue"
8828,Cynthia,NULL,7051340562,"15 Brookdale Avenue"
8829,Donald,Stonis,7683503426,"29 Longview Road"
8830,Melissa,Smith,9724322654,"13 Mainview Avenue"
8831,David,Holmes,9876951964,"1 Jefferson Street"
8832,Jeffrey,Witzke,7817023084,"10 Willow Street"
8833,Nancy,NULL,6002363878,"53 Newbury Way"
8834,Antione,Coker,8504752799,"24 Linden Lane"
8835,James,Valentin,8588360211,"60 Locust Lane"
8836,Marilyn,Bauer,6434302858,"11 Jefferson Avenue"
8837,Debra,Lauriano,8399274696,"24 Walnut Avenue"
8838,Micah,Taylor,7530900492,"31 Jefferson Lane"
8839,Minnie,Lucas,7893292209,"1 Sycamore Street"
8840,Scott,Lake,6331486837,"32 Maplewood Drive"
8841,Charlotte,Reels,7268642911,"68 Oakwood Lane"
8842,Phillis,NULL,6864799423,"60 Meadowbrook Road"
8843,Kelly,Lambe,9258197095,"2 Hickory Drive"
8844,Arlene,NULL,7172311625,"51 Fairview Drive"
8845,Lorena,Ward,6425383451,"23 Parkview Avenue"
8846,Sara,Siebert,8197071312,"34 Meadow Lane"
8847,Valerie,Ulsamer,6109836599,"71 Valley Road"
8848,Kim,Hightower,8047390561,"68 Pleasant Street"
8849,Robert,Jones,8332105379,"60 Prospect Avenue"
8850,Douglas,Pickett,7144398946,"53 Southview Lane"
8851,Carmela,Mitchell,6241054245,"70 Holly Lane"
8852,Francis,Thomas,9172109017,"43 Belmont Avenue"
8853,Richard,Snelling,7032300588,"6 Orchard Road"
8854,Richard,Dukes,9500105180,"52 Parkview Road"
8855,Joni,NULL,8435459362,"69 Valley View Road"
8856,Chris,Randall,6986368686,"8 Fairview Avenue"
8857,Tracy,Belz,8891302217,"40 Yorktown Road"
8858,Jennifer,Jones,7502037174,"74 Chestnut Avenue"
8859,Mary,Osborne,8977400858,"29 Jefferson Avenue"
8860,Robert,Dennis,9560961565,"79 Ridgewood Road"
8861,Shira,Peterson,8924751485,"72 Cedar Lane"
8862,William,Garcia,7928579914,"51 Cedar Road"
8863,Diane,Shone,7016655861,"14 Parkside Lane"
8864,Freddie,Wilson,7399130468,"14 Longview Road"
8865,Roy,Cherry,7927508556,"20 Holly Avenue"
8866,Nancy,Wheeler,8433725531,"71 Park Avenue"
8867,Janice,Belcher,6429485297,"77 Highland Road"
8868,Frances,Hernandez,7877250260,"72 Pine Street"
8869,James,NULL,8637556305,"47 Hillcrest Road"
8870,Carol,Pearce,7342285890,"36 Park Avenue"
8871,Linda,Ely,8212030025,"8 Chestnut Street"
8872,Elizabeth,Hill,7068521733,"28 Jefferson Lane"
8873,Calvin,NULL,9182526337,"11 Oak Street"
8874,Lorraine,Barrios,7318956416,"12 Hillcrest Drive"
8875,Michael,NULL,6333134916,"23 Southview Lane"
8876,John,Jordon,7780817189,"64 Beechwood Road"
8877,Jack,Mcmillen,9070966177,"6 Maple Lane"
8878,Ryan,Rea,6588549271,"17 Greystone Terrace"
8879,John,Garcia,8323941828,"52 Cedar Road"
8880,Chad,Finney,6377193190,"36 Jefferson Lane"
8881,Michael,Piper,9375297558,"23 Forest Avenue"
8882,Billy,Karp,9154222730,"65 Laurel Lane"
8883,Jason,Aldridge,7372752508,"65 Hillcrest Drive"
8884,Randolph,Richman,6288593702,"44 Yorktown Road"
8885,Donald,Lopez,8921900658,"39 Chestnut Avenue"
8886,Lonnie,Vieira,8469143079,"4 Oak Street"
8887,Jane,Haffner,7385497551,"54 Riverside Drive West"
8888,Daniel,Gray,6033562093,"7 Vine Street"
8889,Aaron,Sibley,7057453230,"5 Lakeview Drive"
8890,James,Dorsey,8593801384,"26 Holly Avenue"
8891,Shannon,Smith,8250965712,"16 Brookside Avenue"
8892,Sharon,NULL,8013714505,"22 Cherrywood Drive"
8893,Sean,Carter,8861420131,"31 Birchwood Lane"
8894,Tracey,NULL,6184082513,"16 Grove Street"
8895,Kandice,Wilson,6607962370,"3 Maplewood Road"
8896,Alicia,Mcginnis,6247592504,"4 Longview Avenue"
8897,Eric,NULL,7763497126,"68 Northview Terrace"
8898,Rita,Anderson,8875470702,"51 Cedar Street"
8899,Bertha,Ballard,6773486221,"71 Highland Place"
8900,Christine,Calaf,7023060809,"14 Grove Street"
8901,Gia,Brunson,6938012425,"71 Chestnut Street"
8902,Timothy,Heskett,8142824898,"22 Meadow Lane"
8903,Brian,Lolley,6674531526,"30 Elmwood Road"
8904,Michael,Kent,7043695855,"73 Cherrywood Drive"
8905,Anne,Torres,6797044727,"22 Pineview Lane"
8906,John,NULL,6867746046,"19 Hillcrest Road"
8907,Rachael,Leach,6047566478,"39 Lincoln Circle"
8908,Jacqueline,Repine,6567351140,"63 Park Avenue"
8909,Joseph,Flores,7540030762,"78 Hickory Lane"
8910,Elizabeth,Spencer,6258010179,"71 Sunnyside Road"
8911,Dale,Baker,9979181425,"35 Eastlake Drive"
8912,Karen,NULL,8247423039,"35 Magnolia Avenue"
8913,Delsie,NULL,8090941596,"44 Birchwood Lane"
8914,Philip,Costley,8769385577,"10 Beech Street"
8915,Charlotte,Piazza,6508095056,"49 Highland Drive"
8916,Sylvia,Coughlin,9098561532,"24 Cedar Road"
8917,Norbert,Renteria,6550863492,"2 Hillcrest Avenue"
8918,Barbara,Anderson,7574541750,"37 Hillcrest Road"
8919,Janice,Bailey,6090703275,"57 Oakdale Court"
8920,Katharine,Mason,7958121303,"50 Oakwood Lane"
8921,Mike,Mccain,6512713028,"18 Northview Road"
8922,Susanna,Fujimoto,6752972856,"12 Ridgewood Road"
8923,Laurie,Allen,6319341252,"67 Lake Shore Drive"
8924,Tanya,Savage,9742236087,"31 Elmwood Road"
8925,Stephanie,Thies,9141070537,"43 Vine Street"
8926,Billie,Tilley,9935224276,"60 Applewood Drive"
8927,Mary,Phillips,7280991681,"55 Cherrywood Lane"
8928,Janice,Green,9369487918,"25 Sycamore Street"
8929,Jennifer,Brammer,8171556096,"21 Fairview Avenue"
8930,Annie,Bell,7680857515,"34 Eastlake Drive"
8931,Lisa,Byrd,7545352609,"38 Columbus Lane"
8932,Jennifer,Lashley,8915413207,"51 Holly Avenue"
8933,John,NULL,6142599374,"79 Valley Road"
8934,Angelita,Ray,8560685083,"70 Garden Avenue"
8935,Thomas,Reader,8480279393,"54 Oak Hill Drive"
8936,Timothy,Sak,6085112652,"54 Pineview Lane"
8937,Shantay,Hawks,8929233691,"14 Holly Avenue"
8938,Charlotte,NULL,6282627994,"79 Linden Avenue"
8939,Betty,Moore,8121935330,"19 Elmwood Road"
8940,Richard,Hatton,9297371715,"55 Woodbine Street"
8941,Maria,NULL,6638653991,"21 Washington Avenue"
8942,Billy,Brady,8775008155,"22 Applewood Drive"
8943,Charles,Viele,6114428153,"67 Greenfield Avenue"
8944,Clifford,Beltz,8493336662,"18 Columbus Lane"
8945,Linda,Armitage,7659995754,"19 Parkside Lane"
8946,Hazel,NULL,9909707108,"26 Birch Lane"
8947,Donald,Hart,6724977188,"64 Beechwood Avenue"
8948,Otto,Burke,7390531487,"65 Walnut Street"
8949,Deborah,Birkey,9154290363,"72 Riverside Drive West"
8950,Kelley,Weaver,8183639681,"13 Belmont Avenue"
8951,Terry,Scott,6554999816,"77 Riverside Drive West"
8952,Edward,Turco,7921449322,"42 Glenwood Avenue"
8953,Pearl,Charles,9638864690,"11 Valley View Road"
8954,Nathaniel,Caughlin,9152195095,"4 Meadow Lane"
8955,Katherine,Rodrigues,9906367754,"63 Kingston Way"
8956,Mary,Gonzales,6103915834,"37 Elmwood Road"
8957,Sherry,Lee,6532426564,"33 Longview Road"
8958,Haley,Ahn,8353812404,"28 Mainview Avenue"
8959,Nathanael,Simmons,6829287241,"73 Woodbine Street"
8960,Roland,Boucher,7002338130,"19 Park Street"
8961,Kathy,Carlson,8019394526,"58 Garden Avenue"
8962,Ashlyn,Larkin,6050904323,"11 Highland Road"
8963,Glenn,NULL,9295717074,"16 Willow Lane"
8964,Natalie,Llewellyn,6271600439,"64 Parkview Avenue"
8965,Sarah,Vanstee,6009055461,"55 Lincoln Avenue"
8966,James,Mccurdy,8937952928,"20 Birch Lane"
8967,Timothy,Pereira,8960830355,"23 Oakwood Lane"
8968,Geraldine,Barnwell,7754374398,"32 Greystone Terrace"
8969,Joseph,Carballo,7049994985,"59 Park Street"
8970,Larry,Spillman,6504369893,"9 Elm Street"
8971,Julia,Fowler,7605840299,"53 Lake Shore Drive"
8972,Charles,NULL,8182761564,"6 Park Avenue"
8973,Lois,Johnstone,8069495093,"62 Cedar Street"
8974,Derrick,Hendrix,8569791829,"48 Locust Lane"
8975,Gene,NULL,6722556400,"68 Oakwood Drive"
8976,Elisabeth,Jackson,7125389395,"47 Lincoln Circle"
8977,Richard,Richey,8483364006,"42 Maple Avenue"
8978,Alexandra,Jones,7851001697,"38 Parkview Avenue"
8979,Joan,Thompson,7586607155,"54 Cedar Road"
8980,Tyrone,Bonifacio,8132593898,"35 Meadowbrook Road"
8981,Christopher,French,8546647017,"20 Pleasant Street"
8982,Nicholas,Brown,6655109405,"1 Riverside Drive"
8983,John,Moorer,8524473526,"33 Cherrywood Drive"
8984,Tiffany,NULL,9112886087,"37 Fairmount Road"
8985,Mary,Dakins,7242314327,"70 Vineyard Drive"
8986,John,Bradley,7223260033,"40 Cherry Hill Road"
8987,Erik,Roman,9642038744,"47 Ridgewood Road"
8988,John,Brown,8607640402,"3 Chestnut Street"
8989,Lamont,Shannon,8732214187,"70 Jefferson Avenue"
8990,Darla,Mcgowan,6750029228,"19 Hillcrest Avenue"
8991,Chris,NULL,9349408069,"11 Northview Terrace"
8992,Ida,Gagnon,7559432741,"78 Jefferson Street"
8993,David,Becker,7055559843,"33 Holly Lane"
8994,Jason,Little,7331506257,"45 Park Street"
8995,Lillian,Spain,6793860407,"12 Washington Avenue"
8996,James,Mccullough,9386751640,"53 Highland Drive"
8997,Charlene,Brown,6197664062,"42 Grant Avenue"
8998,Maura,Chagnon,8368860783,"17 Cedar Court"
8999,Jenny,Heer,9719403059,"75 Beechwood Avenue"
9000,Ina,Garza,7694971561,"16 Grant Street"
9001,Raymond,NULL,6455451549,"33 Oakdale Court"
9002,Carl,Vickers,8307991168,"63 Elmwood Road"
9003,Leon,Brink,8227439969,"49 Longview Road"
9004,Billy,Dimartino,6846715179,"46 Glenwood Drive"
9005,William,Virkler,6117355953,"73 Willow Lane"
9006,Robert,Martin,9949557740,"63 Highland Drive"
9007,Kathleen,Hoose,8890252832,"25 Birchwood Lane"
9008,Matthew,Zarate,9497966985,"43 Meadow Lane"
9009,Thomas,Larson,6041658720,"22 Linden Lane"
9010,Cheryl,Mccracken,6554951327,"15 Lincoln Avenue"
9011,Gretchen,Shultz,8804882151,"37 Ridgewood Road"
9012,Charles,Leider,8190551004,"11 Hudson Terrace"
9013,Devin,Mabery,7159395449,"61 Pineview Road"
9014,Sandy,Logan,7201573827,"45 Maplewood Drive"
9015,John,Crocker,9584452017,"12 Garden Avenue"
9016,Lionel,Rabren,8368493491,"67 Valley View Road"
9017,Anne,Fisher,9146318530,"32 Sunnyside Avenue"
9018,Peter,Janson,7007043482,"34 Greenfield Avenue"
9019,Richard,Velez,7542754946,"52 Beechwood Road"
9020,Elizabeth,Kight,8764062358,"70 Glenwood Avenue"
9021,Susan,NULL,9753001370,"68 Pineview Drive"
9022,Lois,Morvillo,7350339088,"2 Hillside Avenue"
9023,Rick,NULL,8495637641,"28 Cedar Terrace"
9024,Julie,Jones,7043572566,"15 Magnolia Avenue"
9025,Derrick,Sorrell,8118676761,"47 High Street"
9026,Jimmy,Evans,7449108547,"17 Prospect Avenue"
9027,Mary,Simmons,9669550741,"25 Jefferson Avenue"
9028,William,Patry,6518230516,"2 Fairway Drive"
9029,Bill,Marlow,6109194516,"20 Mainview Avenue"
9030,Harry,NULL,8942193583,"15 Prospect Avenue"
9031,Chandra,Larue,6684223360,"60 Cedar Road"
9032,Robert,Rosenberg,8315662296,"6 Rosedale Avenue"
9033,Victor,Shoemaker,7956313084,"8 Brookdale Avenue"
9034,Frank,Pate,7524666587,"3 Jefferson Lane"
9035,Jane,NULL,9489519377,"20 Fairmount Road"
9036,Donnie,Beyer,9957640333,"56 Parkview Road"
9037,Adalberto,Foster,9026465199,"73 Lincoln Avenue"
9038,Evelyn,Parsons,8458706723,"70 Riverside Drive"
9039,Jami,Barner,8108859632,"47 Locust Street"
9040,Ying,Hill,9030291584,"17 Hudson Terrace"
9041,Joel,Hanley,8108394229,"75 Riverside Drive West"
9042,Alice,Wender,9896567220,"61 Sycamore Street"
9043,Patricia,Accardo,9419117585,"41 Oakdale Drive"
9044,Bonnie,Kline,6761835589,"11 Maplewood Road"
9045,Kimberly,Hopkins,7988297414,"23 Cedar Street"
9046,Kevin,Austin,7178350974,"5 Oak Hill Drive"
9047,Juana,Gill,8175481655,"33 Jefferson Avenue"
9048,Orlando,Burris,9349764918,"76 Willow Street"
9049,James,Rachal,8470397283,"39 Madison Avenue"
9050,Vincent,Weber,7874181592,"74 Hillcrest Avenue"
9051,Kristen,Bowler,7807357956,"5 Linden Lane"
9052,Michelle,NULL,8472689491,"20 Glenwood Avenue"
9053,Dena,Layman,7038569918,"49 Hillcrest Drive"
9054,Lupe,Pinales,9930866158,"25 Fairmount Road"
9055,David,Robertson,6549662696,"44 Ashland Avenue"
9056,Charles,Thomas,8121545040,"41 Meadowbrook Road"
9057,Brent,Reyna,7967644517,"44 Columbus Lane"
9058,Paula,Riley,6827668223,"68 Maple Avenue"
9059,Nanette,Hillebrandt,6258453516,"76 Yorktown Road"
9060,Shirley,Wright,9863640483,"19 Fairmount Road"
9061,Louise,NULL,8521272401,"54 Valley View Road"
9062,Jimmy,Bishop,9660094481,"76 Brookside Avenue"
9063,Troy,Olden,6733499592,"46 Fairway Drive"
9064,William,Rogers,7968892118,"41 Beechwood Avenue"
9065,Amelia,Wester,9821975972,"17 Fairmount Road"
9066,Douglas,Miller,8551451056,"19 Meadowbrook Road"
9067,Norma,Wilcher,7845866442,"74 Pinehurst Drive"
9068,Judith,Morissette,8741060457,"3 Highland Drive"
9069,Diane,NULL,6463518956,"22 Brookside Avenue"
9070,Harold,Suarez,9393361496,"55 Oakdale Drive"
9071,Eva,Schmitz,7741745544,"58 Parkview Avenue"
9072,Mae,Henriquez,9381555914,"78 Northview Terrace"
9073,Norman,NULL,6548032206,"39 Glenwood Avenue"
9074,Jennifer,Cutts,8348353728,"27 Elmwood Road"
9075,Kenneth,Sinotte,8870393230,"11 Eastwood Drive"
9076,Kathryn,Henry,8051934805,"33 Elm Street"
9077,Diane,Salmon,9637274269,"30 Parkside Lane"
9078,Eddie,NULL,7032323288,"61 Riverside Drive"
9079,Misty,Kleman,7885758429,"74 Grant Street"
9080,Robert,Conner,8439059628,"59 Maplewood Drive"
9081,Michael,NULL,9702559248,"25 Madison Avenue"
9082,Kayla,Sharkey,9040250522,"32 Brookdale Place"
9083,Kelli,Reyes,8716570074,"71 Pinehurst Drive"
9084,Flora,Bailey,6161168114,"34 Maple Avenue"
9085,David,Chavez,9518045217,"33 Cedar Terrace"
9086,Angela,Price,8489150849,"11 Hillcrest Road"
9087,Velma,Williams,6375534871,"58 High Street"
9088,Sara,Swinton,8963219376,"5 Springdale Road"
9089,Theressa,Charles,6214836471,"29 Cherrywood Lane"
9090,Charlotte,Hallmark,7856708148,"40 Riverside Drive West"
9091,Michael,Wilson,8587080584,"19 Maple Avenue"
9092,Raymond,Schuster,9082559208,"15 Brookdale Place"
9093,Fred,Ricci,9761374013,"17 Woodbine Street"
9094,Michael,Griffin,7995369033,"52 Walnut Avenue"
9095,Tammy,Symons,7563401535,"50 Lincoln Circle"
9096,Joanie,NULL,7507349462,"14 Sunnyside Road"
9097,Robert,Morales,9159755973,"46 Pine Street"
9098,Patricia,Fitting,8380289954,"60 Sunnyside Road"
9099,Kimberly,Phaneuf,9937033553,"68 Pinehurst Drive"
9100,Russell,Coleman,9798121315,"6 Eastwood Drive"
9101,Billy,Giddens,6887377792,"53 Parkview Avenue"
9102,Steven,Mcjunkin,9983012812,"35 Washington Avenue"
9103,Rose,Church,9627159645,"22 Oak Street"
9104,Denise,NULL,7364384094,"60 Maple Avenue"
9105,Carmelo,Tran,7080466068,"35 Longview Road"
9106,Hubert,NULL,9221863696,"19 Northview Road"
9107,Terry,Cross,6665691789,"34 Sycamore Street"
9108,Catherine,Young,8128144020,"78 Ashland Avenue"
9109,Mary,Lukach,7682833811,"62 Linden Avenue"
9110,Ron,Veras,9353084169,"6 Sunnyside Avenue"
9111,Matthew,Salerno,9079872368,"75 Grove Street"
9112,Hilario,Caldwell,9361792329,"59 Elmwood Road"
9113,William,Bowie,9355390715,"71 Grant Street"
9114,Ray,Montoya,7592482179,"32 Eastlake Drive"
9115,Paul,Barrier,6850808561,"48 Linden Avenue"
9116,Judith,Gray,8890274213,"48 Sunnyside Avenue"
9117,Dorothy,NULL,9039509255,"66 Hillcrest Road"
9118,James,Teague,7497734212,"59 Ridgewood Road"
9119,Aubrey,Piccard,8692490695,"49 Cherry Hill Road"
9120,Bernard,Sanders,7963527910,"10 Pinehurst Road"
9121,Lance,Reyes,9187133760,"45 Grove Street"
9122,Kristie,Firestone,8912522326,"59 Lakeview Drive"
9123,Arlene,Rodriquez,9098537538,"8 Hillcrest Drive"
9124,Robert,Hearn,6209725447,"16 Jefferson Street"
9125,Kecia,Stenn,9321786041,"10 Glenwood Avenue"
9126,Jennifer,Smith,8391454922,"74 Vineyard Drive"
9127,Chad,Lane,9954461341,"63 Madison Avenue"
9128,Nicole,NULL,7318093819,"14 Maplewood Drive"
9129,Charles,Velovic,9472857450,"25 Beechwood Avenue"
9130,Juanita,Villarreal,7058899686,"63 Springdale Road"
9131,Paul,Carney,6563141188,"4 Cedar Road"
9132,Josphine,Ross,7561866280,"78 Mainview Avenue"
9133,Jason,Roden,6842169032,"21 Birch Lane"
9134,Chris,NULL,8489017726,"32 Hillcrest Road"
9135,Edward,Montoya,7796996542,"30 Ridgewood Road"
9136,Kristie,Tobin,7599385371,"27 Beechwood Avenue"
9137,Charlotte,Chueng,9459962911,"48 Birch Lane"
9138,Malcolm,Mueller,6058617801,"13 Meadowbrook Road"
9139,Sam,Tucker,6831081764,"12 Parkview Terrace"
9140,Marie,Clark,8699104798,"56 Hillcrest Avenue"
9141,Christie,Zellers,8723006659,"10 Riverside Drive"
9142,Wilbur,Chenault,8113451585,"66 Grove Street"
9143,Jay,Mahoney,9534371032,"62 Broadview Avenue"
9144,Roger,Edwards,8400227888,"13 Briarwood Court"
9145,Laura,Butcher,7548260198,"78 Birchwood Lane"
9146,Rose,NULL,6197751310,"57 Greenfield Terrace"
9147,Jeffery,Nilson,7792035889,"75 Jefferson Lane"
9148,Tracy,Johnson,6843114056,"25 Cherry Hill Road"
9149,Andrea,Brown,6568501059,"54 Walnut Street"
9150,Seth,Schramm,8186988106,"72 Willow Lane"
9151,Suzanne,Dennison,6638842037,"43 Oakwood Lane"
9152,Cynthia,Whiting,7646176630,"28 Lincoln Circle"
9153,Maurice,Sells,7817060048,"33 Greenfield Avenue"
9154,Angela,Barber,9046075969,"48 Longview Road"
9155,Emma,Garcia,7481056743,"64 Cedar Road"
9156,Sheila,Kennedy,9186341618,"35 Locust Lane"
9157,John,Simpson,9768774889,"17 Orchard Road"
9158,Vanessa,Travis,8098566880,"72 Garden Avenue"
9159,Jason,NULL,7703921207,"17 Cedar Road"
9160,Thomas,Mcgray,9368337580,"41 Vine Street"
9161,Jill,Montemurro,7628865695,"37 Jefferson Lane"
9162,Eric,Graham,9408853774,"15 Sunnyside Road"
9163,Lynn,Anderson,7822067809,"72 Sunnyside Road"
9164,David,Poole,8183349479,"50 Park Avenue"
9165,David,Ortega,6710610134,"36 Hillcrest Road"
9166,Dianne,Pinc,9645601226,"44 Eastlake Drive"
9167,Susan,Wilkinson,6724682011,"78 Riverside Drive"
9168,Clara,Jarvis,8217176582,"48 Eastlake Drive"
9169,Lavinia,Campbell,9819627149,"23 Grant Street"
9170,Susan,Perrin,9786479956,"32 Linden Lane"
9171,Danny,Costanza,8376897234,"72 Glenwood Avenue"
9172,Ethan,Fell,6808271171,"54 Lexington Place"
9173,Jody,Gallaway,9435877584,"30 Eastwood Drive"
9174,Tonya,Shappell,6503105415,"78 Rosedale Avenue"
9175,Patricia,Santistevan,6513396325,"27 Forest Drive"
9176,Susanne,Teodoro,8749729618,"73 Greenfield Terrace"
9177,Carol,Godwin,6623589559,"51 High Street"
9178,Kerry,Franks,8350749355,"68 Longview Avenue"
9179,Kristie,Kostiuk,8483109549,"77 Longview Avenue"
9180,Sonia,Rosamond,7280483011,"21 Brookdale Place"
9181,Fidel,Dorsette,7802917683,"10 Oakdale Drive"
9182,Walter,Hill,7549103154,"48 Mainview Avenue"
9183,Steven,Robinson,6068171524,"17 Longview Avenue"
9184,Vivian,Taylor,8761939034,"29 Oakwood Lane"
9185,Earl,Pruitt,7188176472,"58 Park Avenue"
9186,Donald,Carrara,6075359841,"22 Sunset Drive"
9187,Charles,Roberts,6371346781,"39 Jefferson Avenue"
9188,Lisa,Samons,7853312675,"42 Woodbine Street"
9189,Manuel,Griffo,8410027649,"39 Beechwood Road"
9190,Kevin,Bustos,6926999161,"18 Northview Terrace"
9191,Janis,May,7802907159,"37 Eastwood Drive"
9192,Faith,West,6684046541,"24 Meadowbrook Road"
9193,Amparo,Izquierdo,8488645119,"3 Pine Street"
9194,Randall,Edwards,9275689451,"66 Lakeview Drive"
9195,Paul,Carlson,9075585795,"15 Cedar Court"
9196,Melba,Goforth,9315580599,"79 Pinehurst Road"
9197,John,Vesely,6335077771,"79 Southview Lane"
9198,Andrew,Pinkston,8362306490,"38 Sunnyside Road"
9199,Catherine,Chavez,6248028008,"27 Pleasant Street"
9200,Debby,Grundy,6561213607,"32 Birchwood Lane"
9201,Eduardo,Bell,7411489277,"29 Oakdale Drive"
9202,Gregory,Deane,7649014682,"51 Fairmount Road"
9203,John,Underwood,6406510455,"39 Eastlake Drive"
9204,Denise,Mills,7975594978,"29 Forest Drive"
9205,Cynthia,Kellogg,8672230441,"26 Hudson Terrace"
9206,Yolanda,Wolfe,8062755111,"40 Applewood Drive"
9207,Barbara,NULL,6460322717,"37 Willow Street"
9208,Melvin,Goldblatt,7951523530,"66 Washington Avenue"
9209,Ted,Parker,8049394755,"18 Hudson Terrace"
9210,Kurtis,Homan,6131526359,"69 Lincoln Circle"
9211,Diane,Bard,9109767875,"58 Applewood Drive"
9212,Daniel,Parker,9727028180,"66 Walnut Avenue"
9213,James,Mode,7141997280,"56 Valley Road"
9214,Renee,Flowers,8837041967,"50 Oakwood Drive"
9215,Marlene,Berry,7538672975,"65 Longview Avenue"
9216,William,Wilson,8986648087,"65 Hillcrest Road"
9217,Jose,Joplin,8340831150,"59 Pleasant Street"
9218,Josh,Young,9714204561,"79 Holly Lane"
9219,Rosemary,NULL,9295563757,"63 Ashland Avenue"
9220,Wynona,Kirkland,8030358766,"40 Forest Drive"
9221,Eric,Figley,7892599212,"14 Cherrywood Drive"
9222,Loretta,Baughman,8504175945,"32 Ridgewood Road"
9223,Michael,Norris,8122680382,"6 Maplewood Road"
9224,Johnny,Marion,6659568556,"18 Jefferson Lane"
9225,Helen,Pena,8510817269,"54 Birchwood Lane"
9226,Robert,Johnson,6569527744,"55 Vineyard Drive"
9227,Mildred,Johnson,8990189053,"69 Sunset Drive"
9228,Walter,Hoffman,9431729398,"34 Newbury Way"
9229,Ruth,NULL,6559593342,"38 Orchard Road"
9230,Tiffany,Hester,8595709117,"36 Parkview Terrace"
9231,Cynthia,Degasparre,9207820373,"41 Linden Lane"
9232,Wendy,Mula,6393986784,"75 Sunnyside Road"
9233,Sally,Fox,9606400186,"40 Chestnut Avenue"
9234,John,Stock,6531545429,"50 Elmwood Place"
9235,Raymond,Bryant,9843324439,"25 Meadow Lane"
9236,Patricia,Neverson,7109052451,"19 Maplewood Road"
9237,Minnie,Kingsley,6423228579,"47 Brookdale Avenue"
9238,Ellen,Nelson,7651187652,"26 Prospect Avenue"
9239,Gertrude,Cook,8327844718,"18 Linden Lane"
9240,Mike,Zaldivar,9332703828,"64 Magnolia Avenue"
9241,Tracy,Yu,6750967213,"11 Cherrywood Lane"
9242,Maria,Gelston,7945039191,"23 Highland Road"
9243,Robert,Rapa,6058848648,"69 Cedar Terrace"
9244,Max,Tith,9963770939,"52 Pinehurst Drive"
9245,Bruce,Burchfield,9561403529,"36 Brookside Avenue"
9246,Felicia,NULL,7036778008,"32 Brookdale Avenue"
9247,Marcia,Hicks,9153526656,"46 Pinehurst Road"
9248,Yolanda,Nelson,8242375131,"63 Cedar Street"
9249,Mary,Lundin,9019294688,"31 Oakwood Lane"
9250,Virgil,Hilton,9274900094,"12 Orchard Road"
9251,Kristin,Lammers,8927109229,"44 Highland Road"
9252,Juana,Alton,6720268153,"24 Riverside Drive"
9253,Emile,Nelson,9705459354,"11 Linden Lane"
9254,Sara,Graham,9434269469,"14 Briarwood Court"
9255,Doris,Kyung,8335179944,"56 Laurel Lane"
9256,Mary,Snyder,7837930488,"23 Meadow Lane"
9257,Henry,Ormsby,9889051662,"78 Parkview Avenue"
9258,Rita,Resto,6626207179,"26 Cedar Court"
9259,Brian,Mcpeak,9926772283,"54 Broad Street"
9260,David,Hamilton,7804228941,"9 Cedar Court"
9261,Alex,NULL,7565409695,"21 Jefferson Street"
9262,Patty,Starling,7534765662,"34 Fairway Drive"
9263,Nathaniel,NULL,8773793908,"21 Briarwood Court"
9264,Gregory,Garcia,7693528155,"29 Kingston Way"
9265,Curtis,Soukup,6624250862,"23 Cherrywood Drive"
9266,Ralph,Hartmann,6685169097,"77 Hillcrest Drive"
9267,Tess,Dunlap,9772024697,"27 Parkside Lane"
9268,Kathryn,Coy,6217685420,"1 Walnut Street"
9269,Thomas,Lemme,8618440754,"71 Brookdale Place"
9270,Curtis,Ellis,7795804329,"36 Applewood Drive"
9271,Cheryl,Holden,7406662058,"32 Fairmount Road"
9272,Alberta,Gonsalez,7941497718,"44 Oak Street"
9273,Nicholas,NULL,8634921154,"65 Meadowbrook Road"
9274,Gloria,NULL,8130533646,"68 Northview Road"
9275,Michael,Cruz,8878055892,"31 Garden Avenue"
9276,Dorothy,Caldwell,6965678148,"47 Magnolia Avenue"
9277,Louis,NULL,7918995439,"70 Hillside Avenue"
9278,John,Ward,6094105707,"54 Grove Street"
9279,Tamara,NULL,9888229607,"7 Pineview Road"
9280,James,Smith,7518776653,"31 Lincoln Circle"
9281,James,Lesher,7076895406,"29 Elmwood Road"
9282,Edward,Scott,8386226339,"4 Prospect Avenue"
9283,Brandon,Wilder,9119378275,"25 Chestnut Avenue"
9284,Robert,Faust,6613711706,"76 Cedar Lane"
9285,Catherine,Vietti,6855325591,"32 Grant Street"
9286,Claudia,Daughrity,8784794417,"33 Cedar Lane"
9287,Andrew,Davis,9824036290,"76 Sunnyside Road"
9288,Harold,Webb,8492685701,"12 Forest Avenue"
9289,Leona,Smith,7812125463,"67 Hillcrest Drive"
9290,John,George,7737052008,"71 Sycamore Street"
9291,Lucille,NULL,7752478008,"66 Newbury Way"
9292,Andrew,Casper,6432499565,"46 Grant Avenue"
9293,James,Ramirez,7076473893,"54 Elmwood Terrace"
9294,Marcia,Raines,6929617716,"78 High Street"
9295,Elizabeth,Patterson,6267716662,"58 Oak Hill Drive"
9296,Anna,Palacio,8969863942,"1 Northview Road"
9297,Joseph,NULL,9891967818,"22 Sunnyside Road"
9298,Domingo,Hirko,6964648637,"24 Parkview Terrace"
9299,Stephanie,Williamson,6951747623,"38 Oakwood Lane"
9300,James,Leonard,7485010938,"21 Prospect Avenue"
9301,Nicole,Vanmatre,8246440216,"7 Magnolia Avenue"
9302,Gregory,Ortega,8320108036,"4 Sycamore Street"
9303,Evelyn,Sandoval,7975137676,"5 Pineview Lane"
9304,Henry,Sandoz,9583282595,"79 Willow Street"
9305,Marie,Black,7339864678,"64 Chestnut Street"
9306,Sean,Varela,8787680697,"51 Grant Street"
9307,Duane,Christy,8858800059,"34 Northview Terrace"
9308,Olga,Atkins,6788596247,"31 Cherrywood Lane"
9309,Shanta,Flores,7238308737,"40 Hickory Drive"
9310,Cruz,Brazee,7817921086,"38 Jefferson Street"
9311,Guy,Larios,9724617506,"18 Locust Lane"
9312,Jennifer,Jackson,9217600353,"26 Yorktown Road"
9313,Thomas,Chaney,9757772158,"44 Holly Lane"
9314,Juanita,Dewey,9498748206,"28 Oak Street"
9315,Jose,Longoria,7370003479,"58 Brookdale Place"
9316,Yvonne,Woods,8132841940,"64 Magnoli"
9317,Ruth,Lawrence,8339060729,"37 Jefferson Street"
9318,Aileen,Meeter,6103724133,"65 Magnoli"
9319,Virginia,Ausmus,8950592514,"32 Hickory Lane"
9320,Tiffany,Michalek,7278427854,"50 Magnoli"
9321,Eula,Sesco,7185930437,"48 Cherrywood Lane"
9322,Lisbeth,Frierson,7120773164,"49 Belmont Avenue"
9323,Joel,Simpson,6238404833,"64 Eastlake Drive"
9324,Suzanne,Davis,8009997533,"52 Greystone Terrace"
9325,William,Dillion,7939068092,"60 Walnut Avenue"
9326,Illa,Miller,8945703888,"47 Mainview Avenue"
9327,Stephanie,Neel,7781207982,"59 Pineview Road"
9328,Kevin,Williams,7183699705,"66 Broadview Avenue"
9329,Pamela,Pierrot,8569073293,"59 Riverside Drive West"
9330,Stephen,Harris,6167805337,"56 Greystone Terrace"
9331,Ruth,Heroman,9397408719,"40 Highland Place"
9332,Azucena,Martinez,8638903678,"30 Pinehurst Road"
9333,Latosha,Grayson,7644690630,"28 Northview Road"
9334,Tracey,NULL,6959595171,"67 Jefferson Avenue"
9335,Paul,Salinas,7104680003,"50 Applewood Drive"
9336,Peter,Warren,9530519523,"23 Lake Shore Drive"
9337,Vanessa,White,8243205122,"35 Vineyard Drive"
9338,Raymond,Godfrey,9459089783,"23 Madison Court"
9339,Shirley,Cohen,8365638413,"38 Greenfield Terrace"
9340,Jessica,Martino,9823679149,"43 Greystone Terrace"
9341,Kim,Davis,9230734697,"44 Holly Avenue"
9342,Jeffrey,Roberts,8058752440,"8 Madison Court"
9343,Robin,Clark,8050062638,"26 Cedar Lane"
9344,Sharon,Thorpe,8938945161,"13 Park Avenue"
9345,Lana,Pena,9459168340,"42 Lincoln Circle"
9346,Haley,Garcia,9909906788,"60 Jefferson Lane"
9347,Ernest,Scott,8332901136,"32 Maplewood Road"
9348,Patrick,Robinson,9650108592,"16 Pinehurst Drive"
9349,Mike,Nielsen,8518697614,"43 Birchwood Lane"
9350,Marilyn,Hart,9601831292,"6 Lakeview Drive"
9351,Loyd,Bliler,8701135350,"47 Highland Road"
9352,Stephen,Wahlberg,6948613988,"44 Valley View Road"
9353,Kenny,Washington,9628059119,"1 Park Lane"
9354,Adela,Taylor,7416188841,"58 Briarwood Court"
9355,Joseph,Oneill,6419009847,"43 Parkside Lane"
9356,Lester,Bloomfield,8053367246,"16 Sunset Drive"
9357,Jackie,Schmidt,9866598891,"26 Cherrywood Lane"
9358,Donna,Merrett,7691208503,"18 Park Lane"
9359,Dale,Measheaw,9293582894,"35 Willow Street"
9360,Mary,Earley,9594276435,"9 Sunnyside Road"
9361,Alexander,Lopez,9453140420,"35 Fairview Drive"
9362,Annie,Miller,6501166490,"52 Hillcrest Drive"
9363,Paula,Noble,9052236141,"19 Locust Lane"
9364,Peggy,Hefner,6862642439,"73 Grant Avenue"
9365,Phyllis,Caldera,7369814914,"4 Jefferson Avenue"
9366,Felipe,Cannady,8850086667,"46 Highland Road"
9367,Stanley,Padgett,7165176301,"19 Parkview Avenue"
9368,Elise,Streeter,6673068712,"74 Meadowbrook Road"
9369,Santiago,Ownby,8539272570,"36 Hickory Lane"
9370,Priscilla,Shirley,9969415280,"26 Fairview Drive"
9371,Veronica,Brock,8725324964,"51 Lexington Place"
9372,Robert,Sanders,6471487988,"28 Longview Avenue"
9373,Blanche,Milo,8786490572,"31 Parkview Road"
9374,Lindsey,Judd,7657933691,"62 Magnolia Avenue"
9375,James,Wilkison,6193918452,"64 Sunnyside Road"
9376,Nancy,Valdes,9733908595,"27 Fairview Avenue"
9377,Ruth,Freeman,7434387363,"47 Hillside Avenue"
9378,Garret,Urankar,8304596608,"23 Chestnut Street"
9379,Henry,Bowen,9394397898,"66 Maple Avenue"
9380,Daniel,Turner,6899120599,"75 Cedar Terrace"
9381,Pat,Brassil,6278673369,"57 Parkview Road"
9382,Shari,Sparks,9401549860,"19 Lake Shore Drive"
9383,Edna,Peterson,9602596801,"40 Greystone Terrace"
9384,Maia,Hampton,8474406917,"21 Northview Road"
9385,Jared,Hall,9367153428,"74 Parkview Terrace"
9386,Pamela,Carver,6393673521,"70 Park Lane"
9387,Nelson,Riddick,8792389436,"52 Maplewood Road"
9388,Barbara,Cardinale,9620938931,"22 Ashland Avenue"
9389,Charles,Cook,7915489039,"31 Jefferson Avenue"
9390,Loraine,Corcoran,7138592479,"75 Holly Lane"
9391,Julie,Muldoon,7863665620,"47 Garden Avenue"
9392,Theresa,Wiseman,6988408773,"38 Birch Lane"
9393,Kenneth,Mackay,6534779851,"2 Longview Road"
9394,Nicolas,Burroughs,8836417704,"78 Linden Avenue"
9395,Claudette,Aranda,8125325039,"56 Ashland Avenue"
9396,Kenneth,Tidwell,6468212140,"47 Hickory Drive"
9397,Betty,Andrews,7718851965,"4 Walnut Street"
9398,Oscar,Lavigne,6989531678,"60 Valley View Road"
9399,Michelle,Brown,8057724511,"4 Park Street"
9400,William,Becker,7430006041,"25 Pineview Drive"
9401,Lori,Woods,9154344667,"45 Fairview Avenue"
9402,Pedro,Hodges,6289231313,"72 Grove Street"
9403,Stephanie,Clark,8037226840,"62 Meadow Lane"
9404,Cecile,Barnes,7077960246,"79 Madison Avenue"
9405,Theresa,Miller,7518367583,"49 Jefferson Street"
9406,Chris,Burns,9870424424,"60 Linden Avenue"
9407,Jermaine,Swift,8150674142,"60 Springdale Road"
9408,Cristina,Cruz,8366377079,"4 Cedar Court"
9409,Larry,Dam,9302953716,"23 Pineview Road"
9410,Christina,Green,6638294104,"6 Kingston Way"
9411,Bruce,Boulds,6544878942,"15 Mainview Avenue"
9412,Jerome,Baumgarter,6589501252,"55 Newbury Way"
9413,Arturo,Meyers,9680395501,"40 Orchard Road"
9414,Madeline,Esterbrook,8637296373,"27 Prospect Avenue"
9415,Francis,Diaz,8012814768,"70 Maplewood Drive"
9416,Timothy,Laplant,9252974600,"18 Forest Drive"
9417,Dawn,Easton,7635034869,"55 Jefferson Street"
9418,Natalie,Minyard,8277495759,"49 Valley View Road"
9419,Amy,Fekete,7641977176,"35 Valley View Road"
9420,Earl,Thomas,6734150520,"53 Jefferson Street"
9421,Justin,English,6530548375,"39 Grove Street"
9422,James,Holman,7965798816,"56 Park Avenue"
9423,Carlos,Philpot,7960407898,"34 Cedar Road"
9424,Susan,York,9902452585,"33 Glenwood Avenue"
9425,Doris,Russom,7011085322,"14 Elmwood Terrace"
9426,James,Parker,8635005347,"44 Hickory Drive"
9427,Jon,Griffith,9533689436,"4 Willow Lane"
9428,Jacqueline,Skora,9895940869,"18 Elmwood Road"
9429,Benjamin,Young,9238858405,"60 Pleasant Street"
9430,Angela,Johnston,9947743679,"34 Maplewood Drive"
9431,Darlene,NULL,6121298707,"26 Meadowbrook Road"
9432,June,Jennings,7683711302,"50 Pinehurst Drive"
9433,David,Brunson,9424536611,"75 Garden Avenue"
9434,Heidi,Hall,6857549081,"48 Holly Lane"
9435,Stella,Shine,8358519484,"35 Mainview Avenue"
9436,Mary,Gutierrez,9427378485,"2 Vine Street"
9437,Janet,Cortez,7382167920,"57 Pleasant Street"
9438,Wilson,Epson,7329879271,"8 Garden Avenue"
9439,Anthony,Echols,7257737429,"52 Park Lane"
9440,Robert,Thompson,8486939133,"46 Oak Hill Drive"
9441,Cynthia,Ross,8438995509,"48 Maplewood Road"
9442,Taylor,Mazur,7750888450,"56 High Street"
9443,Charles,Thornton,6324698498,"20 Rosedale Avenue"
9444,Gilbert,Clarke,8210053443,"79 Sunnyside Road"
9445,Tammie,NULL,6495642465,"23 Oakdale Court"
9446,Brett,Farrell,7640050247,"54 Chestnut Street"
9447,Jeffrey,Berg,9037607862,"21 High Street"
9448,Catherine,Liedke,7663855299,"58 Locust Street"
9449,Kari,Melendez,7641005309,"71 Northview Terrace"
9450,Jaclyn,Johnson,8873197229,"15 Ridgeview Drive"
9451,Ashley,Pannell,6174628565,"50 Meadow Lane"
9452,Richard,Grappe,8825841596,"48 Riverside Drive West"
9453,Anthony,Kemp,7378137888,"73 Cherrywood Lane"
9454,Elenor,Lamm,9910749108,"72 Ridgeview Drive"
9455,Kelsey,Dresser,8862034585,"10 Locust Lane"
9456,Michael,Obrian,8854450986,"36 Ashland Avenue"
9457,Michaela,Cox,8530200348,"30 Fairway Drive"
9458,Janet,Cogdill,9104941964,"9 Grove Street"
9459,Shaun,Vargas,7444964934,"12 Greystone Terrace"
9460,Preston,Holliman,6109047785,"23 Brookdale Place"
9461,Demetrius,Saldivar,6535833290,"77 Lincoln Circle"
9462,Stephanie,Marcoux,7534911926,"64 Willow Lane"
9463,John,Smith,7558965046,"59 Eastlake Drive"
9464,Oliver,Anderson,8649220068,"76 Northview Road"
9465,Lavonna,Parks,7456992379,"27 Oakwood Drive"
9466,Joel,Nixon,8872589876,"51 Madison Avenue"
9467,William,Hepner,6285951707,"37 Southview Lane"
9468,George,Carrell,6896639166,"60 Brookdale Avenue"
9469,Agnes,Davis,8502003518,"53 Grant Avenue"
9470,Teresa,Phillips,9717322161,"10 Lakeview Drive"
9471,Dave,Momphard,7530971310,"55 Park Avenue"
9472,Angel,Taylor,8085137804,"74 Linden Lane"
9473,Gabriela,Hill,8308089970,"41 Birchwood Lane"
9474,Andrew,Lowe,6076907159,"72 Vineyard Drive"
9475,Vernon,Greene,9456705322,"54 Longview Avenue"
9476,Chanel,Hassinger,8517853778,"59 Cherrywood Drive"
9477,Laurie,Hayes,8916634558,"20 Hillcrest Avenue"
9478,Tommy,Macchione,9735775680,"21 Orchard Road"
9479,Tom,Gaines,6517004968,"70 Brookdale Avenue"
9480,Lisa,Lang,6780141769,"44 Washington Avenue"
9481,Robert,Backes,6561168513,"1 Springdale Road"
9482,Michael,Hoff,9362450390,"23 Fairview Avenue"
9483,Michele,Byrd,8365440378,"72 Pinehurst Road"
9484,Kathy,Colston,8603025689,"67 Willow Lane"
9485,Dustin,Lewis,8539957474,"73 Cedar Lane"
9486,Hans,Hall,9424351977,"12 Vineyard Drive"
9487,Daniel,Caspers,6320437444,"27 Lincoln Circle"
9488,Marie,Adams,7707782466,"69 Riverside Drive West"
9489,Christopher,Sowell,6475839199,"6 Hillside Avenue"
9490,Jeff,Klocke,9702464063,"25 Parkview Road"
9491,Scott,Cullars,7588671002,"4 Pineview Drive"
9492,Stephanie,Mildon,7821211495,"17 Cherry Hill Road"
9493,Mozell,Griffin,9903126179,"73 Jefferson Avenue"
9494,Candice,Nealon,6790421245,"53 Willow Street"
9495,John,Brown,9401007135,"71 Hudson Terrace"
9496,Gertrude,Roth,8067123463,"3 Meadowbrook Road"
9497,Brittany,Ley,7547354407,"2 Beech Street"
9498,David,Pak,6418824402,"17 Jefferson Avenue"
9499,Carrie,Gray,8965309770,"45 Parkview Road"
9500,Norman,Ragone,8066316336,"19 Hudson Terrace"
9501,Kristine,Hicks,9004784501,"17 Oakdale Drive"
9502,Scott,Keener,9063656648,"48 Beechwood Avenue"
9503,Kevin,Perry,9522486127,"74 Park Street"
9504,Kenneth,Hutchinson,6389729095,"16 Jefferson Avenue"
9505,Jacob,Evans,6699431619,"20 Southview Lane"
9506,Jennifer,Hart,6468970200,"77 Hickory Lane"
9507,Donald,Mccoy,8985485017,"73 Eastwood Drive"
9508,Lily,Baim,6309166710,"33 Fairview Drive"
9509,Becky,Chapple,7540842237,"19 Kingston Way"
9510,Jodi,Fischer,6241485553,"51 Cedar Court"
9511,Elizabeth,Warren,7376057573,"11 Ridgewood Road"
9512,William,NULL,7578099952,"77 Laurel Lane"
9513,Sherry,Townsend,6099023181,"74 Cedar Street"
9514,Roberta,NULL,8069621703,"40 Chestnut Street"
9515,Edward,Villanueva,9833600557,"52 Valley View Road"
9516,Antonio,Booth,8939902705,"64 Cedar Court"
9517,Sergio,Myers,7777530459,"78 Sycamore Street"
9518,Alan,Summers,9188420231,"11 Sycamore Street"
9519,Jennifer,Loera,8977222440,"38 Holly Avenue"
9520,John,NULL,6617354307,"66 Fairway Drive"
9521,Wendy,Manney,9479203946,"32 Vine Street"
9522,Margaret,Weslowski,7298046634,"16 Lexington Place"
9523,Nicholas,Lamm,6851017684,"48 Riverside Drive"
9524,David,Harper,6698231382,"27 Glenwood Drive"
9525,Catherine,Grisby,6028726299,"26 Mainview Avenue"
9526,Ava,Neri,7494658232,"71 Cedar Lane"
9527,Tina,Studer,8047507693,"70 Hudson Terrace"
9528,James,Mcdaniel,9044547070,"25 Mainview Avenue"
9529,Heather,Morrow,7302448355,"53 Pine Street"
9530,John,Sirois,9294368927,"54 Highland Road"
9531,Alan,Owens,6737138698,"28 Rosedale Avenue"
9532,Monique,Keith,6280914621,"51 Longview Avenue"
9533,Johnsie,Larson,9506815500,"66 Pine Street"
9534,Dennis,Fields,7280074916,"77 Walnut Avenue"
9535,Jesse,Wellenstein,9307460573,"54 Cedar Street"
9536,Monica,Malcolm,8610086855,"8 Eastwood Drive"
9537,Joe,Kreitner,9144658048,"37 Brookside Avenue"
9538,Roy,Dineen,9310301332,"62 Northview Terrace"
9539,Marcia,Merkel,6305443368,"31 Holly Lane"
9540,April,Oliveri,9948133245,"45 Locust Lane"
9541,William,Arrington,8480509535,"7 Eastwood Drive"
9542,Jackie,Mcknight,6644299345,"46 Maple Avenue"
9543,Katherine,NULL,9497236190,"45 Highland Road"
9544,Carol,Hernandez,7780958737,"23 Hickory Lane"
9545,Patricia,Skidmore,7254914143,"60 Pineview Lane"
9546,Barbara,Batten,7584097024,"25 Oakdale Court"
9547,Carlos,Godbee,6932241128,"44 Oak Hill Drive"
9548,Lawanda,Cho,8984934995,"62 Cherrywood Lane"
9549,Andrea,Kistner,8261623123,"72 Beechwood Road"
9550,Angie,Greene,6381679264,"75 Vine Street"
9551,Danny,Smith,7355075922,"37 Jefferson Avenue"
9552,Heather,Canady,9513077376,"44 Glenwood Drive"
9553,Suzanne,Fiscalini,7556031045,"45 Linden Lane"
9554,Deborah,Campos,6967439104,"58 Pineview Road"
9555,Michael,Hernandez,6479961112,"1 Maple Avenue"
9556,Mary,Simon,9301802300,"73 Southview Lane"
9557,Vida,Weissman,9972432099,"15 Pineview Lane"
9558,Heather,Rilley,8511821449,"69 Beechwood Road"
9559,William,Palmer,7469260192,"41 Brookside Avenue"
9560,John,NULL,9611014301,"61 Birchwood Lane"
9561,James,Gray,9844492060,"26 Rosedale Avenue"
9562,Mike,Frost,9782776521,"40 Cedar Terrace"
9563,Karla,Manns,7713494418,"59 Fairview Avenue"
9564,Carolyn,Norton,8529883561,"78 Riverside Drive West"
9565,Wendy,Orr,8272493219,"56 Forest Avenue"
9566,Christina,Sutton,6376786557,"61 Northview Road"
9567,Linda,Belton,9818428087,"46 Hudson Terrace"
9568,Victor,Maher,9946739914,"27 Grove Street"
9569,Steve,NULL,6125865658,"21 Hillcrest Road"
9570,Jeffrey,Kemp,7414061437,"76 Chestnut Street"
9571,Gregory,Harvey,9294020383,"59 Walnut Avenue"
9572,Jay,Teague,7591104060,"6 Chestnut Street"
9573,Philip,Limon,8150247662,"68 Jefferson Street"
9574,Amy,Leung,7532501565,"15 Birch Lane"
9575,Curtis,Carrasco,8685894536,"45 Cedar Lane"
9576,Wilbert,Butler,9835390950,"10 Willow Lane"
9577,Jimmy,Oconnor,9683243731,"67 Ashland Avenue"
9578,Craig,Mount,7635115204,"3 Linden Lane"
9579,Doris,Cummings,6339802425,"54 Eastlake Drive"
9580,Dennis,NULL,6763809912,"63 Pineview Drive"
9581,Patricia,NULL,7963550423,"43 Pineview Lane"
9582,Lydia,Gomez,9376915082,"33 Linden Avenue"
9583,Sharon,Ewing,6762485180,"26 Linden Lane"
9584,Elmer,Petitjean,7225205804,"61 Oakwood Lane"
9585,Dora,Taylor,6178617712,"46 Orchard Road"
9586,Mary,NULL,7629486197,"17 Hickory Drive"
9587,Mercedes,Melillo,8508856424,"12 Briarwood Court"
9588,Ralph,Hunt,9122823102,"32 Holly Avenue"
9589,David,Fogle,8094336655,"53 Jefferson Lane"
9590,Rodney,Kim,6558230339,"26 Grant Street"
9591,Sierra,Bruce,8370991426,"21 Eastwood Drive"
9592,Darla,Gibbs,7135740888,"14 Jefferson Avenue"
9593,Allen,Hammer,7774500667,"5 Broadview Avenue"
9594,John,Wallace,9658707707,"13 Columbus Lane"
9595,Joyce,Hughes,6672609394,"1 Lincoln Circle"
9596,Bessie,Hatfield,8881182522,"23 Lincoln Circle"
9597,William,Larochelle,6784605129,"67 Orchard Road"
9598,Christopher,Forney,9076910606,"22 Fairmount Road"
9599,Gary,Hogue,9767479753,"62 Jefferson Lane"
9600,Carlos,Johnson,7778153438,"43 Jefferson Street"
9601,Louise,Sheppard,8152170783,"38 Grove Street"
9602,Faye,Shippey,8478432182,"5 Magnoli"
9603,Stephen,Torres,6303217985,"47 Oakwood Drive"
9604,Lucille,Ratliff,9593138884,"16 Lake Shore Drive"
9605,Buford,Shumate,9036786265,"50 Southview Lane"
9606,Marvin,Branham,7914559686,"51 Oakwood Drive"
9607,Kenneth,English,7018083111,"73 Oakdale Drive"
9608,Gus,Peters,6991802763,"4 Magnoli"
9609,David,Cornish,8365446386,"18 Parkview Road"
9610,Shirley,Beauvais,7072573258,"63 Oakwood Drive"
9611,Jimmy,Mendoza,7760776950,"64 Oak Street"
9612,Sue,Hight,6323356346,"53 Sunnyside Avenue"
9613,Maria,Harris,9764272768,"7 Highland Drive"
9614,Ernest,Hoyle,9331796259,"56 Holly Lane"
9615,William,Liebl,8854654294,"2 Pineview Lane"
9616,Jack,NULL,9066789784,"3 Walnut Street"
9617,Mitchell,Busby,8489915792,"39 Highland Road"
9618,Fred,White,8678840986,"5 Hillside Avenue"
9619,Benjamin,James,9556830155,"26 Grant Avenue"
9620,Lucille,Welch,7886961714,"51 Linden Avenue"
9621,Cheryl,Fietek,8936569310,"74 Elmwood Road"
9622,Jose,NULL,7520558793,"21 Sunnyside Road"
9623,Amber,Shinoda,8300378234,"20 Cedar Terrace"
9624,Reva,NULL,6308127470,"9 Fairway Drive"
9625,Richard,Oestreich,7316102500,"55 Eastlake Drive"
9626,Deidre,Buchmeier,6295521055,"40 Hillcrest Road"
9627,Tierra,Malloy,9613483473,"7 Grant Avenue"
9628,Alice,Lotthammer,6973861534,"3 Hillcrest Drive"
9629,Shirlene,Robinson,7596816292,"65 Parkview Terrace"
9630,James,Roman,8579951632,"16 Hudson Terrace"
9631,Meagan,Gray,7822914804,"32 Hudson Terrace"
9632,Gary,Kidd,6839472499,"72 Sunnyside Avenue"
9633,Mae,Raymond,6237392371,"34 Greenfield Terrace"
9634,Jessica,Johnson,7411412583,"56 Elmwood Place"
9635,Carlos,Davis,9777921719,"44 Cedar Road"
9636,Victor,Zehner,6027433307,"12 Cedar Road"
9637,Rochelle,Wang,9829635851,"15 Lexington Place"
9638,Natasha,Skinner,7608876096,"21 Elmwood Road"
9639,Elliott,Woodcock,9758565633,"22 Chestnut Street"
9640,Cecilia,Duvall,6757284384,"61 Hudson Terrace"
9641,Christopher,Campbell,7669225025,"50 Hickory Drive"
9642,Marie,NULL,8673326887,"42 Park Avenue"
9643,Cynthia,Wilson,9990320373,"24 Madison Avenue"
9644,Kyle,Boyles,6378991489,"17 Highland Drive"
9645,Alberto,Garibay,9133062999,"66 Parkview Road"
9646,Rose,Rangel,9244610159,"11 Oakdale Drive"
9647,Eddie,Sarni,9232184715,"61 Grant Avenue"
9648,Tony,Chavez,6633216135,"16 Cedar Road"
9649,Maria,Greeley,7206758453,"75 Briarwood Court"
9650,Aaron,Redman,9769734073,"42 Vineyard Drive"
9651,Issac,Brown,8650585053,"10 Jefferson Street"
9652,Christiana,Dismuke,9956842965,"16 Park Lane"
9653,Randall,Parsons,8989837154,"24 High Street"
9654,Mary,NULL,8417983404,"54 Hillcrest Avenue"
9655,Hector,Willis,6455556465,"52 Elmwood Road"
9656,Willow,Cavett,9985439954,"38 Maplewood Drive"
9657,Lisa,Kingore,8621529740,"61 Brookdale Avenue"
9658,Aida,NULL,7772834208,"15 Hillside Avenue"
9659,Crystal,Murphy,6652454047,"57 Sunset Drive"
9660,Jonathan,Svoboda,6543906009,"71 Magnolia Avenue"
9661,Milagros,Wooten,6068354061,"57 Broad Street"
9662,Alfredo,Dunsford,7980474672,"64 Jefferson Street"
9663,Isabel,NULL,9404323141,"44 Lincoln Avenue"
9664,Terry,Cayton,7563086901,"32 Elmwood Place"
9665,Kaleigh,NULL,6274037705,"72 Lakeview Drive"
9666,Billy,Weaver,6637727760,"57 Hickory Lane"
9667,Robert,Cantu,7159818786,"68 Locust Lane"
9668,Henry,Langlois,6728158554,"11 Hickory Drive"
9669,Howard,Calhoun,9126791038,"72 Elmwood Terrace"
9670,Stan,Wear,9735812893,"39 Maplewood Road"
9671,Dennis,Bravo,7513944553,"15 Willow Street"
9672,Amy,Cruson,8955203963,"39 Longview Road"
9673,Vernon,NULL,8957323637,"10 Lexington Place"
9674,Geoffrey,Gabriel,8954524170,"49 Grove Street"
9675,Abel,Blades,6665700498,"2 Oak Street"
9676,Helene,Hudson,8421827847,"4 Holly Lane"
9677,Nathan,Redwine,6514735805,"66 Beechwood Road"
9678,Iris,Maestas,7036754837,"73 Oakdale Court"
9679,Tricia,Waite,7969858637,"68 Willow Street"
9680,Jose,Bass,7700559256,"10 Forest Drive"
9681,Glen,Maltie,8169055261,"16 Hillcrest Drive"
9682,Juana,NULL,7036773228,"13 Cedar Terrace"
9683,Kari,NULL,9289059383,"18 Grove Street"
9684,Timothy,Clark,9421253959,"72 Fairmount Road"
9685,Barbara,Mack,7468881626,"15 Birchwood Lane"
9686,Damon,Sunderland,8952433185,"27 Fairmount Road"
9687,Patrick,NULL,6134928943,"75 Willow Street"
9688,Lon,Powell,7634547769,"25 Magnolia Avenue"
9689,Everett,Moore,6823686189,"4 Oakdale Drive"
9690,Lonnie,Bolds,7131794606,"48 Park Avenue"
9691,Jessica,Thom,9667704687,"20 Laurel Lane"
9692,Thelma,NULL,9654100674,"46 Maplewood Road"
9693,Daniel,Davies,8863412005,"41 Cedar Street"
9694,Jeffrey,Sieja,7571126839,"69 Belmont Avenue"
9695,Timothy,Morris,8270182271,"22 Willow Street"
9696,Sarah,Brund,6823286448,"12 Meadowbrook Road"
9697,Mary,Ledin,6494099733,"33 Briarwood Court"
9698,Leroy,Aviles,7831007273,"50 Parkview Road"
9699,Alvin,Tang,7844119606,"72 Lake Shore Drive"
9700,Leola,Larrabee,9000606395,"34 Fairview Avenue"
9701,Gregory,Roberson,6830995313,"34 Forest Drive"
9702,Catherine,Herrington,8914468583,"54 Holly Avenue"
9703,Jose,Hindle,9081360432,"39 Park Avenue"
9704,Betty,NULL,6460792900,"63 Sunnyside Avenue"
9705,Dennis,Daniel,7088182617,"30 Lincoln Circle"
9706,Donna,Nowak,6400724342,"2 Maple Avenue"
9707,Karen,Kisler,7484807733,"50 Ashland Avenue"
9708,William,Allman,7239354072,"46 Cedar Court"
9709,Jennifer,Edwards,6162028152,"19 Highland Drive"
9710,Billy,Stanley,6316965331,"69 Madison Avenue"
9711,Albert,Hernandez,7520128037,"62 Hillcrest Avenue"
9712,Sandra,Benton,6562603785,"52 Jefferson Avenue"
9713,Jane,Bodie,6055455996,"20 Sunset Drive"
9714,Kelly,Poe,7332721078,"35 Woodbine Street"
9715,Laurie,NULL,7382371532,"24 Pineview Drive"
9716,Michael,Delarosa,6104787288,"13 Walnut Avenue"
9717,Charles,Scott,7956355626,"68 Oak Street"
9718,John,NULL,9934771621,"20 Forest Drive"
9719,Solomon,Flahive,7245748321,"56 Cherrywood Lane"
9720,Mamie,Veale,9555755851,"26 Riverside Drive West"
9721,Gloria,Morris,6912365301,"36 Jefferson Avenue"
9722,Jordan,Patrick,8560349640,"75 Hillcrest Avenue"
9723,Helen,NULL,6574620433,"57 Cherry Hill Road"
9724,Joseph,Rodriguez,6602471185,"38 Kingston Way"
9725,Timothy,Puente,8986917461,"18 Greystone Terrace"
9726,Chong,Berger,8507758367,"28 Oakdale Court"
9727,Cynthia,NULL,9110383041,"55 Hillcrest Drive"
9728,Elton,Matthew,7605605711,"59 Madison Court"
9729,Tillie,NULL,8627891967,"24 Hillcrest Avenue"
9730,Meg,Spears,7139659297,"18 Hickory Drive"
9731,Kyle,Bailey,8019178228,"31 Ridgewood Road"
9732,Roy,Mccormick,6093399208,"20 Broadview Avenue"
9733,Wayne,Lucas,8173791867,"1 Pleasant Street"
9734,Clifford,Murry,6320803618,"20 Elmwood Terrace"
9735,James,NULL,8714657210,"57 Briarwood Court"
9736,Marcelino,Webster,7727075638,"47 Pinehurst Road"
9737,Eric,NULL,9387433663,"39 Hillside Avenue"
9738,Randy,Artrip,7713443649,"12 Highland Drive"
9739,John,Turpen,9887795971,"62 Eastwood Drive"
9740,Cassandra,Porter,8117088131,"35 Pine Street"
9741,Michael,Vento,8990221289,"21 Elmwood Place"
9742,Elena,Jack,9467850270,"2 Longview Avenue"
9743,Lorna,Keith,9142462906,"49 Meadow Lane"
9744,Elwood,Shin,9222289078,"66 Northview Road"
9745,Coy,Mettler,8139782724,"31 Grant Street"
9746,Tyrell,Ervin,6968593305,"58 Beechwood Avenue"
9747,Loretta,Nguyen,8720327350,"36 Cherry Hill Road"
9748,Estell,Walker,6467894897,"5 Cherry Hill Road"
9749,Erma,Quimby,6307812090,"47 Rosedale Avenue"
9750,Edward,Wigington,7508389638,"24 Beech Street"
9751,Joshua,Lantz,9620517797,"70 Columbus Lane"
9752,Justin,Selders,7900281912,"79 Hillside Avenue"
9753,Felicia,Herndon,7069375117,"63 Birch Lane"
9754,Clara,Winchell,9255332385,"24 Lake Shore Drive"
9755,Anita,Olivo,7841366900,"37 Yorktown Road"
9756,Mikki,Terry,6214253403,"27 Fairway Drive"
9757,Bonnie,Sebring,9307580659,"68 Forest Avenue"
9758,Brandi,Walker,6179081298,"10 Magnoli"
9759,Christopher,Aguilar,9649251144,"63 Park Street"
9760,Alvin,Gibson,7496964851,"78 Maple Lane"
9761,Lawerence,Hernandez,7124717365,"2 Ashland Avenue"
9762,Meagan,NULL,9303287509,"67 Riverside Drive"
9763,Linda,Blumenthal,8259138640,"64 Hillcrest Avenue"
9764,Richard,Smith,6803732755,"65 Cedar Street"
9765,William,Rostad,6463763795,"20 Lincoln Circle"
9766,Robert,NULL,6528473206,"20 Highland Drive"
9767,Clarence,Greek,8192723141,"43 Lake Shore Drive"
9768,Roger,Driever,9388052411,"44 Maplewood Road"
9769,Beth,Graves,7591744187,"66 Mainview Avenue"
9770,Claire,NULL,9578695545,"51 Hillcrest Drive"
9771,Shirley,Dial,7867006687,"45 Brookside Avenue"
9772,David,Burkhalter,6001108463,"66 Pinehurst Road"
9773,Kyle,Liberty,6139308307,"31 Cherry Hill Road"
9774,Victoria,Stoneking,6789091503,"38 Rosedale Avenue"
9775,John,Kanemoto,8384907862,"9 Walnut Street"
9776,Paulette,Cordero,7629035448,"40 Valley Road"
9777,Patsy,NULL,9298358734,"28 Park Street"
9778,John,Kerr,6648475158,"27 Sunnyside Road"
9779,Terence,Sanders,6438893535,"52 Cherrywood Drive"
9780,Freda,Angel,6326854100,"29 Parkview Avenue"
9781,Francisco,Stehle,8723663036,"63 Magnoli"
9782,Joshua,Hargis,7919098238,"6 Linden Lane"
9783,Kristina,NULL,7744123070,"63 Valley Road"
9784,Rachelle,Cantrell,7423407369,"32 Fairway Drive"
9785,Violet,Carleton,9436361794,"54 Hillcrest Road"
9786,Barbara,Shay,8965437135,"18 Elm Street"
9787,Miguel,Wortman,9607435524,"76 Orchard Road"
9788,Libby,Leonard,9043751418,"7 Jefferson Lane"
9789,Ruby,Dearman,9409980194,"69 Elmwood Terrace"
9790,Hunter,Derryberry,7855199961,"69 Pleasant Street"
9791,Whitney,Tuck,7250281836,"51 Hickory Lane"
9792,Kevin,Potter,6869720841,"41 Madison Court"
9793,George,Mccracken,9311651867,"41 High Street"
9794,Alex,Pullen,8661554798,"49 Sunnyside Avenue"
9795,Larry,Christy,8800844625,"74 Eastwood Drive"
9796,Emily,Earle,8760827890,"2 Pineview Road"
9797,Lynette,Brown,9998752147,"41 Meadow Lane"
9798,Jacob,Ho,9337438968,"29 Briarwood Court"
9799,Emily,Indovina,6942789135,"21 Maple Lane"
9800,David,Peterson,6799318372,"27 Oak Street"
9801,Eric,Torrez,8574170381,"8 Valley Road"
9802,Randy,Cena,7808621325,"79 Vineyard Drive"
9803,Fay,Ramsey,6010111406,"32 Riverside Drive West"
9804,Maryann,Moutoux,9200462140,"76 Greenfield Avenue"
9805,Jessie,Avant,6480775984,"38 Hillcrest Avenue"
9806,Lori,Dasher,7230142342,"5 Locust Lane"
9807,Christopher,Weinberg,8304783995,"2 Cedar Court"
9808,James,Bohnsack,7159875138,"35 Holly Lane"
9809,Theodore,Houser,7573253596,"11 Vine Street"
9810,Joey,Paddock,8144987440,"58 Lakeview Drive"
9811,James,NULL,6299789677,"77 Greystone Terrace"
9812,Jonell,Trujillo,8759107375,"2 Park Lane"
9813,Fernando,NULL,8259943280,"37 Lexington Place"
9814,Israel,Parker,7378923776,"66 Chestnut Street"
9815,Linda,Tate,8127614417,"1 Yorktown Road"
9816,Jay,NULL,9313924906,"23 Magnolia Avenue"
9817,Reatha,Smith,7398974923,"43 Hillcrest Drive"
9818,Candida,Garcia,6978335058,"57 Yorktown Road"
9819,Dan,NULL,7897909193,"64 Greenfield Terrace"
9820,Marjorie,Strief,7794821985,"35 Valley Road"
9821,Astrid,Walter,8886428117,"5 Parkside Lane"
9822,John,Still,7845791167,"35 Cedar Terrace"
9823,Lynn,Wilson,9086777064,"1 Woodbine Street"
9824,Susan,Kearse,8767228021,"77 Prospect Avenue"
9825,Peggy,Straker,9259017083,"70 Ridgewood Road"
9826,Jennifer,Ahart,6427887993,"4 Springdale Road"
9827,Winston,Dittmer,6505017995,"34 Park Street"
9828,Mary,Baudino,7481426463,"46 Highland Place"
9829,Pamela,Moore,6252387412,"8 Pinehurst Drive"
9830,Chris,Disimone,8473709014,"29 Yorktown Road"
9831,Elmo,Denney,9989963460,"68 Hickory Lane"
9832,Mary,Rezentes,9949343093,"14 Fairview Drive"
9833,Melvin,Lawson,8257222031,"4 Forest Drive"
9834,Derrick,Perze,8156282860,"57 High Street"
9835,Shannon,Nooe,9581754234,"48 Woodbine Street"
9836,Mattie,Foos,8714544201,"23 Fairview Drive"
9837,Jan,Brennan,7547952048,"61 Cherrywood Lane"
9838,Marsha,Dean,9914416556,"74 Forest Avenue"
9839,Joseph,Walker,7329739887,"53 Oakwood Lane"
9840,Stephen,Streeter,7140361463,"71 Hickory Lane"
9841,Kennith,Perla,8611984539,"12 Brookdale Avenue"
9842,Alex,Rodriguez,8821010598,"22 High Street"
9843,Maria,Bell,7447557252,"65 Lincoln Circle"
9844,Ethel,NULL,7638799240,"17 Southview Lane"
9845,Dianne,Ferguson,9446973879,"40 Birch Lane"
9846,Joseph,Monsen,9390955500,"43 Sunset Drive"
9847,Denise,Thomas,6340656178,"41 Parkview Terrace"
9848,Genevieve,NULL,7786002495,"70 Fairway Drive"
9849,Edna,Carpenter,6038539139,"63 Cedar Lane"
9850,Sharon,Bowman,8764786690,"71 Fairway Drive"
9851,George,Mcafee,6839144156,"3 Grove Street"
9852,Jonathan,Burgess,7129441399,"14 Oakdale Drive"
9853,Myong,Goetz,7936288883,"1 Cherry Hill Road"
9854,Mark,Hale,6332770361,"27 Pine Street"
9855,Teresa,Melton,7434303522,"32 Willow Street"
9856,Dorothy,March,7975631711,"15 Pinehurst Drive"
9857,Nelson,Baker,9529395068,"16 Greenfield Terrace"
9858,Margaret,Mora,8487205174,"55 Elm Street"
9859,Armand,Carpenter,7895431161,"7 Cedar Street"
9860,Rickey,Martin,7654549115,"52 Pleasant Street"
9861,Helen,Magness,8533422573,"67 Holly Avenue"
9862,Mary,Reed,9192638820,"64 Pineview Drive"
9863,Audrey,Vanetta,8640242050,"13 Vine Street"
9864,Adam,Carr,6450226756,"54 Highland Drive"
9865,Rhonda,Aiken,9579342632,"42 Greystone Terrace"
9866,Cynthia,Taylor,8424239991,"22 Cedar Road"
9867,Ellen,Walton,7846317010,"39 Sunset Drive"
9868,Johnnie,NULL,8759147124,"73 Rosedale Avenue"
9869,Kenneth,Moore,8244061198,"1 Briarwood Court"
9870,Denise,Jessica,9560555313,"37 Sycamore Street"
9871,Emma,Chavez,9824374811,"19 Forest Drive"
9872,Kenneth,Griffin,9131597588,"11 Ashland Avenue"
9873,John,Schroyer,8733920702,"27 Pinehurst Road"
9874,Brenda,Camp,8006407737,"75 Magnoli"
9875,Jessica,Black,8824132218,"71 Hillcrest Avenue"
9876,Mark,Hildreth,6085482792,"58 Mainview Avenue"
9877,Irene,Hargenrader,9784336864,"28 Prospect Avenue"
9878,Ronald,Miller,9819330953,"26 Highland Place"
9879,Walter,Peralta,9142595621,"27 Holly Avenue"
9880,Jose,Frederick,6734501882,"8 Magnolia Avenue"
9881,Alene,Alvarez,7497066930,"62 Mainview Avenue"
9882,Deborah,Tucker,7442589080,"7 Belmont Avenue"
9883,Janet,Yates,7029940527,"2 Oakdale Court"
9884,Carmella,Douglas,6017227879,"26 Oakwood Lane"
9885,Sharon,Morgan,8502358206,"12 Brookside Avenue"
9886,James,Jones,9506168819,"16 Belmont Avenue"
9887,Kimberly,Gorsuch,6127961663,"44 Pleasant Street"
9888,Dale,Dixon,9786348416,"61 Washington Avenue"
9889,Pam,Renteria,6306419671,"13 Maple Avenue"
9890,Michael,Solis,6038534607,"10 Fairview Avenue"
9891,Maria,Mcguire,9453063875,"44 Prospect Avenue"
9892,Colby,Scheunemann,9578232570,"75 Brookdale Avenue"
9893,Marcus,Gomez,9740019591,"57 Chestnut Street"
9894,Timothy,Eggert,6981972394,"64 Lincoln Avenue"
9895,Jean,Greer,7176080696,"5 Woodbine Street"
9896,Gerardo,Cochran,8941802902,"70 Willow Street"
9897,James,Donnelly,7689952316,"37 Forest Avenue"
9898,Douglas,Sweeney,6111413013,"30 Cedar Court"
9899,Alberto,Sandlin,9483053435,"31 Briarwood Court"
9900,Robert,Grimes,6119973956,"23 Broadview Avenue"
9901,James,Hedger,9156024518,"47 Eastwood Drive"
9902,Alicia,Zayas,9288841068,"33 Grant Avenue"
9903,David,Price,6815323025,"56 Grove Street"
9904,Angela,Woods,8572923389,"41 Magnoli"
9905,Randall,Abercrombie,9899623987,"23 Elmwood Place"
9906,June,Gill,9182819551,"35 Pineview Road"
9907,Craig,Mccarley,9918488072,"33 Highland Road"
9908,Marvin,NULL,9138574943,"9 Lincoln Circle"
9909,Diane,Ramey,9795194233,"15 Chestnut Avenue"
9910,Gary,Brown,7000042089,"11 Washington Avenue"
9911,Flora,Fuston,8124200601,"1 Vineyard Drive"
9912,Lena,Andueza,7990031544,"29 Highland Place"
9913,Martin,Stahlberg,6571620122,"19 Walnut Street"
9914,Patsy,Mazza,9616841062,"65 Lincoln Avenue"
9915,Barbara,Halley,9039059014,"78 Hickory Drive"
9916,David,Funderburke,8459867651,"70 Pineview Lane"
9917,Fern,Shelby,8951249089,"26 Maple Lane"
9918,Sandra,Bryant,7687023889,"21 Oak Street"
9919,Richard,Beyer,7756052735,"69 Applewood Drive"
9920,Rasheeda,Motley,9983111165,"68 Cedar Street"
9921,Eleanor,Steward,7412506887,"68 Park Lane"
9922,Darryl,Gonzalez,8675722298,"20 Cherry Hill Road"
9923,Cynthia,Vashaw,8998490452,"3 Magnoli"
9924,Robert,Kincaid,9458564867,"76 Washington Avenue"
9925,Monica,Maxwell,8626766912,"6 Oakdale Court"
9926,Sheila,Ferguson,7069469965,"38 Fairview Avenue"
9927,Carolyn,Banks,8879463096,"59 Rosedale Avenue"
9928,Lloyd,Martinez,9210223397,"30 Magnoli"
9929,Ella,Henschel,7050761133,"31 Maplewood Drive"
9930,George,Ontiveros,7977320694,"78 Fairmount Road"
9931,Peter,Landry,9921700125,"70 Highland Place"
9932,Ruby,Nickelson,9585047177,"53 Birchwood Lane"
9933,Rhett,Nobles,8847410450,"67 Highland Drive"
9934,Valerie,Ledon,6573111195,"20 Hickory Lane"
9935,Carlos,Howard,8663195262,"27 Sycamore Street"
9936,Ashley,Carroll,9698929413,"70 Maple Lane"
9937,Julia,Stewart,9853095516,"1 Oakdale Court"
9938,Dianne,NULL,9879418112,"75 Columbus Lane"
9939,Norman,Davis,7453989229,"67 Grant Street"
9940,Donnell,Martin,7229037500,"47 Newbury Way"
9941,Ryan,Dunne,7471958511,"61 Park Street"
9942,Kurt,Bevers,9558478194,"73 Elm Street"
9943,Charles,White,8071010815,"1 Birch Lane"
9944,Peter,Vess,7983963357,"12 Oakdale Court"
9945,Venita,Matthews,7562352231,"12 Kingston Way"
9946,Patrick,Clark,9207485420,"10 Pine Street"
9947,David,Green,7471967789,"42 Riverside Drive"
9948,Michael,Juan,9636609961,"9 Sunnyside Avenue"
9949,Carolyn,Eccleston,6503688684,"42 Sycamore Street"
9950,Ronald,Wade,8698872999,"24 Fairmount Road"
9951,Robert,NULL,9326520800,"75 Yorktown Road"
9952,Dennis,Wright,9613032823,"19 Lincoln Circle"
9953,Kathy,Trevino,7157645284,"10 Forest Avenue"
9954,Sara,Watts,9733191895,"18 Highland Drive"
9955,Glenn,Harden,9970015349,"22 Valley Road"
9956,Myrna,Dykes,8174656784,"9 Oakwood Drive"
9957,Alex,Trotter,7185821784,"52 Hillcrest Avenue"
9958,Gary,Mcmillian,9286698863,"17 Pine Street"
9959,Thomas,House,9041289377,"3 Pinehurst Drive"
9960,Michael,Stedman,7832072618,"52 Washington Avenue"
9961,Richard,Mcgowan,9360245466,"77 Park Avenue"
9962,Kimberly,Cortez,8871131303,"43 Cherrywood Lane"
9963,Lila,Redmond,8142047943,"51 Broadview Avenue"
9964,Steven,Kuhr,8755150218,"14 Valley Road"
9965,Rosella,Brunk,7663443620,"77 Chestnut Street"
9966,Pedro,Adam,7071482423,"39 Fairview Avenue"
9967,Darcie,Cedillo,8124660143,"72 Longview Road"
9968,Krysta,Willingham,7904875114,"7 Locust Lane"
9969,Brandi,Garcia,7332906515,"51 Chestnut Avenue"
9970,Bonnie,NULL,6630027925,"66 Oak Hill Drive"
9971,Dean,Evans,8020022804,"16 Fairway Drive"
9972,Brian,Bufford,6560596424,"64 Prospect Avenue"
9973,Dana,Amie,9526446275,"17 Rosedale Avenue"
9974,Earl,NULL,9892260179,"1 Highland Drive"
9975,Robert,Roll,9339389264,"69 Oakdale Court"
9976,Harry,NULL,8499766968,"57 Fairview Drive"
9977,Josie,Guerrero,7724562961,"9 Applewood Drive"
9978,Helen,Santos,6768174571,"6 Laurel Lane"
9979,Craig,Lyon,7170903438,"59 Pineview Lane"
9980,Nancy,Ferguson,6610934348,"23 Fairway Drive"
9981,Theresa,Kimmerle,8596630169,"16 Linden Avenue"
9982,Lane,Eakin,6466573830,"16 Cedar Terrace"
9983,Cora,Butler,6573127083,"60 Greenfield Avenue"
9984,Glen,Gadberry,6717568785,"74 Cherrywood Lane"
9985,Ignacia,Perea,7571113105,"74 Lexington Place"
9986,Sandra,Mitchell,7597987698,"41 Springdale Road"
9987,Victor,Hopkins,7007723260,"18 Magnolia Avenue"
9988,Misty,Connelly,9281325633,"21 Ashland Avenue"
9989,Amy,Hammack,6401441446,"74 Lake Shore Drive"
9990,Hye,Hynes,6815847140,"51 Meadow Lane"
9991,Annette,Velasquez,7739718421,"31 Yorktown Road"
9992,Michael,Warden,7647200053,"9 Elmwood Place"
9993,Vicki,Schwartz,9704204798,"58 Elmwood Road"
9994,Kyle,Napoleon,6735850713,"46 Vine Street"
9995,Nathan,Garver,6062535673,"55 Grant Street"
9996,Edward,Cortinas,7957360139,"45 Glenwood Drive"
9997,Douglas,Jackson,9099635923,"41 Riverside Drive"
9998,Rosa,Sharp,7536010208,"56 Sunnyside Avenue"
9999,Beth,Quintana,6490025234,"15 Fairway Drive"
10000,David,Velez,8330375908,"36 Elmwood Place"
