order_id,item_id,quantity
1,176,3
2,108,1
3,339,3
4,380,1
4,108,1
4,299,1
5,321,3
6,216,1
7,377,1
7,274,1
7,262,1
8,370,1
9,198,1
9,312,1
10,131,2
11,185,1
11,346,1
12,325,1
12,111,1
12,349,1
13,270,3
14,377,1
15,377,1
16,359,2
17,170,1
18,213,1
18,151,1
19,188,3
20,164,1
20,292,1
21,322,3
22,204,2
23,347,2
24,342,1
24,374,1
25,290,1
25,310,1
26,303,1
27,341,1
27,283,1
27,306,1
28,342,1
28,158,1
28,395,1
29,162,3
30,179,1
30,242,1
30,326,1
31,368,1
32,351,3
33,340,3
34,126,3
35,334,2
36,150,1
37,162,3
38,399,1
39,350,1
40,194,1
41,235,3
42,256,1
43,378,2
44,359,1
44,337,1
44,380,1
45,119,2
46,224,2
47,231,3
48,110,3
49,303,1
49,269,1
50,188,1
51,107,1
52,111,2
53,108,1
53,384,1
54,332,2
55,142,1
55,379,1
55,326,1
56,372,1
56,346,1
57,338,2
58,189,1
59,342,1
59,376,1
59,289,1
60,353,2
61,160,3
62,390,2
63,306,2
64,322,2
65,400,1
65,125,1
66,344,1
67,110,3
68,381,3
69,257,1
70,229,1
71,361,1
71,144,1
72,168,1
72,303,1
72,180,1
73,152,3
74,227,1
74,165,1
74,178,1
75,243,1
76,363,2
77,229,1
77,221,1
77,259,1
78,176,3
79,270,1
80,165,2
81,365,1
81,324,1
82,380,1
82,236,1
83,182,1
84,155,1
85,346,1
85,359,1
85,363,1
86,101,3
87,101,1
88,198,1
88,260,1
89,267,2
90,333,3
91,257,1
91,237,1
92,349,2
93,241,2
94,123,1
95,108,1
95,310,1
96,172,1
97,297,2
98,215,2
99,201,1
99,209,1
99,332,1
100,150,2
101,301,1
101,231,1
102,347,1
102,391,1
102,262,1
103,368,2
104,109,1
105,278,1
106,309,1
107,268,1
107,360,1
108,204,3
109,331,1
109,205,1
109,326,1
110,137,1
111,270,3
112,365,1
113,178,1
114,360,1
114,246,1
115,167,1
116,274,1
116,335,1
116,354,1
117,226,3
118,346,1
118,114,1
119,375,1
120,161,2
121,151,1
121,269,1
122,335,1
123,199,1
123,199,1
123,246,1
124,225,1
125,111,3
126,187,1
127,144,1
127,286,1
128,253,3
129,367,1
130,264,2
131,136,1
131,331,1
132,243,1
132,205,1
132,302,1
133,104,1
133,380,1
133,148,1
134,277,1
135,223,3
136,241,1
137,209,1
137,223,1
138,349,3
139,303,1
140,182,1
141,191,1
141,294,1
142,212,3
143,247,1
144,246,1
145,130,1
145,329,1
146,283,1
146,135,1
147,385,3
148,340,1
148,299,1
149,287,1
149,385,1
149,147,1
150,231,1
151,180,2
152,143,1
153,142,1
153,275,1
153,225,1
154,342,3
155,177,1
155,239,1
155,346,1
156,239,1
156,239,1
157,268,1
158,136,1
158,356,1
158,250,1
159,223,1
159,191,1
160,102,1
160,341,1
161,359,1
162,236,1
163,255,1
164,146,1
164,170,1
165,342,3
166,343,3
167,351,1
168,203,1
168,210,1
168,327,1
169,333,1
169,282,1
169,142,1
170,307,1
170,183,1
171,389,1
171,336,1
172,218,1
172,249,1
173,101,2
174,259,3
175,233,3
176,340,1
176,182,1
176,357,1
177,399,1
178,146,1
179,309,2
180,116,1
180,136,1
180,265,1
181,108,2
182,208,2
183,271,1
184,378,1
185,364,3
186,214,2
187,160,1
187,328,1
188,279,1
189,260,1
189,373,1
190,152,1
190,266,1
191,296,1
192,345,1
193,163,1
193,257,1
194,290,1
194,323,1
194,186,1
195,267,1
196,221,1
197,178,1
198,127,2
199,278,1
200,372,1
201,221,1
201,285,1
201,288,1
202,342,1
202,206,1
202,336,1
203,168,1
204,136,3
205,185,1
206,239,1
206,314,1
207,380,2
208,302,1
208,296,1
209,221,1
209,274,1
210,173,1
211,384,2
212,301,1
212,224,1
212,124,1
213,279,1
214,346,2
215,228,2
216,397,1
216,283,1
216,102,1
217,175,1
217,243,1
217,280,1
218,164,3
219,398,1
220,260,3
221,393,2
222,222,2
223,345,1
224,107,2
225,147,1
225,151,1
225,189,1
226,146,1
227,291,1
228,259,1
228,178,1
228,190,1
229,106,1
229,279,1
229,226,1
230,179,1
231,161,3
232,103,3
233,394,3
234,216,3
235,288,1
236,361,1
236,312,1
237,355,1
238,319,3
239,245,1
240,243,3
241,223,1
242,112,1
243,217,1
243,193,1
244,217,3
245,238,1
245,364,1
246,367,1
247,320,2
248,365,1
248,368,1
249,190,1
250,212,1
250,257,1
251,369,1
252,220,2
253,278,1
253,130,1
254,143,1
254,287,1
254,368,1
255,393,3
256,228,2
257,157,1
258,373,1
258,105,1
258,127,1
259,351,1
260,123,2
261,181,1
262,217,1
262,287,1
262,366,1
263,389,1
264,172,3
265,310,3
266,266,1
267,280,1
268,243,3
269,277,3
270,234,1
271,173,1
272,184,1
273,267,1
274,294,1
275,399,1
275,216,1
275,361,1
276,220,2
277,225,1
278,262,1
279,111,1
279,210,1
280,372,1
281,317,1
281,140,1
282,381,1
283,207,3
284,261,1
285,171,1
285,284,1
285,108,1
286,326,1
287,151,3
288,285,1
288,145,1
288,331,1
289,173,1
290,261,1
291,109,2
292,277,1
292,263,1
293,236,1
293,310,1
294,215,1
295,285,1
296,130,1
296,183,1
297,266,3
298,348,1
299,247,3
300,369,2
301,303,1
301,209,1
301,145,1
302,202,1
303,200,1
304,189,1
305,286,2
306,116,1
307,206,1
307,102,1
307,301,1
308,346,1
308,104,1
309,243,2
310,373,1
311,307,1
312,303,3
313,141,1
313,234,1
313,287,1
314,296,2
315,343,1
315,387,1
316,330,1
316,268,1
317,222,1
318,221,1
318,246,1
319,380,1
319,318,1
319,347,1
320,103,1
320,151,1
320,346,1
321,243,1
322,204,1
322,159,1
323,319,2
324,327,3
325,141,1
325,362,1
326,169,1
326,368,1
326,160,1
327,275,1
328,358,1
328,261,1
328,337,1
329,352,2
330,151,1
330,135,1
330,378,1
331,342,1
331,163,1
331,249,1
332,364,1
332,167,1
333,227,3
334,168,1
335,330,1
335,295,1
336,340,1
337,385,1
337,254,1
338,266,1
338,223,1
339,225,3
340,399,1
340,161,1
340,245,1
341,146,1
341,154,1
342,138,1
342,241,1
342,277,1
343,327,1
344,292,1
344,115,1
344,307,1
345,151,2
346,214,2
347,101,2
348,329,3
349,254,1
349,312,1
349,369,1
350,279,1
350,344,1
350,131,1
351,102,2
352,224,1
352,344,1
353,308,1
353,198,1
353,265,1
354,103,1
355,153,1
355,390,1
355,325,1
356,127,1
357,157,1
358,370,1
359,125,3
360,369,1
361,200,1
362,239,2
363,230,2
364,321,1
364,267,1
365,205,1
365,124,1
365,133,1
366,164,2
367,360,1
368,220,1
368,256,1
368,293,1
369,120,3
370,337,1
370,118,1
371,249,1
372,172,1
372,113,1
373,396,1
373,215,1
373,287,1
374,191,1
374,132,1
375,257,1
376,294,2
377,118,1
377,350,1
378,188,3
379,158,1
380,394,2
381,264,2
382,167,2
383,159,3
384,297,1
384,172,1
385,196,1
386,332,3
387,396,3
388,114,1
388,339,1
389,293,1
389,346,1
389,282,1
390,358,1
391,286,2
392,274,1
392,189,1
392,371,1
393,150,2
394,310,1
395,364,1
395,302,1
396,122,2
397,294,1
397,298,1
398,311,1
398,329,1
399,203,3
400,135,1
401,336,2
402,202,2
403,277,1
404,181,1
405,134,1
405,156,1
405,101,1
406,122,1
407,163,3
408,195,3
409,365,1
410,121,1
411,192,2
412,187,1
413,243,2
414,339,1
415,143,1
415,176,1
416,242,1
416,225,1
416,220,1
417,308,1
417,346,1
417,127,1
418,359,2
419,106,1
420,158,1
421,264,1
421,271,1
421,254,1
422,116,2
423,101,1
423,309,1
423,340,1
424,180,1
425,392,1
425,211,1
425,293,1
426,135,1
427,125,1
427,244,1
428,294,1
428,381,1
429,399,3
430,322,1
430,229,1
430,384,1
431,112,1
431,176,1
431,206,1
432,214,1
433,316,1
434,230,1
435,255,1
436,237,1
436,160,1
437,162,1
438,206,3
439,209,1
439,207,1
439,179,1
440,316,1
441,188,1
442,193,1
443,255,2
444,170,2
445,181,1
445,267,1
446,121,3
447,132,1
447,182,1
447,322,1
448,288,2
449,248,3
450,293,3
451,128,1
451,389,1
452,259,3
453,103,1
453,346,1
453,241,1
454,147,1
454,145,1
454,264,1
455,346,3
456,222,3
457,374,1
458,186,1
458,269,1
459,335,1
459,383,1
460,126,1
460,294,1
460,292,1
461,183,1
461,286,1
462,319,3
463,223,3
464,374,1
464,129,1
464,191,1
465,196,1
466,231,1
467,195,1
468,241,1
468,156,1
469,252,2
470,361,1
471,367,1
471,395,1
471,389,1
472,175,1
472,139,1
473,118,1
473,252,1
473,385,1
474,392,2
475,278,1
476,280,1
476,371,1
476,251,1
477,382,1
477,353,1
478,307,1
479,112,1
480,299,1
481,364,1
481,229,1
482,210,2
483,207,1
484,189,1
484,249,1
484,390,1
485,312,3
486,209,1
487,264,3
488,241,1
489,145,3
490,130,1
490,352,1
491,168,3
492,242,1
493,183,1
494,275,1
494,160,1
495,331,1
495,394,1
496,370,1
497,328,1
497,291,1
497,199,1
498,270,1
498,199,1
499,346,1
500,391,1
500,121,1
501,172,1
501,101,1
501,345,1
502,301,1
503,399,1
504,371,1
504,310,1
505,273,1
506,109,3
507,198,3
508,186,1
508,273,1
508,173,1
509,165,1
509,333,1
510,163,1
510,252,1
511,222,1
512,304,1
512,263,1
513,137,3
514,147,1
515,129,1
516,306,1
516,363,1
516,264,1
517,110,3
518,143,2
519,104,1
519,260,1
520,110,1
520,179,1
520,135,1
521,294,1
522,112,1
522,155,1
523,238,1
524,143,1
525,263,1
525,156,1
526,327,1
527,288,1
528,313,3
529,383,1
530,207,3
531,103,1
532,281,3
533,192,1
534,117,1
535,269,1
535,247,1
535,307,1
536,152,1
537,289,1
538,339,1
538,126,1
538,327,1
539,170,1
539,145,1
540,240,1
541,240,1
541,153,1
542,359,1
542,162,1
543,346,2
544,325,1
544,114,1
545,159,3
546,393,2
547,259,1
548,223,1
549,314,1
550,102,1
551,377,1
551,107,1
552,229,2
553,338,1
554,386,1
555,236,1
555,376,1
555,143,1
556,207,3
557,352,1
558,399,2
559,324,2
560,324,1
560,219,1
561,379,2
562,199,1
562,231,1
563,339,1
563,249,1
564,159,1
564,269,1
564,184,1
565,264,2
566,184,1
567,143,1
568,292,1
568,170,1
569,305,1
570,240,1
571,197,3
572,324,2
573,123,1
574,221,1
575,144,1
575,118,1
576,250,1
576,353,1
577,388,1
577,300,1
577,161,1
578,300,2
579,346,3
580,336,3
581,383,3
582,278,2
583,152,1
584,187,1
584,398,1
585,248,1
585,284,1
586,357,1
587,260,2
588,354,1
589,326,1
590,307,1
590,151,1
590,150,1
591,258,3
592,327,3
593,334,1
593,285,1
594,101,1
595,139,1
596,210,1
597,221,2
598,317,3
599,222,1
600,144,1
601,331,1
602,374,3
603,300,1
603,384,1
603,323,1
604,133,1
605,131,3
606,101,3
607,142,3
608,132,1
609,111,2
610,268,1
610,389,1
611,237,1
611,257,1
611,361,1
612,125,1
613,158,1
613,104,1
614,242,1
614,351,1
615,196,1
615,240,1
616,396,1
616,266,1
617,226,3
618,302,1
618,111,1
618,114,1
619,173,1
619,326,1
620,313,3
621,282,1
622,264,1
622,355,1
623,335,3
624,209,2
625,363,2
626,349,1
626,116,1
627,209,1
628,252,1
628,389,1
628,311,1
629,326,1
629,313,1
629,130,1
630,210,3
631,326,3
632,191,1
633,297,3
634,278,1
635,360,2
636,354,1
636,232,1
636,289,1
637,365,1
638,172,2
639,147,1
640,113,3
641,247,1
642,134,1
643,315,1
643,382,1
644,224,2
645,216,2
646,184,1
646,179,1
646,187,1
647,257,1
647,168,1
647,341,1
648,351,1
648,163,1
648,123,1
649,175,1
649,175,1
650,400,1
650,262,1
651,278,1
652,290,1
652,196,1
652,300,1
653,154,3
654,354,1
654,256,1
655,146,2
656,253,3
657,323,1
657,160,1
657,323,1
658,125,1
659,284,1
660,101,1
661,321,1
662,164,1
663,362,1
664,381,1
664,108,1
665,227,3
666,230,1
667,311,1
668,326,2
669,156,3
670,196,1
671,159,1
671,156,1
671,331,1
672,382,1
673,327,2
674,165,2
675,140,1
675,172,1
676,359,2
677,280,3
678,400,3
679,202,2
680,338,3
681,345,1
681,278,1
681,196,1
682,307,1
683,147,1
683,259,1
683,124,1
684,176,1
684,210,1
685,222,1
686,380,1
686,264,1
687,125,1
687,358,1
688,172,1
689,254,1
690,150,1
691,323,1
691,371,1
692,299,3
693,135,1
693,301,1
693,399,1
694,392,3
695,352,1
695,318,1
695,164,1
696,397,1
696,282,1
697,396,2
698,221,1
698,394,1
698,248,1
699,149,1
699,291,1
699,286,1
700,167,1
701,297,3
702,230,3
703,103,1
704,240,1
705,121,1
705,101,1
705,319,1
706,376,1
707,321,1
708,264,3
709,277,1
710,248,1
711,383,3
712,262,1
712,170,1
712,134,1
713,322,1
714,344,1
715,354,1
715,334,1
715,136,1
716,117,1
716,323,1
717,271,1
718,189,1
718,200,1
719,248,1
719,327,1
719,155,1
720,270,1
721,360,1
722,298,1
722,337,1
722,105,1
723,320,2
724,127,2
725,109,3
726,288,1
726,314,1
726,268,1
727,154,1
727,112,1
728,323,2
729,112,1
729,106,1
730,132,1
730,184,1
730,107,1
731,145,1
732,239,1
732,253,1
733,342,3
734,308,2
735,126,1
735,104,1
736,157,1
736,244,1
737,372,1
737,263,1
738,353,1
739,258,1
739,114,1
739,298,1
740,159,1
741,108,3
742,331,1
743,173,1
743,341,1
743,234,1
744,399,1
745,113,3
746,179,1
747,215,1
747,337,1
747,376,1
748,306,1
749,136,1
749,208,1
750,318,1
751,122,1
752,281,1
752,197,1
753,129,1
754,181,2
755,233,1
755,239,1
755,230,1
756,136,1
756,154,1
756,332,1
757,358,1
757,337,1
757,365,1
758,294,2
759,198,1
760,102,1
760,120,1
761,178,2
762,204,1
763,197,3
764,360,3
765,360,1
766,101,1
767,348,2
768,354,1
769,239,1
770,337,1
770,200,1
771,374,2
772,156,1
772,273,1
772,156,1
773,270,1
773,142,1
773,142,1
774,284,1
774,191,1
774,223,1
775,363,3
776,329,1
777,141,3
778,309,1
778,138,1
779,319,1
779,331,1
779,118,1
780,140,1
781,287,2
782,264,1
782,278,1
783,395,3
784,305,1
785,219,1
786,115,3
787,280,1
787,296,1
788,273,1
789,145,1
789,329,1
790,290,3
791,113,1
792,296,2
793,221,1
793,281,1
793,195,1
794,131,1
795,154,1
795,353,1
795,272,1
796,134,3
797,321,2
798,287,1
798,199,1
798,234,1
799,169,2
800,212,1
801,329,1
801,270,1
802,246,1
802,182,1
803,283,1
804,167,1
804,102,1
805,319,3
806,220,1
807,117,1
807,190,1
808,341,1
809,327,2
810,300,1
811,208,1
812,366,1
812,124,1
812,379,1
813,228,1
814,330,1
815,274,3
816,202,1
816,212,1
816,231,1
817,213,2
818,288,1
819,382,1
820,221,1
821,259,1
821,260,1
821,293,1
822,195,1
822,201,1
823,363,1
823,335,1
824,179,1
824,288,1
825,299,2
826,191,3
827,400,1
827,187,1
828,323,3
829,379,3
830,219,1
831,126,1
832,121,3
833,211,1
833,272,1
834,123,1
835,245,1
836,305,3
837,356,1
838,163,3
839,236,1
840,145,3
841,252,1
841,250,1
841,394,1
842,210,3
843,158,1
844,280,1
845,339,1
846,283,3
847,329,1
848,308,1
849,190,2
850,340,1
851,309,1
851,133,1
852,377,1
852,374,1
853,103,1
853,385,1
853,232,1
854,384,1
855,176,1
855,368,1
855,345,1
856,263,1
856,317,1
856,330,1
857,300,3
858,370,1
858,155,1
859,132,1
859,222,1
860,105,3
861,334,3
862,191,1
863,111,2
864,316,2
865,111,3
866,290,1
866,204,1
867,189,3
868,171,1
869,390,2
870,193,1
871,299,1
872,388,1
873,388,1
873,153,1
873,379,1
874,167,3
875,271,2
876,367,3
877,359,1
878,353,1
878,337,1
878,186,1
879,108,3
880,186,3
881,212,2
882,203,1
883,140,1
883,318,1
884,286,1
884,146,1
885,114,3
886,184,1
886,171,1
887,158,1
888,251,1
889,193,2
890,167,1
890,375,1
890,121,1
891,160,1
892,361,1
892,154,1
892,153,1
893,339,1
894,145,1
894,232,1
895,245,3
896,319,2
897,213,2
898,260,1
899,181,1
900,229,2
901,338,3
902,254,2
903,275,1
904,193,1
904,189,1
904,105,1
905,108,1
905,271,1
906,188,1
906,234,1
906,288,1
907,249,1
907,192,1
907,131,1
908,370,1
909,362,1
910,254,1
910,225,1
910,379,1
911,262,1
912,329,1
912,226,1
913,209,2
914,189,2
915,375,3
916,281,1
917,345,1
918,304,1
919,307,2
920,175,1
920,295,1
921,141,1
922,381,2
923,375,1
924,339,1
925,244,1
926,375,3
927,306,1
927,153,1
928,331,1
928,379,1
929,121,1
930,312,1
931,314,1
932,194,1
932,171,1
933,395,1
934,231,3
935,154,1
935,229,1
935,388,1
936,388,2
937,334,1
937,197,1
938,329,1
939,343,1
940,242,1
941,164,1
941,353,1
942,260,1
942,144,1
943,203,2
944,167,1
945,307,1
946,165,1
946,137,1
947,315,1
948,158,1
949,105,2
950,167,1
951,349,1
952,162,1
953,209,1
954,211,1
955,128,1
955,328,1
956,362,1
956,198,1
957,233,1
957,301,1
957,106,1
958,145,1
958,256,1
958,314,1
959,315,1
959,295,1
959,139,1
960,323,3
961,265,1
962,229,1
963,175,1
963,187,1
964,244,3
965,372,1
966,222,2
967,258,2
968,311,2
969,127,1
969,293,1
969,399,1
970,278,1
970,381,1
971,302,1
971,201,1
971,183,1
972,297,1
973,314,1
973,301,1
974,149,1
974,216,1
974,308,1
975,286,1
975,223,1
975,313,1
976,334,1
976,219,1
977,114,2
978,342,1
979,251,1
980,104,1
981,236,1
982,187,1
982,194,1
982,157,1
983,158,1
983,291,1
983,313,1
984,205,1
985,285,1
986,144,1
987,396,1
988,112,1
988,193,1
988,377,1
989,378,1
990,194,2
991,333,1
992,173,1
993,196,2
994,141,1
995,239,1
995,300,1
996,338,1
997,255,1
998,242,1
998,337,1
998,171,1
999,396,1
999,381,1
999,247,1
1000,331,3
1001,143,3
1002,119,1
1002,118,1
1003,189,1
1003,365,1
1004,125,1
1004,258,1
1005,216,1
1005,211,1
1005,155,1
1006,286,1
1006,182,1
1007,174,1
1008,250,1
1008,327,1
1008,258,1
1009,308,1
1009,135,1
1009,279,1
1010,154,1
1011,177,1
1011,390,1
1012,363,2
1013,317,1
1014,343,2
1015,330,1
1015,393,1
1015,213,1
1016,155,1
1016,310,1
1017,142,3
1018,159,1
1018,311,1
1018,111,1
1019,150,2
1020,214,2
1021,186,3
1022,238,1
1022,155,1
1023,157,1
1023,153,1
1023,248,1
1024,114,3
1025,380,2
1026,289,3
1027,160,1
1027,362,1
1028,381,1
1029,281,1
1029,144,1
1029,230,1
1030,113,3
1031,182,1
1031,216,1
1031,336,1
1032,229,3
1033,332,1
1033,341,1
1033,218,1
1034,329,2
1035,183,1
1035,301,1
1035,239,1
1036,261,2
1037,171,1
1038,366,1
1038,393,1
1038,153,1
1039,262,1
1040,214,2
1041,117,1
1041,348,1
1042,384,1
1043,273,1
1044,321,1
1044,336,1
1045,129,1
1046,160,2
1047,102,1
1047,128,1
1048,370,1
1049,131,1
1049,323,1
1049,235,1
1050,175,1
1051,194,1
1052,215,2
1053,158,3
1054,164,1
1055,201,1
1056,228,1
1057,352,3
1058,109,1
1059,293,1
1060,258,1
1060,387,1
1060,371,1
1061,374,1
1061,132,1
1061,355,1
1062,201,3
1063,388,3
1064,334,1
1065,324,2
1066,206,2
1067,265,1
1068,231,3
1069,348,1
1070,365,1
1071,188,2
1072,392,1
1072,104,1
1073,120,1
1074,181,3
1075,350,2
1076,370,2
1077,234,1
1077,337,1
1077,283,1
1078,298,1
1079,158,1
1080,347,2
1081,159,2
1082,359,2
1083,393,3
1084,228,1
1084,136,1
1085,376,1
1086,227,1
1087,177,1
1087,313,1
1087,329,1
1088,264,1
1088,298,1
1089,323,1
1089,378,1
1090,106,1
1090,328,1
1090,167,1
1091,296,1
1092,341,1
1093,179,1
1093,232,1
1094,388,1
1095,273,1
1095,103,1
1096,356,1
1097,331,2
1098,254,2
1099,191,1
1099,189,1
1100,346,1
1100,205,1
1101,306,3
1102,196,2
1103,120,1
1103,399,1
1103,353,1
1104,301,1
1105,158,1
1105,344,1
1106,375,1
1106,333,1
1107,376,3
1108,348,1
1108,222,1
1109,400,1
1109,293,1
1109,143,1
1110,283,1
1111,294,2
1112,310,3
1113,262,1
1113,320,1
1114,254,1
1115,212,3
1116,326,3
1117,162,1
1117,157,1
1118,385,1
1119,146,2
1120,160,1
1121,295,1
1122,280,1
1123,194,1
1123,365,1
1123,242,1
1124,219,1
1124,275,1
1124,112,1
1125,240,1
1125,390,1
1126,193,1
1126,221,1
1127,259,3
1128,338,1
1128,240,1
1128,125,1
1129,206,1
1129,172,1
1129,225,1
1130,149,1
1130,134,1
1130,239,1
1131,196,1
1132,319,2
1133,397,1
1133,357,1
1134,310,1
1134,256,1
1134,330,1
1135,156,1
1136,400,1
1136,307,1
1136,108,1
1137,203,1
1138,361,1
1138,267,1
1138,381,1
1139,259,3
1140,110,1
1140,235,1
1141,120,1
1141,212,1
1141,342,1
1142,139,1
1143,206,1
1143,289,1
1143,221,1
1144,120,1
1144,310,1
1144,375,1
1145,324,2
1146,261,1
1146,235,1
1146,163,1
1147,319,3
1148,345,3
1149,114,1
1149,292,1
1150,326,3
1151,144,1
1152,294,3
1153,295,1
1153,385,1
1153,299,1
1154,322,3
1155,363,1
1156,102,1
1157,220,1
1157,210,1
1157,170,1
1158,210,1
1159,306,1
1159,114,1
1160,394,1
1161,246,2
1162,249,3
1163,377,1
1163,324,1
1163,190,1
1164,312,3
1165,214,1
1166,260,1
1166,102,1
1166,363,1
1167,395,1
1167,116,1
1167,323,1
1168,262,3
1169,214,1
1170,156,1
1170,304,1
1170,154,1
1171,392,2
1172,198,1
1173,139,1
1174,310,1
1175,168,3
1176,163,2
1177,191,2
1178,118,1
1179,287,3
1180,157,3
1181,118,1
1182,290,1
1183,183,1
1184,275,1
1184,281,1
1185,362,1
1185,370,1
1186,240,1
1186,277,1
1187,110,1
1187,198,1
1187,388,1
1188,212,1
1189,332,1
1189,289,1
1189,214,1
1190,225,3
1191,339,1
1192,209,1
1192,309,1
1193,272,1
1193,337,1
1193,274,1
1194,124,1
1195,114,1
1195,293,1
1196,108,3
1197,218,1
1198,394,2
1199,259,1
1200,110,1
1201,252,2
1202,350,1
1203,361,1
1203,113,1
1204,344,1
1204,267,1
1204,290,1
1205,261,1
1206,204,2
1207,210,1
1207,294,1
1207,309,1
1208,211,1
1209,294,1
1210,261,2
1211,376,2
1212,135,1
1212,253,1
1213,271,1
1214,246,3
1215,154,1
1216,302,3
1217,246,3
1218,214,2
1219,230,3
1220,361,1
1221,180,2
1222,313,1
1222,275,1
1223,186,1
1224,197,3
1225,314,1
1225,135,1
1225,333,1
1226,346,1
1226,275,1
1227,356,1
1227,146,1
1228,345,1
1229,147,3
1230,150,1
1231,262,1
1232,112,2
1233,126,3
1234,176,1
1234,367,1
1235,206,1
1236,127,1
1236,205,1
1237,346,1
1238,364,2
1239,254,2
1240,293,1
1240,159,1
1240,330,1
1241,181,1
1241,211,1
1241,397,1
1242,339,1
1243,196,1
1244,377,2
1245,315,2
1246,336,3
1247,175,1
1247,149,1
1247,238,1
1248,288,1
1248,340,1
1249,176,1
1249,149,1
1250,136,1
1251,127,3
1252,166,1
1253,143,1
1254,395,2
1255,367,1
1256,262,3
1257,372,3
1258,231,1
1258,122,1
1259,118,1
1259,331,1
1260,153,2
1261,360,2
1262,287,1
1263,290,1
1264,370,2
1265,208,1
1265,368,1
1266,243,1
1267,157,2
1268,288,1
1268,253,1
1269,299,1
1270,111,2
1271,291,1
1272,288,1
1273,393,1
1274,342,1
1275,223,1
1276,161,1
1277,166,1
1277,336,1
1277,275,1
1278,115,1
1279,106,3
1280,205,1
1281,357,1
1281,325,1
1282,216,2
1283,354,1
1284,335,1
1285,286,1
1285,152,1
1286,197,1
1286,212,1
1287,111,1
1287,232,1
1288,226,3
1289,277,1
1290,198,3
1291,229,1
1292,357,3
1293,364,1
1293,359,1
1294,109,2
1295,360,1
1296,280,1
1296,255,1
1297,111,3
1298,170,3
1299,314,1
1299,305,1
1299,310,1
1300,139,1
1301,341,2
1302,198,1
1302,149,1
1302,293,1
1303,323,1
1303,381,1
1303,339,1
1304,171,2
1305,349,2
1306,242,3
1307,289,1
1308,115,1
1309,147,1
1310,214,1
1311,338,1
1311,157,1
1312,229,1
1312,391,1
1312,215,1
1313,281,1
1313,362,1
1314,165,1
1315,380,1
1316,116,1
1316,212,1
1317,183,2
1318,356,1
1318,352,1
1319,154,1
1319,155,1
1320,281,3
1321,306,1
1321,377,1
1321,108,1
1322,128,1
1322,190,1
1323,373,1
1324,158,1
1325,269,1
1326,311,3
1327,289,1
1328,247,1
1328,255,1
1329,204,3
1330,362,1
1330,329,1
1330,157,1
1331,192,1
1332,374,1
1333,366,1
1333,358,1
1334,358,2
1335,254,1
1336,260,1
1337,379,3
1338,252,1
1339,332,1
1340,394,3
1341,204,2
1342,353,1
1342,228,1
1343,171,1
1343,237,1
1344,376,3
1345,249,1
1345,241,1
1346,262,1
1346,105,1
1347,219,3
1348,398,1
1349,224,3
1350,140,1
1350,263,1
1351,131,1
1352,108,1
1353,182,2
1354,356,1
1354,217,1
1355,336,1
1355,338,1
1356,400,1
1356,189,1
1356,258,1
1357,259,1
1357,128,1
1358,236,3
1359,181,2
1360,288,1
1360,119,1
1361,257,1
1361,135,1
1362,134,2
1363,238,2
1364,387,3
1365,163,1
1366,389,1
1367,215,1
1367,398,1
1368,155,1
1368,124,1
1369,172,1
1370,288,1
1370,247,1
1370,185,1
1371,252,1
1372,177,1
1373,303,3
1374,389,1
1375,249,1
1376,385,2
1377,148,1
1378,294,1
1379,177,3
1380,359,2
1381,301,2
1382,328,1
1383,237,1
1384,317,1
1384,157,1
1385,204,3
1386,223,1
1386,287,1
1386,345,1
1387,188,1
1387,284,1
1388,225,2
1389,368,1
1389,123,1
1390,354,1
1391,125,1
1392,342,3
1393,250,1
1393,397,1
1394,224,1
1395,384,1
1396,370,3
1397,229,1
1397,193,1
1398,336,1
1398,323,1
1398,382,1
1399,152,2
1400,193,1
1401,330,1
1402,187,1
1402,145,1
1402,295,1
1403,195,2
1404,304,2
1405,154,1
1406,141,2
1407,206,1
1408,147,2
1409,330,3
1410,205,1
1411,156,3
1412,186,3
1413,310,1
1413,352,1
1414,173,1
1415,197,1
1415,280,1
1415,175,1
1416,236,1
1416,216,1
1416,224,1
1417,334,1
1418,154,1
1419,335,2
1420,141,1
1420,110,1
1421,338,2
1422,148,2
1423,207,1
1423,235,1
1424,152,1
1425,357,1
1425,264,1
1425,343,1
1426,258,2
1427,235,1
1427,163,1
1428,222,1
1429,134,1
1430,303,1
1431,237,3
1432,157,1
1432,163,1
1432,364,1
1433,111,1
1434,181,1
1434,388,1
1435,188,1
1435,231,1
1435,144,1
1436,116,3
1437,311,1
1437,349,1
1437,305,1
1438,312,1
1439,253,1
1439,147,1
1439,109,1
1440,275,1
1440,396,1
1441,124,1
1442,379,2
1443,136,2
1444,342,1
1445,175,1
1446,400,1
1447,182,1
1447,150,1
1447,224,1
1448,295,2
1449,258,1
1449,246,1
1450,110,1
1450,343,1
1451,244,1
1451,289,1
1451,256,1
1452,117,1
1452,295,1
1453,225,2
1454,360,1
1454,156,1
1454,386,1
1455,123,1
1456,234,3
1457,339,1
1458,123,3
1459,307,1
1459,249,1
1459,322,1
1460,274,1
1460,140,1
1460,211,1
1461,356,3
1462,179,3
1463,359,1
1463,133,1
1464,199,1
1464,331,1
1465,347,1
1466,263,3
1467,182,1
1468,375,1
1469,189,1
1469,375,1
1469,154,1
1470,146,1
1470,316,1
1470,225,1
1471,206,1
1471,126,1
1472,320,1
1473,363,1
1474,348,1
1474,167,1
1475,286,1
1475,170,1
1476,287,3
1477,217,1
1478,103,1
1478,117,1
1479,288,2
1480,287,1
1480,206,1
1481,154,1
1481,305,1
1482,175,1
1482,243,1
1483,132,1
1483,275,1
1483,158,1
1484,226,2
1485,222,1
1486,392,2
1487,395,3
1488,206,1
1488,118,1
1489,283,1
1489,241,1
1489,317,1
1490,196,1
1491,239,1
1492,369,1
1493,159,1
1493,141,1
1493,362,1
1494,203,2
1495,392,1
1495,124,1
1495,197,1
1496,126,1
1496,280,1
1496,200,1
1497,187,1
1498,124,3
1499,124,1
1499,134,1
1500,316,1
1501,360,1
1501,384,1
1501,337,1
1502,234,3
1503,132,2
1504,352,1
1505,278,1
1506,274,1
1507,275,1
1508,280,1
1508,285,1
1508,201,1
1509,193,2
1510,393,1
1511,394,1
1512,395,3
1513,121,3
1514,206,3
1515,382,1
1516,213,1
1516,240,1
1516,106,1
1517,154,1
1518,263,2
1519,184,2
1520,325,3
1521,305,1
1521,308,1
1521,340,1
1522,400,1
1522,188,1
1523,349,1
1523,356,1
1524,381,1
1524,135,1
1524,275,1
1525,148,1
1526,387,1
1527,209,2
1528,211,1
1528,237,1
1529,133,1
1530,326,1
1531,169,1
1531,143,1
1531,269,1
1532,332,1
1532,124,1
1532,334,1
1533,222,1
1533,101,1
1534,167,1
1534,334,1
1534,110,1
1535,251,1
1536,159,1
1537,363,1
1538,364,1
1539,154,2
1540,316,1
1541,239,3
1542,278,1
1543,330,1
1544,309,3
1545,118,1
1545,255,1
1546,253,1
1547,240,3
1548,246,1
1549,133,3
1550,184,1
1551,127,1
1552,114,2
1553,346,1
1553,175,1
1554,195,2
1555,113,1
1556,354,1
1556,260,1
1556,299,1
1557,237,1
1558,325,3
1559,386,1
1559,394,1
1559,122,1
1560,304,1
1560,233,1
1561,334,1
1562,159,1
1562,318,1
1563,333,2
1564,228,1
1565,298,1
1565,266,1
1566,228,1
1566,399,1
1567,270,2
1568,196,1
1569,248,2
1570,242,1
1570,346,1
1571,315,3
1572,173,3
1573,136,1
1573,279,1
1574,153,1
1574,368,1
1575,226,1
1576,245,1
1576,202,1
1577,159,1
1577,239,1
1577,120,1
1578,352,3
1579,349,1
1580,272,1
1580,103,1
1581,110,1
1582,308,1
1582,168,1
1583,359,1
1584,224,2
1585,110,1
1585,332,1
1586,247,2
1587,135,3
1588,224,1
1588,399,1
1588,269,1
1589,262,1
1590,172,1
1590,185,1
1591,325,3
1592,191,1
1592,217,1
1592,212,1
1593,247,2
1594,214,1
1595,145,1
1595,280,1
1595,308,1
1596,304,1
1597,368,3
1598,352,1
1598,172,1
1599,383,1
1600,337,1
1601,212,1
1602,292,1
1603,166,1
1604,387,1
1604,349,1
1604,388,1
1605,355,1
1606,356,1
1606,190,1
1606,129,1
1607,362,1
1608,143,1
1609,353,1
1609,306,1
1610,279,1
1611,140,1
1611,152,1
1612,359,1
1613,105,1
1613,189,1
1614,335,1
1615,266,1
1615,283,1
1615,386,1
1616,292,1
1617,197,2
1618,360,1
1618,175,1
1618,318,1
1619,352,1
1620,321,1
1620,327,1
1620,330,1
1621,167,1
1621,123,1
1621,391,1
1622,323,2
1623,260,2
1624,116,1
1624,391,1
1625,184,1
1625,160,1
1625,256,1
1626,190,1
1627,233,1
1627,315,1
1627,323,1
1628,115,3
1629,338,1
1629,283,1
1630,183,3
1631,250,1
1632,383,3
1633,116,3
1634,221,1
1634,110,1
1634,126,1
1635,330,1
1636,246,1
1636,356,1
1637,356,3
1638,361,1
1639,376,1
1640,367,3
1641,203,1
1641,251,1
1642,316,2
1643,145,1
1643,273,1
1643,264,1
1644,108,3
1645,188,1
1646,283,1
1646,161,1
1647,122,1
1648,120,1
1649,150,1
1650,278,1
1650,343,1
1651,225,3
1652,331,3
1653,357,1
1653,207,1
1653,301,1
1654,175,1
1654,162,1
1654,321,1
1655,248,1
1656,266,1
1656,180,1
1657,310,1
1657,293,1
1657,319,1
1658,235,1
1658,330,1
1659,183,1
1659,130,1
1659,340,1
1660,276,1
1661,353,1
1662,318,2
1663,351,2
1664,396,1
1665,272,1
1665,239,1
1665,175,1
1666,284,1
1666,380,1
1667,315,1
1668,397,1
1669,318,3
1670,247,1
1671,266,1
1672,119,1
1673,128,1
1673,194,1
1673,159,1
1674,132,1
1674,227,1
1675,228,3
1676,382,1
1676,303,1
1677,385,1
1678,365,2
1679,317,2
1680,154,1
1680,194,1
1681,306,3
1682,356,1
1683,335,1
1683,303,1
1684,392,1
1684,337,1
1684,376,1
1685,165,1
1686,348,2
1687,326,1
1687,304,1
1688,143,1
1688,381,1
1688,134,1
1689,365,1
1689,142,1
1690,198,1
1691,306,1
1691,169,1
1691,154,1
1692,323,1
1692,240,1
1693,186,1
1694,174,1
1694,311,1
1694,204,1
1695,267,1
1695,312,1
1695,376,1
1696,180,3
1697,131,1
1698,262,1
1698,322,1
1699,342,1
1700,215,1
1700,136,1
1701,319,1
1702,164,1
1702,327,1
1703,175,1
1704,271,1
1704,189,1
1705,212,1
1705,314,1
1705,305,1
1706,258,1
1707,248,3
1708,384,3
1709,282,1
1709,360,1
1710,366,3
1711,346,3
1712,191,1
1713,382,3
1714,131,1
1714,279,1
1714,322,1
1715,317,1
1715,285,1
1716,355,1
1717,159,1
1717,385,1
1717,147,1
1718,209,3
1719,246,1
1719,307,1
1720,308,2
1721,343,1
1722,217,3
1723,205,1
1724,383,3
1725,194,1
1725,313,1
1726,219,2
1727,398,1
1727,247,1
1728,225,1
1728,196,1
1728,233,1
1729,307,1
1730,178,1
1730,387,1
1731,288,2
1732,223,1
1732,362,1
1732,103,1
1733,127,3
1734,288,1
1735,104,1
1736,217,1
1737,305,1
1737,149,1
1738,395,2
1739,238,1
1740,362,1
1740,321,1
1740,232,1
1741,271,2
1742,359,2
1743,103,3
1744,228,1
1745,171,2
1746,107,1
1747,386,1
1747,226,1
1747,282,1
1748,140,1
1749,149,1
1750,234,2
1751,130,2
1752,307,1
1753,166,2
1754,260,1
1754,368,1
1755,392,1
1756,337,2
1757,232,1
1758,298,3
1759,205,3
1760,203,1
1761,213,1
1761,185,1
1762,161,1
1762,295,1
1763,378,1
1763,358,1
1763,137,1
1764,250,1
1765,365,3
1766,336,1
1766,134,1
1766,232,1
1767,372,3
1768,135,2
1769,106,1
1769,146,1
1770,291,1
1770,389,1
1770,187,1
1771,137,2
1772,345,1
1772,163,1
1772,226,1
1773,208,2
1774,395,1
1774,155,1
1775,121,3
1776,391,3
1777,398,1
1777,141,1
1777,310,1
1778,395,3
1779,396,2
1780,335,3
1781,394,2
1782,331,1
1782,173,1
1783,184,1
1783,355,1
1784,249,1
1785,308,1
1786,109,3
1787,138,3
1788,321,1
1788,151,1
1788,189,1
1789,351,2
1790,214,1
1791,153,1
1792,270,3
1793,265,1
1794,290,1
1795,151,2
1796,108,2
1797,370,1
1797,320,1
1798,399,1
1799,118,3
1800,108,1
1801,274,3
1802,112,1
1802,285,1
1803,393,3
1804,335,1
1804,270,1
1804,364,1
1805,394,1
1806,254,3
1807,242,2
1808,315,1
1808,379,1
1808,250,1
1809,128,1
1810,119,2
1811,294,1
1811,244,1
1812,236,1
1812,398,1
1812,178,1
1813,208,1
1814,209,1
1815,235,2
1816,400,1
1817,275,1
1817,362,1
1817,374,1
1818,328,1
1818,323,1
1818,261,1
1819,163,1
1820,310,1
1821,343,1
1822,122,2
1823,124,1
1823,244,1
1823,232,1
1824,186,1
1825,119,3
1826,112,1
1827,258,3
1828,130,2
1829,305,1
1830,200,3
1831,264,1
1831,151,1
1831,320,1
1832,265,1
1833,396,1
1833,243,1
1833,334,1
1834,292,2
1835,362,1
1836,178,1
1837,108,1
1838,189,1
1839,280,1
1840,360,1
1841,192,1
1842,242,1
1843,321,2
1844,315,1
1844,251,1
1844,361,1
1845,317,1
1846,382,1
1847,226,1
1848,373,2
1849,264,2
1850,344,3
1851,395,2
1852,216,2
1853,338,3
1854,326,1
1855,355,1
1855,144,1
1856,239,1
1857,274,1
1857,204,1
1857,121,1
1858,276,3
1859,178,1
1859,386,1
1860,132,2
1861,164,1
1861,303,1
1861,106,1
1862,347,1
1863,102,1
1863,183,1
1863,148,1
1864,252,2
1865,252,3
1866,301,2
1867,234,2
1868,386,2
1869,240,1
1869,172,1
1870,101,2
1871,109,1
1871,132,1
1871,125,1
1872,326,1
1873,177,1
1874,137,3
1875,142,3
1876,296,3
1877,220,1
1878,264,1
1878,318,1
1878,378,1
1879,216,1
1880,220,1
1880,256,1
1880,305,1
1881,102,1
1882,188,1
1882,372,1
1882,226,1
1883,279,1
1883,382,1
1884,192,1
1884,272,1
1885,318,1
1886,236,1
1887,144,2
1888,392,3
1889,223,1
1890,318,3
1891,384,1
1891,399,1
1891,349,1
1892,260,1
1893,313,1
1894,330,3
1895,238,1
1896,392,1
1897,386,1
1898,236,3
1899,383,1
1899,213,1
1900,216,2
1901,159,1
1902,328,2
1903,396,2
1904,103,3
1905,103,3
1906,175,3
1907,272,2
1908,188,1
1909,258,2
1910,175,1
1911,347,2
1912,104,3
1913,385,1
1914,190,1
1915,253,2
1916,400,1
1916,329,1
1917,236,1
1918,174,2
1919,353,1
1919,378,1
1919,240,1
1920,302,1
1920,186,1
1920,371,1
1921,242,1
1921,355,1
1922,369,3
1923,202,1
1923,309,1
1924,289,1
1924,330,1
1924,209,1
1925,268,1
1925,314,1
1926,361,1
1927,160,2
1928,169,1
1928,144,1
1928,303,1
1929,182,1
1929,386,1
1930,385,1
1931,139,1
1932,149,3
1933,362,1
1934,290,1
1935,324,1
1936,121,1
1936,191,1
1937,141,1
1938,256,2
1939,181,1
1939,228,1
1940,249,2
1941,248,1
1941,158,1
1942,206,2
1943,279,2
1944,288,1
1944,251,1
1945,343,1
1945,138,1
1946,298,1
1947,195,3
1948,196,1
1948,125,1
1948,175,1
1949,187,2
1950,400,2
1951,327,1
1951,142,1
1951,223,1
1952,269,3
1953,229,2
1954,274,1
1954,384,1
1955,360,2
1956,120,1
1957,155,1
1958,186,1
1958,236,1
1958,388,1
1959,141,1
1959,199,1
1960,356,1
1960,219,1
1960,244,1
1961,321,3
1962,141,1
1963,106,1
1963,269,1
1963,135,1
1964,384,1
1964,282,1
1964,324,1
1965,152,1
1965,210,1
1966,222,1
1967,145,1
1967,381,1
1967,237,1
1968,126,2
1969,383,1
1969,278,1
1969,302,1
1970,302,1
1970,117,1
1970,376,1
1971,396,1
1971,337,1
1972,176,2
1973,148,2
1974,192,3
1975,219,1
1976,213,1
1976,380,1
1976,325,1
1977,235,3
1978,272,3
1979,249,1
1979,362,1
1980,131,1
1980,124,1
1981,380,1
1981,242,1
1982,117,3
1983,184,1
1983,379,1
1983,392,1
1984,126,1
1984,235,1
1985,296,1
1986,149,1
1986,356,1
1986,162,1
1987,304,1
1987,345,1
1988,186,1
1988,158,1
1989,264,1
1990,256,1
1990,151,1
1991,261,1
1991,334,1
1991,204,1
1992,294,2
1993,322,2
1994,213,1
1995,380,1
1995,374,1
1996,181,1
1997,329,1
1998,221,2
1999,392,1
2000,323,1
2001,107,1
2002,101,2
2003,101,1
2003,188,1
2004,327,1
2004,125,1
2004,288,1
2005,187,1
2006,175,1
2006,128,1
2006,176,1
2007,314,1
2007,124,1
2007,269,1
2008,238,3
2009,200,1
2009,207,1
2010,144,1
2011,148,3
2012,214,3
2013,331,1
2014,121,1
2015,301,1
2015,374,1
2016,129,1
2016,190,1
2017,125,1
2017,139,1
2017,138,1
2018,388,2
2019,102,1
2019,396,1
2019,107,1
2020,338,1
2021,362,2
2022,197,1
2023,400,3
2024,186,2
2025,341,1
2025,362,1
2025,336,1
2026,306,3
2027,137,1
2027,154,1
2028,186,1
2028,355,1
2029,311,3
2030,283,3
2031,285,2
2032,256,1
2032,283,1
2032,177,1
2033,251,3
2034,374,1
2034,253,1
2034,103,1
2035,383,1
2035,264,1
2036,378,1
2036,129,1
2036,118,1
2037,242,2
2038,300,1
2038,154,1
2038,377,1
2039,287,1
2040,164,1
2040,264,1
2040,317,1
2041,207,1
2041,371,1
2042,269,1
2042,328,1
2042,300,1
2043,389,3
2044,167,1
2044,284,1
2045,250,1
2045,332,1
2046,285,1
2047,121,1
2047,368,1
2048,303,1
2049,301,3
2050,161,2
2051,125,1
2052,388,2
2053,331,1
2053,308,1
2053,365,1
2054,336,1
2055,149,2
2056,292,1
2057,373,2
2058,301,1
2058,314,1
2059,134,1
2059,265,1
2059,273,1
2060,123,2
2061,171,3
2062,326,1
2062,373,1
2063,188,1
2063,121,1
2064,198,2
2065,349,2
2066,215,1
2066,167,1
2066,176,1
2067,262,1
2067,186,1
2068,275,1
2069,298,1
2070,334,1
2070,109,1
2071,351,2
2072,282,1
2072,223,1
2072,248,1
2073,160,1
2074,220,2
2075,193,1
2075,265,1
2075,325,1
2076,188,3
2077,122,1
2077,215,1
2078,239,1
2078,138,1
2079,399,1
2079,102,1
2079,391,1
2080,222,1
2080,389,1
2081,332,2
2082,298,3
2083,287,2
2084,259,1
2085,353,1
2085,198,1
2085,348,1
2086,165,1
2086,125,1
2087,318,1
2088,226,1
2089,400,1
2089,222,1
2089,178,1
2090,138,3
2091,368,1
2091,168,1
2091,348,1
2092,337,1
2092,199,1
2093,353,1
2093,114,1
2094,368,1
2094,254,1
2094,329,1
2095,228,1
2095,124,1
2095,233,1
2096,277,3
2097,107,1
2098,328,3
2099,114,3
2100,221,1
2101,246,1
2101,359,1
2102,345,1
2103,347,2
2104,153,2
2105,116,3
2106,367,2
2107,379,2
2108,364,1
2108,119,1
2109,308,3
2110,127,3
2111,210,3
2112,374,1
2113,250,1
2114,360,3
2115,302,1
2115,249,1
2115,352,1
2116,299,2
2117,216,1
2118,199,3
2119,151,1
2119,396,1
2119,366,1
2120,396,2
2121,115,1
2121,109,1
2121,167,1
2122,329,1
2123,298,1
2123,104,1
2124,122,1
2125,354,1
2126,282,1
2126,296,1
2126,372,1
2127,145,1
2128,333,1
2128,296,1
2129,298,2
2130,173,1
2130,238,1
2131,293,1
2132,270,1
2133,268,1
2134,392,1
2134,323,1
2134,112,1
2135,262,1
2136,279,1
2136,331,1
2137,248,1
2138,211,3
2139,184,1
2139,160,1
2140,384,1
2141,227,1
2141,374,1
2142,392,1
2142,134,1
2142,342,1
2143,287,1
2144,111,2
2145,219,1
2146,394,3
2147,388,3
2148,307,1
2148,395,1
2149,346,1
2150,209,1
2151,197,1
2152,327,1
2153,219,1
2153,242,1
2153,314,1
2154,237,1
2154,308,1
2154,137,1
2155,371,2
2156,350,1
2157,133,1
2157,302,1
2158,358,1
2159,354,1
2159,343,1
2160,217,1
2161,345,1
2161,124,1
2161,133,1
2162,326,1
2162,108,1
2163,339,1
2164,162,2
2165,245,1
2166,243,3
2167,348,1
2168,371,1
2168,122,1
2168,394,1
2169,371,1
2170,149,1
2171,242,1
2172,221,3
2173,162,1
2174,272,3
2175,183,2
2176,197,2
2177,388,2
2178,387,2
2179,174,1
2180,224,1
2181,207,2
2182,127,1
2182,126,1
2183,247,1
2184,210,2
2185,399,2
2186,165,1
2186,222,1
2186,225,1
2187,388,1
2188,281,1
2188,318,1
2189,178,1
2190,180,3
2191,234,1
2191,398,1
2191,343,1
2192,389,1
2192,230,1
2193,150,3
2194,114,1
2194,175,1
2194,304,1
2195,240,1
2196,330,1
2197,390,1
2197,160,1
2198,259,1
2198,172,1
2199,397,1
2200,295,2
2201,291,1
2202,277,1
2203,393,3
2204,212,2
2205,279,1
2206,337,1
2207,364,1
2208,230,2
2209,277,2
2210,303,1
2211,304,1
2212,167,2
2213,139,1
2214,261,1
2215,353,3
2216,369,1
2216,192,1
2217,199,1
2218,251,3
2219,192,2
2220,303,1
2220,119,1
2220,135,1
2221,283,2
2222,272,1
2222,193,1
2222,180,1
2223,149,3
2224,333,1
2224,147,1
2225,229,3
2226,285,3
2227,163,1
2228,381,2
2229,121,1
2229,181,1
2229,390,1
2230,400,1
2231,149,1
2231,107,1
2232,103,1
2232,215,1
2233,333,1
2234,172,2
2235,300,2
2236,383,1
2236,182,1
2236,332,1
2237,262,1
2237,382,1
2237,289,1
2238,178,2
2239,386,2
2240,242,1
2240,252,1
2240,266,1
2241,307,1
2242,286,3
2243,364,1
2244,289,1
2245,391,1
2246,349,1
2246,235,1
2246,167,1
2247,117,1
2247,153,1
2248,207,1
2248,381,1
2249,280,1
2250,123,1
2251,117,3
2252,187,3
2253,130,1
2254,354,3
2255,397,1
2255,257,1
2256,388,3
2257,106,1
2258,187,1
2259,344,2
2260,231,2
2261,357,2
2262,150,1
2263,169,2
2264,174,3
2265,111,2
2266,308,1
2267,102,3
2268,124,1
2268,157,1
2269,148,3
2270,285,1
2271,322,1
2272,296,3
2273,301,3
2274,223,1
2275,310,1
2275,269,1
2275,114,1
2276,301,2
2277,330,1
2277,137,1
2278,393,1
2278,356,1
2278,383,1
2279,107,2
2280,209,1
2281,285,3
2282,261,1
2282,362,1
2282,244,1
2283,232,1
2283,251,1
2283,244,1
2284,400,1
2284,167,1
2285,219,1
2286,361,1
2287,300,1
2287,159,1
2288,293,1
2289,362,1
2290,126,1
2290,124,1
2291,399,1
2292,375,3
2293,387,1
2294,373,1
2294,208,1
2295,149,1
2295,123,1
2295,301,1
2296,345,1
2297,217,1
2297,133,1
2297,226,1
2298,279,2
2299,155,3
2300,178,3
2301,114,1
2302,361,3
2303,115,1
2304,272,1
2305,189,2
2306,282,1
2306,394,1
2306,114,1
2307,213,1
2308,303,1
2308,114,1
2308,354,1
2309,279,1
2309,252,1
2309,218,1
2310,252,2
2311,179,2
2312,104,1
2312,327,1
2313,338,3
2314,229,1
2314,352,1
2315,215,1
2315,236,1
2315,115,1
2316,351,1
2316,125,1
2317,297,1
2317,160,1
2317,204,1
2318,183,3
2319,395,1
2320,292,1
2320,145,1
2321,163,3
2322,314,1
2322,394,1
2322,155,1
2323,378,1
2324,362,1
2325,222,1
2325,334,1
2326,344,1
2326,263,1
2327,227,2
2328,114,1
2329,183,1
2329,356,1
2330,164,1
2331,243,1
2331,238,1
2331,334,1
2332,111,1
2333,380,3
2334,343,1
2335,229,2
2336,343,2
2337,233,1
2337,349,1
2338,308,2
2339,319,1
2340,145,1
2341,302,3
2342,310,1
2343,313,1
2343,319,1
2344,154,1
2345,328,1
2346,392,1
2346,315,1
2347,285,1
2348,295,1
2349,273,1
2349,376,1
2349,171,1
2350,201,2
2351,266,1
2351,263,1
2352,261,2
2353,119,1
2354,349,3
2355,351,1
2355,312,1
2355,142,1
2356,257,2
2357,166,3
2358,192,1
2358,317,1
2359,169,1
2360,269,1
2361,282,2
2362,171,2
2363,344,3
2364,396,1
2364,346,1
2364,104,1
2365,180,1
2366,354,3
2367,221,1
2368,259,1
2369,226,3
2370,348,1
2370,299,1
2371,369,1
2372,227,1
2373,346,1
2374,299,1
2375,316,1
2376,184,1
2377,311,1
2378,276,2
2379,213,3
2380,353,1
2381,308,1
2382,297,1
2383,209,1
2383,338,1
2383,345,1
2384,180,2
2385,191,1
2386,207,1
2386,156,1
2387,125,1
2388,216,2
2389,222,1
2389,129,1
2390,151,3
2391,356,3
2392,262,3
2393,266,1
2394,349,2
2395,290,3
2396,141,1
2397,310,2
2398,333,1
2399,163,1
2400,126,2
2401,336,1
2401,261,1
2401,233,1
2402,368,1
2403,143,3
2404,259,1
2404,314,1
2404,133,1
2405,334,1
2406,117,1
2407,334,1
2408,125,2
2409,109,1
2410,328,3
2411,229,1
2412,180,2
2413,257,1
2413,165,1
2413,291,1
2414,221,1
2415,158,1
2415,343,1
2415,399,1
2416,170,1
2416,144,1
2416,349,1
2417,111,1
2418,194,3
2419,378,1
2419,150,1
2419,215,1
2420,383,1
2421,302,1
2422,202,1
2422,373,1
2422,349,1
2423,252,1
2424,193,3
2425,263,2
2426,356,1
2427,225,1
2427,268,1
2428,172,1
2428,384,1
2428,249,1
2429,273,1
2430,353,3
2431,254,1
2432,197,3
2433,150,1
2434,338,1
2435,361,3
2436,354,1
2437,196,1
2437,208,1
2437,190,1
2438,152,3
2439,126,1
2439,387,1
2439,284,1
2440,161,1
2441,106,2
2442,370,1
2443,250,1
2444,278,1
2444,150,1
2444,200,1
2445,149,3
2446,290,1
2446,262,1
2446,116,1
2447,350,1
2448,242,2
2449,210,1
2450,274,2
2451,385,2
2452,400,1
2453,134,1
2454,208,1
2454,222,1
2454,388,1
2455,397,1
2456,323,2
2457,250,1
2457,209,1
2458,121,1
2458,302,1
2458,198,1
2459,216,3
2460,388,1
2461,318,3
2462,378,1
2463,287,1
2463,254,1
2464,245,1
2465,276,1
2466,156,1
2466,384,1
2467,242,3
2468,125,1
2468,289,1
2469,204,1
2470,285,2
2471,151,3
2472,199,1
2472,366,1
2473,244,1
2474,397,1
2474,112,1
2475,232,1
2475,312,1
2475,327,1
2476,114,1
2477,331,1
2478,149,1
2479,293,1
2479,341,1
2480,114,1
2480,275,1
2480,176,1
2481,378,1
2482,299,1
2482,140,1
2482,239,1
2483,249,1
2483,282,1
2484,300,2
2485,137,1
2486,151,1
2486,314,1
2486,102,1
2487,313,1
2488,195,1
2488,373,1
2489,260,1
2489,357,1
2490,349,1
2490,266,1
2491,354,1
2491,329,1
2492,306,2
2493,195,1
2494,192,1
2495,209,2
2496,257,1
2496,125,1
2497,333,3
2498,188,1
2499,290,1
2499,211,1
2500,219,1
2501,268,1
2502,136,1
2502,220,1
2502,375,1
2503,192,1
2504,135,1
2504,178,1
2504,367,1
2505,364,2
2506,279,2
2507,137,1
2507,386,1
2507,167,1
2508,331,1
2508,123,1
2509,322,1
2509,169,1
2509,255,1
2510,254,1
2510,279,1
2510,204,1
2511,270,1
2512,159,2
2513,207,2
2514,257,2
2515,186,2
2516,213,1
2517,362,1
2517,133,1
2517,167,1
2518,177,3
2519,105,1
2520,145,3
2521,367,2
2522,317,1
2523,124,1
2524,105,1
2524,211,1
2524,392,1
2525,358,3
2526,283,2
2527,372,3
2528,159,1
2528,305,1
2528,168,1
2529,321,1
2529,295,1
2530,315,1
2531,261,3
2532,155,1
2533,193,1
2534,384,1
2535,206,1
2536,259,2
2537,116,3
2538,107,1
2538,121,1
2538,110,1
2539,181,1
2540,174,2
2541,186,1
2541,390,1
2541,179,1
2542,152,1
2543,168,2
2544,343,1
2544,103,1
2545,160,1
2546,303,1
2547,195,1
2547,384,1
2548,105,1
2549,282,1
2550,356,1
2551,313,3
2552,282,3
2553,265,1
2553,392,1
2554,236,1
2554,132,1
2555,221,1
2555,256,1
2556,219,3
2557,130,1
2558,160,1
2559,293,1
2559,275,1
2559,247,1
2560,239,1
2560,222,1
2560,336,1
2561,332,1
2562,325,3
2563,385,1
2564,288,1
2565,127,1
2566,365,1
2567,335,2
2568,312,1
2568,194,1
2568,262,1
2569,293,1
2569,366,1
2570,157,1
2570,261,1
2571,346,1
2572,399,2
2573,118,1
2573,308,1
2573,191,1
2574,318,1
2575,161,1
2575,314,1
2576,397,2
2577,121,1
2578,323,1
2578,123,1
2578,172,1
2579,288,3
2580,202,3
2581,122,1
2582,301,3
2583,101,1
2584,314,1
2584,389,1
2584,275,1
2585,265,3
2586,400,2
2587,118,1
2587,331,1
2587,328,1
2588,286,1
2588,372,1
2589,394,2
2590,340,2
2591,144,1
2591,344,1
2592,308,1
2592,182,1
2592,219,1
2593,133,1
2594,205,1
2595,203,2
2596,219,1
2596,250,1
2597,116,2
2598,278,1
2599,111,1
2600,218,1
2600,107,1
2601,287,1
2602,174,1
2603,176,1
2603,318,1
2603,191,1
2604,338,2
2605,173,3
2606,309,2
2607,194,2
2608,233,1
2609,147,1
2610,169,2
2611,104,3
2612,231,2
2613,293,3
2614,220,1
2615,233,1
2615,140,1
2616,272,3
2617,282,2
2618,362,3
2619,386,1
2619,308,1
2619,125,1
2620,374,1
2620,277,1
2621,153,1
2622,365,2
2623,264,1
2624,184,1
2625,116,1
2625,250,1
2625,321,1
2626,303,1
2626,367,1
2627,288,1
2628,311,2
2629,218,2
2630,171,1
2630,269,1
2630,345,1
2631,257,1
2631,308,1
2632,348,3
2633,266,1
2634,394,1
2634,373,1
2635,383,1
2635,292,1
2636,221,3
2637,327,1
2637,208,1
2637,208,1
2638,291,1
2639,314,3
2640,168,1
2640,257,1
2641,251,1
2642,304,3
2643,347,2
2644,243,1
2645,266,2
2646,225,1
2646,298,1
2647,187,1
2647,338,1
2647,162,1
2648,189,2
2649,366,3
2650,252,1
2650,275,1
2650,162,1
2651,160,2
2652,174,1
2652,397,1
2652,120,1
2653,176,1
2654,294,2
2655,289,2
2656,239,1
2657,129,1
2658,218,1
2658,327,1
2658,147,1
2659,336,1
2659,357,1
2660,347,3
2661,274,1
2662,111,1
2662,311,1
2663,180,1
2664,299,3
2665,129,1
2665,372,1
2666,284,1
2667,298,1
2667,188,1
2667,119,1
2668,295,1
2669,187,1
2669,128,1
2670,103,1
2671,139,2
2672,340,1
2673,376,1
2674,369,1
2674,281,1
2675,305,3
2676,328,1
2677,380,3
2678,360,1
2679,137,1
2680,191,1
2681,309,1
2682,165,1
2682,312,1
2682,317,1
2683,279,3
2684,274,3
2685,164,2
2686,355,1
2686,230,1
2686,152,1
2687,243,1
2687,199,1
2687,102,1
2688,141,1
2689,385,2
2690,224,1
2691,103,1
2692,327,1
2692,189,1
2692,181,1
2693,196,3
2694,287,1
2694,154,1
2695,368,1
2696,367,3
2697,358,3
2698,304,1
2699,369,3
2700,384,2
2701,280,3
2702,220,2
2703,331,2
2704,211,1
2705,169,2
2706,178,3
2707,255,1
2708,389,1
2708,253,1
2709,104,1
2709,277,1
2710,165,2
2711,235,1
2711,183,1
2712,206,1
2713,249,1
2714,395,1
2714,188,1
2714,106,1
2715,299,1
2716,347,1
2716,188,1
2717,117,1
2718,349,1
2718,185,1
2719,180,2
2720,120,3
2721,109,1
2721,135,1
2722,214,1
2722,343,1
2722,201,1
2723,340,1
2724,266,3
2725,136,1
2726,299,1
2727,239,2
2728,391,1
2728,355,1
2729,279,1
2729,311,1
2729,363,1
2730,177,1
2730,163,1
2730,197,1
2731,121,1
2732,150,2
2733,348,1
2733,318,1
2733,270,1
2734,253,1
2735,269,1
2736,262,1
2736,354,1
2736,392,1
2737,209,1
2737,191,1
2738,206,1
2739,207,1
2739,344,1
2739,306,1
2740,292,2
2741,167,1
2741,172,1
2742,344,1
2742,175,1
2743,226,1
2743,386,1
2743,381,1
2744,127,1
2744,169,1
2745,254,2
2746,232,1
2747,165,1
2748,239,1
2748,108,1
2748,178,1
2749,203,2
2750,109,2
2751,197,2
2752,153,3
2753,310,1
2753,198,1
2754,392,2
2755,163,1
2755,344,1
2756,229,1
2756,142,1
2756,180,1
2757,387,1
2757,165,1
2757,216,1
2758,343,1
2759,108,1
2760,203,2
2761,374,2
2762,143,1
2762,184,1
2763,162,2
2764,199,1
2765,109,1
2765,365,1
2766,248,2
2767,212,2
2768,346,3
2769,144,1
2769,380,1
2770,155,1
2770,255,1
2771,286,1
2771,314,1
2771,378,1
2772,332,2
2773,349,2
2774,395,1
2774,365,1
2774,161,1
2775,347,1
2775,284,1
2776,137,3
2777,102,1
2777,333,1
2777,357,1
2778,307,3
2779,112,1
2780,280,2
2781,270,1
2782,342,1
2783,351,1
2783,271,1
2784,189,1
2784,156,1
2785,317,1
2785,357,1
2786,339,1
2786,115,1
2787,220,1
2788,148,1
2788,265,1
2788,339,1
2789,165,1
2789,335,1
2789,257,1
2790,164,1
2791,253,1
2791,379,1
2792,298,3
2793,353,1
2794,143,1
2795,168,3
2796,211,1
2796,332,1
2797,185,3
2798,132,3
2799,185,1
2800,264,1
2800,246,1
2801,289,1
2801,142,1
2802,185,1
2802,241,1
2802,104,1
2803,303,1
2804,339,1
2804,167,1
2804,228,1
2805,155,1
2805,385,1
2806,126,1
2806,320,1
2806,137,1
2807,216,1
2808,350,2
2809,262,1
2809,268,1
2809,338,1
2810,114,1
2811,138,1
2812,142,2
2813,135,1
2814,400,1
2814,191,1
2814,120,1
2815,205,1
2815,251,1
2815,396,1
2816,334,1
2817,245,3
2818,389,1
2819,291,1
2820,266,1
2821,168,1
2821,359,1
2821,205,1
2822,394,1
2823,386,3
2824,205,3
2825,235,2
2826,181,1
2827,278,1
2828,137,2
2829,255,1
2829,382,1
2829,395,1
2830,387,1
2831,314,1
2832,288,3
2833,318,1
2834,237,1
2834,364,1
2835,122,3
2836,319,1
2837,116,3
2838,355,2
2839,137,2
2840,172,2
2841,342,1
2842,355,1
2842,163,1
2843,143,3
2844,325,3
2845,398,1
2846,191,1
2847,310,1
2848,366,1
2848,231,1
2849,241,1
2849,312,1
2849,229,1
2850,392,2
2851,322,1
2851,192,1
2851,104,1
2852,358,1
2853,236,2
2854,161,1
2854,370,1
2855,353,1
2855,318,1
2856,263,1
2857,369,1
2857,229,1
2857,311,1
2858,297,3
2859,376,1
2859,216,1
2859,104,1
2860,172,1
2860,106,1
2861,150,3
2862,284,3
2863,229,1
2864,215,3
2865,360,2
2866,255,2
2867,263,1
2867,146,1
2867,127,1
2868,318,1
2868,309,1
2869,132,1
2870,251,1
2871,387,1
2871,361,1
2871,229,1
2872,260,1
2873,279,1
2874,247,3
2875,133,1
2875,337,1
2876,246,1
2876,201,1
2877,298,1
2878,153,1
2878,301,1
2878,375,1
2879,161,1
2879,382,1
2879,363,1
2880,362,1
2881,274,1
2882,238,1
2883,278,3
2884,152,1
2884,106,1
2885,106,1
2885,118,1
2885,358,1
2886,334,1
2887,122,1
2888,239,1
2889,216,3
2890,111,3
2891,396,1
2891,381,1
2892,110,1
2892,338,1
2892,294,1
2893,256,2
2894,191,1
2895,333,1
2895,106,1
2895,197,1
2896,164,3
2897,261,1
2898,396,1
2899,317,1
2899,130,1
2899,132,1
2900,227,1
2901,194,1
2902,136,1
2902,346,1
2902,291,1
2903,142,3
2904,138,2
2905,147,1
2906,150,2
2907,139,2
2908,215,1
2908,147,1
2909,286,3
2910,262,3
2911,146,1
2912,143,1
2913,148,1
2913,111,1
2914,213,1
2915,335,1
2916,238,1
2916,388,1
2917,110,1
2917,204,1
2918,227,3
2919,117,2
2920,184,1
2921,209,1
2921,114,1
2922,192,2
2923,360,3
2924,218,2
2925,266,1
2925,174,1
2926,342,2
2927,185,1
2928,237,3
2929,103,1
2929,177,1
2930,318,3
2931,157,1
2932,281,1
2933,115,2
2934,333,3
2935,142,3
2936,271,2
2937,105,2
2938,262,2
2939,245,1
2939,263,1
2940,385,1
2940,180,1
2940,315,1
2941,115,3
2942,166,1
2942,154,1
2943,358,1
2944,235,1
2945,124,1
2945,222,1
2946,300,1
2946,326,1
2947,187,1
2947,126,1
2948,298,1
2949,221,2
2950,356,1
2951,150,2
2952,114,1
2952,387,1
2952,126,1
2953,199,3
2954,293,1
2954,213,1
2954,265,1
2955,400,3
2956,285,3
2957,207,3
2958,149,1
2958,348,1
2958,133,1
2959,130,1
2959,224,1
2960,177,1
2960,319,1
2960,285,1
2961,251,1
2962,179,3
2963,353,1
2964,114,1
2965,338,1
2965,358,1
2965,118,1
2966,303,1
2967,238,1
2967,354,1
2967,123,1
2968,242,2
2969,259,1
2970,289,3
2971,259,1
2972,133,3
2973,104,1
2973,314,1
2973,330,1
2974,359,3
2975,323,1
2975,205,1
2976,247,1
2977,204,3
2978,274,1
2979,233,2
2980,353,2
2981,186,3
2982,391,1
2983,226,1
2984,224,2
2985,249,1
2986,279,1
2986,142,1
2987,349,1
2988,201,1
2989,303,3
2990,220,1
2990,257,1
2990,289,1
2991,162,1
2991,104,1
2991,281,1
2992,332,1
2993,349,1
2994,376,1
2995,296,1
2995,103,1
2995,122,1
2996,218,2
2997,138,2
2998,120,1
2998,397,1
2998,227,1
2999,347,1
3000,395,2
3001,229,1
3001,230,1
3002,298,2
3003,368,1
3003,266,1
3004,123,1
3005,223,1
3006,355,1
3007,260,3
3008,227,1
3009,345,3
3010,243,3
3011,174,1
3012,249,2
3013,105,1
3013,174,1
3013,265,1
3014,129,2
3015,262,1
3015,165,1
3015,181,1
3016,380,1
3016,274,1
3016,308,1
3017,358,1
3018,109,3
3019,354,3
3020,113,1
3021,160,1
3022,213,3
3023,281,3
3024,361,2
3025,227,1
3026,378,1
3026,125,1
3027,148,1
3027,339,1
3027,348,1
3028,311,1
3028,356,1
3028,312,1
3029,168,2
3030,315,2
3031,261,1
3032,339,2
3033,220,1
3033,141,1
3034,239,1
3034,341,1
3034,253,1
3035,269,3
3036,342,1
3036,140,1
3036,400,1
3037,190,2
3038,285,1
3038,359,1
3038,210,1
3039,126,3
3040,302,1
3040,288,1
3040,258,1
3041,346,1
3042,195,1
3043,150,2
3044,185,1
3045,203,3
3046,295,2
3047,283,1
3048,215,1
3048,174,1
3049,360,1
3050,145,3
3051,395,1
3051,394,1
3051,139,1
3052,179,1
3053,187,2
3054,282,1
3055,150,1
3056,224,1
3057,128,2
3058,339,1
3059,154,2
3060,106,1
3061,236,2
3062,258,1
3063,137,3
3064,126,1
3065,236,1
3065,287,1
3065,270,1
3066,385,1
3067,155,3
3068,318,1
3068,138,1
3069,136,2
3070,221,1
3071,224,1
3072,324,3
3073,332,1
3074,242,3
3075,129,3
3076,180,1
3077,161,1
3078,213,1
3079,338,1
3079,145,1
3080,265,1
3080,195,1
3081,202,1
3082,382,1
3083,361,1
3084,285,1
3085,266,2
3086,176,1
3086,192,1
3087,102,1
3088,172,3
3089,330,2
3090,188,3
3091,127,1
3092,274,3
3093,347,1
3093,221,1
3093,218,1
3094,187,2
3095,137,1
3095,240,1
3095,278,1
3096,184,1
3096,138,1
3096,248,1
3097,204,1
3097,400,1
3098,388,1
3098,142,1
3099,183,1
3099,222,1
3099,331,1
3100,301,3
3101,251,1
3102,251,1
3103,177,2
3104,251,1
3105,257,3
3106,356,1
3106,229,1
3106,175,1
3107,384,1
3107,320,1
3108,209,2
3109,174,1
3109,254,1
3110,127,1
3110,371,1
3111,217,1
3111,294,1
3111,281,1
3112,194,2
3113,121,1
3114,213,1
3115,304,1
3116,263,1
3117,270,1
3117,187,1
3117,345,1
3118,243,1
3118,351,1
3118,386,1
3119,362,1
3119,156,1
3119,382,1
3120,267,2
3121,127,1
3122,304,1
3122,162,1
3122,171,1
3123,270,2
3124,160,1
3124,348,1
3124,126,1
3125,368,3
3126,203,1
3127,170,1
3128,132,1
3128,202,1
3128,382,1
3129,313,3
3130,305,1
3130,193,1
3131,373,1
3132,172,1
3132,158,1
3132,239,1
3133,295,2
3134,369,2
3135,386,3
3136,355,2
3137,195,1
3137,220,1
3138,170,1
3139,362,1
3140,250,2
3141,208,1
3142,235,1
3143,103,1
3144,199,1
3145,197,2
3146,218,1
3146,230,1
3147,116,3
3148,323,3
3149,268,2
3150,341,1
3150,284,1
3151,253,3
3152,382,2
3153,342,1
3153,128,1
3154,296,1
3155,328,3
3156,227,1
3157,337,1
3158,310,1
3159,266,1
3159,175,1
3160,242,2
3161,278,1
3161,314,1
3162,298,1
3163,272,1
3163,391,1
3163,124,1
3164,306,1
3165,216,1
3166,117,1
3167,113,3
3168,389,1
3169,252,3
3170,341,2
3171,311,1
3172,220,3
3173,169,1
3174,378,2
3175,183,1
3176,119,1
3177,181,1
3178,134,1
3179,155,2
3180,109,2
3181,251,1
3182,291,1
3182,215,1
3183,286,1
3183,275,1
3184,329,1
3184,391,1
3184,384,1
3185,357,3
3186,346,1
3187,258,1
3187,248,1
3187,294,1
3188,388,1
3189,158,1
3190,313,1
3191,201,2
3192,288,1
3192,158,1
3192,262,1
3193,187,2
3194,161,2
3195,288,1
3196,379,3
3197,242,3
3198,198,1
3199,336,1
3200,368,1
3201,383,2
3202,151,1
3203,325,1
3204,209,2
3205,376,1
3205,256,1
3206,338,1
3207,366,1
3208,366,1
3208,306,1
3208,337,1
3209,131,3
3210,123,1
3211,317,1
3212,239,1
3212,192,1
3213,223,1
3214,173,1
3215,198,1
3215,340,1
3215,360,1
3216,160,3
3217,185,2
3218,364,1
3219,204,1
3219,190,1
3220,211,1
3221,128,3
3222,370,2
3223,157,1
3224,224,2
3225,139,2
3226,317,1
3226,391,1
3227,137,1
3228,267,1
3229,397,1
3230,350,1
3231,193,1
3231,144,1
3232,246,1
3232,117,1
3233,283,1
3234,208,2
3235,117,3
3236,106,1
3237,166,2
3238,269,2
3239,338,1
3240,284,1
3241,299,1
3241,229,1
3242,299,1
3243,111,1
3244,386,1
3245,225,1
3246,268,1
3246,342,1
3247,398,3
3248,255,1
3248,110,1
3248,363,1
3249,271,1
3250,310,1
3251,251,1
3252,321,1
3252,144,1
3253,383,1
3254,124,1
3254,125,1
3255,222,2
3256,318,3
3257,154,1
3257,216,1
3258,396,1
3258,367,1
3258,171,1
3259,283,1
3259,322,1
3259,190,1
3260,294,3
3261,224,1
3262,249,1
3262,182,1
3263,376,3
3264,266,1
3265,175,1
3266,350,3
3267,203,1
3267,360,1
3268,136,1
3268,129,1
3269,370,1
3269,185,1
3270,287,2
3271,268,1
3271,197,1
3272,255,1
3273,162,1
3274,297,1
3275,254,1
3275,283,1
3276,121,1
3277,380,1
3277,187,1
3278,286,3
3279,255,3
3280,284,1
3281,270,2
3282,240,1
3283,377,1
3283,321,1
3283,234,1
3284,176,2
3285,333,1
3286,249,1
3286,235,1
3286,146,1
3287,265,1
3288,272,1
3289,337,2
3290,266,3
3291,155,3
3292,327,1
3293,279,2
3294,140,1
3295,364,1
3296,186,2
3297,141,1
3297,251,1
3298,392,3
3299,299,1
3299,392,1
3300,248,3
3301,216,1
3301,195,1
3301,303,1
3302,294,1
3302,341,1
3303,215,1
3303,270,1
3303,129,1
3304,131,1
3305,204,3
3306,315,2
3307,335,2
3308,147,1
3309,170,1
3309,149,1
3310,300,1
3311,354,1
3311,116,1
3312,247,1
3312,334,1
3313,168,1
3314,260,3
3315,270,1
3315,282,1
3316,258,2
3317,267,2
3318,278,1
3318,396,1
3318,175,1
3319,332,2
3320,258,1
3321,307,1
3322,339,2
3323,121,2
3324,143,1
3324,374,1
3324,251,1
3325,137,3
3326,363,2
3327,305,1
3328,307,1
3328,114,1
3328,260,1
3329,142,1
3330,106,3
3331,321,2
3332,174,1
3332,336,1
3333,101,1
3333,155,1
3333,150,1
3334,173,1
3335,158,1
3335,332,1
3335,181,1
3336,353,2
3337,385,2
3338,241,1
3338,248,1
3339,179,1
3340,244,2
3341,299,2
3342,242,3
3343,133,1
3343,115,1
3343,309,1
3344,301,3
3345,279,1
3345,126,1
3345,383,1
3346,124,3
3347,224,2
3348,339,1
3348,213,1
3349,184,1
3350,115,3
3351,163,3
3352,158,1
3352,348,1
3352,240,1
3353,302,1
3354,398,1
3354,230,1
3355,240,1
3355,180,1
3355,104,1
3356,389,1
3357,386,1
3358,357,2
3359,357,1
3359,187,1
3359,260,1
3360,150,2
3361,171,1
3361,191,1
3361,130,1
3362,353,3
3363,279,1
3364,126,1
3364,264,1
3364,366,1
3365,207,1
3365,143,1
3366,238,2
3367,391,1
3367,244,1
3368,391,3
3369,209,1
3369,352,1
3369,283,1
3370,199,1
3371,221,1
3371,143,1
3372,317,1
3372,334,1
3373,254,3
3374,132,1
3375,133,1
3375,220,1
3376,381,2
3377,361,1
3378,365,1
3379,161,1
3379,348,1
3380,172,1
3381,240,1
3381,365,1
3381,269,1
3382,131,1
3382,229,1
3383,321,2
3384,132,1
3384,155,1
3384,158,1
3385,258,1
3386,193,3
3387,133,1
3387,193,1
3387,207,1
3388,339,1
3389,334,1
3389,113,1
3390,230,1
3390,321,1
3390,150,1
3391,319,2
3392,242,1
3392,229,1
3393,346,1
3393,172,1
3393,347,1
3394,308,1
3394,113,1
3394,365,1
3395,185,3
3396,349,1
3396,103,1
3396,309,1
3397,249,1
3397,337,1
3398,230,1
3399,105,1
3399,247,1
3399,162,1
3400,314,1
3400,164,1
3401,342,2
3402,140,1
3403,314,3
3404,336,1
3404,316,1
3405,393,2
3406,177,1
3406,361,1
3406,250,1
3407,180,1
3408,344,1
3408,303,1
3409,337,1
3410,253,2
3411,162,1
3412,233,3
3413,227,1
3413,106,1
3413,102,1
3414,352,3
3415,357,1
3416,280,1
3417,112,1
3417,323,1
3417,192,1
3418,230,1
3419,362,1
3420,123,1
3421,237,1
3422,137,2
3423,246,1
3424,277,1
3424,104,1
3425,128,2
3426,269,2
3427,302,3
3428,293,3
3429,330,1
3430,360,1
3431,196,1
3432,141,1
3432,366,1
3432,343,1
3433,123,1
3433,119,1
3434,360,2
3435,328,3
3436,137,1
3437,205,1
3437,239,1
3437,351,1
3438,117,2
3439,211,1
3439,259,1
3440,161,1
3440,113,1
3440,366,1
3441,227,1
3442,174,3
3443,250,1
3443,182,1
3443,136,1
3444,169,1
3445,400,1
3446,126,1
3446,242,1
3446,270,1
3447,163,1
3448,145,2
3449,178,1
3449,351,1
3450,173,2
3451,314,2
3452,305,1
3452,282,1
3453,328,1
3454,368,3
3455,341,3
3456,163,2
3457,344,1
3457,253,1
3457,253,1
3458,269,1
3459,138,1
3460,240,1
3461,159,2
3462,209,1
3462,324,1
3463,277,3
3464,275,1
3465,108,1
3466,367,2
3467,245,1
3467,257,1
3467,298,1
3468,321,3
3469,171,1
3470,249,1
3470,178,1
3471,337,1
3471,292,1
3471,367,1
3472,386,1
3473,329,1
3473,149,1
3474,290,1
3474,307,1
3475,338,1
3476,182,1
3476,102,1
3476,278,1
3477,108,3
3478,369,1
3479,248,1
3479,348,1
3480,233,2
3481,190,3
3482,226,1
3483,239,1
3484,312,2
3485,219,1
3486,261,1
3486,232,1
3487,213,3
3488,260,2
3489,105,3
3490,383,1
3491,185,1
3491,227,1
3492,344,1
3492,143,1
3493,368,2
3494,231,2
3495,144,2
3496,285,1
3496,275,1
3497,367,1
3498,159,1
3499,327,1
3499,296,1
3499,202,1
3500,305,1
3500,300,1
3500,376,1
3501,191,1
3502,335,3
3503,322,1
3503,281,1
3504,349,1
3505,328,1
3506,140,3
3507,294,1
3507,118,1
3507,188,1
3508,237,3
3509,118,1
3509,260,1
3510,364,1
3511,387,1
3511,302,1
3511,353,1
3512,156,1
3512,337,1
3512,238,1
3513,326,1
3513,341,1
3514,107,2
3515,216,3
3516,394,2
3517,109,1
3518,156,3
3519,349,1
3520,134,1
3520,303,1
3521,183,1
3522,120,2
3523,289,1
3524,346,1
3525,361,2
3526,254,1
3527,360,1
3527,389,1
3528,397,1
3529,371,1
3530,340,1
3530,264,1
3531,350,3
3532,101,1
3532,298,1
3533,310,2
3534,333,1
3535,345,1
3535,131,1
3535,278,1
3536,118,3
3537,290,1
3538,230,3
3539,140,1
3540,338,1
3541,375,2
3542,201,2
3543,262,1
3544,192,2
3545,271,3
3546,152,3
3547,136,2
3548,240,2
3549,376,1
3549,105,1
3549,257,1
3550,227,1
3550,158,1
3550,359,1
3551,332,1
3551,198,1
3551,159,1
3552,127,1
3553,338,2
3554,363,3
3555,395,3
3556,325,3
3557,380,2
3558,258,1
3559,206,1
3560,258,3
3561,346,2
3562,316,1
3563,329,1
3564,306,2
3565,219,1
3566,361,1
3567,166,1
3567,349,1
3567,244,1
3568,234,2
3569,227,1
3569,287,1
3569,107,1
3570,303,1
3571,347,1
3571,154,1
3572,246,3
3573,170,3
3574,143,1
3575,193,2
3576,167,1
3576,382,1
3577,269,2
3578,246,1
3578,220,1
3579,400,3
3580,101,3
3581,109,1
3581,319,1
3582,168,1
3582,336,1
3582,164,1
3583,153,1
3584,230,1
3584,395,1
3584,160,1
3585,285,2
3586,398,1
3586,326,1
3587,145,1
3588,330,1
3589,161,1
3590,126,1
3590,197,1
3590,374,1
3591,176,3
3592,338,2
3593,109,3
3594,341,1
3594,182,1
3595,163,1
3596,198,2
3597,307,3
3598,184,1
3599,158,1
3599,364,1
3600,185,3
3601,131,1
3602,298,1
3602,132,1
3602,377,1
3603,143,2
3604,391,3
3605,103,1
3605,119,1
3606,349,1
3606,258,1
3606,182,1
3607,363,3
3608,375,1
3608,302,1
3609,370,3
3610,141,1
3611,219,3
3612,187,1
3612,199,1
3613,105,2
3614,360,1
3614,280,1
3615,306,1
3615,396,1
3615,259,1
3616,335,1
3616,220,1
3616,328,1
3617,329,1
3617,231,1
3618,318,2
3619,385,1
3620,228,1
3620,386,1
3620,377,1
3621,268,3
3622,380,1
3622,313,1
3623,186,1
3623,203,1
3624,303,1
3625,319,3
3626,260,1
3627,370,1
3628,178,1
3629,337,1
3629,270,1
3629,249,1
3630,245,1
3631,230,1
3631,128,1
3631,223,1
3632,277,1
3633,382,1
3634,333,2
3635,144,2
3636,128,1
3637,322,1
3637,359,1
3637,383,1
3638,164,1
3639,174,1
3639,213,1
3639,297,1
3640,280,1
3641,180,1
3641,178,1
3641,320,1
3642,311,1
3642,299,1
3643,179,1
3643,246,1
3644,170,3
3645,308,1
3646,366,1
3647,249,1
3647,329,1
3648,171,1
3649,351,1
3649,202,1
3650,161,1
3650,112,1
3651,340,2
3652,368,2
3653,214,1
3653,217,1
3653,371,1
3654,259,1
3655,272,1
3655,177,1
3656,266,1
3656,133,1
3656,172,1
3657,199,1
3657,399,1
3657,305,1
3658,312,1
3658,205,1
3658,221,1
3659,367,1
3659,370,1
3659,324,1
3660,349,3
3661,285,2
3662,330,1
3662,244,1
3662,187,1
3663,131,1
3664,245,1
3665,254,3
3666,370,3
3667,290,1
3667,264,1
3667,231,1
3668,115,1
3669,225,1
3669,365,1
3669,164,1
3670,300,1
3670,392,1
3671,343,3
3672,217,1
3672,159,1
3672,400,1
3673,117,1
3674,155,1
3675,282,1
3676,303,1
3676,152,1
3677,148,1
3678,203,1
3679,252,2
3680,399,1
3681,118,2
3682,297,3
3683,237,1
3683,290,1
3684,208,1
3684,244,1
3684,353,1
3685,324,1
3685,136,1
3686,303,3
3687,346,1
3687,279,1
3688,315,3
3689,248,1
3689,317,1
3690,233,3
3691,251,1
3691,359,1
3692,252,3
3693,122,1
3693,116,1
3694,338,1
3695,324,3
3696,139,1
3696,249,1
3697,195,1
3698,131,1
3699,247,1
3699,184,1
3699,131,1
3700,333,1
3701,110,3
3702,198,1
3702,241,1
3703,395,1
3704,137,3
3705,288,1
3706,185,2
3707,283,1
3707,386,1
3708,316,1
3708,201,1
3709,117,1
3710,105,1
3711,366,2
3712,193,1
3713,269,3
3714,127,1
3715,130,2
3716,225,1
3716,178,1
3716,326,1
3717,177,3
3718,205,1
3718,135,1
3718,113,1
3719,201,3
3720,150,1
3720,147,1
3721,103,1
3722,130,1
3722,223,1
3723,205,3
3724,180,1
3724,281,1
3725,272,2
3726,362,1
3726,323,1
3726,131,1
3727,326,1
3728,119,1
3729,116,1
3729,390,1
3730,262,1
3731,186,1
3732,346,1
3733,237,2
3734,250,2
3735,271,2
3736,150,1
3737,258,1
3737,308,1
3737,160,1
3738,321,1
3738,373,1
3739,195,1
3739,190,1
3740,307,1
3741,266,1
3741,322,1
3742,120,1
3742,339,1
3743,250,1
3744,112,1
3744,149,1
3744,320,1
3745,335,1
3745,271,1
3745,127,1
3746,205,1
3746,338,1
3746,292,1
3747,213,1
3748,137,1
3748,243,1
3749,374,1
3749,131,1
3750,143,3
3751,178,1
3751,333,1
3751,190,1
3752,309,1
3752,376,1
3753,196,3
3754,354,1
3755,269,1
3756,134,1
3756,393,1
3756,327,1
3757,132,2
3758,346,1
3759,291,3
3760,355,3
3761,379,3
3762,281,1
3763,277,3
3764,243,1
3765,233,1
3766,386,2
3767,260,1
3768,364,1
3768,203,1
3769,372,2
3770,122,1
3770,220,1
3770,331,1
3771,215,1
3772,396,2
3773,270,1
3774,175,3
3775,130,1
3776,384,1
3777,197,1
3777,233,1
3778,156,2
3779,237,3
3780,234,1
3780,184,1
3780,380,1
3781,207,1
3782,230,1
3783,328,1
3783,190,1
3783,128,1
3784,282,1
3784,269,1
3785,296,2
3786,199,1
3786,330,1
3787,281,1
3787,301,1
3787,195,1
3788,381,1
3788,204,1
3789,378,1
3790,183,1
3791,337,1
3792,354,1
3793,187,3
3794,282,1
3795,188,1
3795,113,1
3796,136,1
3796,199,1
3796,276,1
3797,253,2
3798,172,1
3799,285,1
3800,143,3
3801,302,1
3802,114,1
3802,369,1
3802,352,1
3803,256,2
3804,157,1
3804,272,1
3804,394,1
3805,219,1
3806,168,1
3807,358,3
3808,112,1
3809,289,1
3809,312,1
3810,364,1
3810,242,1
3810,120,1
3811,204,1
3811,174,1
3812,261,1
3813,389,3
3814,113,3
3815,286,2
3816,162,3
3817,381,1
3818,185,1
3819,294,2
3820,236,1
3821,398,1
3822,209,1
3822,259,1
3822,265,1
3823,162,1
3823,268,1
3824,383,3
3825,222,1
3825,330,1
3826,310,1
3827,383,1
3827,336,1
3828,188,1
3828,359,1
3829,363,1
3830,208,2
3831,133,1
3832,364,2
3833,234,1
3834,260,1
3834,241,1
3835,328,1
3836,277,2
3837,193,1
3838,165,1
3839,368,1
3839,319,1
3840,199,3
3841,139,3
3842,152,3
3843,257,2
3844,177,3
3845,108,1
3845,194,1
3846,217,1
3846,370,1
3847,198,1
3847,105,1
3848,347,1
3849,275,1
3850,251,1
3850,125,1
3851,365,1
3852,263,1
3853,122,1
3854,370,1
3854,321,1
3854,190,1
3855,333,3
3856,278,1
3857,231,2
3858,182,1
3859,119,1
3859,223,1
3859,315,1
3860,310,1
3861,238,3
3862,306,1
3862,318,1
3863,344,2
3864,352,1
3865,153,3
3866,353,3
3867,226,1
3867,385,1
3867,129,1
3868,382,2
3869,307,3
3870,180,1
3871,382,1
3871,232,1
3871,218,1
3872,385,1
3872,336,1
3872,120,1
3873,224,3
3874,201,3
3875,171,2
3876,256,2
3877,175,2
3878,224,1
3879,200,2
3880,298,3
3881,143,1
3882,114,3
3883,152,3
3884,160,1
3885,126,1
3886,255,2
3887,304,3
3888,312,1
3888,392,1
3889,173,1
3889,105,1
3889,238,1
3890,258,1
3890,260,1
3891,351,1
3891,227,1
3891,116,1
3892,287,3
3893,259,2
3894,299,1
3894,365,1
3895,217,3
3896,384,1
3896,303,1
3896,128,1
3897,180,1
3897,357,1
3897,127,1
3898,356,3
3899,279,1
3900,372,1
3900,113,1
3901,199,1
3902,102,1
3902,165,1
3902,288,1
3903,107,1
3904,127,1
3905,370,1
3905,102,1
3905,259,1
3906,259,1
3906,287,1
3907,398,1
3908,198,1
3908,283,1
3909,227,1
3910,291,2
3911,170,1
3911,115,1
3912,258,1
3912,230,1
3913,160,3
3914,182,1
3914,101,1
3914,118,1
3915,400,1
3916,154,1
3916,224,1
3917,127,1
3918,390,1
3919,114,1
3920,248,1
3920,331,1
3921,177,2
3922,400,3
3923,119,1
3923,323,1
3923,321,1
3924,224,2
3925,125,3
3926,318,2
3927,166,1
3927,307,1
3927,144,1
3928,321,1
3928,182,1
3929,151,2
3930,304,3
3931,139,1
3932,378,2
3933,266,1
3933,152,1
3933,183,1
3934,389,1
3935,231,1
3936,265,1
3936,191,1
3937,395,1
3937,396,1
3937,338,1
3938,190,1
3938,315,1
3939,301,3
3940,118,3
3941,293,1
3941,367,1
3942,109,1
3943,194,1
3943,239,1
3944,146,1
3945,313,2
3946,266,1
3947,370,1
3947,245,1
3948,355,2
3949,368,1
3950,352,1
3951,354,1
3951,163,1
3951,370,1
3952,328,2
3953,231,2
3954,208,1
3954,217,1
3954,244,1
3955,134,1
3955,221,1
3956,126,3
3957,304,1
3957,131,1
3957,274,1
3958,228,1
3958,150,1
3958,365,1
3959,150,1
3960,186,1
3961,120,1
3962,268,1
3962,334,1
3962,164,1
3963,203,3
3964,191,2
3965,227,1
3965,220,1
3965,330,1
3966,181,1
3966,390,1
3966,378,1
3967,377,1
3968,361,3
3969,340,1
3970,144,2
3971,296,1
3971,228,1
3972,286,3
3973,253,1
3973,122,1
3974,273,1
3975,121,1
3976,273,1
3977,101,3
3978,391,1
3978,323,1
3978,372,1
3979,343,2
3980,311,3
3981,321,1
3982,176,2
3983,198,1
3984,138,2
3985,216,1
3985,178,1
3986,316,1
3986,245,1
3987,224,1
3988,189,3
3989,393,1
3990,186,3
3991,340,1
3992,238,3
3993,292,1
3993,248,1
3994,190,1
3995,132,1
3996,341,3
3997,101,1
3998,134,1
3998,133,1
3998,171,1
3999,249,2
4000,196,1
4000,131,1
4001,358,3
4002,293,2
4003,188,1
4004,247,1
4004,133,1
4005,119,2
4006,345,1
4006,331,1
4007,266,1
4008,274,1
4008,350,1
4009,276,1
4010,139,1
4011,136,1
4011,158,1
4011,312,1
4012,297,1
4012,314,1
4012,322,1
4013,379,2
4014,363,1
4014,398,1
4015,386,1
4016,395,3
4017,175,2
4018,276,1
4019,277,3
4020,322,1
4020,252,1
4020,360,1
4021,189,1
4022,348,1
4022,127,1
4023,326,2
4024,224,1
4024,363,1
4024,149,1
4025,235,1
4026,120,3
4027,205,1
4028,176,2
4029,102,1
4029,355,1
4030,265,1
4030,135,1
4030,113,1
4031,335,1
4032,355,1
4032,123,1
4033,283,3
4034,319,2
4035,135,1
4035,125,1
4036,116,1
4036,354,1
4036,111,1
4037,187,2
4038,167,2
4039,366,1
4039,209,1
4040,356,3
4041,298,1
4042,221,1
4042,133,1
4043,323,3
4044,190,2
4045,125,1
4046,319,2
4047,344,1
4047,315,1
4048,327,1
4049,192,3
4050,144,1
4051,249,1
4051,328,1
4052,270,1
4053,361,1
4054,358,1
4054,241,1
4054,338,1
4055,351,1
4055,400,1
4055,344,1
4056,331,1
4057,102,2
4058,347,1
4058,259,1
4059,386,1
4060,101,3
4061,289,3
4062,123,1
4063,244,1
4063,246,1
4063,393,1
4064,178,1
4065,274,1
4065,315,1
4065,284,1
4066,269,2
4067,346,1
4067,296,1
4068,292,1
4068,196,1
4068,359,1
4069,158,1
4070,117,3
4071,364,1
4071,185,1
4071,133,1
4072,142,2
4073,183,2
4074,388,2
4075,255,3
4076,168,1
4076,312,1
4076,359,1
4077,113,1
4077,336,1
4078,263,1
4079,286,2
4080,369,1
4081,158,1
4081,355,1
4081,158,1
4082,216,1
4083,124,1
4084,272,1
4085,350,3
4086,181,1
4087,160,1
4088,260,1
4089,171,1
4089,311,1
4090,101,1
4091,296,2
4092,104,1
4093,151,1
4093,361,1
4094,199,3
4095,112,1
4095,172,1
4096,172,1
4096,129,1
4096,231,1
4097,400,3
4098,372,2
4099,330,2
4100,247,1
4100,183,1
4101,316,2
4102,324,1
4103,143,1
4103,310,1
4104,350,1
4105,152,1
4106,170,1
4106,304,1
4106,375,1
4107,310,1
4107,203,1
4108,203,1
4109,104,1
4110,213,1
4110,392,1
4110,128,1
4111,282,2
4112,238,1
4112,244,1
4112,221,1
4113,371,1
4113,335,1
4114,104,1
4114,252,1
4115,112,2
4116,156,1
4117,306,1
4118,197,1
4119,236,2
4120,380,1
4120,280,1
4120,257,1
4121,328,1
4122,241,1
4122,284,1
4122,303,1
4123,235,1
4124,192,2
4125,214,1
4125,305,1
4126,208,2
4127,313,2
4128,167,3
4129,180,1
4130,396,1
4130,385,1
4130,316,1
4131,329,1
4131,124,1
4131,219,1
4132,394,1
4132,164,1
4132,253,1
4133,296,1
4133,289,1
4134,378,1
4134,296,1
4135,350,3
4136,315,1
4137,158,1
4137,309,1
4138,377,1
4139,307,1
4139,188,1
4139,166,1
4140,230,3
4141,360,1
4142,208,1
4142,326,1
4142,182,1
4143,361,2
4144,175,1
4145,381,1
4146,348,3
4147,199,1
4148,133,1
4149,136,1
4149,133,1
4150,392,3
4151,129,1
4152,232,3
4153,219,1
4154,354,1
4155,156,1
4155,119,1
4155,185,1
4156,137,2
4157,344,1
4157,320,1
4158,219,3
4159,374,1
4160,153,2
4161,386,3
4162,352,1
4163,293,1
4163,106,1
4164,109,1
4164,273,1
4165,330,1
4166,397,1
4167,299,2
4168,201,3
4169,157,1
4169,196,1
4169,290,1
4170,360,1
4170,230,1
4170,268,1
4171,370,3
4172,226,1
4172,285,1
4172,283,1
4173,161,1
4174,330,2
4175,255,3
4176,331,1
4177,348,1
4177,341,1
4177,274,1
4178,351,1
4178,218,1
4179,127,3
4180,386,1
4180,341,1
4180,164,1
4181,270,1
4181,323,1
4181,313,1
4182,102,1
4183,347,1
4183,310,1
4183,359,1
4184,299,2
4185,283,1
4186,300,1
4187,201,1
4188,293,1
4189,175,2
4190,238,1
4191,295,1
4191,121,1
4191,305,1
4192,214,3
4193,235,1
4194,270,1
4194,347,1
4195,397,1
4196,149,1
4196,185,1
4197,205,3
4198,168,1
4198,303,1
4198,369,1
4199,234,2
4200,207,2
4201,116,1
4201,147,1
4201,117,1
4202,399,2
4203,219,1
4203,374,1
4204,232,1
4204,211,1
4204,155,1
4205,152,2
4206,287,1
4206,319,1
4207,227,1
4208,145,3
4209,326,1
4209,283,1
4209,105,1
4210,212,1
4210,145,1
4210,230,1
4211,365,1
4211,302,1
4211,162,1
4212,135,2
4213,162,2
4214,135,1
4214,295,1
4214,220,1
4215,290,2
4216,230,2
4217,213,1
4217,253,1
4218,374,3
4219,158,1
4219,111,1
4219,164,1
4220,234,1
4221,221,1
4222,115,2
4223,337,1
4223,333,1
4223,172,1
4224,205,1
4224,253,1
4224,138,1
4225,345,3
4226,244,1
4227,266,3
4228,167,1
4229,284,1
4229,376,1
4229,323,1
4230,344,3
4231,222,1
4232,132,1
4232,391,1
4232,173,1
4233,277,1
4233,365,1
4233,382,1
4234,242,1
4235,296,3
4236,332,1
4237,178,3
4238,346,1
4239,241,1
4239,303,1
4239,259,1
4240,238,3
4241,102,1
4242,109,1
4243,147,1
4243,201,1
4244,398,3
4245,259,2
4246,296,2
4247,198,1
4247,352,1
4247,147,1
4248,175,2
4249,332,1
4250,114,3
4251,315,3
4252,233,1
4253,399,1
4254,172,1
4255,335,1
4255,173,1
4256,306,3
4257,269,2
4258,123,1
4259,385,2
4260,127,1
4261,224,1
4261,339,1
4261,254,1
4262,202,1
4263,299,1
4264,155,1
4264,307,1
4265,308,2
4266,160,1
4267,251,2
4268,206,2
4269,286,2
4270,335,3
4271,309,1
4271,140,1
4272,303,1
4273,399,1
4274,321,1
4275,226,1
4275,286,1
4275,297,1
4276,333,1
4277,346,1
4277,294,1
4277,393,1
4278,316,3
4279,283,1
4279,389,1
4280,227,1
4281,203,3
4282,187,1
4283,236,1
4283,377,1
4283,385,1
4284,279,1
4284,195,1
4284,196,1
4285,237,3
4286,399,2
4287,383,1
4288,196,1
4288,127,1
4288,336,1
4289,370,3
4290,376,1
4290,302,1
4290,351,1
4291,378,1
4291,272,1
4292,291,1
4292,317,1
4292,149,1
4293,396,1
4293,136,1
4294,244,1
4294,352,1
4295,150,3
4296,330,2
4297,184,1
4298,233,1
4299,263,1
4299,351,1
4300,114,1
4301,383,1
4302,395,1
4303,216,1
4304,226,1
4304,118,1
4304,197,1
4305,359,1
4306,385,3
4307,326,1
4308,210,1
4308,115,1
4308,205,1
4309,287,1
4310,247,1
4311,208,1
4312,146,3
4313,184,3
4314,360,3
4315,131,1
4316,297,1
4316,393,1
4316,310,1
4317,383,1
4317,200,1
4318,160,2
4319,379,1
4319,256,1
4320,184,2
4321,231,3
4322,238,1
4323,333,2
4324,338,1
4325,205,3
4326,154,1
4327,267,2
4328,367,2
4329,346,1
4330,163,2
4331,127,1
4332,332,1
4332,314,1
4332,268,1
4333,112,2
4334,205,2
4335,316,2
4336,121,2
4337,264,1
4338,155,3
4339,134,1
4340,275,2
4341,292,1
4341,324,1
4341,290,1
4342,173,1
4342,292,1
4342,233,1
4343,106,1
4343,364,1
4344,187,1
4344,394,1
4345,308,1
4346,204,2
4347,348,1
4348,384,1
4348,292,1
4349,346,2
4350,198,2
4351,268,1
4351,139,1
4352,313,1
4352,372,1
4352,250,1
4353,308,3
4354,277,1
4355,225,1
4356,184,2
4357,166,1
4357,257,1
4357,107,1
4358,288,1
4358,345,1
4359,329,3
4360,320,1
4360,189,1
4361,294,1
4362,107,1
4362,117,1
4363,311,1
4363,250,1
4364,201,1
4365,244,2
4366,400,2
4367,230,1
4368,394,2
4369,373,1
4370,101,1
4370,216,1
4371,335,2
4372,134,1
4372,288,1
4373,198,1
4374,141,3
4375,396,1
4376,115,1
4376,342,1
4376,360,1
4377,297,2
4378,227,3
4379,141,2
4380,276,2
4381,270,1
4382,289,1
4382,112,1
4383,151,2
4384,104,1
4385,264,1
4386,347,2
4387,134,3
4388,163,2
4389,240,1
4389,134,1
4390,379,1
4390,293,1
4391,251,1
4391,182,1
4391,111,1
4392,167,1
4392,122,1
4393,196,1
4394,345,1
4395,372,1
4395,325,1
4396,375,3
4397,304,1
4398,311,1
4398,212,1
4398,124,1
4399,321,1
4399,325,1
4400,351,1
4401,388,3
4402,170,2
4403,356,2
4404,225,3
4405,182,1
4406,152,3
4407,323,1
4408,225,1
4408,197,1
4409,248,1
4409,398,1
4409,261,1
4410,290,2
4411,175,1
4412,276,1
4412,254,1
4413,245,1
4414,167,1
4415,371,1
4416,215,1
4417,304,2
4418,316,1
4418,334,1
4418,108,1
4419,218,3
4420,313,3
4421,198,1
4421,203,1
4422,133,1
4422,263,1
4422,231,1
4423,271,1
4424,124,1
4424,270,1
4425,263,1
4425,229,1
4425,358,1
4426,134,1
4427,170,1
4428,142,3
4429,215,1
4430,130,2
4431,356,1
4432,267,1
4433,126,1
4433,344,1
4434,214,1
4435,197,2
4436,165,1
4436,397,1
4436,217,1
4437,217,1
4437,339,1
4437,383,1
4438,197,3
4439,206,3
4440,229,1
4441,152,1
4441,242,1
4442,119,1
4443,344,2
4444,163,1
4445,325,3
4446,269,1
4447,122,2
4448,391,1
4448,362,1
4449,187,1
4449,265,1
4450,380,2
4451,233,1
4451,227,1
4452,109,1
4453,112,1
4453,147,1
4454,161,1
4454,300,1
4454,238,1
4455,340,1
4455,344,1
4456,306,1
4456,294,1
4457,328,3
4458,237,1
4459,347,2
4460,224,2
4461,343,1
4462,253,1
4463,266,3
4464,354,2
4465,263,1
4465,224,1
4465,280,1
4466,340,1
4467,152,1
4467,145,1
4467,340,1
4468,281,1
4468,277,1
4468,117,1
4469,377,1
4470,130,1
4471,273,1
4472,375,2
4473,315,1
4474,101,2
4475,318,3
4476,119,1
4476,180,1
4477,256,1
4478,210,1
4478,139,1
4478,260,1
4479,241,1
4479,366,1
4479,317,1
4480,316,1
4480,397,1
4480,336,1
4481,235,2
4482,173,1
4482,256,1
4483,163,1
4484,172,1
4484,150,1
4485,193,2
4486,213,3
4487,397,2
4488,135,3
4489,276,3
4490,122,1
4490,344,1
4490,287,1
4491,363,1
4492,224,1
4493,349,2
4494,105,1
4494,361,1
4494,296,1
4495,158,1
4496,317,1
4497,383,3
4498,206,1
4498,275,1
4498,249,1
4499,249,2
4500,316,1
4500,108,1
4501,120,1
4501,302,1
4502,265,3
4503,391,1
4504,254,1
4505,283,2
4506,360,2
4507,149,1
4507,295,1
4507,247,1
4508,324,1
4509,268,2
4510,169,2
4511,168,1
4511,325,1
4511,335,1
4512,347,2
4513,125,1
4514,301,1
4515,122,1
4516,349,1
4517,284,2
4518,279,1
4519,207,3
4520,377,3
4521,173,1
4522,292,1
4522,142,1
4523,182,1
4524,255,3
4525,175,1
4526,282,2
4527,144,1
4528,292,3
4529,335,1
4529,337,1
4529,285,1
4530,111,2
4531,256,1
4532,309,1
4533,190,2
4534,375,2
4535,223,2
4536,181,1
4536,159,1
4537,217,1
4537,314,1
4538,228,1
4539,235,3
4540,258,2
4541,150,1
4542,316,1
4543,134,1
4543,223,1
4543,148,1
4544,325,3
4545,139,1
4545,287,1
4545,338,1
4546,314,1
4547,181,2
4548,123,1
4548,334,1
4549,207,3
4550,240,1
4551,225,1
4552,199,1
4553,120,1
4553,147,1
4553,215,1
4554,344,2
4555,204,1
4556,313,3
4557,255,1
4557,127,1
4558,330,2
4559,152,2
4560,303,1
4560,137,1
4560,269,1
4561,354,1
4562,288,2
4563,288,1
4563,211,1
4563,104,1
4564,170,1
4565,295,1
4566,397,1
4566,400,1
4567,400,3
4568,302,1
4569,274,3
4570,293,2
4571,158,2
4572,212,1
4572,387,1
4573,308,2
4574,170,1
4575,289,1
4576,196,1
4576,336,1
4576,386,1
4577,113,3
4578,317,1
4578,289,1
4578,342,1
4579,204,1
4580,342,1
4580,278,1
4580,121,1
4581,191,2
4582,239,3
4583,253,3
4584,378,1
4584,396,1
4584,337,1
4585,124,1
4585,159,1
4586,295,1
4587,184,2
4588,278,3
4589,392,2
4590,219,1
4591,173,1
4591,382,1
4592,159,1
4593,211,1
4594,293,1
4595,327,3
4596,107,1
4596,181,1
4597,262,1
4598,106,1
4598,361,1
4599,240,2
4600,116,1
4601,240,2
4602,237,1
4603,203,3
4604,148,1
4604,285,1
4604,208,1
4605,177,1
4606,103,1
4607,178,1
4607,196,1
4607,216,1
4608,282,2
4609,185,2
4610,118,1
4611,355,2
4612,306,2
4613,148,1
4613,201,1
4613,387,1
4614,294,1
4614,351,1
4614,211,1
4615,256,2
4616,397,1
4616,274,1
4616,316,1
4617,132,1
4618,116,1
4619,398,3
4620,143,1
4621,278,2
4622,311,1
4622,280,1
4622,341,1
4623,198,2
4624,360,1
4624,293,1
4624,116,1
4625,392,1
4625,357,1
4625,382,1
4626,140,1
4626,255,1
4626,306,1
4627,297,1
4628,253,1
4628,219,1
4628,400,1
4629,342,1
4630,169,3
4631,125,1
4632,245,3
4633,338,2
4634,119,3
4635,147,1
4635,322,1
4635,122,1
4636,298,1
4637,236,1
4638,194,2
4639,288,1
4640,377,1
4641,360,1
4642,352,1
4643,223,1
4644,141,1
4645,155,1
4645,348,1
4645,312,1
4646,305,3
4647,169,1
4647,333,1
4648,399,1
4649,186,3
4650,383,2
4651,392,1
4652,297,1
4652,239,1
4652,219,1
4653,109,1
4654,337,2
4655,193,3
4656,367,1
4656,399,1
4657,141,1
4658,375,1
4659,375,1
4659,124,1
4660,265,1
4661,180,1
4662,273,1
4663,176,1
4663,196,1
4663,238,1
4664,313,3
4665,181,1
4665,330,1
4665,186,1
4666,383,1
4666,389,1
4666,113,1
4667,172,1
4667,266,1
4667,125,1
4668,287,1
4668,256,1
4668,306,1
4669,169,1
4670,236,3
4671,144,1
4672,210,2
4673,271,2
4674,173,1
4674,200,1
4675,369,1
4676,380,2
4677,179,1
4678,125,1
4679,105,1
4680,172,1
4680,160,1
4681,257,1
4682,108,2
4683,264,2
4684,195,1
4684,357,1
4685,139,3
4686,261,1
4687,163,1
4688,120,1
4689,351,1
4690,293,1
4691,399,1
4691,240,1
4691,196,1
4692,197,1
4693,310,1
4694,235,3
4695,134,3
4696,336,1
4697,361,2
4698,397,3
4699,172,1
4699,362,1
4700,357,3
4701,218,1
4701,300,1
4701,200,1
4702,293,1
4702,133,1
4702,237,1
4703,110,1
4703,148,1
4704,350,3
4705,167,1
4705,333,1
4705,379,1
4706,216,1
4706,199,1
4707,146,1
4708,331,2
4709,396,2
4710,355,1
4711,206,1
4712,180,2
4713,206,1
4714,183,3
4715,110,2
4716,189,2
4717,175,1
4718,369,2
4719,344,1
4720,124,1
4720,117,1
4720,180,1
4721,264,1
4721,171,1
4722,351,1
4722,103,1
4723,186,1
4723,211,1
4723,165,1
4724,386,1
4725,205,1
4725,257,1
4725,157,1
4726,196,1
4726,222,1
4727,232,2
4728,219,1
4729,112,1
4729,278,1
4729,109,1
4730,117,3
4731,265,1
4731,369,1
4732,112,1
4732,212,1
4733,301,2
4734,208,1
4734,234,1
4734,275,1
4735,160,1
4735,193,1
4736,105,1
4737,142,1
4738,391,2
4739,251,3
4740,393,3
4741,317,2
4742,396,2
4743,217,2
4744,312,1
4745,178,3
4746,203,1
4747,210,2
4748,166,2
4749,165,1
4749,274,1
4749,139,1
4750,242,1
4750,338,1
4751,150,1
4752,191,1
4752,305,1
4753,293,3
4754,213,1
4755,228,2
4756,356,1
4756,275,1
4756,158,1
4757,323,1
4757,393,1
4757,105,1
4758,204,1
4759,267,1
4759,118,1
4759,108,1
4760,175,3
4761,322,1
4761,218,1
4762,119,3
4763,207,1
4763,233,1
4764,288,1
4765,131,2
4766,378,2
4767,148,2
4768,278,2
4769,227,1
4770,392,3
4771,390,2
4772,240,1
4773,324,1
4774,135,1
4774,301,1
4775,270,3
4776,238,1
4776,275,1
4777,175,2
4778,243,1
4779,147,1
4780,223,2
4781,290,1
4782,306,1
4783,186,1
4784,151,1
4785,311,1
4785,152,1
4786,291,1
4786,146,1
4787,153,2
4788,268,1
4789,234,3
4790,226,3
4791,371,1
4792,281,1
4792,314,1
4793,390,2
4794,241,2
4795,224,1
4795,381,1
4796,143,1
4796,176,1
4797,380,1
4798,281,1
4799,324,1
4800,207,1
4800,306,1
4801,173,1
4801,299,1
4802,344,2
4803,104,1
4804,154,1
4805,188,1
4806,252,1
4807,356,2
4808,367,3
4809,222,1
4809,187,1
4810,283,1
4810,318,1
4811,253,1
4812,333,1
4812,271,1
4813,249,3
4814,163,1
4815,239,1
4816,246,1
4817,334,1
4818,123,2
4819,107,2
4820,298,2
4821,241,1
4822,340,1
4822,244,1
4823,131,1
4823,241,1
4824,108,1
4825,271,3
4826,176,1
4826,106,1
4826,167,1
4827,358,1
4827,104,1
4827,269,1
4828,186,1
4829,379,1
4829,393,1
4829,219,1
4830,244,1
4830,302,1
4830,374,1
4831,226,1
4831,221,1
4831,105,1
4832,319,2
4833,349,3
4834,133,1
4834,239,1
4834,324,1
4835,200,2
4836,383,1
4836,201,1
4837,341,1
4838,167,2
4839,284,1
4839,101,1
4839,179,1
4840,166,1
4840,340,1
4841,305,1
4842,231,1
4842,290,1
4842,299,1
4843,304,1
4844,363,2
4845,330,3
4846,101,1
4846,101,1
4847,265,3
4848,144,1
4848,370,1
4848,176,1
4849,288,2
4850,123,2
4851,192,3
4852,186,3
4853,262,1
4854,280,1
4854,279,1
4854,346,1
4855,178,1
4855,195,1
4856,278,3
4857,373,2
4858,379,1
4858,162,1
4858,199,1
4859,226,2
4860,238,1
4860,291,1
4861,228,1
4861,334,1
4862,353,3
4863,144,2
4864,306,2
4865,254,1
4866,370,1
4867,114,1
4867,227,1
4868,138,3
4869,278,3
4870,328,3
4871,387,2
4872,347,1
4872,149,1
4873,127,1
4873,358,1
4874,367,1
4874,214,1
4875,240,1
4875,270,1
4875,235,1
4876,293,3
4877,215,1
4878,384,3
4879,234,1
4879,393,1
4879,207,1
4880,320,1
4881,386,3
4882,230,2
4883,252,1
4884,190,3
4885,392,1
4885,371,1
4886,206,1
4887,115,2
4888,338,2
4889,150,3
4890,129,1
4890,250,1
4891,303,1
4891,342,1
4892,257,2
4893,381,3
4894,308,1
4895,191,1
4895,321,1
4896,262,2
4897,119,1
4897,188,1
4897,305,1
4898,293,2
4899,387,1
4900,198,3
4901,173,2
4902,162,3
4903,231,1
4904,174,1
4904,188,1
4904,185,1
4905,317,1
4906,246,1
4906,236,1
4907,357,3
4908,366,1
4909,123,1
4909,229,1
4910,174,3
4911,286,2
4912,148,1
4912,123,1
4912,287,1
4913,159,1
4913,346,1
4913,161,1
4914,117,3
4915,267,1
4916,212,1
4916,204,1
4917,372,2
4918,345,1
4919,302,3
4920,392,1
4921,208,2
4922,135,3
4923,138,1
4923,154,1
4924,162,1
4924,357,1
4924,280,1
4925,228,1
4925,137,1
4926,118,1
4927,161,1
4928,123,1
4928,378,1
4928,143,1
4929,299,1
4929,217,1
4929,109,1
4930,317,3
4931,322,3
4932,289,1
4933,255,1
4934,197,3
4935,204,3
4936,312,3
4937,134,3
4938,193,2
4939,128,1
4940,174,1
4940,137,1
4940,117,1
4941,335,1
4941,131,1
4942,315,1
4942,190,1
4943,370,3
4944,213,2
4945,255,1
4946,310,1
4946,191,1
4946,151,1
4947,266,1
4948,323,2
4949,119,1
4950,349,1
4951,257,2
4952,188,1
4953,278,1
4953,256,1
4954,197,1
4954,373,1
4955,122,1
4955,378,1
4955,259,1
4956,124,2
4957,118,1
4957,190,1
4958,218,1
4958,310,1
4959,266,1
4960,146,3
4961,346,1
4962,376,3
4963,200,1
4963,136,1
4963,151,1
4964,383,1
4965,105,3
4966,320,1
4967,312,1
4968,200,1
4968,294,1
4969,245,2
4970,300,1
4971,345,1
4971,334,1
4971,312,1
4972,181,1
4972,233,1
4972,143,1
4973,329,1
4974,147,1
4974,345,1
4975,314,1
4976,261,1
4976,312,1
4976,329,1
4977,187,3
4978,200,1
4978,197,1
4978,341,1
4979,368,3
4980,150,3
4981,179,1
4981,361,1
4981,400,1
4982,249,1
4983,297,3
4984,322,1
4985,398,1
4985,240,1
4985,319,1
4986,128,2
4987,400,3
4988,147,3
4989,146,3
4990,294,3
4991,115,2
4992,305,1
4993,184,1
4994,268,1
4995,362,1
4996,293,1
4997,158,1
4997,173,1
4997,242,1
4998,112,1
4998,207,1
4999,187,2
5000,333,1
5001,248,1
5002,267,2
5003,107,1
5004,144,1
5005,222,3
5006,215,2
5007,309,3
5008,368,1
5009,251,3
5010,196,1
5011,162,1
5012,271,1
5013,277,1
5014,302,1
5015,187,2
5016,267,1
5016,170,1
5016,346,1
5017,338,1
5017,322,1
5017,256,1
5018,350,1
5019,316,3
5020,331,1
5021,396,3
5022,200,3
5023,108,1
5023,372,1
5024,366,3
5025,202,3
5026,247,1
5027,202,1
5028,294,2
5029,170,1
5030,271,1
5031,222,1
5031,101,1
5032,145,1
5032,260,1
5032,387,1
5033,233,1
5033,363,1
5033,233,1
5034,281,1
5034,221,1
5034,264,1
5035,112,1
5036,160,1
5037,361,3
5038,189,1
5039,108,1
5039,167,1
5039,177,1
5040,149,1
5041,392,1
5041,171,1
5042,187,1
5042,387,1
5043,157,2
5044,284,3
5045,120,1
5046,250,2
5047,159,1
5047,270,1
5048,154,1
5049,165,1
5049,328,1
5050,324,1
5051,127,1
5051,394,1
5051,101,1
5052,235,2
5053,286,1
5053,353,1
5053,169,1
5054,332,1
5055,264,2
5056,173,1
5057,106,3
5058,136,1
5058,259,1
5059,326,3
5060,164,1
5061,371,3
5062,178,1
5062,340,1
5062,106,1
5063,213,3
5064,380,2
5065,130,3
5066,227,3
5067,102,1
5068,300,2
5069,307,2
5070,321,1
5070,368,1
5070,149,1
5071,396,1
5071,198,1
5071,125,1
5072,356,1
5073,365,1
5074,341,1
5075,102,2
5076,365,2
5077,233,1
5078,183,1
5079,135,3
5080,329,1
5080,366,1
5081,240,1
5081,264,1
5081,246,1
5082,260,3
5083,109,2
5084,333,1
5085,340,1
5086,107,1
5087,325,2
5088,274,1
5089,101,3
5090,244,1
5091,378,3
5092,387,1
5093,170,1
5093,357,1
5094,326,1
5094,280,1
5094,114,1
5095,357,1
5095,142,1
5096,228,2
5097,121,1
5097,312,1
5098,366,2
5099,383,1
5100,332,1
5101,114,2
5102,230,3
5103,294,1
5104,158,1
5105,122,1
5106,359,1
5107,262,1
5108,233,1
5109,295,1
5109,148,1
5109,362,1
5110,132,3
5111,126,1
5112,363,2
5113,376,1
5114,237,2
5115,396,1
5116,199,1
5116,263,1
5117,245,2
5118,150,1
5118,354,1
5119,195,3
5120,384,1
5120,368,1
5121,130,1
5121,101,1
5121,202,1
5122,298,1
5122,192,1
5122,370,1
5123,250,1
5124,297,1
5124,235,1
5124,168,1
5125,210,2
5126,310,1
5126,272,1
5126,374,1
5127,224,1
5127,203,1
5128,381,1
5128,258,1
5128,214,1
5129,214,1
5130,279,1
5131,309,1
5131,220,1
5132,216,2
5133,144,3
5134,210,2
5135,292,1
5136,209,1
5136,194,1
5136,312,1
5137,190,3
5138,257,2
5139,328,3
5140,139,3
5141,134,1
5142,304,1
5143,356,1
5143,140,1
5143,391,1
5144,125,2
5145,237,1
5146,252,1
5147,307,1
5147,323,1
5148,363,2
5149,214,1
5150,219,1
5150,349,1
5150,151,1
5151,395,1
5151,372,1
5151,245,1
5152,289,1
5152,285,1
5152,341,1
5153,230,1
5153,138,1
5153,239,1
5154,245,1
5155,196,3
5156,198,1
5157,278,1
5158,176,2
5159,348,1
5160,398,1
5160,337,1
5161,377,2
5162,342,2
5163,302,3
5164,213,1
5164,320,1
5164,333,1
5165,202,2
5166,262,1
5166,106,1
5167,219,3
5168,377,2
5169,323,1
5170,186,3
5171,363,3
5172,351,1
5172,170,1
5172,110,1
5173,293,3
5174,275,1
5175,139,1
5175,255,1
5175,345,1
5176,363,1
5176,243,1
5176,130,1
5177,333,1
5178,250,1
5179,214,1
5179,107,1
5180,141,1
5180,138,1
5181,302,1
5181,244,1
5182,314,3
5183,288,3
5184,214,2
5185,171,3
5186,229,1
5187,324,3
5188,165,1
5188,305,1
5188,174,1
5189,372,3
5190,307,1
5190,212,1
5191,103,1
5191,207,1
5191,212,1
5192,185,3
5193,303,2
5194,312,2
5195,167,1
5195,275,1
5196,227,1
5196,161,1
5197,184,1
5197,228,1
5197,192,1
5198,176,1
5198,314,1
5199,133,1
5200,318,2
5201,362,1
5202,149,1
5202,375,1
5202,203,1
5203,132,3
5204,154,1
5205,375,1
5206,233,1
5206,382,1
5207,132,2
5208,349,3
5209,111,1
5209,211,1
5210,108,1
5211,198,1
5212,190,1
5213,173,1
5214,136,1
5215,376,2
5216,322,3
5217,157,2
5218,156,2
5219,287,3
5220,219,1
5220,163,1
5221,223,1
5222,282,1
5223,251,1
5224,234,2
5225,317,1
5226,144,2
5227,358,1
5227,204,1
5228,300,1
5228,237,1
5228,151,1
5229,392,1
5229,275,1
5230,111,1
5231,369,2
5232,301,1
5233,218,1
5233,186,1
5234,378,1
5234,256,1
5234,337,1
5235,353,1
5235,183,1
5236,215,2
5237,120,3
5238,275,1
5239,351,1
5240,135,1
5240,311,1
5241,358,1
5241,239,1
5241,395,1
5242,297,1
5242,361,1
5243,198,1
5244,233,1
5244,271,1
5244,242,1
5245,342,1
5246,188,1
5246,193,1
5246,292,1
5247,324,1
5247,163,1
5247,302,1
5248,249,1
5249,216,1
5249,379,1
5249,187,1
5250,307,3
5251,181,1
5252,166,2
5253,122,1
5254,216,1
5255,223,1
5255,399,1
5255,106,1
5256,397,1
5257,198,1
5258,186,1
5259,335,1
5260,118,1
5260,258,1
5260,383,1
5261,216,1
5261,359,1
5262,391,2
5263,165,3
5264,310,1
5264,309,1
5264,391,1
5265,151,1
5266,302,3
5267,226,1
5268,209,1
5268,218,1
5269,297,1
5269,222,1
5270,138,1
5270,260,1
5271,285,2
5272,373,2
5273,141,1
5273,396,1
5274,354,3
5275,114,3
5276,279,3
5277,250,2
5278,287,1
5279,205,1
5280,257,3
5281,285,3
5282,143,1
5283,220,1
5284,135,1
5284,324,1
5285,227,1
5286,278,2
5287,173,2
5288,120,3
5289,179,3
5290,364,1
5291,385,2
5292,267,1
5292,174,1
5292,336,1
5293,229,1
5294,199,1
5294,396,1
5294,334,1
5295,225,3
5296,265,1
5296,367,1
5297,231,2
5298,248,1
5299,321,1
5300,125,1
5301,288,1
5301,395,1
5301,391,1
5302,383,1
5303,178,1
5304,164,2
5305,381,1
5306,242,1
5306,303,1
5306,180,1
5307,268,1
5308,231,2
5309,279,1
5310,178,1
5310,233,1
5310,258,1
5311,131,3
5312,135,2
5313,226,1
5313,321,1
5313,382,1
5314,190,1
5314,288,1
5314,122,1
5315,167,1
5316,172,1
5316,154,1
5316,123,1
5317,202,1
5317,165,1
5318,108,1
5319,382,1
5319,387,1
5320,112,2
5321,231,3
5322,130,1
5322,329,1
5323,276,3
5324,327,1
5324,168,1
5324,162,1
5325,349,2
5326,265,1
5327,314,3
5328,316,1
5328,346,1
5329,159,3
5330,149,1
5331,182,3
5332,236,1
5333,242,1
5334,374,3
5335,349,1
5335,145,1
5335,306,1
5336,139,1
5337,222,1
5338,194,3
5339,164,2
5340,131,1
5341,293,1
5341,341,1
5341,140,1
5342,160,1
5342,131,1
5343,215,1
5343,353,1
5344,242,1
5345,246,1
5346,180,3
5347,128,1
5347,116,1
5348,217,2
5349,255,3
5350,185,1
5351,245,1
5351,373,1
5352,380,1
5352,218,1
5353,151,1
5354,163,1
5355,250,1
5355,112,1
5356,168,3
5357,246,1
5357,260,1
5358,155,3
5359,245,3
5360,327,2
5361,362,1
5362,122,1
5363,338,1
5363,244,1
5364,234,1
5364,199,1
5364,270,1
5365,367,3
5366,134,1
5367,395,1
5367,324,1
5367,234,1
5368,116,3
5369,194,1
5370,324,1
5371,321,1
5372,175,1
5372,136,1
5373,155,1
5374,165,1
5374,202,1
5375,235,1
5376,280,1
5377,213,2
5378,385,1
5379,363,1
5380,314,1
5381,200,3
5382,400,3
5383,285,1
5384,256,1
5384,368,1
5385,112,1
5385,262,1
5385,127,1
5386,145,1
5386,163,1
5387,199,1
5387,366,1
5387,335,1
5388,254,3
5389,235,1
5389,286,1
5390,181,2
5391,296,2
5392,131,1
5393,134,1
5394,157,3
5395,392,1
5396,203,3
5397,111,1
5398,202,1
5399,343,3
5400,347,1
5400,263,1
5401,278,2
5402,248,1
5402,221,1
5402,199,1
5403,181,1
5403,382,1
5403,284,1
5404,339,1
5404,128,1
5404,121,1
5405,341,2
5406,180,1
5407,310,1
5408,277,1
5408,308,1
5409,308,1
5410,214,1
5411,184,1
5411,205,1
5412,270,1
5413,350,1
5413,369,1
5414,281,1
5414,183,1
5415,285,1
5416,297,1
5417,133,3
5418,113,3
5419,278,1
5419,321,1
5420,142,1
5421,358,2
5422,201,1
5423,364,1
5424,352,2
5425,360,1
5425,144,1
5425,150,1
5426,312,1
5427,173,3
5428,192,2
5429,386,2
5430,227,1
5431,133,1
5432,236,2
5433,272,2
5434,344,1
5434,318,1
5435,365,1
5435,278,1
5436,101,1
5436,151,1
5437,155,1
5438,165,2
5439,323,1
5439,157,1
5439,329,1
5440,189,3
5441,217,2
5442,236,2
5443,187,2
5444,204,1
5444,207,1
5444,360,1
5445,283,1
5445,382,1
5445,175,1
5446,191,1
5446,320,1
5446,228,1
5447,231,2
5448,124,2
5449,337,3
5450,218,1
5450,308,1
5451,248,1
5451,378,1
5452,151,1
5453,365,1
5453,341,1
5453,362,1
5454,366,1
5455,363,1
5456,162,1
5457,373,2
5458,374,1
5459,104,1
5459,251,1
5459,255,1
5460,162,2
5461,338,1
5461,184,1
5461,236,1
5462,364,1
5463,301,1
5464,337,1
5464,326,1
5465,333,1
5465,227,1
5466,132,3
5467,113,2
5468,145,3
5469,120,1
5469,178,1
5470,180,3
5471,191,1
5471,317,1
5471,389,1
5472,159,2
5473,354,1
5473,116,1
5474,122,2
5475,145,1
5475,370,1
5475,194,1
5476,135,1
5477,109,1
5478,129,1
5479,130,1
5479,320,1
5480,192,1
5480,343,1
5480,159,1
5481,178,2
5482,274,1
5482,117,1
5482,201,1
5483,121,1
5483,373,1
5483,367,1
5484,297,1
5484,234,1
5484,113,1
5485,307,1
5485,244,1
5486,392,1
5486,200,1
5486,317,1
5487,246,1
5487,147,1
5487,298,1
5488,133,2
5489,340,3
5490,315,1
5491,195,1
5492,132,1
5493,310,1
5493,300,1
5493,133,1
5494,337,1
5494,173,1
5494,301,1
5495,302,2
5496,228,2
5497,365,1
5497,246,1
5498,132,1
5499,255,2
5500,350,3
5501,325,1
5501,228,1
5501,196,1
5502,334,3
5503,342,2
5504,171,1
5504,253,1
5505,129,1
5505,183,1
5505,378,1
5506,282,1
5507,245,1
5508,282,2
5509,333,1
5509,144,1
5509,175,1
5510,186,1
5511,379,1
5512,361,1
5513,355,1
5514,119,2
5515,148,1
5516,381,2
5517,208,3
5518,186,3
5519,177,1
5519,132,1
5519,302,1
5520,225,1
5521,129,2
5522,201,1
5523,117,1
5524,129,1
5524,200,1
5524,286,1
5525,248,2
5526,396,1
5527,174,1
5528,368,1
5528,242,1
5529,293,3
5530,225,1
5531,351,1
5531,234,1
5532,258,1
5533,232,1
5534,183,1
5535,376,1
5536,322,1
5537,166,1
5538,124,1
5539,324,1
5539,363,1
5540,244,1
5541,188,1
5541,152,1
5541,168,1
5542,123,1
5543,150,2
5544,385,1
5545,238,2
5546,382,3
5547,231,2
5548,269,1
5549,212,1
5549,148,1
5550,120,1
5551,377,3
5552,381,1
5553,153,1
5553,275,1
5554,172,1
5555,171,3
5556,170,1
5557,346,1
5558,121,1
5558,324,1
5558,258,1
5559,125,1
5559,314,1
5559,346,1
5560,195,1
5560,193,1
5560,132,1
5561,383,1
5562,399,1
5563,242,1
5563,400,1
5563,287,1
5564,389,1
5564,105,1
5565,221,2
5566,261,1
5566,326,1
5567,231,2
5568,380,1
5568,225,1
5569,140,1
5569,225,1
5569,387,1
5570,338,1
5571,240,1
5571,279,1
5571,385,1
5572,318,2
5573,320,1
5574,395,1
5575,390,1
5575,364,1
5576,111,1
5576,203,1
5577,376,2
5578,371,1
5578,350,1
5578,230,1
5579,183,1
5579,274,1
5580,362,1
5580,384,1
5581,270,1
5581,319,1
5581,255,1
5582,336,1
5582,147,1
5583,289,1
5583,277,1
5584,136,3
5585,104,1
5585,116,1
5585,177,1
5586,274,1
5586,170,1
5586,179,1
5587,200,3
5588,220,3
5589,239,3
5590,348,1
5590,218,1
5590,329,1
5591,121,1
5591,209,1
5592,218,1
5593,316,1
5594,309,1
5594,219,1
5595,354,2
5596,383,1
5597,302,1
5597,362,1
5597,326,1
5598,283,3
5599,249,2
5600,306,2
5601,363,3
5602,291,1
5602,223,1
5603,395,1
5604,328,1
5605,290,1
5606,179,3
5607,173,2
5608,200,1
5609,282,1
5610,389,1
5610,237,1
5610,140,1
5611,345,3
5612,119,1
5613,360,2
5614,309,1
5615,220,1
5616,384,3
5617,275,2
5618,315,1
5618,374,1
5618,212,1
5619,248,3
5620,292,1
5621,121,1
5621,152,1
5622,386,2
5623,167,1
5623,301,1
5624,325,1
5624,280,1
5624,378,1
5625,155,1
5625,395,1
5626,140,2
5627,361,1
5627,269,1
5627,187,1
5628,133,3
5629,297,1
5630,127,1
5631,164,3
5632,316,1
5633,163,2
5634,377,1
5635,223,1
5636,130,1
5636,141,1
5637,181,3
5638,254,1
5638,282,1
5638,109,1
5639,377,3
5640,136,2
5641,301,1
5642,346,1
5643,228,1
5643,117,1
5644,330,1
5645,316,3
5646,262,1
5647,239,1
5647,245,1
5647,268,1
5648,275,1
5648,130,1
5648,185,1
5649,200,1
5650,121,1
5651,149,1
5652,124,1
5653,264,1
5654,197,1
5654,348,1
5654,326,1
5655,117,1
5656,301,2
5657,223,1
5658,134,1
5658,355,1
5658,145,1
5659,341,1
5660,371,1
5660,389,1
5660,250,1
5661,306,3
5662,239,1
5663,352,1
5664,220,1
5664,236,1
5665,116,1
5666,209,1
5667,253,3
5668,105,3
5669,249,1
5670,362,1
5671,195,1
5672,290,1
5673,203,2
5674,225,3
5675,359,2
5676,334,1
5676,330,1
5676,249,1
5677,291,1
5678,153,3
5679,148,1
5679,189,1
5679,145,1
5680,158,1
5680,263,1
5680,398,1
5681,173,3
5682,231,1
5682,314,1
5682,294,1
5683,282,3
5684,113,1
5684,359,1
5684,181,1
5685,294,2
5686,248,3
5687,153,1
5688,311,1
5689,302,1
5689,113,1
5689,145,1
5690,167,1
5690,369,1
5691,196,1
5692,107,1
5693,317,1
5694,216,1
5694,324,1
5694,278,1
5695,155,1
5696,150,3
5697,213,2
5698,142,2
5699,178,1
5700,253,1
5700,310,1
5700,284,1
5701,389,1
5702,224,1
5702,317,1
5703,235,3
5704,191,1
5704,344,1
5705,151,3
5706,210,1
5707,292,3
5708,220,1
5709,161,1
5710,159,1
5711,303,1
5711,268,1
5712,135,1
5713,126,2
5714,377,1
5714,133,1
5715,242,1
5716,291,1
5716,222,1
5717,300,1
5717,317,1
5718,117,3
5719,195,1
5720,306,1
5720,268,1
5720,314,1
5721,382,1
5722,118,1
5722,317,1
5722,166,1
5723,269,3
5724,211,1
5724,174,1
5724,130,1
5725,206,1
5726,178,3
5727,338,1
5727,313,1
5727,378,1
5728,257,1
5728,317,1
5728,263,1
5729,237,1
5729,146,1
5730,140,1
5731,287,2
5732,196,2
5733,111,3
5734,303,2
5735,368,1
5736,265,3
5737,244,1
5738,201,3
5739,236,1
5740,266,1
5740,246,1
5741,387,1
5741,383,1
5742,140,1
5742,144,1
5743,365,2
5744,385,1
5745,309,2
5746,299,1
5747,372,1
5748,239,1
5749,309,1
5750,350,1
5750,145,1
5750,338,1
5751,130,3
5752,398,1
5752,198,1
5752,233,1
5753,379,1
5753,201,1
5754,372,1
5754,129,1
5754,292,1
5755,389,1
5756,381,1
5756,141,1
5757,265,1
5757,180,1
5757,276,1
5758,200,1
5759,232,3
5760,362,3
5761,215,2
5762,316,1
5763,124,2
5764,367,1
5765,307,1
5765,124,1
5765,111,1
5766,202,1
5767,194,1
5767,158,1
5768,386,1
5769,311,1
5770,105,1
5770,286,1
5771,206,2
5772,335,3
5773,229,1
5773,323,1
5773,320,1
5774,174,2
5775,278,3
5776,250,1
5777,298,2
5778,248,3
5779,235,1
5780,190,1
5780,398,1
5780,261,1
5781,243,1
5781,292,1
5782,104,3
5783,332,3
5784,255,1
5784,375,1
5784,356,1
5785,188,1
5786,195,2
5787,214,2
5788,338,1
5789,272,2
5790,239,1
5791,121,2
5792,322,2
5793,291,2
5794,399,2
5795,191,2
5796,219,1
5796,222,1
5796,183,1
5797,250,1
5797,173,1
5798,390,1
5799,368,1
5800,378,1
5801,361,1
5801,122,1
5801,352,1
5802,376,3
5803,129,1
5804,124,1
5804,153,1
5804,131,1
5805,394,1
5805,264,1
5806,229,1
5806,322,1
5806,266,1
5807,131,3
5808,209,2
5809,199,1
5810,240,1
5810,240,1
5811,352,1
5812,149,1
5813,244,1
5813,362,1
5813,109,1
5814,244,1
5815,116,1
5815,158,1
5815,169,1
5816,340,1
5816,183,1
5816,143,1
5817,311,1
5818,102,1
5818,377,1
5818,237,1
5819,269,2
5820,242,3
5821,155,1
5821,225,1
5821,292,1
5822,203,2
5823,128,1
5823,297,1
5824,365,1
5824,229,1
5824,381,1
5825,228,1
5826,161,2
5827,238,1
5827,214,1
5827,248,1
5828,257,1
5828,223,1
5829,184,1
5830,365,2
5831,276,1
5831,168,1
5831,206,1
5832,257,2
5833,354,1
5834,131,1
5835,181,3
5836,331,3
5837,329,2
5838,294,2
5839,344,1
5840,314,1
5841,215,1
5842,283,2
5843,351,3
5844,367,1
5845,142,2
5846,221,2
5847,396,2
5848,150,1
5848,375,1
5849,137,1
5850,176,1
5851,208,1
5852,269,1
5853,120,1
5853,378,1
5854,150,1
5855,295,3
5856,210,3
5857,120,1
5857,132,1
5857,209,1
5858,106,1
5858,251,1
5858,245,1
5859,343,1
5860,309,1
5860,171,1
5860,157,1
5861,155,1
5862,138,3
5863,154,3
5864,337,1
5864,127,1
5865,237,1
5865,396,1
5866,121,1
5867,153,1
5868,319,1
5868,108,1
5868,361,1
5869,383,1
5869,265,1
5869,257,1
5870,105,3
5871,193,2
5872,260,1
5873,153,1
5873,109,1
5873,225,1
5874,345,1
5875,374,1
5875,390,1
5876,259,3
5877,237,2
5878,101,1
5878,343,1
5879,186,1
5879,245,1
5880,184,1
5881,218,1
5882,351,1
5883,274,1
5884,268,1
5885,276,3
5886,259,1
5887,330,1
5887,214,1
5887,183,1
5888,300,3
5889,292,3
5890,149,2
5891,152,1
5892,400,1
5893,124,1
5894,326,2
5895,375,1
5895,243,1
5896,211,1
5896,295,1
5896,119,1
5897,114,1
5898,111,1
5898,126,1
5899,197,3
5900,274,1
5900,154,1
5901,189,1
5902,246,2
5903,187,2
5904,155,1
5905,186,1
5906,150,1
5907,342,1
5908,328,3
5909,125,1
5909,128,1
5909,155,1
5910,392,1
5910,164,1
5910,273,1
5911,277,1
5911,364,1
5912,163,1
5912,188,1
5913,258,1
5914,108,3
5915,265,1
5916,242,1
5917,136,1
5917,375,1
5917,112,1
5918,320,3
5919,159,2
5920,140,1
5920,110,1
5921,289,2
5922,144,1
5922,111,1
5923,353,2
5924,101,1
5925,278,1
5926,384,1
5926,346,1
5927,227,1
5927,196,1
5928,318,1
5928,259,1
5929,120,2
5930,391,3
5931,371,1
5931,231,1
5931,133,1
5932,346,3
5933,201,1
5934,128,1
5934,161,1
5934,361,1
5935,309,1
5935,359,1
5935,198,1
5936,324,1
5937,162,3
5938,172,1
5938,138,1
5939,344,1
5940,327,2
5941,268,2
5942,197,2
5943,104,3
5944,396,2
5945,120,1
5946,399,1
5946,304,1
5946,158,1
5947,292,2
5948,365,1
5949,191,3
5950,380,3
5951,267,3
5952,213,1
5953,140,3
5954,249,1
5954,103,1
5954,193,1
5955,389,1
5956,388,2
5957,308,1
5958,360,2
5959,261,1
5959,261,1
5959,218,1
5960,232,1
5961,314,1
5961,316,1
5962,399,1
5962,316,1
5962,109,1
5963,236,1
5964,136,1
5964,209,1
5964,116,1
5965,298,1
5965,269,1
5966,115,1
5966,217,1
5966,160,1
5967,208,1
5967,203,1
5967,395,1
5968,214,2
5969,137,2
5970,248,1
5971,396,1
5972,202,2
5973,282,1
5973,332,1
5974,293,1
5975,134,1
5975,334,1
5975,145,1
5976,204,1
5976,376,1
5976,185,1
5977,145,2
5978,225,1
5978,289,1
5978,112,1
5979,366,3
5980,383,3
5981,236,1
5982,188,1
5982,386,1
5982,302,1
5983,386,1
5983,162,1
5983,105,1
5984,160,1
5985,173,1
5985,159,1
5985,202,1
5986,219,1
5987,269,1
5988,310,1
5988,371,1
5989,309,2
5990,119,1
5990,284,1
5991,192,3
5992,338,2
5993,397,1
5994,119,1
5994,151,1
5995,211,3
5996,233,1
5996,191,1
5997,277,1
5997,161,1
5997,344,1
5998,307,1
5998,333,1
5998,307,1
5999,132,1
6000,137,1
6001,183,1
6001,340,1
6001,109,1
6002,347,1
6003,202,3
6004,268,1
6005,287,1
6006,197,1
6006,104,1
6007,390,1
6008,150,3
6009,162,1
6009,295,1
6009,338,1
6010,192,3
6011,269,2
6012,110,1
6013,362,3
6014,150,1
6015,116,2
6016,399,1
6017,134,1
6017,263,1
6018,126,1
6019,289,1
6020,315,1
6021,109,1
6021,166,1
6021,223,1
6022,163,2
6023,236,2
6024,190,1
6024,280,1
6025,318,2
6026,215,1
6026,146,1
6026,224,1
6027,260,2
6028,160,1
6028,120,1
6028,170,1
6029,231,1
6029,376,1
6029,306,1
6030,103,1
6030,234,1
6031,300,1
6031,225,1
6031,147,1
6032,333,2
6033,303,1
6034,379,1
6034,364,1
6034,341,1
6035,371,1
6036,341,1
6036,122,1
6037,170,2
6038,278,1
6039,141,1
6039,133,1
6039,236,1
6040,212,1
6041,245,3
6042,165,1
6042,317,1
6043,321,1
6044,113,1
6045,104,1
6046,395,1
6046,129,1
6047,271,2
6048,192,1
6048,347,1
6048,345,1
6049,189,2
6050,240,3
6051,365,3
6052,313,1
6052,228,1
6053,304,1
6053,361,1
6054,219,1
6054,145,1
6054,305,1
6055,186,1
6056,229,1
6057,345,1
6058,210,2
6059,283,2
6060,398,3
6061,247,1
6062,279,1
6062,386,1
6063,326,3
6064,246,1
6065,378,2
6066,118,1
6066,220,1
6067,314,1
6067,176,1
6068,193,3
6069,128,1
6070,194,3
6071,202,2
6072,287,2
6073,368,1
6074,159,1
6075,360,3
6076,186,1
6076,198,1
6076,178,1
6077,343,2
6078,338,1
6079,316,1
6079,253,1
6079,110,1
6080,214,1
6080,321,1
6081,386,3
6082,268,1
6083,357,2
6084,390,3
6085,135,1
6085,333,1
6086,385,1
6086,242,1
6087,334,1
6088,372,1
6089,301,1
6089,389,1
6090,201,1
6090,305,1
6091,283,2
6092,148,1
6092,157,1
6093,346,1
6093,227,1
6094,104,1
6095,151,2
6096,289,1
6097,104,1
6098,279,1
6099,150,1
6099,177,1
6099,201,1
6100,325,2
6101,123,1
6101,311,1
6101,357,1
6102,300,3
6103,156,1
6103,381,1
6103,179,1
6104,190,3
6105,198,1
6106,309,1
6107,276,1
6108,236,1
6109,269,1
6109,263,1
6109,182,1
6110,385,1
6111,207,1
6112,154,1
6112,389,1
6112,166,1
6113,157,1
6114,253,1
6114,400,1
6114,135,1
6115,345,1
6115,380,1
6116,306,1
6116,343,1
6116,120,1
6117,211,1
6118,128,2
6119,116,1
6119,319,1
6120,387,3
6121,308,2
6122,197,1
6122,151,1
6123,320,3
6124,304,1
6125,317,1
6125,388,1
6125,249,1
6126,278,1
6127,277,2
6128,303,1
6128,387,1
6128,173,1
6129,145,2
6130,269,1
6130,286,1
6130,225,1
6131,301,1
6131,108,1
6131,157,1
6132,270,1
6132,307,1
6133,107,1
6133,290,1
6134,137,1
6134,251,1
6135,201,1
6136,195,1
6137,293,1
6137,135,1
6138,347,2
6139,389,1
6139,107,1
6140,180,1
6140,177,1
6141,327,1
6142,180,1
6142,234,1
6143,201,1
6144,205,1
6145,139,3
6146,226,1
6146,224,1
6146,245,1
6147,392,1
6147,133,1
6147,242,1
6148,188,1
6148,205,1
6148,115,1
6149,235,1
6150,324,3
6151,364,1
6151,170,1
6151,125,1
6152,337,1
6152,322,1
6152,308,1
6153,367,2
6154,176,3
6155,250,2
6156,335,1
6156,337,1
6156,358,1
6157,240,1
6157,219,1
6157,314,1
6158,216,2
6159,325,3
6160,281,1
6160,363,1
6160,253,1
6161,296,3
6162,267,1
6162,345,1
6162,365,1
6163,290,1
6163,281,1
6164,365,1
6164,119,1
6164,374,1
6165,141,3
6166,341,3
6167,196,1
6168,273,1
6169,144,2
6170,224,1
6170,249,1
6171,292,2
6172,373,1
6173,119,2
6174,186,2
6175,169,2
6176,295,1
6177,249,1
6177,237,1
6177,342,1
6178,314,2
6179,298,1
6179,381,1
6179,264,1
6180,299,3
6181,263,1
6182,339,1
6182,157,1
6182,197,1
6183,389,1
6184,174,1
6185,271,2
6186,161,1
6186,307,1
6187,348,1
6187,180,1
6188,400,1
6189,264,1
6189,226,1
6190,179,2
6191,276,1
6192,136,3
6193,104,2
6194,281,3
6195,252,1
6195,119,1
6195,186,1
6196,152,1
6196,173,1
6196,190,1
6197,393,3
6198,326,1
6199,225,3
6200,296,1
6201,371,1
6201,192,1
6201,180,1
6202,282,1
6203,229,3
6204,380,1
6205,199,1
6205,383,1
6206,177,2
6207,101,1
6208,258,1
6209,338,1
6209,376,1
6210,162,3
6211,362,2
6212,300,1
6213,268,3
6214,141,3
6215,200,2
6216,117,1
6217,137,2
6218,319,1
6219,331,1
6219,284,1
6220,237,1
6220,380,1
6221,176,1
6221,344,1
6221,146,1
6222,353,3
6223,184,1
6223,352,1
6224,169,2
6225,139,1
6226,165,1
6226,342,1
6227,300,1
6228,256,3
6229,349,1
6229,210,1
6230,358,3
6231,289,2
6232,393,1
6232,264,1
6232,173,1
6233,384,2
6234,225,2
6235,331,2
6236,165,1
6236,383,1
6237,342,1
6238,107,1
6239,197,1
6239,220,1
6240,115,1
6241,212,1
6242,121,3
6243,153,1
6244,267,3
6245,272,1
6245,140,1
6245,286,1
6246,272,3
6247,299,1
6247,307,1
6248,374,1
6249,231,2
6250,151,2
6251,185,1
6251,377,1
6252,175,1
6252,232,1
6253,123,2
6254,200,3
6255,303,1
6256,103,2
6257,384,3
6258,243,1
6258,257,1
6259,383,3
6260,232,3
6261,206,1
6262,140,1
6263,349,1
6264,235,1
6264,222,1
6264,147,1
6265,335,2
6266,338,2
6267,184,3
6268,150,3
6269,268,2
6270,128,3
6271,140,1
6271,191,1
6272,305,3
6273,323,1
6274,166,1
6275,256,2
6276,222,1
6276,142,1
6276,293,1
6277,225,1
6278,159,1
6278,147,1
6278,325,1
6279,153,3
6280,236,1
6280,159,1
6281,150,1
6281,315,1
6282,149,1
6283,193,1
6283,172,1
6283,360,1
6284,251,2
6285,117,1
6285,112,1
6285,120,1
6286,241,1
6286,191,1
6286,336,1
6287,389,1
6288,381,1
6289,269,2
6290,386,2
6291,319,1
6292,265,1
6292,392,1
6292,237,1
6293,269,2
6294,301,1
6295,314,2
6296,226,1
6296,176,1
6296,203,1
6297,202,1
6298,329,1
6298,262,1
6298,307,1
6299,172,3
6300,386,1
6301,306,1
6302,321,3
6303,151,3
6304,233,1
6305,275,1
6306,257,1
6306,199,1
6306,212,1
6307,315,1
6308,207,1
6308,120,1
6309,204,1
6309,392,1
6309,340,1
6310,287,1
6310,397,1
6311,281,1
6312,296,3
6313,267,1
6314,322,2
6315,254,1
6316,204,1
6317,389,2
6318,204,2
6319,144,1
6320,117,3
6321,130,1
6322,204,3
6323,152,2
6324,237,1
6325,167,1
6326,168,1
6326,239,1
6326,202,1
6327,340,3
6328,326,2
6329,291,1
6330,135,1
6331,257,2
6332,385,3
6333,375,2
6334,398,3
6335,174,1
6335,296,1
6335,114,1
6336,190,1
6336,301,1
6336,369,1
6337,367,1
6338,346,3
6339,329,2
6340,132,1
6340,174,1
6340,134,1
6341,208,2
6342,172,2
6343,313,1
6344,237,1
6345,323,1
6346,194,3
6347,366,3
6348,200,1
6349,395,3
6350,245,1
6351,110,1
6352,282,1
6352,245,1
6353,331,3
6354,133,3
6355,377,1
6355,253,1
6356,181,3
6357,298,2
6358,120,2
6359,366,1
6359,357,1
6360,267,2
6361,159,1
6362,128,1
6363,238,1
6363,226,1
6363,246,1
6364,270,1
6364,172,1
6365,376,3
6366,218,1
6366,173,1
6366,106,1
6367,318,3
6368,395,3
6369,158,1
6370,362,1
6371,170,1
6372,182,2
6373,245,2
6374,119,2
6375,170,1
6376,368,3
6377,239,3
6378,374,1
6378,296,1
6378,196,1
6379,344,2
6380,303,1
6381,300,1
6382,256,1
6382,300,1
6382,384,1
6383,292,3
6384,399,3
6385,351,2
6386,153,1
6386,250,1
6386,243,1
6387,104,1
6387,320,1
6388,172,1
6389,156,1
6389,150,1
6390,216,1
6391,152,3
6392,251,3
6393,229,1
6393,372,1
6394,157,1
6395,389,1
6395,335,1
6395,237,1
6396,186,1
6397,219,1
6397,207,1
6397,344,1
6398,178,2
6399,288,1
6399,185,1
6399,363,1
6400,147,1
6401,153,3
6402,113,1
6402,218,1
6403,332,1
6404,337,1
6405,243,2
6406,152,1
6406,126,1
6406,197,1
6407,212,1
6407,119,1
6407,353,1
6408,148,3
6409,177,3
6410,332,3
6411,300,1
6412,317,1
6412,148,1
6412,107,1
6413,263,1
6413,388,1
6413,185,1
6414,331,1
6415,168,1
6416,123,3
6417,396,1
6417,236,1
6417,151,1
6418,280,1
6418,199,1
6418,104,1
6419,352,1
6420,267,1
6420,373,1
6420,108,1
6421,398,1
6421,102,1
6421,324,1
6422,169,1
6423,183,1
6424,271,1
6424,290,1
6424,226,1
6425,342,2
6426,249,1
6427,393,1
6427,291,1
6427,370,1
6428,103,1
6428,353,1
6429,311,2
6430,392,1
6431,399,1
6431,178,1
6432,238,1
6433,321,1
6433,297,1
6433,393,1
6434,123,3
6435,210,1
6436,173,1
6436,205,1
6437,142,1
6438,198,1
6438,138,1
6439,343,2
6440,170,3
6441,152,1
6442,264,1
6443,386,1
6444,354,2
6445,331,1
6446,376,1
6446,168,1
6447,147,1
6448,397,1
6448,339,1
6449,177,3
6450,260,2
6451,400,2
6452,166,1
6453,138,1
6453,235,1
6454,348,2
6455,141,1
6455,320,1
6456,148,3
6457,255,2
6458,183,1
6458,213,1
6459,226,1
6459,187,1
6459,384,1
6460,211,1
6461,375,2
6462,134,1
6463,311,3
6464,320,1
6464,247,1
6464,299,1
6465,329,1
6465,378,1
6466,278,1
6466,289,1
6467,379,3
6468,102,2
6469,310,1
6470,277,1
6470,223,1
6471,191,3
6472,138,1
6472,291,1
6473,309,1
6473,197,1
6473,178,1
6474,181,1
6475,329,1
6475,108,1
6476,342,2
6477,141,1
6477,174,1
6477,203,1
6478,161,1
6479,374,1
6480,234,2
6481,191,2
6482,330,1
6482,203,1
6483,116,1
6483,329,1
6484,160,1
6484,142,1
6484,101,1
6485,181,2
6486,165,3
6487,306,2
6488,144,3
6489,240,1
6490,101,3
6491,261,3
6492,239,1
6493,150,1
6494,299,1
6494,318,1
6495,313,1
6496,344,1
6497,389,2
6498,319,1
6499,306,1
6500,251,1
6501,378,1
6502,244,3
6503,257,2
6504,336,1
6505,277,2
6506,328,1
6507,203,2
6508,379,1
6508,371,1
6509,251,2
6510,326,1
6511,359,2
6512,203,1
6512,112,1
6512,353,1
6513,209,3
6514,144,3
6515,370,3
6516,160,1
6517,374,1
6517,128,1
6518,116,1
6518,259,1
6518,319,1
6519,285,3
6520,165,1
6521,335,2
6522,354,1
6523,301,3
6524,335,1
6524,158,1
6524,274,1
6525,115,2
6526,251,2
6527,254,1
6527,360,1
6527,281,1
6528,371,2
6529,190,1
6530,129,1
6531,232,1
6531,314,1
6531,279,1
6532,290,1
6533,199,1
6533,204,1
6533,232,1
6534,295,3
6535,249,3
6536,396,1
6536,169,1
6537,121,1
6538,386,1
6539,153,1
6539,216,1
6540,290,1
6540,295,1
6540,393,1
6541,289,1
6542,329,1
6543,210,1
6543,378,1
6544,357,1
6544,302,1
6545,227,1
6545,281,1
6545,284,1
6546,110,2
6547,187,1
6547,161,1
6548,384,1
6548,176,1
6548,118,1
6549,238,1
6550,150,1
6550,113,1
6551,259,1
6551,229,1
6552,296,3
6553,185,1
6553,134,1
6553,131,1
6554,131,2
6555,356,2
6556,116,1
6557,316,1
6557,380,1
6558,106,3
6559,304,1
6559,233,1
6559,105,1
6560,135,1
6560,367,1
6561,178,1
6562,102,1
6563,153,1
6564,141,1
6565,359,1
6565,188,1
6565,326,1
6566,334,1
6567,351,2
6568,264,1
6568,344,1
6569,302,1
6569,228,1
6569,400,1
6570,186,1
6571,251,2
6572,307,3
6573,234,1
6573,260,1
6574,315,1
6574,175,1
6575,122,1
6575,167,1
6576,359,2
6577,381,3
6578,256,3
6579,321,3
6580,359,3
6581,212,2
6582,370,1
6582,233,1
6582,343,1
6583,335,1
6583,345,1
6583,107,1
6584,271,1
6585,317,1
6585,118,1
6585,163,1
6586,202,1
6587,227,2
6588,400,2
6589,274,1
6590,113,1
6590,289,1
6591,367,1
6592,366,3
6593,111,1
6594,327,1
6595,230,1
6596,252,1
6596,203,1
6597,310,1
6597,216,1
6598,365,1
6598,368,1
6598,323,1
6599,338,1
6599,172,1
6600,170,1
6600,223,1
6600,248,1
6601,203,2
6602,306,1
6602,189,1
6602,124,1
6603,129,1
6603,161,1
6603,228,1
6604,136,3
6605,197,1
6605,345,1
6605,212,1
6606,118,1
6606,366,1
6607,224,1
6607,231,1
6608,258,3
6609,227,1
6609,176,1
6609,367,1
6610,176,1
6611,389,1
6611,310,1
6611,355,1
6612,311,1
6613,353,1
6614,119,3
6615,291,1
6615,107,1
6615,372,1
6616,393,2
6617,365,1
6618,307,1
6619,231,3
6620,315,1
6621,168,1
6622,312,1
6623,399,2
6624,169,3
6625,381,1
6626,220,2
6627,147,2
6628,107,1
6629,305,2
6630,341,1
6631,314,1
6631,300,1
6631,103,1
6632,195,3
6633,296,1
6634,142,1
6635,312,1
6636,332,3
6637,399,1
6638,252,1
6638,340,1
6639,135,1
6640,328,1
6640,279,1
6640,346,1
6641,132,1
6642,243,1
6643,301,1
6644,351,1
6644,336,1
6644,369,1
6645,191,1
6645,227,1
6646,158,2
6647,217,1
6647,365,1
6648,286,1
6649,329,2
6650,384,2
6651,382,1
6651,251,1
6651,246,1
6652,361,1
6652,186,1
6653,299,1
6654,272,2
6655,136,1
6655,278,1
6656,390,1
6656,194,1
6656,328,1
6657,363,3
6658,253,1
6658,232,1
6658,151,1
6659,204,3
6660,210,3
6661,194,1
6661,357,1
6662,374,1
6663,145,1
6663,381,1
6664,250,1
6665,186,1
6665,256,1
6666,163,3
6667,150,1
6667,322,1
6668,386,3
6669,118,1
6670,394,3
6671,234,1
6672,174,1
6672,393,1
6673,275,1
6673,331,1
6673,237,1
6674,358,3
6675,275,2
6676,309,1
6676,276,1
6677,225,1
6678,192,3
6679,250,1
6679,168,1
6679,388,1
6680,142,1
6681,388,1
6681,391,1
6682,236,3
6683,127,1
6683,180,1
6683,296,1
6684,147,2
6685,102,1
6685,324,1
6685,320,1
6686,357,2
6687,296,2
6688,297,1
6689,144,1
6689,293,1
6690,195,1
6691,395,1
6692,101,3
6693,203,1
6693,309,1
6693,202,1
6694,142,1
6695,303,1
6696,225,1
6697,282,1
6697,343,1
6697,194,1
6698,303,1
6699,245,1
6700,372,1
6700,152,1
6700,240,1
6701,173,1
6702,306,2
6703,185,1
6704,249,1
6705,173,1
6705,214,1
6705,117,1
6706,198,3
6707,215,3
6708,137,2
6709,233,2
6710,115,1
6711,271,1
6712,326,2
6713,326,2
6714,379,3
6715,244,3
6716,104,1
6717,355,1
6718,353,1
6718,177,1
6719,327,1
6720,120,1
6720,151,1
6721,113,1
6721,139,1
6721,219,1
6722,123,1
6722,391,1
6723,157,1
6724,211,1
6724,315,1
6725,300,1
6725,363,1
6726,298,1
6727,359,3
6728,203,3
6729,299,1
6729,147,1
6729,135,1
6730,211,1
6731,237,3
6732,309,3
6733,183,1
6734,171,1
6734,101,1
6734,320,1
6735,281,1
6735,166,1
6736,140,3
6737,288,2
6738,104,3
6739,312,2
6740,362,1
6741,160,2
6742,161,2
6743,290,1
6744,330,1
6745,211,1
6746,375,1
6746,245,1
6747,121,3
6748,208,3
6749,315,1
6750,181,3
6751,218,2
6752,271,1
6752,316,1
6752,398,1
6753,294,2
6754,218,1
6755,156,2
6756,207,2
6757,204,1
6757,164,1
6757,205,1
6758,188,1
6758,207,1
6758,307,1
6759,109,3
6760,316,2
6761,137,1
6761,128,1
6762,110,1
6763,391,1
6764,383,1
6764,342,1
6764,244,1
6765,137,1
6765,149,1
6766,174,1
6766,335,1
6767,273,3
6768,386,3
6769,213,1
6769,143,1
6770,105,2
6771,336,2
6772,162,1
6773,115,1
6774,214,2
6775,241,1
6776,348,1
6776,184,1
6776,364,1
6777,262,1
6778,194,1
6779,313,1
6779,299,1
6780,336,1
6781,222,1
6782,157,1
6782,138,1
6783,109,1
6784,178,1
6785,212,1
6785,390,1
6786,108,2
6787,340,3
6788,230,1
6789,372,1
6789,171,1
6789,103,1
6790,367,1
6790,268,1
6791,319,3
6792,388,1
6792,302,1
6792,257,1
6793,246,1
6794,179,1
6795,310,1
6796,212,2
6797,106,2
6798,103,1
6798,300,1
6798,231,1
6799,104,2
6800,137,3
6801,274,1
6801,258,1
6802,107,2
6803,392,1
6803,156,1
6803,250,1
6804,391,1
6805,210,3
6806,235,2
6807,141,2
6808,386,3
6809,288,1
6809,215,1
6810,241,1
6810,364,1
6811,121,1
6812,315,1
6813,336,1
6814,175,1
6815,128,1
6815,130,1
6816,326,1
6817,224,3
6818,211,1
6818,282,1
6819,275,1
6819,301,1
6820,400,1
6821,239,1
6822,249,1
6822,148,1
6823,307,1
6824,169,1
6825,313,1
6826,199,1
6827,371,1
6827,270,1
6827,146,1
6828,206,3
6829,278,1
6829,149,1
6829,224,1
6830,126,3
6831,261,1
6831,214,1
6831,154,1
6832,194,1
6832,390,1
6832,266,1
6833,158,1
6834,364,3
6835,208,2
6836,286,1
6837,302,1
6837,195,1
6837,201,1
6838,223,1
6838,122,1
6839,230,3
6840,356,1
6841,226,1
6841,220,1
6841,105,1
6842,379,1
6843,120,1
6843,267,1
6844,175,1
6845,335,1
6845,345,1
6845,245,1
6846,345,2
6847,192,1
6847,393,1
6847,173,1
6848,253,3
6849,260,3
6850,190,1
6850,204,1
6850,207,1
6851,233,1
6851,201,1
6852,190,1
6852,290,1
6853,145,1
6853,345,1
6853,221,1
6854,169,1
6854,396,1
6854,398,1
6855,149,1
6856,297,1
6857,356,1
6858,228,3
6859,157,1
6860,105,1
6861,371,2
6862,206,2
6863,392,1
6863,353,1
6863,123,1
6864,360,3
6865,307,1
6866,211,1
6866,190,1
6867,163,1
6867,310,1
6868,224,2
6869,163,1
6869,317,1
6869,101,1
6870,130,1
6871,102,1
6871,386,1
6872,209,1
6873,267,1
6873,148,1
6873,270,1
6874,129,2
6875,229,1
6875,372,1
6876,164,1
6877,349,2
6878,144,1
6879,306,1
6879,363,1
6880,287,3
6881,253,1
6881,176,1
6881,162,1
6882,162,2
6883,398,1
6884,140,1
6884,374,1
6884,256,1
6885,160,1
6886,375,2
6887,186,3
6888,156,1
6888,349,1
6888,150,1
6889,125,3
6890,352,2
6891,194,3
6892,168,3
6893,206,1
6893,311,1
6894,113,3
6895,270,1
6895,253,1
6896,365,1
6897,317,1
6898,125,1
6898,361,1
6899,324,1
6900,313,2
6901,266,3
6902,391,1
6903,265,2
6904,252,2
6905,375,3
6906,347,1
6906,161,1
6906,120,1
6907,158,1
6907,229,1
6907,131,1
6908,183,1
6908,368,1
6908,162,1
6909,159,1
6909,222,1
6910,178,2
6911,299,1
6911,339,1
6911,267,1
6912,177,1
6913,330,1
6914,270,1
6914,312,1
6914,294,1
6915,302,1
6916,180,3
6917,163,1
6917,220,1
6918,171,1
6918,327,1
6919,119,1
6919,261,1
6920,235,1
6920,220,1
6920,139,1
6921,156,1
6921,199,1
6921,254,1
6922,397,1
6922,235,1
6922,277,1
6923,324,1
6923,102,1
6923,185,1
6924,340,1
6924,382,1
6924,255,1
6925,115,3
6926,317,1
6926,249,1
6927,240,1
6928,395,1
6928,325,1
6929,121,1
6930,328,1
6931,349,1
6931,110,1
6932,199,1
6932,349,1
6933,277,1
6934,109,1
6934,169,1
6935,219,1
6935,197,1
6935,295,1
6936,107,1
6936,190,1
6937,349,1
6938,194,1
6938,128,1
6939,270,1
6939,387,1
6940,357,2
6941,327,3
6942,259,1
6942,202,1
6942,356,1
6943,187,1
6944,111,2
6945,113,1
6945,337,1
6945,203,1
6946,170,1
6947,210,2
6948,357,2
6949,276,3
6950,182,1
6950,291,1
6950,234,1
6951,171,3
6952,285,1
6953,143,3
6954,253,1
6955,240,3
6956,237,1
6957,123,3
6958,157,2
6959,158,3
6960,334,1
6960,220,1
6960,282,1
6961,236,1
6962,213,1
6962,383,1
6963,293,1
6963,209,1
6964,213,1
6965,134,1
6965,121,1
6965,103,1
6966,151,2
6967,240,1
6968,275,3
6969,239,3
6970,243,3
6971,323,1
6971,323,1
6972,126,3
6973,149,1
6974,353,3
6975,394,2
6976,146,1
6977,106,1
6977,248,1
6978,357,1
6978,135,1
6979,128,1
6980,262,3
6981,356,1
6981,161,1
6982,334,2
6983,360,1
6983,371,1
6983,177,1
6984,322,1
6984,273,1
6985,377,1
6985,379,1
6985,285,1
6986,119,2
6987,197,1
6988,247,1
6989,102,1
6989,172,1
6989,121,1
6990,120,1
6991,261,1
6992,326,2
6993,197,1
6994,131,1
6994,386,1
6994,174,1
6995,102,1
6996,230,1
6996,146,1
6997,389,1
6997,200,1
6998,277,3
6999,129,1
7000,392,1
7001,161,1
7002,201,3
7003,140,1
7004,362,1
7005,308,1
7005,308,1
7006,328,1
7007,287,3
7008,292,1
7009,377,1
7009,136,1
7009,138,1
7010,213,2
7011,155,1
7011,241,1
7011,358,1
7012,350,1
7013,296,2
7014,357,3
7015,353,1
7016,262,1
7016,220,1
7017,250,2
7018,313,2
7019,260,1
7020,342,2
7021,305,2
7022,177,1
7023,120,1
7023,220,1
7023,216,1
7024,327,1
7025,168,1
7025,163,1
7026,197,1
7027,379,3
7028,399,2
7029,243,2
7030,239,1
7030,152,1
7030,255,1
7031,141,1
7032,400,1
7033,346,1
7034,191,1
7035,305,1
7035,169,1
7035,389,1
7036,171,3
7037,382,1
7038,351,1
7038,196,1
7039,241,1
7040,378,1
7040,392,1
7041,319,1
7041,234,1
7042,332,1
7042,349,1
7042,165,1
7043,336,1
7044,339,1
7044,389,1
7045,257,3
7046,351,1
7047,196,3
7048,368,1
7048,268,1
7048,321,1
7049,214,3
7050,158,1
7051,269,1
7052,366,3
7053,280,1
7054,301,1
7055,349,1
7055,178,1
7056,235,3
7057,234,1
7058,209,3
7059,215,1
7059,380,1
7060,149,1
7061,217,1
7062,217,2
7063,343,2
7064,114,1
7065,254,2
7066,306,2
7067,254,2
7068,352,1
7068,279,1
7069,189,2
7070,128,2
7071,148,1
7071,142,1
7072,148,1
7072,256,1
7073,242,1
7074,187,1
7074,344,1
7075,179,1
7075,129,1
7075,219,1
7076,204,2
7077,206,1
7077,265,1
7078,188,2
7079,391,1
7080,388,1
7081,117,3
7082,364,1
7082,144,1
7082,373,1
7083,119,1
7083,391,1
7083,282,1
7084,256,3
7085,354,1
7086,201,1
7087,394,3
7088,215,1
7089,356,1
7090,207,1
7091,224,1
7092,280,2
7093,229,2
7094,214,3
7095,334,2
7096,187,1
7097,367,3
7098,362,1
7098,350,1
7098,272,1
7099,263,3
7100,289,1
7100,390,1
7100,328,1
7101,187,1
7101,110,1
7102,172,1
7102,200,1
7102,303,1
7103,318,1
7104,247,1
7104,164,1
7105,245,1
7106,386,1
7107,339,2
7108,171,1
7108,306,1
7109,152,1
7109,239,1
7110,104,1
7110,290,1
7111,117,1
7112,149,3
7113,349,3
7114,107,3
7115,215,3
7116,298,3
7117,373,2
7118,199,1
7119,196,2
7120,216,3
7121,368,1
7121,236,1
7121,138,1
7122,375,1
7123,220,1
7123,377,1
7123,372,1
7124,156,3
7125,329,1
7125,378,1
7125,370,1
7126,285,3
7127,341,1
7127,295,1
7128,349,1
7129,284,1
7129,301,1
7129,366,1
7130,151,1
7130,400,1
7130,242,1
7131,217,1
7132,282,3
7133,224,1
7134,175,1
7134,377,1
7134,328,1
7135,121,1
7136,186,3
7137,114,1
7137,316,1
7137,126,1
7138,185,2
7139,147,1
7140,194,1
7141,332,2
7142,292,1
7143,149,1
7144,327,3
7145,310,2
7146,182,1
7146,237,1
7147,300,1
7147,292,1
7147,374,1
7148,268,1
7149,193,1
7150,139,1
7151,192,1
7152,228,2
7153,373,2
7154,269,1
7155,394,1
7155,396,1
7156,221,1
7156,313,1
7156,126,1
7157,242,1
7158,282,1
7159,147,1
7159,352,1
7160,289,1
7161,349,1
7161,168,1
7162,214,1
7163,366,1
7163,322,1
7163,220,1
7164,187,2
7165,199,1
7165,246,1
7166,184,1
7167,316,2
7168,295,1
7168,333,1
7169,282,3
7170,130,1
7170,114,1
7171,355,2
7172,162,3
7173,140,3
7174,298,2
7175,146,2
7176,247,1
7177,366,2
7178,325,1
7178,165,1
7178,149,1
7179,213,1
7180,188,1
7181,254,3
7182,298,1
7182,106,1
7183,177,2
7184,188,1
7185,358,2
7186,168,3
7187,337,3
7188,201,1
7189,184,1
7189,123,1
7189,155,1
7190,355,3
7191,160,2
7192,345,1
7193,304,1
7193,349,1
7193,331,1
7194,175,1
7194,177,1
7194,230,1
7195,265,1
7196,386,2
7197,114,1
7198,110,1
7199,342,3
7200,350,1
7201,251,1
7201,308,1
7201,210,1
7202,384,1
7202,220,1
7202,235,1
7203,296,1
7203,226,1
7204,356,1
7204,223,1
7204,293,1
7205,395,1
7205,395,1
7206,239,1
7206,247,1
7206,168,1
7207,250,1
7207,158,1
7207,307,1
7208,281,1
7209,110,1
7210,121,2
7211,216,1
7212,243,3
7213,393,2
7214,276,2
7215,186,2
7216,349,2
7217,166,1
7218,254,1
7218,387,1
7218,195,1
7219,241,1
7220,271,1
7220,260,1
7220,370,1
7221,179,1
7221,208,1
7222,309,1
7223,321,1
7223,104,1
7224,262,2
7225,385,2
7226,183,1
7226,145,1
7227,206,1
7228,249,1
7228,294,1
7229,242,1
7230,278,1
7231,362,1
7231,299,1
7232,205,1
7233,277,1
7234,118,2
7235,261,2
7236,243,1
7237,133,2
7238,116,1
7239,327,2
7240,199,1
7241,270,3
7242,271,1
7242,130,1
7243,298,1
7243,136,1
7243,212,1
7244,204,2
7245,237,2
7246,191,1
7246,205,1
7247,289,3
7248,157,1
7249,310,1
7249,174,1
7250,388,1
7251,263,2
7252,335,1
7253,350,1
7253,148,1
7253,368,1
7254,212,1
7255,378,2
7256,166,1
7257,291,1
7258,293,1
7259,198,1
7260,254,1
7260,164,1
7260,295,1
7261,376,1
7261,330,1
7261,254,1
7262,148,1
7262,306,1
7262,357,1
7263,154,2
7264,233,1
7265,364,1
7265,365,1
7266,246,1
7266,218,1
7266,122,1
7267,321,2
7268,223,1
7269,318,1
7269,220,1
7270,151,1
7271,332,1
7272,189,3
7273,125,3
7274,312,1
7274,239,1
7274,113,1
7275,110,1
7276,145,3
7277,266,1
7278,183,1
7278,126,1
7279,395,1
7279,202,1
7280,258,3
7281,115,2
7282,296,1
7283,301,1
7284,325,2
7285,286,1
7285,387,1
7285,267,1
7286,105,1
7287,394,2
7288,160,1
7289,166,1
7289,277,1
7289,249,1
7290,351,1
7291,130,3
7292,197,3
7293,211,2
7294,207,1
7294,238,1
7295,185,3
7296,155,1
7297,190,2
7298,281,2
7299,300,1
7299,297,1
7300,291,2
7301,269,1
7301,390,1
7302,365,1
7302,292,1
7303,278,1
7303,108,1
7303,164,1
7304,199,1
7305,162,1
7306,197,1
7307,202,2
7308,378,3
7309,369,2
7310,291,1
7310,318,1
7310,399,1
7311,353,1
7312,122,2
7313,139,2
7314,162,1
7315,176,2
7316,286,1
7316,148,1
7316,256,1
7317,227,1
7318,220,1
7319,125,1
7320,296,1
7320,350,1
7321,375,1
7321,123,1
7322,101,3
7323,350,1
7323,199,1
7323,173,1
7324,222,1
7325,147,3
7326,382,1
7326,214,1
7327,186,1
7328,316,1
7328,293,1
7328,388,1
7329,376,1
7329,330,1
7330,150,1
7330,293,1
7331,204,1
7331,293,1
7332,265,1
7333,278,1
7333,394,1
7334,312,1
7334,372,1
7335,347,1
7335,392,1
7336,196,1
7337,255,2
7338,264,1
7338,139,1
7339,307,1
7339,265,1
7340,182,1
7341,400,2
7342,375,2
7343,193,1
7343,341,1
7344,116,1
7344,317,1
7344,198,1
7345,332,1
7346,272,1
7346,137,1
7346,127,1
7347,118,1
7347,265,1
7347,278,1
7348,241,3
7349,325,1
7349,360,1
7349,325,1
7350,358,2
7351,351,2
7352,249,1
7353,173,1
7354,339,1
7354,295,1
7355,188,1
7356,285,3
7357,384,3
7358,123,2
7359,301,3
7360,342,1
7360,191,1
7360,301,1
7361,208,2
7362,292,1
7362,103,1
7363,343,2
7364,137,1
7365,133,1
7365,237,1
7366,180,1
7367,359,1
7368,375,2
7369,120,1
7370,385,2
7371,394,1
7372,375,1
7372,358,1
7373,201,1
7374,390,2
7375,207,1
7376,118,1
7377,142,1
7377,140,1
7377,233,1
7378,280,3
7379,277,1
7380,391,1
7380,176,1
7381,311,1
7381,191,1
7381,174,1
7382,281,3
7383,246,1
7384,201,1
7384,127,1
7384,329,1
7385,157,1
7385,255,1
7386,126,1
7387,332,2
7388,106,3
7389,348,1
7389,140,1
7390,228,1
7391,395,1
7392,296,2
7393,278,1
7394,206,1
7395,220,2
7396,285,2
7397,125,1
7397,112,1
7397,147,1
7398,296,1
7399,140,3
7400,284,1
7400,230,1
7400,231,1
7401,280,1
7401,147,1
7402,298,1
7402,130,1
7402,368,1
7403,140,3
7404,151,3
7405,106,1
7406,196,1
7407,206,2
7408,193,3
7409,229,1
7410,379,1
7410,233,1
7410,262,1
7411,198,1
7412,149,1
7413,327,3
7414,104,2
7415,390,1
7416,290,3
7417,309,1
7418,196,1
7418,300,1
7419,216,1
7420,121,1
7421,217,2
7422,272,1
7422,132,1
7423,396,2
7424,176,1
7424,300,1
7425,181,1
7426,318,3
7427,123,1
7427,222,1
7428,191,3
7429,170,1
7429,116,1
7429,305,1
7430,152,2
7431,137,1
7432,358,2
7433,387,1
7433,390,1
7433,251,1
7434,293,1
7435,195,2
7436,378,3
7437,314,1
7438,196,1
7438,141,1
7439,243,3
7440,210,1
7441,204,3
7442,309,1
7442,117,1
7442,295,1
7443,389,1
7443,360,1
7443,180,1
7444,158,1
7444,347,1
7444,234,1
7445,383,3
7446,381,1
7446,184,1
7447,300,1
7447,373,1
7448,357,1
7449,276,1
7450,242,1
7450,397,1
7450,333,1
7451,183,3
7452,349,3
7453,223,3
7454,274,3
7455,400,1
7455,203,1
7455,164,1
7456,232,2
7457,154,3
7458,358,1
7458,136,1
7459,110,3
7460,122,3
7461,331,1
7462,180,1
7463,185,2
7464,140,1
7464,328,1
7465,283,2
7466,322,1
7467,250,1
7467,219,1
7467,105,1
7468,115,1
7469,305,1
7469,175,1
7469,105,1
7470,305,1
7471,159,1
7472,324,1
7473,172,2
7474,355,1
7474,197,1
7474,377,1
7475,151,3
7476,156,1
7476,360,1
7477,242,2
7478,385,3
7479,378,1
7479,380,1
7480,250,3
7481,201,3
7482,135,1
7483,151,2
7484,124,1
7485,125,1
7486,297,1
7486,395,1
7487,172,1
7487,232,1
7488,284,3
7489,199,1
7489,112,1
7489,246,1
7490,168,1
7490,319,1
7490,224,1
7491,388,2
7492,277,1
7492,322,1
7492,245,1
7493,227,1
7493,272,1
7493,317,1
7494,144,3
7495,108,1
7495,125,1
7495,146,1
7496,374,3
7497,345,1
7498,228,1
7498,144,1
7498,109,1
7499,312,1
7500,162,3
7501,155,1
7502,179,1
7502,251,1
7503,113,2
7504,305,1
7504,185,1
7505,329,2
7506,347,1
7507,209,2
7508,163,1
7509,113,1
7509,167,1
7509,273,1
7510,192,1
7510,139,1
7510,145,1
7511,144,1
7512,347,1
7513,331,1
7513,285,1
7513,345,1
7514,360,1
7515,345,1
7516,214,3
7517,285,2
7518,149,3
7519,169,1
7519,338,1
7520,358,2
7521,391,1
7522,192,1
7523,107,3
7524,337,3
7525,139,1
7526,385,3
7527,327,1
7527,338,1
7527,270,1
7528,349,2
7529,274,3
7530,134,1
7530,317,1
7530,224,1
7531,197,2
7532,125,1
7532,105,1
7532,129,1
7533,265,1
7533,144,1
7534,386,1
7535,126,1
7536,296,2
7537,315,2
7538,396,2
7539,351,1
7540,254,1
7540,105,1
7541,155,1
7541,225,1
7541,103,1
7542,283,2
7543,383,3
7544,189,1
7544,306,1
7545,110,2
7546,158,1
7547,205,1
7548,135,1
7548,144,1
7548,397,1
7549,217,3
7550,335,2
7551,190,1
7552,184,2
7553,155,1
7553,298,1
7553,176,1
7554,337,3
7555,279,2
7556,168,1
7557,278,1
7558,108,1
7558,209,1
7559,139,1
7559,193,1
7560,132,1
7561,141,3
7562,189,1
7562,324,1
7563,400,1
7564,372,1
7565,295,2
7566,302,1
7566,383,1
7567,218,2
7568,176,1
7568,192,1
7568,209,1
7569,222,1
7569,354,1
7569,115,1
7570,306,2
7571,369,3
7572,373,1
7573,107,1
7574,257,3
7575,149,1
7576,202,3
7577,187,1
7577,301,1
7577,379,1
7578,130,3
7579,160,1
7579,299,1
7579,261,1
7580,384,3
7581,323,1
7581,112,1
7582,122,2
7583,127,3
7584,234,1
7584,159,1
7584,296,1
7585,164,1
7586,140,3
7587,123,1
7588,319,1
7588,154,1
7588,352,1
7589,213,3
7590,308,2
7591,250,3
7592,336,1
7592,387,1
7593,269,1
7594,381,1
7595,394,1
7595,396,1
7596,331,1
7597,246,1
7597,245,1
7598,197,1
7598,229,1
7598,263,1
7599,382,2
7600,181,1
7601,368,1
7602,168,1
7602,301,1
7603,376,3
7604,154,3
7605,389,1
7605,354,1
7605,261,1
7606,138,3
7607,242,3
7608,233,1
7609,328,3
7610,164,1
7611,197,1
7612,247,1
7612,396,1
7613,350,2
7614,244,1
7614,218,1
7614,295,1
7615,195,1
7616,203,2
7617,102,3
7618,340,3
7619,400,1
7620,179,1
7620,373,1
7620,373,1
7621,104,1
7622,268,1
7622,239,1
7622,206,1
7623,330,1
7624,121,1
7625,285,1
7626,144,1
7626,330,1
7627,118,2
7628,374,1
7629,364,1
7629,266,1
7629,338,1
7630,112,2
7631,165,3
7632,271,2
7633,338,2
7634,257,1
7634,189,1
7635,366,1
7636,310,1
7637,231,1
7638,314,1
7638,209,1
7639,272,1
7640,112,1
7640,283,1
7640,202,1
7641,212,1
7641,214,1
7642,148,3
7643,396,3
7644,244,1
7645,368,1
7646,141,1
7647,313,3
7648,226,1
7649,116,3
7650,353,1
7650,316,1
7651,339,1
7651,275,1
7652,121,2
7653,330,1
7653,368,1
7653,385,1
7654,310,1
7655,192,3
7656,186,1
7656,210,1
7657,389,1
7658,110,1
7659,237,1
7659,298,1
7659,255,1
7660,370,1
7660,393,1
7660,383,1
7661,226,1
7661,256,1
7661,119,1
7662,353,2
7663,252,1
7664,294,3
7665,242,1
7665,111,1
7665,186,1
7666,166,1
7667,191,1
7668,373,3
7669,229,1
7670,203,1
7671,167,1
7672,238,2
7673,207,1
7674,298,1
7674,248,1
7674,186,1
7675,339,3
7676,106,3
7677,330,2
7678,278,1
7679,366,1
7680,325,1
7681,118,3
7682,187,1
7683,256,3
7684,117,1
7684,119,1
7685,162,1
7685,159,1
7686,104,2
7687,394,3
7688,299,1
7689,296,2
7690,179,3
7691,297,1
7692,356,1
7693,142,3
7694,287,2
7695,202,3
7696,281,3
7697,205,1
7698,212,3
7699,217,1
7700,393,2
7701,358,2
7702,229,2
7703,377,1
7704,102,3
7705,373,1
7705,211,1
7705,109,1
7706,140,1
7706,256,1
7706,102,1
7707,218,1
7707,142,1
7708,317,1
7709,334,1
7710,107,1
7711,120,1
7712,302,1
7712,257,1
7712,335,1
7713,230,1
7713,366,1
7714,273,1
7714,269,1
7714,128,1
7715,400,1
7715,389,1
7715,394,1
7716,334,1
7717,181,1
7717,275,1
7717,101,1
7718,379,1
7718,379,1
7719,193,1
7719,207,1
7719,247,1
7720,214,3
7721,225,3
7722,290,1
7723,117,1
7724,196,1
7725,190,1
7726,157,3
7727,399,1
7727,128,1
7728,115,2
7729,365,1
7729,202,1
7730,143,2
7731,253,1
7731,106,1
7731,225,1
7732,119,1
7732,260,1
7732,101,1
7733,276,3
7734,101,1
7734,271,1
7734,227,1
7735,207,2
7736,158,2
7737,172,1
7738,271,1
7739,181,1
7739,217,1
7740,255,2
7741,110,1
7742,314,2
7743,262,1
7743,254,1
7743,351,1
7744,280,2
7745,301,1
7745,175,1
7746,221,1
7746,184,1
7746,371,1
7747,228,1
7748,144,1
7749,355,1
7750,125,1
7751,283,1
7752,329,2
7753,110,1
7754,131,1
7755,318,1
7756,325,2
7757,203,3
7758,383,1
7759,215,1
7759,312,1
7760,346,1
7761,144,1
7761,356,1
7761,141,1
7762,142,1
7763,299,1
7764,369,1
7765,243,2
7766,128,1
7767,252,1
7767,265,1
7768,178,1
7769,390,1
7769,289,1
7769,254,1
7770,198,1
7770,394,1
7771,252,1
7771,186,1
7772,262,1
7772,286,1
7772,249,1
7773,118,2
7774,211,1
7774,301,1
7774,222,1
7775,286,3
7776,327,1
7776,385,1
7776,325,1
7777,318,1
7778,340,3
7779,240,3
7780,108,2
7781,346,1
7782,287,1
7782,326,1
7782,336,1
7783,117,1
7784,215,1
7784,293,1
7785,311,2
7786,282,1
7786,261,1
7787,180,2
7788,203,1
7788,209,1
7788,142,1
7789,110,1
7790,151,1
7790,264,1
7791,239,2
7792,300,1
7793,262,1
7794,323,3
7795,194,1
7795,330,1
7795,256,1
7796,225,1
7796,156,1
7796,194,1
7797,382,3
7798,135,1
7799,141,1
7800,221,1
7800,220,1
7801,213,2
7802,308,1
7803,343,1
7803,142,1
7804,328,1
7805,397,1
7806,217,1
7806,217,1
7807,368,1
7807,157,1
7807,186,1
7808,389,1
7808,106,1
7809,170,1
7809,282,1
7810,288,1
7810,146,1
7810,191,1
7811,325,2
7812,397,1
7813,197,1
7813,119,1
7813,234,1
7814,238,1
7814,234,1
7814,153,1
7815,205,1
7815,153,1
7816,179,2
7817,198,1
7817,150,1
7818,222,2
7819,329,1
7819,217,1
7820,154,1
7820,231,1
7821,198,1
7822,349,1
7823,336,1
7824,251,3
7825,207,1
7825,351,1
7825,320,1
7826,122,1
7826,128,1
7826,274,1
7827,221,1
7827,310,1
7828,289,1
7828,339,1
7829,370,1
7829,185,1
7830,399,1
7831,118,2
7832,253,1
7833,128,2
7834,255,1
7835,274,3
7836,347,1
7837,224,1
7838,167,3
7839,301,1
7839,245,1
7840,161,2
7841,187,1
7842,278,3
7843,234,1
7844,322,1
7844,153,1
7845,250,1
7845,221,1
7846,362,1
7847,142,1
7847,149,1
7848,385,3
7849,152,3
7850,287,1
7851,274,3
7852,195,3
7853,196,3
7854,123,1
7855,207,1
7855,198,1
7856,362,3
7857,328,1
7858,380,1
7859,137,1
7859,105,1
7860,267,1
7860,205,1
7860,356,1
7861,390,2
7862,106,1
7862,179,1
7863,155,1
7863,370,1
7864,122,1
7865,380,1
7866,343,3
7867,217,1
7867,230,1
7867,393,1
7868,244,1
7869,305,1
7869,233,1
7869,241,1
7870,378,3
7871,315,3
7872,309,3
7873,358,2
7874,388,1
7874,319,1
7874,211,1
7875,261,1
7875,369,1
7875,206,1
7876,367,1
7876,240,1
7877,139,2
7878,199,1
7879,174,2
7880,194,1
7880,191,1
7880,332,1
7881,337,2
7882,204,1
7883,176,1
7884,356,3
7885,233,3
7886,360,1
7887,396,1
7888,217,2
7889,164,1
7890,171,1
7891,349,1
7891,191,1
7891,241,1
7892,154,1
7892,147,1
7892,227,1
7893,325,1
7894,394,1
7894,276,1
7895,287,3
7896,381,1
7897,254,1
7897,183,1
7897,241,1
7898,240,1
7898,182,1
7899,222,3
7900,218,1
7901,352,3
7902,169,1
7903,359,2
7904,237,1
7904,276,1
7904,330,1
7905,299,3
7906,208,1
7906,260,1
7907,389,1
7908,391,1
7908,336,1
7908,271,1
7909,163,3
7910,111,1
7911,235,2
7912,311,3
7913,197,2
7914,227,2
7915,134,3
7916,328,1
7916,257,1
7916,224,1
7917,266,1
7918,181,3
7919,289,3
7920,117,2
7921,286,1
7922,304,1
7922,132,1
7923,194,2
7924,365,2
7925,155,3
7926,248,1
7927,206,1
7927,254,1
7927,210,1
7928,232,1
7929,123,1
7930,218,1
7931,387,2
7932,330,1
7933,204,1
7934,355,2
7935,262,1
7935,268,1
7936,297,1
7937,240,1
7937,376,1
7937,367,1
7938,382,1
7939,394,1
7939,280,1
7940,263,1
7940,240,1
7940,225,1
7941,240,1
7942,396,1
7943,214,3
7944,159,1
7944,347,1
7944,231,1
7945,121,1
7946,110,2
7947,352,1
7948,211,2
7949,299,1
7949,211,1
7950,333,1
7950,179,1
7951,157,1
7951,181,1
7951,143,1
7952,372,1
7953,183,1
7953,321,1
7953,298,1
7954,145,1
7954,277,1
7955,102,1
7956,338,1
7956,397,1
7957,215,1
7957,306,1
7957,324,1
7958,286,3
7959,106,2
7960,277,1
7960,381,1
7960,334,1
7961,315,2
7962,173,1
7962,317,1
7963,280,1
7963,255,1
7964,387,1
7964,184,1
7964,197,1
7965,153,3
7966,154,1
7967,345,3
7968,251,1
7969,262,1
7970,313,1
7971,105,1
7972,181,1
7972,318,1
7973,366,3
7974,172,1
7975,105,3
7976,104,1
7976,344,1
7977,191,1
7977,186,1
7977,291,1
7978,127,2
7979,149,1
7980,180,1
7981,188,1
7982,165,1
7983,350,1
7983,147,1
7983,231,1
7984,171,3
7985,235,1
7985,205,1
7985,373,1
7986,331,3
7987,109,2
7988,158,3
7989,278,3
7990,265,1
7991,271,2
7992,153,3
7993,170,1
7994,299,1
7995,217,2
7996,384,3
7997,166,3
7998,264,2
7999,208,1
8000,282,1
8000,187,1
8000,356,1
8001,292,3
8002,219,1
8002,234,1
8003,155,2
8004,298,1
8004,196,1
8004,382,1
8005,173,1
8005,124,1
8006,285,1
8006,190,1
8006,334,1
8007,216,1
8008,194,1
8009,207,1
8010,143,3
8011,200,1
8011,146,1
8012,132,2
8013,358,3
8014,142,1
8014,271,1
8015,118,1
8016,157,1
8017,372,2
8018,154,1
8018,226,1
8019,313,1
8019,395,1
8019,200,1
8020,400,1
8021,374,1
8022,326,1
8023,257,2
8024,308,2
8025,258,1
8025,360,1
8025,281,1
8026,389,2
8027,284,1
8028,268,1
8028,197,1
8029,291,1
8029,202,1
8029,277,1
8030,174,1
8031,135,1
8031,120,1
8032,115,1
8032,256,1
8032,191,1
8033,273,1
8033,383,1
8034,263,1
8034,239,1
8035,294,3
8036,129,1
8037,400,1
8037,327,1
8038,370,1
8038,325,1
8039,272,3
8040,309,1
8040,242,1
8041,188,2
8042,113,1
8043,307,2
8044,260,1
8045,156,1
8046,314,3
8047,286,1
8048,289,2
8049,318,1
8050,294,1
8051,307,1
8051,134,1
8051,286,1
8052,282,1
8053,188,1
8053,282,1
8053,316,1
8054,155,1
8055,268,1
8055,294,1
8056,246,3
8057,244,1
8057,134,1
8058,231,1
8059,254,1
8060,176,3
8061,323,1
8061,148,1
8061,344,1
8062,151,1
8062,315,1
8063,397,1
8064,347,1
8065,334,1
8065,174,1
8066,149,1
8066,174,1
8067,307,1
8067,214,1
8067,251,1
8068,176,2
8069,138,1
8070,294,1
8070,340,1
8070,368,1
8071,222,1
8072,387,1
8073,261,1
8074,311,1
8074,391,1
8074,356,1
8075,182,1
8076,360,1
8077,170,1
8077,370,1
8078,120,1
8079,284,3
8080,114,2
8081,323,2
8082,393,2
8083,229,3
8084,399,2
8085,156,1
8086,360,2
8087,361,1
8088,367,1
8088,344,1
8089,361,1
8089,224,1
8090,179,1
8091,347,1
8091,369,1
8091,397,1
8092,364,1
8092,255,1
8092,177,1
8093,377,1
8093,199,1
8094,350,2
8095,116,1
8096,340,1
8097,267,1
8098,234,3
8099,373,1
8099,300,1
8100,217,1
8101,141,1
8101,272,1
8102,391,3
8103,253,1
8104,369,1
8105,332,2
8106,112,1
8107,174,1
8107,358,1
8108,136,2
8109,133,1
8109,207,1
8110,357,1
8110,277,1
8111,117,2
8112,137,1
8112,353,1
8112,271,1
8113,126,1
8113,332,1
8114,384,3
8115,309,3
8116,261,1
8116,367,1
8116,108,1
8117,175,2
8118,164,1
8118,396,1
8119,365,1
8119,154,1
8119,390,1
8120,313,1
8121,295,1
8122,399,1
8123,367,1
8123,324,1
8124,211,2
8125,192,1
8126,377,1
8127,155,1
8128,290,1
8128,161,1
8128,141,1
8129,367,2
8130,337,1
8130,157,1
8130,268,1
8131,126,1
8131,272,1
8131,233,1
8132,185,2
8133,368,1
8133,385,1
8134,302,1
8134,264,1
8135,236,1
8135,137,1
8135,274,1
8136,239,1
8136,119,1
8137,216,3
8138,268,3
8139,329,1
8140,377,1
8140,389,1
8140,375,1
8141,399,3
8142,336,1
8143,202,3
8144,386,1
8145,387,3
8146,247,1
8146,184,1
8146,188,1
8147,121,1
8148,343,1
8148,130,1
8148,296,1
8149,223,1
8150,244,1
8151,255,1
8151,358,1
8151,152,1
8152,382,1
8152,378,1
8153,160,1
8153,302,1
8154,265,1
8154,337,1
8155,285,3
8156,365,1
8157,306,1
8158,187,1
8159,178,1
8159,238,1
8160,278,3
8161,240,1
8161,230,1
8161,344,1
8162,203,1
8162,131,1
8162,313,1
8163,337,1
8164,223,1
8165,198,1
8166,383,1
8167,283,1
8167,134,1
8167,235,1
8168,271,3
8169,106,3
8170,232,1
8171,114,1
8172,299,3
8173,295,1
8174,274,1
8175,171,3
8176,394,1
8177,365,1
8178,386,1
8179,392,1
8180,348,1
8180,322,1
8180,195,1
8181,166,1
8181,355,1
8181,393,1
8182,317,1
8182,268,1
8182,150,1
8183,198,1
8183,363,1
8184,124,1
8184,188,1
8184,138,1
8185,140,2
8186,387,1
8186,227,1
8186,145,1
8187,313,3
8188,220,2
8189,357,1
8189,117,1
8189,343,1
8190,340,1
8190,319,1
8190,268,1
8191,201,2
8192,381,1
8193,148,1
8193,255,1
8193,227,1
8194,286,2
8195,256,2
8196,378,1
8196,326,1
8197,102,2
8198,190,2
8199,378,1
8199,372,1
8199,236,1
8200,221,1
8201,321,1
8201,297,1
8202,286,1
8203,377,1
8203,215,1
8203,198,1
8204,191,1
8204,176,1
8204,269,1
8205,306,1
8205,101,1
8205,348,1
8206,134,1
8206,337,1
8206,122,1
8207,221,2
8208,363,1
8208,159,1
8208,119,1
8209,279,1
8210,147,3
8211,144,1
8212,289,1
8213,146,2
8214,362,2
8215,115,3
8216,269,1
8217,203,1
8217,142,1
8217,332,1
8218,190,1
8218,396,1
8219,186,1
8219,143,1
8220,334,2
8221,265,3
8222,242,1
8222,168,1
8223,295,1
8223,241,1
8224,280,3
8225,362,1
8226,326,1
8227,266,3
8228,217,1
8228,152,1
8229,231,1
8230,329,1
8231,211,1
8231,270,1
8232,255,2
8233,104,3
8234,325,2
8235,362,2
8236,324,2
8237,180,1
8238,278,1
8239,114,1
8240,338,1
8240,361,1
8241,179,1
8241,173,1
8241,290,1
8242,346,1
8243,394,2
8244,259,1
8245,352,3
8246,229,2
8247,190,1
8248,251,1
8249,272,2
8250,161,1
8250,278,1
8251,256,1
8251,331,1
8251,160,1
8252,278,2
8253,358,1
8254,231,3
8255,281,1
8256,286,3
8257,144,1
8257,355,1
8258,119,1
8259,307,2
8260,267,1
8260,296,1
8260,374,1
8261,287,1
8261,287,1
8261,335,1
8262,281,1
8263,317,1
8263,359,1
8263,316,1
8264,318,3
8265,299,2
8266,372,1
8267,179,2
8268,349,3
8269,107,1
8270,216,1
8270,146,1
8271,156,1
8272,349,1
8273,187,1
8274,378,1
8275,340,1
8275,181,1
8275,121,1
8276,282,1
8277,123,3
8278,279,1
8278,177,1
8279,285,3
8280,214,1
8281,156,2
8282,224,1
8282,231,1
8283,154,1
8283,315,1
8284,361,2
8285,130,1
8286,179,1
8287,140,1
8287,273,1
8288,223,1
8288,370,1
8288,359,1
8289,194,1
8290,263,2
8291,274,2
8292,244,2
8293,137,1
8294,381,1
8294,275,1
8294,254,1
8295,299,1
8295,390,1
8296,268,1
8296,300,1
8297,395,1
8297,342,1
8297,144,1
8298,222,2
8299,399,2
8300,219,1
8301,292,1
8302,372,1
8303,198,2
8304,181,1
8305,141,1
8305,171,1
8306,225,1
8306,111,1
8307,136,2
8308,205,1
8309,203,1
8310,147,1
8311,227,1
8311,266,1
8311,105,1
8312,206,1
8313,152,1
8314,230,3
8315,290,2
8316,323,1
8316,194,1
8316,347,1
8317,165,1
8317,319,1
8317,174,1
8318,199,2
8319,341,1
8320,310,3
8321,183,1
8322,311,1
8322,229,1
8323,141,1
8323,361,1
8323,106,1
8324,171,1
8324,153,1
8325,278,1
8325,342,1
8325,346,1
8326,382,3
8327,365,3
8328,162,1
8328,156,1
8328,164,1
8329,259,1
8330,309,3
8331,103,1
8331,170,1
8332,239,3
8333,313,1
8333,126,1
8334,196,1
8335,238,1
8335,162,1
8336,292,1
8336,327,1
8336,224,1
8337,277,1
8337,349,1
8338,321,2
8339,396,1
8339,358,1
8340,248,3
8341,384,1
8341,171,1
8342,371,1
8342,151,1
8342,319,1
8343,106,1
8343,113,1
8344,366,3
8345,159,1
8346,298,2
8347,286,2
8348,398,3
8349,346,1
8349,265,1
8350,268,1
8350,188,1
8351,181,1
8351,227,1
8351,351,1
8352,293,3
8353,307,1
8353,174,1
8354,109,1
8354,223,1
8355,191,3
8356,335,1
8357,370,3
8358,209,1
8359,265,1
8360,199,1
8360,219,1
8361,129,3
8362,274,1
8362,391,1
8363,141,1
8363,353,1
8363,198,1
8364,188,1
8364,277,1
8364,280,1
8365,341,1
8365,247,1
8366,204,2
8367,119,1
8367,373,1
8368,341,1
8369,200,1
8370,129,1
8371,124,2
8372,304,1
8373,136,2
8374,388,1
8374,369,1
8374,284,1
8375,358,2
8376,160,1
8377,378,1
8377,122,1
8378,301,3
8379,193,1
8379,238,1
8380,359,1
8380,119,1
8380,301,1
8381,105,1
8382,114,1
8382,334,1
8383,385,3
8384,169,1
8384,215,1
8385,191,1
8386,188,2
8387,171,1
8388,288,1
8389,210,1
8389,235,1
8390,201,1
8391,175,1
8392,350,1
8393,162,3
8394,349,1
8395,174,3
8396,108,1
8397,207,1
8398,270,1
8399,176,1
8399,104,1
8400,400,1
8400,385,1
8400,176,1
8401,232,1
8401,230,1
8401,221,1
8402,364,3
8403,315,3
8404,215,1
8405,132,2
8406,102,1
8406,162,1
8407,320,3
8408,211,1
8408,116,1
8408,123,1
8409,366,1
8410,190,3
8411,392,1
8411,203,1
8411,376,1
8412,268,3
8413,169,1
8414,210,1
8415,390,1
8416,290,1
8416,229,1
8416,145,1
8417,263,2
8418,285,1
8418,145,1
8418,384,1
8419,397,1
8420,168,1
8421,400,3
8422,114,1
8423,109,1
8423,393,1
8424,329,1
8425,313,1
8425,285,1
8426,339,1
8427,131,1
8428,256,1
8429,295,3
8430,103,1
8431,263,1
8431,328,1
8431,196,1
8432,399,1
8433,241,2
8434,265,3
8435,186,2
8436,228,1
8436,149,1
8436,242,1
8437,223,1
8438,355,2
8439,202,1
8439,367,1
8440,137,1
8441,391,1
8442,241,1
8442,223,1
8442,375,1
8443,356,1
8444,120,1
8444,103,1
8444,370,1
8445,362,1
8445,164,1
8446,368,1
8446,394,1
8446,201,1
8447,199,1
8447,392,1
8448,147,1
8448,141,1
8449,239,1
8449,225,1
8450,301,2
8451,231,1
8451,107,1
8452,175,2
8453,241,3
8454,369,1
8454,248,1
8454,161,1
8455,312,3
8456,259,1
8456,321,1
8457,229,1
8458,188,1
8459,216,3
8460,224,1
8461,258,2
8462,164,1
8463,137,1
8463,276,1
8463,234,1
8464,186,1
8465,350,1
8466,140,3
8467,146,3
8468,219,1
8469,132,1
8470,111,3
8471,151,3
8472,339,1
8473,189,3
8474,371,1
8475,291,1
8475,229,1
8475,163,1
8476,254,3
8477,321,1
8478,301,3
8479,205,1
8479,243,1
8480,301,1
8480,126,1
8480,180,1
8481,260,2
8482,301,3
8483,181,1
8483,297,1
8483,102,1
8484,201,3
8485,176,1
8485,350,1
8485,290,1
8486,309,1
8486,280,1
8486,113,1
8487,368,1
8488,243,3
8489,278,1
8489,242,1
8490,376,2
8491,158,3
8492,151,1
8493,207,1
8493,398,1
8493,117,1
8494,358,1
8494,329,1
8494,189,1
8495,338,1
8495,320,1
8496,239,1
8496,328,1
8497,247,3
8498,153,1
8499,397,1
8500,195,1
8501,224,1
8502,317,2
8503,169,1
8504,383,3
8505,363,2
8506,353,1
8507,266,1
8508,137,1
8509,240,1
8510,198,2
8511,236,1
8512,195,1
8513,126,1
8513,280,1
8513,396,1
8514,253,2
8515,200,2
8516,320,1
8516,156,1
8516,351,1
8517,193,1
8517,101,1
8518,212,1
8519,280,1
8519,303,1
8519,262,1
8520,286,3
8521,378,1
8522,226,1
8522,320,1
8522,221,1
8523,308,3
8524,233,3
8525,204,1
8525,108,1
8525,175,1
8526,175,1
8527,330,2
8528,155,1
8528,369,1
8529,107,1
8529,370,1
8529,302,1
8530,233,3
8531,354,2
8532,379,1
8532,215,1
8533,343,1
8533,238,1
8533,272,1
8534,134,1
8534,336,1
8534,317,1
8535,174,1
8536,128,1
8537,237,1
8538,316,1
8538,253,1
8538,212,1
8539,203,1
8540,252,1
8540,157,1
8540,214,1
8541,400,3
8542,350,1
8543,106,2
8544,335,1
8544,360,1
8545,334,3
8546,389,1
8547,398,1
8547,396,1
8547,319,1
8548,385,1
8548,171,1
8549,252,1
8549,120,1
8550,351,1
8550,210,1
8550,333,1
8551,133,2
8552,220,1
8553,194,1
8554,335,1
8554,313,1
8554,137,1
8555,288,1
8555,149,1
8556,217,1
8556,270,1
8557,208,1
8557,268,1
8557,245,1
8558,137,1
8559,267,3
8560,210,1
8561,254,1
8561,348,1
8562,207,2
8563,165,1
8564,270,2
8565,274,1
8565,358,1
8566,137,3
8567,393,1
8567,362,1
8568,314,1
8569,146,1
8570,255,1
8571,119,1
8571,280,1
8571,231,1
8572,204,1
8572,302,1
8572,309,1
8573,350,1
8573,225,1
8573,190,1
8574,262,1
8575,295,1
8576,368,2
8577,355,1
8578,291,1
8578,196,1
8578,237,1
8579,354,1
8579,229,1
8579,385,1
8580,317,1
8581,399,1
8582,160,2
8583,317,1
8584,383,3
8585,221,1
8585,132,1
8585,159,1
8586,284,1
8587,212,1
8587,330,1
8588,187,1
8589,154,3
8590,240,1
8591,127,1
8591,316,1
8592,267,1
8592,122,1
8592,134,1
8593,368,2
8594,170,2
8595,346,2
8596,190,1
8597,209,1
8597,148,1
8597,128,1
8598,324,1
8599,265,1
8600,261,1
8600,245,1
8601,174,1
8602,386,1
8603,228,1
8603,192,1
8603,125,1
8604,390,3
8605,278,1
8605,213,1
8606,119,2
8607,191,1
8607,168,1
8608,102,1
8608,152,1
8608,223,1
8609,400,1
8609,207,1
8609,302,1
8610,343,1
8611,117,2
8612,252,1
8612,165,1
8613,177,1
8614,307,2
8615,224,1
8616,176,1
8617,392,3
8618,278,3
8619,171,1
8619,210,1
8619,250,1
8620,350,1
8621,129,1
8621,230,1
8621,393,1
8622,292,3
8623,161,3
8624,101,3
8625,216,3
8626,108,1
8626,256,1
8626,249,1
8627,385,2
8628,139,1
8628,306,1
8629,134,1
8629,375,1
8629,186,1
8630,188,3
8631,287,1
8632,363,1
8632,392,1
8633,322,1
8634,394,3
8635,192,2
8636,284,2
8637,254,2
8638,299,1
8639,144,3
8640,187,1
8640,356,1
8640,355,1
8641,297,1
8641,254,1
8641,295,1
8642,191,1
8643,304,1
8643,399,1
8643,340,1
8644,138,3
8645,111,2
8646,275,3
8647,332,3
8648,136,2
8649,158,1
8649,125,1
8649,120,1
8650,292,2
8651,163,1
8652,260,1
8653,138,2
8654,281,2
8655,352,1
8655,258,1
8656,148,2
8657,397,3
8658,340,1
8659,394,3
8660,275,3
8661,361,1
8661,206,1
8661,301,1
8662,121,1
8662,293,1
8662,107,1
8663,214,1
8663,348,1
8663,159,1
8664,192,1
8664,251,1
8665,287,1
8665,130,1
8665,198,1
8666,125,1
8666,187,1
8666,374,1
8667,287,1
8668,270,1
8668,334,1
8668,149,1
8669,271,1
8669,112,1
8669,399,1
8670,142,1
8671,177,1
8672,154,3
8673,271,3
8674,307,1
8674,288,1
8675,193,1
8676,311,1
8676,122,1
8677,345,1
8678,130,1
8679,185,1
8680,392,1
8681,165,1
8681,334,1
8682,119,1
8682,108,1
8683,134,1
8683,133,1
8684,192,1
8684,213,1
8684,229,1
8685,272,1
8685,273,1
8685,174,1
8686,218,1
8686,298,1
8686,155,1
8687,143,1
8687,372,1
8687,364,1
8688,190,1
8689,231,1
8690,260,1
8691,285,1
8691,263,1
8691,385,1
8692,217,1
8693,266,2
8694,242,1
8694,335,1
8694,150,1
8695,129,2
8696,219,3
8697,105,2
8698,127,1
8698,311,1
8699,279,1
8700,349,3
8701,250,1
8701,176,1
8702,220,1
8702,395,1
8702,130,1
8703,271,3
8704,223,3
8705,368,1
8705,160,1
8706,366,1
8706,297,1
8707,164,2
8708,342,1
8708,240,1
8709,108,1
8710,379,1
8710,303,1
8710,348,1
8711,256,1
8712,366,1
8713,326,1
8714,325,2
8715,157,2
8716,239,1
8717,330,3
8718,247,1
8718,264,1
8718,273,1
8719,134,1
8719,370,1
8719,195,1
8720,184,1
8720,163,1
8721,261,1
8722,226,1
8722,326,1
8723,121,3
8724,175,1
8724,246,1
8724,311,1
8725,234,1
8725,270,1
8725,340,1
8726,136,1
8726,273,1
8726,261,1
8727,263,2
8728,255,1
8728,364,1
8729,233,1
8729,185,1
8730,389,2
8731,153,1
8732,205,2
8733,319,3
8734,155,2
8735,104,1
8735,302,1
8736,105,1
8736,281,1
8736,370,1
8737,260,1
8738,255,1
8738,186,1
8739,127,1
8740,143,3
8741,357,1
8742,130,1
8743,392,2
8744,339,1
8745,199,1
8745,367,1
8746,232,2
8747,303,1
8747,187,1
8747,265,1
8748,131,2
8749,348,1
8749,218,1
8749,133,1
8750,320,1
8751,177,1
8752,153,1
8753,166,2
8754,296,2
8755,116,1
8755,253,1
8756,104,2
8757,375,1
8757,335,1
8757,208,1
8758,362,1
8759,376,3
8760,256,1
8760,206,1
8760,172,1
8761,286,2
8762,261,1
8762,102,1
8763,210,1
8763,244,1
8763,324,1
8764,385,1
8765,245,1
8765,346,1
8766,207,2
8767,349,2
8768,211,3
8769,216,1
8769,244,1
8769,113,1
8770,147,1
8770,108,1
8771,219,1
8772,166,1
8773,353,1
8774,150,1
8774,110,1
8775,223,2
8776,107,1
8777,377,1
8777,306,1
8777,161,1
8778,336,1
8779,153,3
8780,280,1
8781,124,2
8782,105,2
8783,351,2
8784,236,1
8784,325,1
8784,185,1
8785,218,1
8786,352,2
8787,361,3
8788,187,3
8789,127,1
8789,192,1
8790,375,2
8791,368,1
8792,248,2
8793,211,1
8793,164,1
8793,171,1
8794,112,1
8794,140,1
8794,113,1
8795,390,1
8795,382,1
8796,303,1
8796,329,1
8796,232,1
8797,400,3
8798,285,1
8798,193,1
8798,144,1
8799,362,1
8800,109,1
8801,377,1
8801,148,1
8802,365,2
8803,290,1
8804,391,1
8804,360,1
8804,300,1
8805,188,1
8806,127,2
8807,237,3
8808,318,3
8809,193,1
8809,105,1
8810,301,1
8811,352,1
8811,230,1
8812,329,2
8813,296,1
8813,109,1
8814,189,2
8815,128,1
8815,319,1
8815,171,1
8816,287,1
8817,186,3
8818,275,1
8818,120,1
8819,316,2
8820,144,1
8820,305,1
8821,125,1
8822,126,1
8823,266,1
8823,319,1
8824,316,1
8824,364,1
8824,151,1
8825,393,3
8826,388,1
8827,198,1
8827,272,1
8828,349,2
8829,285,3
8830,359,1
8830,315,1
8830,281,1
8831,168,1
8831,129,1
8832,202,2
8833,307,3
8834,124,2
8835,116,1
8836,390,2
8837,121,1
8838,352,1
8839,299,1
8839,103,1
8839,101,1
8840,102,1
8840,324,1
8841,292,1
8842,137,1
8842,108,1
8843,216,2
8844,115,3
8845,325,1
8846,348,1
8846,217,1
8847,256,1
8847,142,1
8848,293,2
8849,114,3
8850,363,1
8851,277,3
8852,331,2
8853,106,1
8853,120,1
8853,135,1
8854,257,1
8855,367,1
8855,128,1
8855,394,1
8856,230,3
8857,120,1
8857,242,1
8858,366,3
8859,273,1
8860,360,1
8861,302,2
8862,128,1
8863,324,1
8863,399,1
8863,174,1
8864,114,1
8864,175,1
8865,298,1
8866,160,1
8866,201,1
8866,261,1
8867,355,1
8868,168,1
8869,144,3
8870,235,2
8871,339,1
8871,360,1
8871,354,1
8872,147,3
8873,375,1
8874,293,1
8874,305,1
8875,355,1
8876,181,1
8877,187,1
8877,155,1
8877,199,1
8878,333,2
8879,356,2
8880,114,2
8881,362,3
8882,319,1
8883,361,2
8884,171,2
8885,307,1
8885,113,1
8885,230,1
8886,307,1
8886,390,1
8886,114,1
8887,243,1
8887,360,1
8887,136,1
8888,243,1
8888,349,1
8888,224,1
8889,228,1
8889,267,1
8889,244,1
8890,235,2
8891,174,1
8891,183,1
8891,344,1
8892,231,1
8892,157,1
8892,295,1
8893,269,1
8893,398,1
8893,325,1
8894,359,1
8894,260,1
8895,159,3
8896,162,2
8897,275,2
8898,335,1
8899,328,1
8899,192,1
8899,308,1
8900,310,1
8900,233,1
8900,201,1
8901,357,1
8902,318,1
8902,342,1
8903,371,2
8904,364,1
8904,318,1
8904,265,1
8905,194,2
8906,333,3
8907,359,1
8908,235,1
8909,218,1
8910,327,3
8911,332,2
8912,353,3
8913,162,3
8914,117,1
8915,283,1
8915,175,1
8916,387,2
8917,229,2
8918,259,2
8919,141,1
8920,307,1
8920,340,1
8921,346,2
8922,265,1
8923,365,1
8924,147,1
8924,376,1
8925,396,1
8925,283,1
8926,124,1
8927,366,1
8927,243,1
8928,249,1
8928,191,1
8928,102,1
8929,377,3
8930,337,1
8931,153,1
8932,270,1
8932,161,1
8932,126,1
8933,318,1
8934,151,2
8935,157,1
8936,342,1
8936,154,1
8937,246,1
8937,126,1
8938,201,2
8939,365,1
8940,186,3
8941,104,1
8942,147,1
8942,359,1
8942,103,1
8943,266,1
8944,131,3
8945,256,1
8945,139,1
8945,216,1
8946,121,1
8946,169,1
8947,354,2
8948,150,1
8948,379,1
8948,199,1
8949,244,1
8950,367,1
8950,101,1
8951,275,1
8952,265,3
8953,142,3
8954,208,1
8955,243,3
8956,224,1
8956,144,1
8957,235,2
8958,306,3
8959,167,3
8960,313,1
8960,288,1
8961,257,2
8962,269,1
8963,143,3
8964,309,1
8965,120,1
8966,173,2
8967,300,2
8968,289,1
8969,338,1
8970,395,1
8971,390,3
8972,384,1
8973,239,1
8973,181,1
8973,233,1
8974,230,2
8975,368,3
8976,152,1
8976,248,1
8976,107,1
8977,252,1
8978,176,1
8979,343,1
8979,374,1
8979,116,1
8980,266,1
8980,102,1
8981,115,1
8981,399,1
8982,178,3
8983,397,2
8984,133,2
8985,230,1
8985,226,1
8985,106,1
8986,163,1
8986,370,1
8987,368,1
8988,268,3
8989,235,3
8990,247,1
8990,114,1
8991,304,2
8992,277,1
8993,349,1
8994,343,3
8995,385,2
8996,338,1
8997,152,1
8998,367,1
8998,192,1
8998,303,1
8999,370,3
9000,349,1
9000,140,1
9000,170,1
9001,251,1
9001,249,1
9002,339,2
9003,228,3
9004,364,1
9004,290,1
9004,382,1
9005,239,1
9006,191,1
9007,276,1
9007,258,1
9007,367,1
9008,213,1
9008,118,1
9009,324,3
9010,134,1
9010,243,1
9010,397,1
9011,339,1
9011,109,1
9012,317,1
9013,298,3
9014,300,1
9014,211,1
9014,275,1
9015,341,3
9016,176,1
9016,366,1
9017,134,1
9017,206,1
9018,188,2
9019,358,1
9020,177,1
9020,390,1
9021,383,3
9022,151,1
9023,106,1
9023,229,1
9023,268,1
9024,133,3
9025,191,1
9026,241,1
9026,247,1
9027,185,1
9027,213,1
9027,345,1
9028,172,1
9029,338,1
9030,355,1
9031,205,3
9032,213,2
9033,335,1
9034,127,2
9035,204,1
9035,118,1
9036,236,1
9036,375,1
9036,312,1
9037,310,3
9038,316,1
9038,282,1
9038,343,1
9039,201,1
9040,163,1
9041,104,1
9042,267,1
9043,381,1
9044,107,1
9045,247,1
9045,142,1
9046,301,1
9047,302,2
9048,327,1
9049,325,1
9049,328,1
9049,265,1
9050,292,1
9051,377,1
9051,178,1
9051,198,1
9052,275,2
9053,370,2
9054,225,1
9054,157,1
9055,292,1
9055,234,1
9056,303,1
9056,183,1
9057,117,1
9057,175,1
9057,123,1
9058,373,1
9059,229,3
9060,364,2
9061,340,2
9062,236,1
9063,351,1
9064,308,1
9064,128,1
9065,336,1
9066,301,1
9067,395,1
9068,141,1
9068,170,1
9068,268,1
9069,175,1
9069,378,1
9069,190,1
9070,262,1
9071,168,1
9071,245,1
9072,105,2
9073,323,1
9074,281,1
9074,147,1
9075,274,1
9076,370,1
9076,166,1
9077,296,1
9078,104,2
9079,136,1
9080,134,1
9081,253,1
9081,195,1
9082,170,1
9083,188,1
9084,179,1
9085,151,1
9085,356,1
9085,266,1
9086,115,1
9087,267,1
9088,359,1
9089,264,2
9090,118,1
9090,212,1
9091,320,1
9092,274,1
9092,154,1
9093,296,3
9094,204,1
9095,347,1
9096,186,2
9097,249,1
9098,259,1
9098,108,1
9099,321,1
9099,151,1
9100,385,2
9101,289,1
9102,235,1
9103,300,1
9103,200,1
9103,142,1
9104,290,2
9105,353,1
9105,312,1
9105,387,1
9106,266,3
9107,251,2
9108,288,1
9109,292,2
9110,276,2
9111,185,1
9112,270,3
9113,206,2
9114,395,2
9115,236,2
9116,306,1
9116,209,1
9117,269,3
9118,203,1
9118,315,1
9118,295,1
9119,245,1
9120,101,1
9121,182,1
9122,323,2
9123,186,1
9124,130,2
9125,147,2
9126,342,1
9127,207,1
9127,234,1
9127,168,1
9128,338,1
9128,205,1
9128,349,1
9129,375,1
9129,117,1
9130,313,2
9131,198,1
9132,360,3
9133,149,2
9134,191,1
9134,310,1
9134,271,1
9135,110,1
9136,133,1
9136,215,1
9137,276,1
9137,321,1
9138,296,2
9139,184,1
9139,299,1
9139,230,1
9140,195,1
9141,101,2
9142,111,1
9143,103,1
9143,194,1
9144,216,1
9144,261,1
9145,211,1
9146,105,1
9146,356,1
9147,232,1
9148,375,1
9149,350,1
9150,262,3
9151,172,1
9151,367,1
9151,361,1
9152,121,1
9152,217,1
9152,160,1
9153,260,1
9153,397,1
9154,113,1
9154,192,1
9155,271,1
9155,163,1
9156,214,2
9157,285,1
9158,161,3
9159,328,2
9160,101,1
9160,209,1
9161,360,1
9161,213,1
9162,352,1
9163,196,2
9164,128,1
9165,253,1
9165,156,1
9165,303,1
9166,271,1
9166,168,1
9166,112,1
9167,178,3
9168,201,1
9169,170,1
9169,374,1
9169,218,1
9170,341,1
9170,167,1
9171,273,1
9171,190,1
9171,191,1
9172,343,3
9173,233,3
9174,123,1
9174,280,1
9174,244,1
9175,332,1
9175,400,1
9175,186,1
9176,225,1
9177,352,1
9177,263,1
9178,143,3
9179,299,1
9179,202,1
9179,172,1
9180,293,1
9181,268,1
9182,380,1
9183,119,1
9184,145,1
9185,340,1
9186,329,3
9187,396,1
9187,111,1
9188,230,1
9189,174,1
9190,158,1
9191,349,2
9192,319,1
9193,257,1
9193,256,1
9193,126,1
9194,256,3
9195,112,1
9195,256,1
9195,288,1
9196,270,1
9197,171,1
9197,318,1
9198,252,1
9199,153,2
9200,117,2
9201,182,3
9202,364,1
9203,154,1
9203,304,1
9203,247,1
9204,263,1
9205,236,1
9205,345,1
9205,121,1
9206,305,2
9207,382,1
9207,362,1
9207,118,1
9208,153,1
9208,209,1
9208,366,1
9209,173,2
9210,206,1
9211,368,1
9212,397,2
9213,121,1
9213,289,1
9214,321,2
9215,286,1
9216,155,3
9217,240,1
9217,311,1
9217,395,1
9218,112,2
9219,351,1
9219,354,1
9219,193,1
9220,300,1
9220,225,1
9220,188,1
9221,225,1
9221,124,1
9221,110,1
9222,258,1
9223,358,2
9224,190,2
9225,156,1
9225,132,1
9226,330,1
9227,227,1
9227,387,1
9227,280,1
9228,389,3
9229,225,1
9229,198,1
9229,234,1
9230,344,1
9230,267,1
9231,330,1
9232,175,1
9232,296,1
9233,278,1
9234,341,1
9234,389,1
9234,222,1
9235,322,2
9236,334,3
9237,233,3
9238,261,3
9239,225,3
9240,138,1
9240,349,1
9240,259,1
9241,247,1
9242,174,1
9243,266,1
9244,217,1
9244,166,1
9245,232,1
9245,273,1
9246,332,3
9247,131,1
9248,279,2
9249,235,3
9250,121,1
9251,368,1
9252,228,2
9253,186,2
9254,306,1
9254,216,1
9254,157,1
9255,382,1
9256,276,1
9257,132,1
9258,215,2
9259,222,3
9260,228,1
9261,228,1
9261,390,1
9262,176,1
9263,213,1
9264,386,1
9265,147,1
9265,129,1
9266,234,2
9267,398,1
9268,141,2
9269,204,1
9270,351,2
9271,205,1
9271,367,1
9272,144,1
9272,127,1
9273,293,1
9274,382,3
9275,363,3
9276,237,1
9276,209,1
9277,347,1
9277,322,1
9277,108,1
9278,365,1
9278,289,1
9279,267,1
9279,327,1
9279,136,1
9280,152,2
9281,272,1
9281,231,1
9281,181,1
9282,176,2
9283,208,1
9283,365,1
9283,182,1
9284,233,1
9284,244,1
9284,224,1
9285,160,1
9285,266,1
9285,108,1
9286,200,1
9286,338,1
9286,150,1
9287,146,1
9287,238,1
9288,240,2
9289,296,1
9289,362,1
9290,212,3
9291,293,3
9292,365,1
9292,138,1
9293,342,2
9294,309,2
9295,139,1
9295,347,1
9296,154,3
9297,128,1
9298,333,2
9299,118,1
9300,342,1
9301,226,1
9302,166,3
9303,347,2
9304,396,3
9305,373,1
9306,170,1
9306,139,1
9307,329,1
9307,383,1
9308,180,1
9308,335,1
9309,104,1
9309,321,1
9309,177,1
9310,187,1
9310,399,1
9311,380,3
9312,392,2
9313,280,2
9314,191,1
9314,314,1
9314,315,1
9315,142,3
9316,291,1
9316,320,1
9317,291,3
9318,179,1
9318,146,1
9319,156,3
9320,307,1
9321,218,1
9321,285,1
9321,109,1
9322,223,1
9323,267,1
9323,125,1
9323,173,1
9324,150,1
9324,316,1
9325,116,2
9326,328,1
9326,211,1
9327,387,2
9328,255,1
9328,273,1
9329,161,1
9330,229,3
9331,255,1
9332,207,2
9333,127,1
9334,149,1
9335,243,1
9335,384,1
9336,164,1
9336,311,1
9336,294,1
9337,113,1
9338,325,1
9339,293,1
9340,285,1
9340,342,1
9341,132,1
9342,367,1
9343,384,2
9344,223,1
9345,296,3
9346,379,2
9347,386,1
9348,121,2
9349,148,1
9349,157,1
9350,400,2
9351,287,1
9351,165,1
9352,139,2
9353,263,2
9354,223,2
9355,321,1
9355,105,1
9356,213,1
9356,386,1
9356,276,1
9357,155,2
9358,388,1
9358,278,1
9358,154,1
9359,240,3
9360,264,1
9360,331,1
9361,220,1
9361,300,1
9361,305,1
9362,329,2
9363,393,1
9364,215,1
9364,378,1
9365,148,3
9366,183,3
9367,234,3
9368,383,1
9368,219,1
9368,316,1
9369,193,1
9370,154,1
9370,306,1
9370,131,1
9371,105,1
9371,258,1
9371,338,1
9372,126,2
9373,285,1
9373,142,1
9374,372,1
9374,342,1
9374,170,1
9375,353,1
9375,382,1
9376,121,1
9376,209,1
9377,194,3
9378,219,1
9379,400,1
9380,164,1
9380,305,1
9380,330,1
9381,327,3
9382,175,1
9383,259,1
9384,207,1
9384,280,1
9384,255,1
9385,131,1
9386,346,3
9387,361,2
9388,300,1
9389,148,1
9389,106,1
9390,286,1
9391,178,1
9392,259,1
9393,358,1
9394,151,2
9395,311,1
9395,219,1
9396,366,2
9397,124,1
9397,141,1
9397,123,1
9398,324,1
9398,144,1
9398,314,1
9399,124,1
9399,220,1
9399,104,1
9400,116,2
9401,261,1
9401,141,1
9402,139,1
9403,212,1
9404,349,1
9405,368,1
9405,290,1
9406,357,2
9407,209,1
9408,234,1
9408,154,1
9408,305,1
9409,356,1
9409,254,1
9409,360,1
9410,186,1
9411,306,3
9412,336,2
9413,350,2
9414,195,3
9415,197,1
9416,396,1
9416,290,1
9417,238,2
9418,123,1
9418,281,1
9418,247,1
9419,132,1
9419,285,1
9420,156,1
9420,220,1
9421,304,1
9422,235,1
9423,130,1
9423,126,1
9423,128,1
9424,177,1
9425,175,1
9425,253,1
9425,377,1
9426,130,3
9427,357,3
9428,196,2
9429,351,2
9430,382,2
9431,107,3
9432,195,1
9433,259,1
9434,312,3
9435,202,3
9436,138,2
9437,222,1
9437,130,1
9438,102,2
9439,358,1
9440,130,2
9441,266,1
9442,289,1
9443,108,3
9444,304,1
9445,349,2
9446,263,1
9446,221,1
9446,139,1
9447,250,3
9448,214,1
9449,198,1
9449,235,1
9449,343,1
9450,238,1
9451,368,1
9451,313,1
9452,102,1
9452,384,1
9453,172,1
9453,345,1
9454,218,1
9455,151,1
9455,296,1
9455,149,1
9456,369,1
9457,254,1
9458,322,1
9459,337,3
9460,175,3
9461,141,1
9462,296,1
9463,321,3
9464,164,3
9465,274,1
9465,166,1
9466,308,1
9467,323,1
9468,318,2
9469,202,1
9470,220,2
9471,134,3
9472,253,1
9472,377,1
9472,365,1
9473,158,2
9474,108,3
9475,366,1
9475,251,1
9475,112,1
9476,350,1
9476,249,1
9476,285,1
9477,109,1
9478,157,1
9479,116,3
9480,228,2
9481,246,1
9482,183,1
9483,400,1
9483,245,1
9484,284,1
9484,351,1
9484,312,1
9485,261,3
9486,247,1
9487,342,2
9488,202,1
9488,368,1
9489,399,1
9490,282,1
9490,371,1
9491,335,1
9491,354,1
9491,107,1
9492,357,1
9493,383,1
9494,310,3
9495,165,1
9495,248,1
9495,222,1
9496,158,3
9497,265,1
9498,119,1
9498,304,1
9499,266,1
9499,393,1
9499,271,1
9500,177,1
9500,319,1
9501,101,1
9501,107,1
9502,159,2
9503,174,1
9503,132,1
9503,127,1
9504,331,1
9505,134,1
9505,338,1
9506,272,2
9507,289,1
9508,238,3
9509,371,1
9509,236,1
9509,184,1
9510,215,1
9511,241,3
9512,128,1
9512,218,1
9512,168,1
9513,153,1
9513,140,1
9514,334,2
9515,149,1
9515,136,1
9515,301,1
9516,271,1
9516,187,1
9516,134,1
9517,244,1
9518,121,1
9518,232,1
9519,286,1
9520,309,3
9521,284,3
9522,368,2
9523,391,1
9524,269,1
9524,189,1
9525,165,1
9525,194,1
9525,297,1
9526,393,1
9526,234,1
9526,146,1
9527,358,1
9528,289,3
9529,335,3
9530,397,3
9531,104,1
9532,245,1
9532,240,1
9532,271,1
9533,284,1
9534,241,3
9535,387,2
9536,343,1
9536,113,1
9537,221,3
9538,254,2
9539,201,1
9540,133,1
9540,227,1
9540,148,1
9541,359,1
9542,392,1
9543,366,1
9544,127,2
9545,276,1
9546,368,1
9547,181,3
9548,331,1
9549,231,1
9550,292,1
9551,354,1
9551,221,1
9551,289,1
9552,175,1
9552,309,1
9552,341,1
9553,168,1
9554,313,1
9555,125,1
9555,354,1
9555,135,1
9556,117,1
9556,363,1
9556,300,1
9557,397,2
9558,280,1
9559,264,1
9560,283,1
9561,141,1
9562,344,1
9563,151,1
9563,269,1
9564,144,1
9565,120,1
9565,235,1
9566,126,1
9566,151,1
9566,188,1
9567,168,1
9568,352,3
9569,287,1
9570,329,1
9570,229,1
9570,365,1
9571,133,1
9571,152,1
9572,330,1
9573,199,1
9573,275,1
9574,237,1
9574,219,1
9575,252,1
9575,398,1
9576,213,1
9576,174,1
9576,367,1
9577,122,1
9578,316,3
9579,374,2
9580,364,2
9581,369,3
9582,140,3
9583,183,1
9584,381,1
9585,344,1
9585,238,1
9586,317,2
9587,104,2
9588,382,1
9589,197,3
9590,219,3
9591,379,1
9592,372,1
9593,347,2
9594,145,1
9594,389,1
9594,343,1
9595,391,1
9596,193,1
9596,115,1
9596,289,1
9597,253,1
9597,326,1
9598,300,1
9599,354,1
9599,133,1
9600,359,1
9601,221,1
9601,342,1
9601,289,1
9602,184,1
9603,262,2
9604,226,3
9605,226,1
9605,192,1
9606,145,3
9607,357,1
9607,142,1
9607,210,1
9608,161,1
9609,129,3
9610,343,1
9610,105,1
9611,135,3
9612,245,2
9613,290,2
9614,203,3
9615,292,1
9616,329,1
9616,163,1
9616,182,1
9617,175,1
9617,235,1
9618,290,1
9618,328,1
9618,180,1
9619,380,1
9619,137,1
9620,164,1
9620,379,1
9621,394,1
9622,142,1
9622,142,1
9622,287,1
9623,291,1
9624,381,1
9624,397,1
9625,285,1
9625,375,1
9625,185,1
9626,282,1
9626,121,1
9626,355,1
9627,367,1
9628,189,1
9628,171,1
9628,125,1
9629,135,1
9630,122,1
9630,253,1
9631,385,1
9632,157,1
9633,390,1
9633,243,1
9633,116,1
9634,193,2
9635,277,1
9635,196,1
9635,123,1
9636,222,1
9636,259,1
9636,154,1
9637,309,1
9637,182,1
9638,252,1
9639,274,3
9640,232,3
9641,200,3
9642,139,1
9642,252,1
9643,241,2
9644,395,1
9645,366,3
9646,399,1
9647,329,1
9647,379,1
9647,182,1
9648,362,1
9648,388,1
9649,341,1
9650,205,2
9651,381,3
9652,159,3
9653,341,2
9654,110,3
9655,281,1
9655,356,1
9656,133,1
9656,400,1
9656,325,1
9657,384,1
9657,359,1
9657,331,1
9658,283,1
9659,267,2
9660,335,1
9661,396,1
9661,169,1
9661,365,1
9662,282,3
9663,390,1
9663,220,1
9664,243,1
9665,182,1
9666,396,1
9666,161,1
9667,163,2
9668,317,1
9669,121,3
9670,360,2
9671,112,1
9671,358,1
9671,305,1
9672,287,2
9673,337,1
9673,135,1
9674,118,3
9675,318,1
9675,169,1
9676,266,3
9677,261,3
9678,142,3
9679,176,1
9679,256,1
9679,301,1
9680,366,1
9680,233,1
9680,141,1
9681,114,1
9681,140,1
9682,301,1
9682,396,1
9682,330,1
9683,285,1
9684,120,1
9685,297,1
9685,254,1
9686,208,3
9687,151,1
9688,365,1
9689,200,2
9690,339,1
9691,370,1
9692,366,3
9693,350,1
9693,250,1
9694,366,3
9695,221,1
9696,270,2
9697,310,3
9698,216,1
9698,356,1
9699,305,1
9700,209,1
9701,330,1
9702,245,3
9703,338,1
9704,246,2
9705,148,2
9706,113,1
9707,186,1
9708,324,1
9708,384,1
9709,208,3
9710,399,3
9711,191,1
9711,174,1
9711,155,1
9712,200,3
9713,184,1
9713,135,1
9714,382,1
9715,159,1
9716,272,1
9717,368,1
9718,210,3
9719,283,2
9720,376,3
9721,362,3
9722,240,1
9723,103,1
9723,127,1
9724,136,3
9725,200,1
9725,163,1
9725,330,1
9726,211,3
9727,264,1
9727,211,1
9728,133,1
9729,198,2
9730,125,3
9731,251,1
9731,181,1
9732,107,1
9732,396,1
9733,191,1
9733,296,1
9733,240,1
9734,167,1
9735,217,1
9735,180,1
9736,131,1
9737,227,1
9737,319,1
9738,175,3
9739,178,1
9740,331,1
9740,162,1
9741,123,1
9741,192,1
9741,283,1
9742,288,1
9742,383,1
9743,174,1
9744,358,3
9745,169,3
9746,190,3
9747,359,1
9747,282,1
9747,363,1
9748,301,2
9749,265,1
9749,360,1
9750,113,1
9751,394,1
9752,119,1
9752,372,1
9753,293,1
9753,314,1
9753,220,1
9754,336,1
9754,329,1
9755,312,1
9755,233,1
9755,155,1
9756,289,1
9756,123,1
9756,183,1
9757,268,3
9758,273,1
9758,214,1
9758,322,1
9759,171,2
9760,133,1
9760,133,1
9761,106,1
9762,227,2
9763,315,1
9764,138,1
9764,301,1
9764,376,1
9765,221,1
9766,331,1
9767,124,1
9767,221,1
9768,297,2
9769,220,1
9769,351,1
9770,377,1
9770,326,1
9771,157,1
9771,343,1
9772,172,2
9773,389,1
9774,162,1
9775,196,1
9776,172,1
9776,287,1
9777,387,1
9778,314,1
9778,214,1
9779,205,2
9780,148,3
9781,322,1
9781,268,1
9781,274,1
9782,266,1
9782,265,1
9782,222,1
9783,122,1
9784,270,1
9784,357,1
9785,396,1
9786,215,1
9786,107,1
9786,385,1
9787,175,3
9788,206,2
9789,215,1
9790,137,1
9791,381,3
9792,368,1
9793,349,1
9793,305,1
9794,198,1
9795,306,1
9796,253,1
9796,192,1
9796,145,1
9797,167,3
9798,300,1
9798,175,1
9798,295,1
9799,277,2
9800,221,1
9800,386,1
9801,161,3
9802,265,1
9802,104,1
9802,334,1
9803,286,1
9803,141,1
9804,397,1
9804,369,1
9804,319,1
9805,119,3
9806,345,3
9807,174,3
9808,300,1
9808,368,1
9809,206,1
9810,262,1
9811,125,3
9812,123,2
9813,369,2
9814,122,1
9814,363,1
9815,251,3
9816,370,1
9817,305,1
9817,114,1
9817,285,1
9818,281,3
9819,107,1
9820,373,1
9821,114,2
9822,391,1
9823,310,1
9824,239,1
9825,215,2
9826,203,2
9827,108,2
9828,139,2
9829,322,1
9829,398,1
9830,112,2
9831,325,1
9832,353,1
9832,396,1
9832,335,1
9833,357,1
9834,333,1
9835,253,1
9836,362,1
9836,134,1
9837,247,3
9838,228,2
9839,239,2
9840,150,1
9840,165,1
9841,165,3
9842,255,3
9843,233,2
9844,267,1
9844,255,1
9845,191,1
9846,259,2
9847,231,2
9848,137,2
9849,342,3
9850,176,1
9851,159,1
9851,360,1
9852,113,1
9852,192,1
9852,270,1
9853,107,1
9853,238,1
9853,127,1
9854,206,1
9855,207,1
9855,201,1
9856,306,1
9857,121,1
9857,215,1
9858,388,1
9858,213,1
9859,360,3
9860,162,2
9861,102,1
9861,322,1
9861,174,1
9862,110,2
9863,263,1
9863,396,1
9863,258,1
9864,348,1
9864,329,1
9864,111,1
9865,160,1
9866,222,1
9867,104,1
9868,367,2
9869,117,2
9870,224,2
9871,266,1
9872,254,1
9872,345,1
9872,292,1
9873,111,1
9874,275,1
9875,133,1
9875,161,1
9876,378,1
9877,391,1
9878,268,1
9879,357,1
9879,191,1
9879,271,1
9880,335,2
9881,337,1
9881,110,1
9882,326,1
9883,373,3
9884,364,3
9885,217,2
9886,330,1
9887,295,3
9888,161,1
9888,373,1
9888,398,1
9889,308,3
9890,210,1
9890,172,1
9891,263,1
9892,121,1
9892,237,1
9893,395,1
9894,278,1
9895,161,2
9896,332,1
9897,397,1
9897,285,1
9897,245,1
9898,387,1
9898,252,1
9899,174,2
9900,223,1
9900,302,1
9901,260,2
9902,249,1
9903,227,1
9904,389,2
9905,306,3
9906,323,2
9907,344,3
9908,382,1
9908,176,1
9908,213,1
9909,331,2
9910,255,1
9910,346,1
9911,346,1
9912,151,1
9912,270,1
9913,298,1
9914,214,1
9914,318,1
9915,121,1
9915,115,1
9915,332,1
9916,372,1
9916,173,1
9916,308,1
9917,146,2
9918,163,3
9919,148,1
9919,129,1
9920,315,3
9921,197,2
9922,382,1
9923,232,1
9924,345,1
9924,151,1
9924,156,1
9925,394,2
9926,380,1
9926,124,1
9927,135,1
9928,338,2
9929,264,1
9929,270,1
9929,315,1
9930,102,1
9931,359,3
9932,224,1
9932,187,1
9933,332,1
9934,392,1
9934,262,1
9934,302,1
9935,368,1
9935,271,1
9936,268,1
9936,124,1
9936,346,1
9937,351,1
9938,373,3
9939,191,1
9939,224,1
9939,190,1
9940,391,2
9941,390,3
9942,399,3
9943,181,3
9944,387,1
9945,320,1
9946,152,1
9947,326,3
9948,257,1
9949,351,2
9950,306,1
9950,276,1
9950,333,1
9951,219,1
9951,285,1
9952,304,2
9953,164,1
9953,221,1
9953,144,1
9954,255,2
9955,314,3
9956,174,3
9957,115,1
9958,379,1
9959,358,1
9960,211,1
9960,319,1
9961,238,2
9962,212,1
9963,357,3
9964,186,1
9964,193,1
9965,253,1
9965,197,1
9965,226,1
9966,234,3
9967,140,1
9968,276,2
9969,335,1
9969,290,1
9970,173,1
9970,384,1
9971,285,2
9972,131,2
9973,166,3
9974,370,1
9974,165,1
9974,219,1
9975,345,3
9976,371,2
9977,177,3
9978,342,3
9979,393,1
9980,393,2
9981,286,1
9982,116,1
9983,337,1
9983,379,1
9983,122,1
9984,373,1
9985,111,1
9986,337,1
9987,268,3
9988,127,1
9988,104,1
9988,209,1
9989,385,1
9990,375,1
9991,307,2
9992,340,1
9993,148,2
9994,290,1
9995,306,1
9995,239,1
9996,164,3
9997,267,2
9998,323,1
9998,340,1
9998,331,1
9999,373,1
10000,274,1
10001,178,1
10002,211,2
10003,205,2
10004,283,1
10004,104,1
10005,252,1
10005,281,1
10006,190,1
10006,339,1
10007,243,1
10008,302,3
10009,313,1
10009,167,1
10010,240,1
10011,226,3
10012,189,1
10012,378,1
10013,131,1
10013,308,1
10013,285,1
10014,205,1
10014,285,1
10014,188,1
10015,130,1
10015,314,1
10015,233,1
10016,211,1
10017,113,2
10018,280,1
10018,370,1
10018,256,1
10019,333,1
10019,212,1
10019,137,1
10020,208,2
10021,126,1
10021,156,1
10021,172,1
10022,163,1
10022,217,1
10022,307,1
10023,346,1
10023,380,1
10023,208,1
10024,304,2
10025,216,1
10026,377,1
10026,354,1
10026,128,1
10027,161,1
10027,185,1
10027,248,1
10028,105,1
10028,278,1
10029,387,1
10030,384,1
10030,124,1
10031,136,1
10031,257,1
10031,209,1
10032,229,1
10033,126,1
10034,354,1
10034,319,1
10034,326,1
10035,117,1
10035,227,1
10035,305,1
10036,139,1
10037,107,1
10037,321,1
10037,278,1
10038,400,1
10038,397,1
10039,286,1
10040,244,1
10040,280,1
10041,137,2
10042,258,3
10043,268,1
10044,385,1
10044,383,1
10045,148,1
10045,119,1
10045,334,1
10046,132,1
10047,326,3
10048,123,1
10049,108,1
10050,217,1
10051,273,1
10052,147,1
10053,383,3
10054,246,1
10054,304,1
10054,366,1
10055,134,3
10056,292,1
10056,103,1
10056,223,1
10057,363,1
10057,346,1
10057,319,1
10058,178,1
10058,394,1
10059,213,1
10060,391,2
10061,119,1
10062,358,1
10062,104,1
10062,277,1
10063,214,3
10064,126,1
10064,331,1
10065,367,1
10065,186,1
10065,119,1
10066,252,1
10067,355,1
10068,397,1
10068,328,1
10069,284,1
10070,128,1
10070,348,1
10070,273,1
10071,338,1
10072,231,3
10073,125,1
10074,231,1
10075,116,3
10076,101,1
10076,339,1
10077,243,1
10077,340,1
10078,161,1
10079,372,1
10079,316,1
10079,229,1
10080,254,1
10080,125,1
10081,285,1
10081,115,1
10082,114,1
10083,168,3
10084,217,2
10085,240,1
10086,240,2
10087,201,1
10087,348,1
10087,303,1
10088,359,3
10089,235,1
10089,340,1
10090,178,1
10091,248,1
10092,399,1
10093,171,3
10094,174,1
10095,180,1
10095,144,1
10096,197,1
10096,254,1
10096,296,1
10097,124,1
10098,324,3
10099,396,1
10099,312,1
10099,129,1
10100,384,1
10101,329,1
10101,165,1
10102,272,1
10102,367,1
10102,390,1
10103,257,1
10103,362,1
10104,186,1
10105,328,1
10106,261,2
10107,203,3
10108,399,1
10108,387,1
10108,143,1
10109,310,3
10110,148,1
10111,320,2
10112,192,2
10113,159,1
10113,170,1
10113,279,1
10114,186,1
10115,106,1
10115,374,1
10115,139,1
10116,170,1
10116,341,1
10117,108,2
10118,140,1
10119,242,1
10120,110,1
10120,393,1
10121,372,3
10122,379,1
10123,157,1
10123,362,1
10124,157,2
10125,122,1
10125,131,1
10125,256,1
10126,341,1
10126,256,1
10127,147,1
10127,382,1
10127,137,1
10128,355,1
10128,244,1
10129,344,1
10129,299,1
10130,297,1
10130,102,1
10131,310,1
10132,248,1
10133,336,1
10133,226,1
10134,299,2
10135,289,2
10136,308,1
10137,301,1
10138,158,1
10139,163,1
10139,329,1
10140,218,1
10140,301,1
10140,112,1
10141,312,1
10142,238,2
10143,351,2
10144,169,1
10145,343,1
10146,139,1
10146,181,1
10146,151,1
10147,286,2
10148,130,1
10149,191,1
10150,299,1
10151,321,2
10152,124,1
10152,290,1
10153,176,1
10153,212,1
10153,310,1
10154,310,1
10154,370,1
10155,146,2
10156,180,1
10157,240,1
10158,106,1
10159,253,1
10159,399,1
10159,268,1
10160,376,1
10160,203,1
10160,392,1
10161,295,1
10162,269,1
10163,380,1
10164,244,2
10165,355,3
10166,144,1
10167,212,1
10167,263,1
10168,188,1
10168,185,1
10169,264,2
10170,143,1
10170,326,1
10171,159,1
10171,292,1
10172,173,1
10173,141,2
10174,259,1
10174,132,1
10174,393,1
10175,392,1
10175,275,1
10175,153,1
10176,131,1
10176,166,1
10177,310,1
10177,132,1
10177,152,1
10178,106,1
10179,246,1
10180,234,1
10181,313,1
10181,297,1
10182,253,1
10182,159,1
10182,353,1
10183,225,1
10183,220,1
10183,362,1
10184,364,1
10184,204,1
10184,348,1
10185,247,1
10186,225,1
10186,334,1
10187,372,1
10188,208,1
10189,352,2
10190,325,1
10190,184,1
10191,134,1
10192,257,2
10193,292,1
10194,301,1
10194,279,1
10195,223,1
10195,159,1
10196,394,1
10196,294,1
10196,159,1
10197,161,1
10198,375,1
10199,237,1
10200,198,1
10200,323,1
10200,195,1
10201,261,1
10202,186,1
10202,188,1
10202,328,1
10203,386,1
10203,347,1
10203,216,1
10204,203,1
10205,172,1
10205,294,1
10205,331,1
10206,299,1
10206,165,1
10207,101,1
10208,144,1
10208,101,1
10208,314,1
10209,215,2
10210,389,1
10210,109,1
10211,110,1
10212,147,3
10213,244,3
10214,395,3
10215,337,2
10216,386,1
10216,165,1
10217,118,1
10218,193,1
10219,383,3
10220,327,1
10221,287,1
10221,280,1
10222,113,1
10222,217,1
10222,366,1
10223,124,3
10224,281,1
10225,269,1
10225,387,1
10225,247,1
10226,175,1
10226,327,1
10226,169,1
10227,237,1
10228,359,1
10229,396,2
10230,101,1
10231,166,2
10232,375,2
10233,320,3
10234,310,1
10234,379,1
10234,339,1
10235,238,1
10235,317,1
10235,200,1
10236,244,1
10236,266,1
10236,124,1
10237,210,2
10238,341,1
10238,261,1
10239,187,1
10239,373,1
10239,230,1
10240,384,1
10240,259,1
10241,312,2
10242,349,1
10243,161,3
10244,186,3
10245,385,1
10246,220,1
10246,380,1
10247,372,1
10247,269,1
10248,297,1
10249,261,3
10250,390,3
10251,185,1
10251,194,1
10252,154,1
10252,109,1
10252,278,1
10253,157,1
10254,388,3
10255,183,1
10255,226,1
10255,174,1
10256,121,2
10257,318,1
10257,364,1
10257,184,1
10258,209,1
10259,172,2
10260,363,1
10260,251,1
10260,320,1
10261,326,1
10261,346,1
10262,118,1
10263,388,1
10263,315,1
10263,217,1
10264,185,1
10264,196,1
10265,118,1
10266,399,3
10267,145,2
10268,341,1
10268,208,1
10269,111,1
10269,386,1
10270,388,2
10271,324,1
10271,273,1
10272,270,1
10272,141,1
10272,277,1
10273,293,2
10274,214,1
10274,266,1
10275,228,1
10275,294,1
10275,281,1
10276,129,1
10277,317,1
10277,279,1
10278,236,1
10278,390,1
10278,311,1
10279,166,2
10280,354,2
10281,298,1
10282,209,1
10283,317,1
10283,176,1
10284,310,3
10285,271,1
10285,135,1
10286,145,1
10287,249,1
10287,172,1
10287,115,1
10288,250,1
10288,363,1
10288,109,1
10289,315,1
10289,214,1
10290,151,1
10290,241,1
10290,352,1
10291,365,1
10292,357,3
10293,366,1
10294,236,1
10295,358,3
10296,311,1
10297,118,3
10298,132,2
10299,190,3
10300,395,1
10300,291,1
10301,178,1
10301,344,1
10301,249,1
10302,114,2
10303,168,1
10304,130,1
10305,246,1
10306,102,1
10306,362,1
10307,238,3
10308,335,2
10309,177,3
10310,229,1
10310,300,1
10310,178,1
10311,136,1
10311,159,1
10312,165,1
10313,348,1
10314,270,1
10315,396,1
10316,141,1
10316,243,1
10317,212,1
10318,227,1
10318,306,1
10318,246,1
10319,383,1
10320,267,3
10321,331,2
10322,212,1
10323,226,1
10323,362,1
10323,356,1
10324,327,1
10324,207,1
10324,187,1
10325,112,1
10326,278,1
10326,398,1
10327,350,3
10328,117,1
10328,317,1
10329,397,3
10330,288,1
10330,249,1
10331,116,1
10331,169,1
10332,223,2
10333,343,1
10333,291,1
10333,220,1
10334,362,1
10335,222,3
10336,186,3
10337,161,1
10337,393,1
10338,382,3
10339,375,1
10339,316,1
10339,248,1
10340,382,1
10341,371,1
10341,399,1
10341,390,1
10342,394,2
10343,319,1
10343,380,1
10344,319,1
10344,308,1
10345,280,1
10346,171,1
10347,295,1
10348,336,1
10348,389,1
10349,313,1
10350,277,1
10351,195,1
10352,252,2
10353,245,1
10353,108,1
10353,117,1
10354,240,3
10355,213,1
10355,385,1
10356,149,1
10356,386,1
10356,107,1
10357,226,2
10358,129,1
10358,127,1
10359,115,2
10360,332,3
10361,374,1
10361,281,1
10362,296,1
10362,290,1
10363,133,1
10363,353,1
10364,367,3
10365,256,1
10366,118,3
10367,231,2
10368,388,2
10369,331,1
10369,259,1
10369,215,1
10370,164,1
10371,316,3
10372,276,2
10373,252,1
10373,116,1
10373,151,1
10374,256,3
10375,161,3
10376,323,1
10376,285,1
10377,149,1
10378,127,1
10379,323,1
10380,290,1
10381,131,2
10382,318,1
10382,215,1
10382,139,1
10383,233,1
10384,236,3
10385,226,1
10385,150,1
10386,221,3
10387,162,1
10387,376,1
10388,289,2
10389,360,2
10390,149,1
10391,268,1
10391,303,1
10391,258,1
10392,332,1
10392,353,1
10393,207,2
10394,157,3
10395,379,3
10396,304,3
10397,260,3
10398,137,1
10399,194,1
10399,344,1
10400,324,1
10400,300,1
10401,336,3
10402,202,3
10403,183,1
10404,258,3
10405,179,1
10406,195,1
10406,164,1
10406,366,1
10407,188,1
10408,284,1
10408,245,1
10408,118,1
10409,305,2
10410,133,1
10411,232,2
10412,198,1
10413,263,3
10414,270,1
10415,130,1
10415,126,1
10415,400,1
10416,111,3
10417,292,1
10418,329,1
10419,283,2
10420,316,1
10420,286,1
10421,133,3
10422,390,1
10423,266,1
10424,320,1
10425,145,3
10426,369,1
10426,139,1
10427,126,1
10428,222,1
10428,260,1
10429,303,2
10430,309,1
10431,306,1
10432,201,1
10432,229,1
10433,263,1
10434,120,2
10435,358,3
10436,114,2
10437,244,1
10437,165,1
10438,344,1
10439,306,2
10440,356,1
10440,214,1
10441,206,1
10441,389,1
10442,263,3
10443,101,2
10444,353,1
10445,198,1
10446,225,1
10446,276,1
10446,136,1
10447,193,3
10448,314,1
10449,117,1
10450,117,2
10451,162,1
10452,352,2
10453,229,1
10453,141,1
10454,243,1
10455,222,1
10456,151,3
10457,367,1
10458,333,3
10459,200,2
10460,199,1
10460,129,1
10460,330,1
10461,211,3
10462,194,1
10463,157,1
10464,228,1
10465,197,3
10466,286,1
10466,154,1
10467,207,1
10467,169,1
10468,143,1
10469,213,1
10470,279,3
10471,262,1
10471,368,1
10471,335,1
10472,329,1
10472,380,1
10473,339,1
10473,186,1
10473,286,1
10474,250,1
10474,242,1
10474,197,1
10475,291,2
10476,276,3
10477,125,1
10478,264,2
10479,339,1
10480,399,1
10480,171,1
10481,297,1
10481,161,1
10481,232,1
10482,188,1
10482,322,1
10483,341,1
10483,376,1
10484,198,1
10485,229,1
10486,105,1
10486,259,1
10486,335,1
10487,330,1
10488,235,1
10488,209,1
10488,317,1
10489,119,1
10490,342,3
10491,348,1
10491,143,1
10491,157,1
10492,308,3
10493,113,1
10493,178,1
10494,154,1
10495,117,1
10496,387,1
10496,146,1
10496,165,1
10497,338,2
10498,280,1
10499,218,1
10500,105,1
10500,338,1
10501,246,1
10502,195,1
10503,270,1
10503,159,1
10504,143,3
10505,369,3
10506,380,1
10507,316,3
10508,142,1
10508,136,1
10508,137,1
10509,384,1
10510,233,1
10511,365,1
10511,363,1
10512,222,1
10513,214,1
10513,302,1
10513,200,1
10514,313,1
10514,163,1
10514,380,1
10515,293,3
10516,265,1
10516,397,1
10517,300,3
10518,243,1
10519,137,2
10520,178,1
10521,295,1
10522,381,1
10523,344,1
10523,391,1
10524,125,1
10524,266,1
10524,153,1
10525,389,2
10526,235,1
10526,392,1
10527,127,2
10528,115,2
10529,393,3
10530,241,3
10531,158,1
10532,339,1
10532,112,1
10533,216,1
10533,223,1
10533,250,1
10534,206,1
10534,129,1
10535,114,3
10536,354,1
10536,312,1
10536,349,1
10537,270,1
10537,178,1
10538,238,1
10538,164,1
10538,200,1
10539,224,3
10540,107,1
10541,111,2
10542,205,1
10542,113,1
10542,254,1
10543,259,2
10544,306,1
10544,354,1
10544,146,1
10545,234,1
10546,158,1
10546,362,1
10547,133,1
10547,213,1
10548,258,3
10549,237,1
10550,221,1
10550,375,1
10551,186,1
10551,202,1
10551,129,1
10552,122,3
10553,196,3
10554,256,1
10555,168,2
10556,189,1
10556,286,1
10557,282,1
10557,233,1
10558,264,1
10558,191,1
10559,194,1
10559,317,1
10559,167,1
10560,143,3
10561,229,1
10561,187,1
10562,277,2
10563,157,1
10564,286,3
10565,293,3
10566,380,1
10566,250,1
10566,185,1
10567,209,1
10567,231,1
10568,366,1
10569,373,1
10570,193,1
10571,183,1
10571,339,1
10571,150,1
10572,377,1
10573,383,1
10573,300,1
10573,211,1
10574,153,1
10575,184,1
10576,199,1
10577,119,2
10578,223,2
10579,238,1
10579,379,1
10579,251,1
10580,174,1
10580,249,1
10580,340,1
10581,256,3
10582,205,1
10583,104,3
10584,388,1
10584,234,1
10584,395,1
10585,192,1
10585,232,1
10586,131,1
10587,173,2
10588,245,2
10589,340,1
10590,339,1
10591,371,1
10591,386,1
10591,342,1
10592,215,1
10593,180,3
10594,200,1
10595,235,1
10596,219,3
10597,320,3
10598,328,2
10599,197,1
10599,306,1
10600,339,1
10601,359,3
10602,334,1
10603,293,1
10604,131,2
10605,339,2
10606,116,3
10607,234,2
10608,388,2
10609,333,1
10609,202,1
10609,157,1
10610,229,1
10610,399,1
10611,291,3
10612,364,2
10613,200,1
10614,161,1
10614,194,1
10614,273,1
10615,236,1
10615,190,1
10615,296,1
10616,262,1
10617,111,2
10618,336,1
10619,216,1
10619,319,1
10619,373,1
10620,298,3
10621,208,1
10622,116,2
10623,145,1
10624,182,2
10625,120,1
10625,175,1
10626,193,2
10627,345,1
10627,309,1
10628,105,1
10628,265,1
10628,227,1
10629,358,1
10629,355,1
10629,226,1
10630,286,3
10631,248,3
10632,261,3
10633,182,1
10634,189,2
10635,221,1
10636,267,1
10637,226,1
10637,192,1
10637,283,1
10638,317,1
10639,301,3
10640,397,1
10641,209,3
10642,160,1
10642,263,1
10642,335,1
10643,377,1
10643,332,1
10643,380,1
10644,242,1
10645,291,1
10646,249,1
10646,345,1
10647,205,3
10648,362,2
10649,232,1
10650,375,1
10650,193,1
10650,252,1
10651,294,3
10652,296,1
10653,299,1
10654,101,1
10655,354,1
10656,308,1
10656,249,1
10656,215,1
10657,241,2
10658,267,1
10658,390,1
10659,229,3
10660,113,3
10661,293,1
10661,310,1
10661,243,1
10662,265,1
10663,211,3
10664,124,2
10665,292,1
10666,188,1
10667,155,1
10667,198,1
10667,118,1
10668,364,2
10669,114,1
10669,231,1
10670,270,1
10671,205,1
10671,375,1
10671,219,1
10672,217,1
10673,163,1
10673,139,1
10673,219,1
10674,390,1
10674,112,1
10674,115,1
10675,358,2
10676,234,1
10676,324,1
10676,254,1
10677,173,1
10677,273,1
10677,335,1
10678,370,2
10679,217,2
10680,212,1
10680,249,1
10680,367,1
10681,107,1
10681,269,1
10681,264,1
10682,276,1
10682,267,1
10682,281,1
10683,129,1
10684,116,1
10685,309,1
10685,166,1
10686,323,1
10687,260,1
10688,344,1
10689,310,3
10690,260,1
10691,218,1
10691,153,1
10692,386,2
10693,250,1
10693,231,1
10694,359,1
10695,232,1
10695,377,1
10696,183,1
10696,139,1
10697,171,1
10698,236,1
10699,191,3
10700,325,3
10701,242,1
10702,133,3
10703,293,1
10704,260,1
10704,247,1
10704,246,1
10705,127,3
10706,336,1
10706,134,1
10706,211,1
10707,134,1
10707,304,1
10708,141,1
10709,259,1
10709,267,1
10709,199,1
10710,139,1
10710,288,1
10710,242,1
10711,199,1
10711,302,1
10711,373,1
10712,365,2
10713,188,2
10714,177,1
10715,142,1
10716,326,1
10716,231,1
10717,158,1
10718,236,1
10719,345,3
10720,229,1
10721,306,2
10722,104,2
10723,161,2
10724,288,2
10725,306,1
10725,114,1
10726,359,1
10726,325,1
10726,219,1
10727,116,1
10728,174,1
10728,189,1
10729,322,1
10730,225,1
10730,149,1
10731,211,1
10732,284,1
10732,374,1
10732,103,1
10733,389,1
10733,319,1
10733,208,1
10734,119,3
10735,284,1
10735,157,1
10735,355,1
10736,159,1
10737,156,1
10737,133,1
10737,399,1
10738,147,1
10738,387,1
10739,198,2
10740,234,1
10741,276,3
10742,187,1
10743,273,3
10744,358,3
10745,202,1
10746,121,1
10746,398,1
10747,379,1
10747,355,1
10748,255,1
10748,353,1
10749,336,3
10750,278,1
10751,289,3
10752,178,1
10752,230,1
10752,233,1
10753,177,1
10754,205,1
10754,323,1
10754,133,1
10755,258,1
10755,315,1
10755,193,1
10756,352,1
10757,170,2
10758,306,1
10759,235,3
10760,195,1
10760,393,1
10760,102,1
10761,152,3
10762,188,3
10763,335,1
10763,168,1
10764,299,1
10764,333,1
10765,328,1
10766,380,2
10767,158,2
10768,399,3
10769,213,1
10770,120,2
10771,391,2
10772,271,3
10773,383,1
10773,140,1
10774,109,1
10775,302,2
10776,329,1
10776,224,1
10776,321,1
10777,163,1
10777,116,1
10777,177,1
10778,126,1
10778,318,1
10778,160,1
10779,362,3
10780,375,1
10780,151,1
10780,295,1
10781,154,2
10782,335,3
10783,169,3
10784,139,2
10785,198,1
10786,201,1
10787,207,1
10788,290,1
10788,363,1
10788,214,1
10789,282,2
10790,153,3
10791,154,1
10792,268,1
10792,379,1
10793,261,1
10794,387,1
10795,189,1
10796,242,1
10797,369,3
10798,228,2
10799,372,1
10799,319,1
10800,353,1
10800,178,1
10801,345,3
10802,194,1
10802,303,1
10802,188,1
10803,230,1
10804,260,2
10805,203,1
10805,260,1
10806,164,2
10807,101,1
10808,309,3
10809,374,1
10809,113,1
10810,281,1
10811,207,2
10812,358,2
10813,222,3
10814,322,1
10815,338,2
10816,347,2
10817,389,1
10817,348,1
10817,307,1
10818,251,1
10819,263,2
10820,156,1
10820,210,1
10821,208,1
10821,331,1
10822,282,1
10822,319,1
10822,244,1
10823,136,2
10824,288,2
10825,105,1
10825,175,1
10825,298,1
10826,155,3
10827,143,1
10827,197,1
10828,168,1
10828,309,1
10828,279,1
10829,108,2
10830,275,1
10831,317,3
10832,121,1
10833,177,1
10834,297,2
10835,340,1
10836,167,1
10836,262,1
10837,231,1
10838,201,3
10839,318,1
10839,264,1
10839,321,1
10840,397,2
10841,122,1
10842,105,1
10842,197,1
10842,106,1
10843,321,3
10844,137,1
10844,218,1
10844,290,1
10845,365,1
10845,335,1
10846,287,1
10846,316,1
10847,385,2
10848,213,1
10848,101,1
10848,125,1
10849,271,1
10850,249,3
10851,118,1
10851,211,1
10852,390,2
10853,220,3
10854,361,2
10855,251,1
10856,305,2
10857,250,1
10857,369,1
10857,157,1
10858,208,1
10859,264,1
10860,182,1
10860,271,1
10861,140,1
10861,393,1
10861,384,1
10862,112,3
10863,162,1
10863,175,1
10864,166,3
10865,325,1
10865,334,1
10866,283,2
10867,187,1
10868,286,3
10869,294,1
10870,269,1
10870,365,1
10870,149,1
10871,365,2
10872,251,3
10873,221,1
10874,174,1
10874,384,1
10875,216,1
10876,389,1
10876,160,1
10877,220,3
10878,355,1
10878,311,1
10878,143,1
10879,372,1
10880,105,1
10881,312,2
10882,335,1
10883,378,1
10884,284,3
10885,267,2
10886,112,2
10887,174,1
10888,327,1
10888,380,1
10888,159,1
10889,293,1
10889,113,1
10890,269,1
10891,233,3
10892,158,1
10892,228,1
10892,205,1
10893,121,1
10894,289,2
10895,189,1
10896,151,3
10897,193,1
10897,148,1
10897,335,1
10898,398,3
10899,274,1
10899,393,1
10900,264,1
10901,222,1
10902,287,1
10903,199,1
10904,323,1
10904,323,1
10905,329,2
10906,250,1
10907,370,2
10908,250,1
10909,112,3
10910,176,3
10911,217,1
10911,327,1
10911,334,1
10912,383,2
10913,229,1
10913,331,1
10913,162,1
10914,226,3
10915,395,3
10916,270,1
10917,389,1
10918,234,1
10918,139,1
10919,164,3
10920,115,1
10921,322,1
10922,400,1
10922,270,1
10923,298,1
10924,383,2
10925,243,1
10925,183,1
10925,277,1
10926,220,1
10926,316,1
10926,274,1
10927,375,1
10927,323,1
10928,123,2
10929,113,1
10929,309,1
10929,103,1
10930,375,1
10930,195,1
10931,260,1
10932,382,1
10933,400,1
10933,155,1
10933,153,1
10934,216,1
10935,259,1
10935,341,1
10936,249,1
10936,339,1
10937,138,3
10938,252,1
10938,323,1
10938,303,1
10939,158,1
10940,310,2
10941,116,2
10942,268,1
10942,349,1
10942,125,1
10943,261,2
10944,394,1
10944,396,1
10945,349,1
10945,116,1
10945,104,1
10946,222,1
10946,197,1
10947,203,3
10948,199,1
10949,266,1
10949,273,1
10949,303,1
10950,175,1
10951,154,3
10952,375,2
10953,337,1
10953,308,1
10954,156,1
10954,178,1
10955,289,3
10956,147,2
10957,235,1
10957,396,1
10958,207,1
10959,112,1
10959,234,1
10959,257,1
10960,178,3
10961,104,2
10962,183,1
10962,305,1
10963,359,1
10963,118,1
10964,306,1
10965,297,2
10966,259,1
10967,300,2
10968,254,1
10968,154,1
10969,156,1
10969,157,1
10969,182,1
10970,351,1
10971,296,2
10972,165,1
10973,397,1
10974,192,1
10975,368,3
10976,282,1
10976,312,1
10977,290,3
10978,305,1
10978,316,1
10979,101,1
10980,112,1
10981,297,1
10982,248,1
10983,338,1
10984,303,1
10985,160,1
10986,286,2
10987,335,2
10988,374,3
10989,274,1
10990,314,1
10990,367,1
10991,365,2
10992,365,1
10992,235,1
10993,165,3
10994,262,3
10995,285,3
10996,312,1
10997,367,1
10997,324,1
10997,377,1
10998,214,2
10999,254,1
10999,299,1
11000,236,1
11000,213,1
11000,205,1
11001,137,1
11002,256,1
11002,336,1
11002,205,1
11003,179,1
11003,127,1
11003,232,1
11004,274,1
11005,166,1
11005,204,1
11005,224,1
11006,133,1
11006,241,1
11007,309,1
11007,112,1
11008,123,1
11009,229,2
11010,108,1
11010,260,1
11011,118,1
11011,392,1
11011,214,1
11012,275,1
11013,113,1
11013,277,1
11013,336,1
11014,123,1
11014,348,1
11015,311,1
11016,112,1
11016,112,1
11016,142,1
11017,138,1
11017,258,1
11018,308,2
11019,342,1
11020,141,1
11021,194,1
11022,124,3
11023,178,3
11024,143,1
11024,298,1
11024,286,1
11025,104,2
11026,161,1
11026,183,1
11027,227,1
11027,166,1
11027,376,1
11028,302,1
11028,238,1
11028,254,1
11029,217,1
11029,233,1
11030,138,1
11030,246,1
11031,185,1
11031,309,1
11031,395,1
11032,104,1
11033,292,1
11034,185,1
11035,137,1
11035,210,1
11035,324,1
11036,176,3
11037,337,3
11038,393,1
11038,236,1
11039,247,1
11039,266,1
11039,387,1
11040,126,1
11041,307,3
11042,185,1
11042,248,1
11042,379,1
11043,324,1
11044,292,1
11045,369,1
11046,345,1
11047,348,3
11048,252,1
11049,236,1
11049,241,1
11050,350,2
11051,335,1
11052,163,1
11052,272,1
11053,192,1
11054,177,1
11054,155,1
11055,155,2
11056,382,1
11056,113,1
11057,387,1
11058,172,1
11058,370,1
11058,301,1
11059,189,1
11060,370,3
11061,249,1
11062,116,1
11063,245,1
11063,199,1
11063,395,1
11064,134,2
11065,109,3
11066,328,1
11066,268,1
11066,225,1
11067,130,1
11068,250,1
11069,367,3
11070,324,1
11070,163,1
11071,119,1
11072,350,2
11073,389,1
11073,377,1
11074,362,1
11075,173,3
11076,290,1
11076,345,1
11076,329,1
11077,270,1
11078,117,1
11078,186,1
11078,155,1
11079,244,1
11080,175,1
11080,319,1
11080,361,1
11081,245,1
11081,223,1
11082,271,2
11083,354,3
11084,197,1
11085,271,1
11086,292,3
11087,216,1
11088,386,1
11088,313,1
11089,123,1
11089,262,1
11090,244,3
11091,349,1
11092,289,1
11093,317,2
11094,145,1
11094,343,1
11095,395,2
11096,194,2
11097,143,3
11098,237,1
11099,195,1
11099,374,1
11099,163,1
11100,311,1
11100,107,1
11100,174,1
11101,322,1
11101,312,1
11102,130,1
11103,219,1
11103,131,1
11104,177,1
11105,122,1
11106,231,2
11107,328,2
11108,319,2
11109,155,1
11109,190,1
11109,300,1
11110,217,3
11111,138,2
11112,169,1
11113,251,1
11114,327,1
11114,116,1
11115,210,1
11116,375,3
11117,144,1
11118,126,1
11119,187,1
11119,127,1
11120,274,1
11120,237,1
11121,283,1
11122,297,1
11123,309,1
11123,361,1
11124,192,1
11125,143,1
11125,298,1
11126,145,1
11126,374,1
11127,312,1
11127,397,1
11127,336,1
11128,366,1
11128,265,1
11128,343,1
11129,221,3
11130,139,1
11130,118,1
11131,283,1
11131,388,1
11131,382,1
11132,133,1
11133,144,3
11134,289,3
11135,252,1
11136,387,1
11137,115,3
11138,322,1
11139,390,1
11140,144,1
11141,220,2
11142,251,3
11143,341,1
11143,245,1
11144,328,1
11144,284,1
11145,152,2
11146,244,1
11147,314,2
11148,186,3
11149,110,1
11149,338,1
11149,155,1
11150,234,1
11150,210,1
11151,101,1
11151,281,1
11152,315,1
11152,106,1
11153,227,1
11153,169,1
11153,148,1
11154,271,1
11154,145,1
11155,157,1
11155,300,1
11155,388,1
11156,109,3
11157,177,1
11157,288,1
11158,199,2
11159,307,1
11160,363,2
11161,261,3
11162,307,1
11162,304,1
11163,252,1
11163,215,1
11163,309,1
11164,263,1
11164,380,1
11165,295,1
11165,155,1
11165,239,1
11166,119,3
11167,317,1
11167,198,1
11167,347,1
11168,389,1
11169,256,1
11170,253,2
11171,241,1
11172,365,2
11173,109,1
11173,105,1
11173,124,1
11174,197,1
11175,141,1
11175,121,1
11175,171,1
11176,228,1
11176,170,1
11177,291,1
11178,286,1
11179,337,1
11179,156,1
11180,177,1
11181,252,1
11182,360,1
11182,392,1
11183,367,1
11184,138,3
11185,228,3
11186,237,1
11186,391,1
11187,341,3
11188,120,3
11189,342,2
11190,377,3
11191,191,1
11191,307,1
11191,215,1
11192,206,1
11193,171,3
11194,256,2
11195,221,1
11195,289,1
11195,199,1
11196,261,2
11197,380,2
11198,238,1
11198,337,1
11199,118,1
11199,359,1
11199,274,1
11200,357,1
11200,171,1
11200,256,1
11201,168,2
11202,398,1
11202,211,1
11203,381,1
11204,359,2
11205,330,1
11205,225,1
11205,154,1
11206,144,1
11207,193,1
11208,259,1
11208,262,1
11208,316,1
11209,383,1
11209,217,1
11210,141,1
11210,269,1
11211,187,1
11212,200,1
11212,216,1
11212,213,1
11213,281,3
11214,145,1
11214,170,1
11215,147,1
11216,136,3
11217,181,1
11218,138,1
11218,339,1
11219,267,1
11220,325,1
11221,188,1
11221,383,1
11222,354,2
11223,265,1
11224,383,1
11225,159,2
11226,379,1
11226,222,1
11226,329,1
11227,131,2
11228,200,1
11229,305,1
11230,369,1
11231,313,1
11232,192,1
11233,341,3
11234,252,1
11234,365,1
11235,287,2
11236,215,1
11237,267,1
11237,290,1
11237,180,1
11238,192,3
11239,324,1
11239,237,1
11239,144,1
11240,105,1
11241,389,1
11242,108,1
11242,279,1
11242,304,1
11243,310,1
11244,301,3
11245,253,1
11246,202,1
11246,378,1
11247,287,2
11248,144,3
11249,281,3
11250,395,2
11251,104,1
11251,295,1
11251,178,1
11252,172,2
11253,140,1
11253,172,1
11254,137,1
11255,172,1
11256,123,1
11257,206,3
11258,260,1
11258,174,1
11258,366,1
11259,145,3
11260,333,1
11261,225,3
11262,280,3
11263,286,1
11264,234,1
11264,114,1
11265,304,1
11265,222,1
11266,361,1
11267,272,1
11268,378,1
11269,230,1
11270,337,1
11271,331,3
11272,186,1
11272,250,1
11273,180,1
11274,371,1
11275,259,3
11276,322,2
11277,118,3
11278,265,1
11279,186,3
11280,270,3
11281,269,3
11282,299,1
11283,311,2
11284,361,1
11284,159,1
11284,160,1
11285,232,2
11286,326,1
11286,297,1
11286,183,1
11287,218,2
11288,115,1
11288,133,1
11289,316,1
11290,258,1
11290,215,1
11291,230,1
11291,176,1
11292,115,1
11293,317,1
11293,149,1
11294,202,1
11294,385,1
11294,137,1
11295,127,2
11296,376,1
11297,334,1
11298,186,2
11299,326,1
11300,392,1
11301,112,2
11302,358,1
11302,371,1
11302,352,1
11303,371,1
11303,355,1
11304,294,3
11305,120,1
11306,286,1
11307,358,1
11307,295,1
11308,193,2
11309,387,1
11310,190,3
11311,276,1
11312,216,1
11312,129,1
11312,108,1
11313,232,1
11314,331,1
11314,196,1
11314,247,1
11315,187,1
11315,360,1
11315,311,1
11316,387,3
11317,212,3
11318,264,2
11319,332,3
11320,136,1
11321,250,1
11322,213,2
11323,244,1
11323,237,1
11323,156,1
11324,203,1
11325,391,1
11325,128,1
11325,192,1
11326,187,1
11327,208,1
11328,173,1
11328,389,1
11329,155,1
11330,319,1
11330,149,1
11330,229,1
11331,358,1
11331,291,1
11332,122,1
11332,161,1
11332,400,1
11333,179,3
11334,271,1
11335,269,1
11336,300,1
11337,283,2
11338,159,1
11338,219,1
11338,388,1
11339,290,1
11340,307,1
11340,196,1
11341,310,2
11342,258,3
11343,340,1
11344,168,3
11345,160,1
11346,155,1
11346,362,1
11347,204,1
11347,201,1
11348,337,1
11348,345,1
11349,136,1
11350,177,1
11351,292,3
11352,351,1
11353,294,1
11353,303,1
11353,198,1
11354,384,3
11355,245,3
11356,234,1
11357,278,3
11358,394,1
11358,378,1
11359,357,1
11360,110,3
11361,308,2
11362,142,1
11362,150,1
11362,203,1
11363,377,2
11364,171,1
11364,362,1
11365,153,2
11366,242,1
11366,303,1
11367,266,1
11367,173,1
11368,378,1
11369,262,3
11370,310,1
11370,270,1
11371,172,1
11372,189,1
11372,294,1
11373,241,2
11374,313,3
11375,361,1
11376,295,1
11376,393,1
11376,199,1
11377,213,1
11378,293,3
11379,301,1
11379,170,1
11379,218,1
11380,333,1
11381,326,2
11382,212,2
11383,249,1
11383,175,1
11383,346,1
11384,163,1
11385,133,1
11386,106,2
11387,316,2
11388,391,3
11389,210,1
11389,136,1
11389,352,1
11390,213,2
11391,199,1
11391,316,1
11391,177,1
11392,393,1
11393,271,2
11394,167,1
11395,120,1
11395,216,1
11396,209,1
11397,264,3
11398,194,1
11399,363,1
11399,269,1
11399,255,1
11400,255,1
11400,389,1
11401,390,1
11402,397,3
11403,325,2
11404,372,1
11405,293,3
11406,298,2
11407,303,2
11408,343,1
11408,389,1
11409,294,1
11410,160,3
11411,356,3
11412,153,1
11412,161,1
11412,234,1
11413,341,1
11413,290,1
11413,329,1
11414,132,3
11415,151,1
11416,254,1
11416,176,1
11416,155,1
11417,103,1
11417,269,1
11418,281,2
11419,387,1
11420,307,2
11421,122,1
11422,288,1
11422,356,1
11422,115,1
11423,151,2
11424,299,1
11425,378,1
11426,132,3
11427,374,3
11428,336,1
11429,106,1
11429,262,1
11430,202,1
11430,357,1
11431,255,2
11432,102,1
11432,390,1
11432,158,1
11433,382,1
11433,359,1
11434,146,2
11435,300,1
11435,214,1
11435,376,1
11436,240,1
11436,241,1
11437,111,1
11437,241,1
11438,139,3
11439,152,1
11439,206,1
11440,346,2
11441,304,2
11442,104,3
11443,382,1
11443,172,1
11443,362,1
11444,397,2
11445,197,1
11446,197,3
11447,309,1
11448,182,1
11449,140,1
11449,327,1
11450,370,1
11450,169,1
11451,400,1
11451,365,1
11452,295,1
11453,151,1
11454,268,2
11455,106,2
11456,334,3
11457,119,1
11457,274,1
11458,371,3
11459,318,2
11460,208,1
11461,230,3
11462,397,1
11462,204,1
11462,248,1
11463,347,1
11463,118,1
11464,215,3
11465,318,2
11466,290,3
11467,159,1
11467,253,1
11468,273,2
11469,320,1
11469,374,1
11469,113,1
11470,212,1
11470,397,1
11470,251,1
11471,336,1
11472,126,3
11473,166,2
11474,164,2
11475,186,1
11475,363,1
11476,140,2
11477,170,1
11478,266,1
11479,311,2
11480,378,1
11481,248,1
11481,271,1
11482,161,3
11483,312,1
11483,149,1
11483,125,1
11484,283,3
11485,249,1
11485,343,1
11485,324,1
11486,132,3
11487,144,1
11488,358,1
11489,156,2
11490,229,1
11490,310,1
11490,220,1
11491,352,1
11491,316,1
11492,174,2
11493,316,1
11494,280,1
11494,317,1
11495,118,1
11496,234,2
11497,214,1
11498,105,1
11499,246,3
11500,267,1
11501,344,2
11502,353,1
11502,113,1
11503,279,1
11503,205,1
11503,320,1
11504,359,1
11505,319,3
11506,222,2
11507,230,1
11508,310,1
11509,324,3
11510,169,3
11511,195,3
11512,236,2
11513,110,1
11514,152,1
11515,234,2
11516,286,1
11517,110,2
11518,372,1
11519,368,1
11520,161,1
11520,103,1
11521,135,2
11522,310,1
11522,286,1
11522,350,1
11523,241,2
11524,317,2
11525,115,1
11526,285,1
11526,387,1
11527,377,1
11527,372,1
11528,366,1
11528,353,1
11529,341,1
11529,310,1
11529,282,1
11530,188,1
11530,254,1
11531,317,3
11532,227,2
11533,303,2
11534,153,3
11535,399,1
11535,160,1
11535,187,1
11536,242,2
11537,306,1
11538,250,1
11538,113,1
11539,314,1
11540,253,1
11540,163,1
11540,378,1
11541,171,1
11541,357,1
11541,289,1
11542,165,1
11543,128,3
11544,272,1
11544,212,1
11544,264,1
11545,127,1
11545,170,1
11546,124,1
11546,131,1
11546,377,1
11547,181,1
11547,322,1
11547,304,1
11548,236,1
11548,146,1
11549,162,1
11550,248,1
11550,337,1
11550,362,1
11551,353,1
11552,150,2
11553,346,2
11554,192,1
11555,370,1
11556,120,1
11557,138,1
11557,176,1
11558,153,1
11558,305,1
11559,242,3
11560,378,1
11560,110,1
11561,356,1
11562,174,2
11563,279,1
11564,136,1
11565,171,1
11565,191,1
11566,165,1
11567,189,1
11568,158,3
11569,277,1
11569,188,1
11570,158,2
11571,187,1
11572,235,3
11573,139,1
11573,280,1
11573,351,1
11574,370,1
11574,215,1
11575,297,1
11575,380,1
11576,296,1
11576,118,1
11576,237,1
11577,230,1
11578,216,2
11579,298,1
11580,305,1
11580,306,1
11580,164,1
11581,354,1
11582,331,1
11582,108,1
11583,293,3
11584,282,2
11585,238,1
11586,397,2
11587,269,1
11587,113,1
11587,109,1
11588,382,3
11589,381,1
11590,332,1
11591,190,1
11591,270,1
11591,153,1
11592,338,1
11592,125,1
11593,277,1
11594,106,3
11595,267,1
11595,283,1
11596,395,1
11597,117,3
11598,112,1
11599,127,1
11600,273,3
11601,166,1
11602,127,1
11602,362,1
11602,364,1
11603,224,2
11604,330,1
11605,217,3
11606,235,1
11607,345,2
11608,212,1
11608,293,1
11609,381,3
11610,127,2
11611,198,1
11611,217,1
11611,278,1
11612,369,1
11612,239,1
11613,184,1
11613,275,1
11613,173,1
11614,384,1
11614,184,1
11615,104,3
11616,305,1
11616,183,1
11616,212,1
11617,108,1
11618,243,1
11619,217,1
11619,361,1
11620,147,1
11621,129,1
11621,217,1
11622,264,2
11623,278,1
11623,374,1
11623,314,1
11624,202,1
11624,388,1
11624,303,1
11625,143,1
11626,338,1
11627,110,1
11628,360,1
11628,112,1
11629,276,2
11630,240,1
11630,315,1
11630,103,1
11631,160,1
11632,260,1
11632,141,1
11632,193,1
11633,183,3
11634,364,1
11635,125,1
11635,320,1
11635,266,1
11636,144,1
11636,126,1
11636,163,1
11637,146,1
11637,343,1
11637,323,1
11638,119,1
11639,373,1
11640,174,1
11641,293,2
11642,338,2
11643,109,3
11644,134,3
11645,341,3
11646,262,3
11647,366,2
11648,175,2
11649,193,3
11650,384,1
11651,356,1
11652,238,2
11653,132,2
11654,173,1
11654,327,1
11654,165,1
11655,182,1
11656,295,1
11656,275,1
11657,354,3
11658,123,2
11659,284,1
11659,177,1
11659,320,1
11660,272,1
11660,311,1
11661,101,2
11662,315,1
11662,192,1
11663,388,2
11664,222,1
11664,232,1
11665,188,1
11666,179,1
11666,368,1
11666,347,1
11667,338,1
11668,162,1
11668,226,1
11668,394,1
11669,253,1
11670,359,1
11671,237,3
11672,346,1
11673,240,1
11673,334,1
11674,393,2
11675,371,1
11675,133,1
11676,130,1
11676,141,1
11676,240,1
11677,135,1
11677,154,1
11677,295,1
11678,169,1
11678,230,1
11678,255,1
11679,362,1
11680,308,3
11681,180,1
11681,283,1
11681,306,1
11682,155,3
11683,274,2
11684,117,2
11685,129,1
11686,239,1
11686,394,1
11687,190,1
11687,376,1
11687,245,1
11688,243,1
11688,271,1
11688,186,1
11689,390,1
11690,168,1
11691,146,1
11691,189,1
11691,238,1
11692,115,1
11692,148,1
11692,367,1
11693,265,1
11693,225,1
11693,186,1
11694,104,2
11695,340,1
11695,286,1
11695,372,1
11696,308,1
11696,338,1
11697,183,1
11698,124,1
11698,290,1
11698,198,1
11699,180,1
11699,302,1
11699,237,1
11700,370,1
11700,337,1
11701,124,2
11702,302,1
11703,275,1
11703,362,1
11703,307,1
11704,209,1
11705,147,1
11706,243,1
11706,133,1
11706,151,1
11707,137,1
11708,238,2
11709,112,1
11709,335,1
11709,115,1
11710,189,2
11711,305,3
11712,134,1
11712,221,1
11712,224,1
11713,176,2
11714,105,1
11714,225,1
11714,306,1
11715,119,2
11716,202,2
11717,197,3
11718,194,1
11719,357,1
11720,235,1
11721,180,1
11721,326,1
11722,375,2
11723,213,2
11724,263,1
11725,135,1
11725,101,1
11725,233,1
11726,287,1
11726,207,1
11726,223,1
11727,277,1
11728,389,1
11729,158,1
11730,319,1
11730,232,1
11731,262,1
11731,296,1
11732,171,1
11733,104,1
11734,253,2
11735,326,3
11736,127,3
11737,233,2
11738,264,1
11738,275,1
11738,127,1
11739,226,1
11739,201,1
11739,246,1
11740,155,1
11740,399,1
11740,289,1
11741,283,3
11742,176,1
11742,398,1
11743,373,1
11744,315,2
11745,159,1
11746,223,1
11746,359,1
11747,282,2
11748,107,1
11748,291,1
11749,317,1
11750,293,1
11751,328,1
11751,376,1
11751,372,1
11752,202,2
11753,222,2
11754,389,1
11755,203,1
11755,292,1
11755,264,1
11756,136,1
11757,388,1
11757,254,1
11757,269,1
11758,226,1
11759,376,1
11760,135,1
11761,389,1
11761,197,1
11762,157,1
11763,199,3
11764,216,1
11764,214,1
11765,224,3
11766,322,2
11767,341,1
11767,223,1
11768,196,3
11769,151,1
11769,376,1
11769,313,1
11770,192,3
11771,312,1
11771,330,1
11771,131,1
11772,140,1
11772,289,1
11772,382,1
11773,352,1
11773,170,1
11773,322,1
11774,110,1
11775,193,1
11775,149,1
11776,351,1
11776,104,1
11777,397,1
11778,174,3
11779,122,3
11780,213,2
11781,359,1
11781,242,1
11781,302,1
11782,169,2
11783,313,2
11784,193,1
11785,234,2
11786,203,2
11787,240,2
11788,327,1
11788,201,1
11789,112,3
11790,205,1
11790,216,1
11791,108,3
11792,219,1
11792,375,1
11792,292,1
11793,332,1
11793,168,1
11794,316,1
11794,335,1
11794,193,1
11795,177,3
11796,249,1
11797,139,2
11798,102,2
11799,161,1
11799,112,1
11800,340,1
11801,313,3
11802,175,1
11803,199,2
11804,270,3
11805,276,1
11806,144,3
11807,212,1
11808,212,1
11808,223,1
11809,367,3
11810,278,1
11811,209,1
11812,170,1
11813,191,1
11813,158,1
11813,261,1
11814,327,1
11815,136,1
11815,345,1
11816,107,1
11816,331,1
11817,260,2
11818,189,1
11818,132,1
11819,132,3
11820,173,1
11820,127,1
11820,353,1
11821,255,1
11821,316,1
11822,279,1
11822,265,1
11822,399,1
11823,269,1
11823,175,1
11823,253,1
11824,180,3
11825,290,1
11825,223,1
11825,115,1
11826,238,1
11827,187,1
11827,263,1
11828,349,1
11828,364,1
11829,301,1
11829,170,1
11830,387,3
11831,296,1
11831,161,1
11832,126,1
11832,272,1
11832,306,1
11833,265,1
11833,102,1
11834,180,1
11835,219,1
11835,372,1
11835,262,1
11836,271,2
11837,160,1
11837,301,1
11837,384,1
11838,348,1
11838,219,1
11838,168,1
11839,295,1
11839,322,1
11840,122,1
11840,108,1
11841,104,1
11842,376,2
11843,139,1
11844,283,2
11845,181,1
11845,196,1
11845,132,1
11846,398,1
11846,158,1
11847,220,2
11848,384,3
11849,258,2
11850,171,2
11851,217,1
11851,118,1
11852,362,1
11853,373,1
11854,262,3
11855,325,1
11856,154,1
11857,178,2
11858,204,1
11859,187,1
11859,145,1
11860,378,1
11861,221,1
11861,102,1
11862,227,2
11863,253,2
11864,175,3
11865,158,2
11866,166,1
11867,212,1
11867,112,1
11867,136,1
11868,251,1
11868,369,1
11869,383,1
11870,150,1
11871,190,1
11871,376,1
11871,149,1
11872,397,1
11873,131,3
11874,154,1
11874,173,1
11875,372,1
11876,317,1
11877,110,1
11877,209,1
11878,254,3
11879,333,1
11879,273,1
11880,252,1
11881,160,1
11882,386,1
11882,263,1
11883,357,1
11883,154,1
11884,309,1
11884,385,1
11884,341,1
11885,227,3
11886,385,2
11887,137,1
11887,128,1
11888,231,1
11889,131,1
11889,166,1
11890,161,1
11891,339,1
11892,133,1
11892,330,1
11893,201,1
11894,123,1
11895,367,1
11895,121,1
11896,391,1
11896,205,1
11897,188,1
11898,228,2
11899,316,2
11900,117,1
11901,310,1
11901,253,1
11901,283,1
11902,231,1
11902,383,1
11902,220,1
11903,118,1
11904,142,2
11905,399,3
11906,307,1
11907,201,1
11908,355,1
11909,374,3
11910,190,1
11910,200,1
11910,156,1
11911,265,2
11912,112,1
11913,116,1
11913,356,1
11914,324,1
11915,361,3
11916,201,1
11917,324,1
11917,163,1
11918,250,1
11919,146,3
11920,363,3
11921,180,2
11922,277,2
11923,131,1
11924,143,1
11924,292,1
11925,159,1
11926,248,1
11927,289,2
11928,364,3
11929,325,2
11930,291,2
11931,262,1
11931,329,1
11932,208,2
11933,370,1
11934,272,1
11935,321,3
11936,143,2
11937,183,1
11938,216,1
11938,280,1
11939,289,1
11939,229,1
11940,309,2
11941,256,3
11942,148,1
11942,173,1
11942,189,1
11943,248,1
11943,267,1
11944,288,1
11945,135,1
11945,264,1
11946,203,1
11946,161,1
11947,384,1
11948,254,1
11949,400,3
11950,266,2
11951,287,1
11951,350,1
11952,229,1
11952,234,1
11953,137,1
11954,239,1
11954,110,1
11954,228,1
11955,161,1
11955,226,1
11955,203,1
11956,246,1
11956,242,1
11957,109,1
11957,168,1
11957,175,1
11958,386,1
11958,247,1
11959,118,1
11959,387,1
11959,109,1
11960,166,3
11961,394,1
11962,284,1
11962,385,1
11963,371,2
11964,102,1
11965,369,1
11966,133,1
11967,307,1
11968,265,1
11969,400,1
11969,188,1
11970,132,1
11971,340,1
11972,166,1
11972,301,1
11972,126,1
11973,294,1
11974,344,1
11974,135,1
11975,393,1
11975,162,1
11976,176,3
11977,299,1
11978,116,1
11978,269,1
11978,344,1
11979,185,2
11980,125,1
11981,231,1
11982,358,2
11983,383,1
11984,267,1
11985,141,1
11985,106,1
11986,231,2
11987,114,2
11988,308,1
11989,271,2
11990,121,2
11991,156,1
11991,213,1
11991,287,1
11992,312,1
11992,171,1
11993,121,2
11994,183,2
11995,292,3
11996,385,2
11997,191,1
11997,229,1
11997,303,1
11998,261,3
11999,190,3
12000,134,1
12001,362,3
12002,209,1
12003,297,1
12003,313,1
12004,314,3
12005,146,1
12005,318,1
12006,169,1
12006,324,1
12006,381,1
12007,283,2
12008,316,1
12008,201,1
12008,380,1
12009,361,1
12010,278,1
12011,156,1
12011,199,1
12011,101,1
12012,365,1
12013,231,1
12014,295,2
12015,244,1
12015,383,1
12016,201,2
12017,280,1
12017,111,1
12018,121,2
12019,234,2
12020,334,1
12021,251,1
12021,167,1
12022,226,1
12023,374,1
12024,287,1
12024,147,1
12025,362,2
12026,107,1
12027,328,1
12027,218,1
12028,236,2
12029,179,1
12030,252,2
12031,146,1
12031,329,1
12032,376,3
12033,335,2
12034,306,1
12034,313,1
12035,107,1
12036,124,1
12036,380,1
12037,166,2
12038,151,1
12039,267,1
12039,323,1
12039,328,1
12040,180,1
12040,254,1
12040,115,1
12041,166,2
12042,396,1
12042,355,1
12043,293,3
12044,179,1
12045,309,1
12046,265,2
12047,323,1
12047,312,1
12048,234,1
12048,167,1
12048,261,1
12049,329,1
12050,399,2
12051,134,1
12051,287,1
12051,190,1
12052,134,3
12053,260,1
12054,247,3
12055,350,1
12055,361,1
12055,273,1
12056,261,2
12057,219,1
12058,363,1
12058,175,1
12059,336,3
12060,169,1
12061,364,3
12062,287,1
12062,279,1
12063,169,3
12064,301,1
12064,230,1
12064,160,1
12065,301,3
12066,358,1
12067,333,1
12067,226,1
12067,284,1
12068,201,1
12068,369,1
12069,167,3
12070,236,1
12070,160,1
12070,331,1
12071,399,1
12071,271,1
12071,392,1
12072,119,3
12073,305,1
12074,169,1
12074,301,1
12074,205,1
12075,324,2
12076,298,1
12076,246,1
12077,146,2
12078,105,1
12079,272,1
12079,125,1
12079,133,1
12080,363,1
12080,341,1
12081,394,3
12082,348,1
12082,124,1
12082,108,1
12083,268,1
12084,328,1
12084,148,1
12084,145,1
12085,111,2
12086,276,1
12086,287,1
12086,269,1
12087,251,2
12088,196,2
12089,147,1
12090,339,1
12090,377,1
12090,339,1
12091,396,3
12092,134,1
12093,244,3
12094,234,1
12095,130,1
12095,396,1
12095,109,1
12096,223,1
12097,260,1
12098,107,1
12098,188,1
12099,120,2
12100,296,2
12101,227,1
12102,165,1
12102,239,1
12102,112,1
12103,141,1
12103,122,1
12103,387,1
12104,137,1
12105,217,1
12105,263,1
12106,350,1
12106,182,1
12107,154,1
12108,114,1
12108,304,1
12108,193,1
12109,143,1
12109,343,1
12109,353,1
12110,110,1
12110,317,1
12110,215,1
12111,213,1
12111,173,1
12111,224,1
12112,208,1
12113,115,3
12114,146,3
12115,184,2
12116,196,2
12117,321,1
12118,308,1
12119,377,1
12119,266,1
12120,231,2
12121,386,1
12121,271,1
12122,181,1
12123,315,1
12123,308,1
12123,385,1
12124,189,1
12124,144,1
12124,213,1
12125,179,2
12126,114,1
12127,390,1
12127,194,1
12128,300,1
12129,106,1
12130,204,3
12131,207,3
12132,166,1
12132,319,1
12132,389,1
12133,183,1
12133,266,1
12134,216,3
12135,385,1
12135,173,1
12136,396,1
12136,319,1
12136,172,1
12137,225,1
12137,151,1
12138,121,3
12139,209,1
12140,277,1
12140,202,1
12141,222,1
12141,112,1
12141,104,1
12142,326,1
12142,340,1
12143,240,1
12144,255,3
12145,213,3
12146,340,1
12146,258,1
12146,330,1
12147,216,2
12148,255,2
12149,301,2
12150,244,1
12150,115,1
12151,116,3
12152,270,1
12153,206,1
12154,394,1
12155,345,1
12156,386,1
12156,195,1
12156,379,1
12157,370,1
12158,236,1
12158,197,1
12158,283,1
12159,119,1
12160,135,3
12161,240,2
12162,146,1
12162,239,1
12162,257,1
12163,191,1
12163,270,1
12164,322,3
12165,255,1
12165,151,1
12165,137,1
12166,339,3
12167,115,3
12168,312,1
12169,392,1
12170,368,3
12171,253,1
12171,164,1
12172,256,1
12173,114,1
12173,171,1
12173,385,1
12174,254,3
12175,184,2
12176,187,1
12176,237,1
12176,275,1
12177,111,3
12178,344,1
12179,194,1
12179,125,1
12179,166,1
12180,240,1
12180,351,1
12181,393,3
12182,327,2
12183,340,3
12184,104,1
12185,245,2
12186,142,1
12186,387,1
12187,207,1
12187,102,1
12188,305,1
12188,114,1
12189,204,1
12189,165,1
12190,389,1
12190,115,1
12191,124,1
12191,150,1
12192,314,1
12193,376,1
12194,142,3
12195,206,3
12196,244,1
12197,309,2
12198,122,2
12199,339,1
12199,236,1
12199,216,1
12200,145,1
12201,189,1
12201,318,1
12202,170,2
12203,373,2
12204,329,1
12204,166,1
12204,142,1
12205,191,1
12206,149,2
12207,153,2
12208,202,1
12209,213,2
12210,229,2
12211,210,3
12212,212,3
12213,311,1
12213,283,1
12213,166,1
12214,157,1
12215,383,3
12216,193,1
12216,338,1
12216,147,1
12217,191,3
12218,264,1
12219,341,1
12220,351,1
12220,242,1
12220,270,1
12221,137,2
12222,164,2
12223,379,1
12224,311,1
12225,284,2
12226,226,1
12227,359,1
12227,310,1
12228,288,2
12229,147,1
12230,276,1
12231,293,1
12232,223,1
12232,135,1
12232,155,1
12233,325,1
12233,355,1
12234,362,3
12235,363,1
12236,328,2
12237,236,1
12237,382,1
12237,124,1
12238,351,1
12238,238,1
12239,166,1
12239,101,1
12240,203,3
12241,118,2
12242,356,3
12243,344,1
12243,369,1
12243,342,1
12244,264,1
12245,232,3
12246,214,1
12247,195,1
12248,381,2
12249,147,1
12250,368,1
12251,279,1
12251,395,1
12251,128,1
12252,365,2
12253,366,1
12253,206,1
12253,258,1
12254,346,1
12254,297,1
12255,114,1
12255,214,1
12256,214,1
12257,253,2
12258,176,1
12258,277,1
12259,156,1
12260,367,1
12261,178,1
12261,313,1
12261,366,1
12262,138,3
12263,147,1
12263,374,1
12264,161,1
12265,287,1
12265,395,1
12265,294,1
12266,376,3
12267,236,1
12267,399,1
12267,248,1
12268,342,1
12269,235,1
12270,199,3
12271,127,1
12271,275,1
12271,279,1
12272,238,1
12272,170,1
12272,165,1
12273,335,3
12274,377,1
12274,289,1
12274,161,1
12275,278,2
12276,173,1
12277,317,1
12277,284,1
12278,180,3
12279,299,3
12280,208,1
12281,155,1
12282,215,1
12282,149,1
12283,395,3
12284,173,1
12285,267,1
12285,216,1
12285,398,1
12286,335,2
12287,297,1
12287,326,1
12287,193,1
12288,130,2
12289,328,1
12289,189,1
12290,247,1
12290,234,1
12290,371,1
12291,326,1
12292,390,1
12292,387,1
12292,390,1
12293,379,3
12294,218,3
12295,283,1
12296,102,1
12296,341,1
12297,339,1
12298,380,1
12299,224,1
12299,329,1
12300,182,1
12301,156,3
12302,378,1
12303,292,2
12304,133,1
12304,375,1
12304,241,1
12305,274,1
12305,368,1
12305,262,1
12306,381,3
12307,265,1
12308,253,2
12309,113,1
12309,248,1
12309,352,1
12310,316,1
12310,397,1
12310,161,1
12311,166,1
12312,285,3
12313,255,1
12313,135,1
12313,297,1
12314,119,2
12315,208,1
12315,308,1
12316,167,1
12317,178,3
12318,217,1
12319,199,2
12320,305,1
12320,181,1
12320,395,1
12321,169,1
12321,112,1
12322,264,1
12322,400,1
12322,192,1
12323,133,1
12323,248,1
12323,364,1
12324,278,1
12324,216,1
12324,260,1
12325,216,1
12325,277,1
12326,366,1
12327,259,2
12328,365,2
12329,191,1
12329,234,1
12330,372,2
12331,336,2
12332,165,2
12333,216,3
12334,195,2
12335,285,2
12336,107,1
12337,358,1
12337,143,1
12337,365,1
12338,340,1
12338,137,1
12339,219,1
12339,164,1
12340,131,1
12340,108,1
12341,329,3
12342,275,1
12342,329,1
12343,274,1
12344,195,1
12344,330,1
12344,187,1
12345,340,3
12346,393,3
12347,226,1
12347,180,1
12347,328,1
12348,351,2
12349,263,3
12350,168,3
12351,253,1
12352,358,2
12353,143,3
12354,345,1
12354,236,1
12354,112,1
12355,178,3
12356,116,1
12357,399,1
12358,387,1
12358,183,1
12358,143,1
12359,356,1
12360,112,1
12360,207,1
12361,218,1
12362,384,1
12362,368,1
12363,291,3
12364,363,3
12365,274,1
12366,298,1
12366,237,1
12366,333,1
12367,334,1
12368,339,1
12369,101,1
12370,249,3
12371,285,1
12371,268,1
12371,210,1
12372,374,1
12373,301,2
12374,162,1
12374,138,1
12375,216,1
12375,153,1
12375,351,1
12376,296,1
12376,266,1
12377,224,1
12378,364,2
12379,379,1
12380,194,3
12381,170,2
12382,328,1
12383,257,1
12384,293,1
12385,339,3
12386,399,2
12387,126,1
12388,362,3
12389,387,3
12390,348,3
12391,230,2
12392,159,2
12393,208,1
12393,203,1
12393,311,1
12394,205,1
12395,257,3
12396,370,2
12397,264,1
12397,152,1
12398,281,1
12398,281,1
12398,213,1
12399,275,1
12400,286,3
12401,195,1
12402,246,1
12403,312,1
12404,148,2
12405,149,1
12405,382,1
12406,343,1
12406,228,1
12406,396,1
12407,308,1
12408,328,1
12408,218,1
12408,102,1
12409,276,1
12410,112,1
12411,262,1
12411,160,1
12412,397,1
12413,285,3
12414,290,2
12415,300,1
12415,241,1
12416,112,3
12417,335,1
12418,400,1
12418,393,1
12418,188,1
12419,197,1
12420,347,1
12420,159,1
12420,176,1
12421,145,2
12422,298,1
12423,283,3
12424,220,1
12424,322,1
12424,192,1
12425,229,1
12425,276,1
12426,216,3
12427,148,2
12428,183,1
12429,190,3
12430,258,1
12430,343,1
12431,148,1
12431,392,1
12432,286,3
12433,243,1
12433,104,1
12433,322,1
12434,343,1
12434,380,1
12435,315,2
12436,147,1
12437,117,1
12437,110,1
12438,125,1
12439,272,1
12440,204,2
12441,364,1
12441,376,1
12441,373,1
12442,222,1
12442,382,1
12442,113,1
12443,198,3
12444,391,1
12445,349,1
12445,214,1
12445,324,1
12446,141,2
12447,384,2
12448,325,2
12449,374,1
12450,380,1
12451,186,2
12452,192,1
12453,201,1
12454,169,1
12455,201,3
12456,245,1
12457,283,1
12458,265,3
12459,131,3
12460,359,3
12461,227,1
12461,252,1
12462,178,1
12463,400,1
12464,177,2
12465,171,1
12465,282,1
12466,114,1
12466,265,1
12467,136,1
12467,344,1
12468,308,1
12468,397,1
12468,191,1
12469,170,1
12470,144,1
12470,158,1
12470,135,1
12471,261,1
12471,112,1
12472,378,1
12473,200,1
12474,392,1
12474,194,1
12475,152,1
12475,177,1
12476,114,1
12476,269,1
12476,166,1
12477,174,1
12478,284,1
12478,309,1
12478,210,1
12479,204,1
12480,373,1
12481,189,1
12482,203,1
12483,287,3
12484,123,1
12485,106,3
12486,158,1
12487,174,1
12488,122,1
12489,193,1
12490,378,1
12491,252,1
12491,117,1
12492,244,1
12493,244,3
12494,270,1
12494,210,1
12495,157,3
12496,246,1
12496,202,1
12496,155,1
12497,266,3
12498,371,3
12499,287,1
12499,190,1
12499,394,1
12500,320,1
12501,335,1
12501,362,1
12501,384,1
12502,369,1
12503,186,2
12504,348,2
12505,211,1
12505,131,1
12506,199,1
12507,343,1
12508,174,2
12509,225,1
12510,228,1
12511,309,1
12511,169,1
12512,390,1
12512,285,1
12512,306,1
12513,199,2
12514,274,1
12515,302,1
12516,295,1
12516,292,1
12517,127,1
12517,234,1
12517,291,1
12518,203,1
12519,369,1
12520,209,1
12520,226,1
12521,115,1
12522,378,1
12522,290,1
12523,386,1
12523,384,1
12523,385,1
12524,250,3
12525,137,3
12526,151,1
12527,151,3
12528,164,2
12529,356,1
12530,114,1
12531,357,1
12532,277,1
12533,171,3
12534,123,3
12535,177,1
12535,210,1
12536,157,3
12537,134,3
12538,326,1
12538,292,1
12539,179,3
12540,214,2
12541,351,1
12541,312,1
12542,113,1
12542,291,1
12542,349,1
12543,135,1
12543,281,1
12544,103,3
12545,174,1
12545,271,1
12545,216,1
12546,357,3
12547,207,1
12547,254,1
12548,145,2
12549,142,1
12550,382,1
12551,392,1
12552,198,1
12552,108,1
12552,330,1
12553,346,3
12554,315,1
12555,102,1
12556,141,1
12556,338,1
12556,380,1
12557,336,2
12558,240,2
12559,208,2
12560,270,1
12561,303,2
12562,118,1
12563,101,1
12564,342,1
12565,354,3
12566,362,1
12567,190,3
12568,146,1
12568,256,1
12568,396,1
12569,232,1
12570,323,1
12570,261,1
12570,140,1
12571,194,1
12572,138,1
12572,271,1
12573,190,3
12574,123,1
12574,103,1
12574,105,1
12575,286,1
12575,104,1
12576,139,1
12576,276,1
12577,270,2
12578,372,3
12579,222,1
12579,329,1
12580,313,3
12581,113,3
12582,391,1
12583,230,1
12584,246,2
12585,186,1
12586,213,1
12587,373,1
12587,347,1
12588,136,1
12588,361,1
12588,170,1
12589,389,3
12590,238,1
12591,166,1
12592,346,1
12593,256,2
12594,400,3
12595,201,1
12596,276,2
12597,147,1
12598,229,1
12599,227,3
12600,125,3
12601,181,1
12602,315,1
12602,206,1
12602,165,1
12603,348,3
12604,382,1
12605,289,1
12605,261,1
12605,248,1
12606,354,1
12606,121,1
12606,118,1
12607,384,1
12608,278,1
12609,378,1
12610,380,1
12611,133,2
12612,189,1
12613,314,1
12614,305,1
12614,119,1
12614,303,1
12615,246,1
12616,158,3
12617,236,1
12618,146,1
12619,164,1
12619,171,1
12619,388,1
12620,339,3
12621,192,1
12621,210,1
12622,141,3
12623,295,1
12623,300,1
12624,393,2
12625,198,2
12626,167,1
12626,273,1
12627,189,1
12628,186,1
12628,278,1
12628,322,1
12629,304,1
12630,224,1
12631,360,1
12632,359,1
12632,294,1
12633,244,1
12634,124,2
12635,204,1
12636,376,1
12636,170,1
12636,196,1
12637,159,1
12638,104,2
12639,211,1
12640,227,1
12641,187,1
12642,292,3
12643,116,2
12644,245,3
12645,331,2
12646,242,1
12646,334,1
12646,206,1
12647,158,1
12647,313,1
12647,353,1
12648,197,1
12648,175,1
12648,252,1
12649,174,1
12649,352,1
12649,348,1
12650,171,1
12651,275,1
12652,354,1
12652,291,1
12652,285,1
12653,222,1
12654,165,1
12655,263,1
12655,302,1
12655,321,1
12656,238,1
12657,156,3
12658,153,1
12659,173,1
12660,280,1
12660,267,1
12660,352,1
12661,269,1
12662,145,1
12663,289,1
12663,117,1
12663,310,1
12664,332,1
12665,196,1
12665,264,1
12665,397,1
12666,170,3
12667,174,3
12668,108,3
12669,392,1
12670,126,3
12671,195,1
12671,220,1
12672,351,1
12672,144,1
12672,165,1
12673,209,1
12673,107,1
12674,266,1
12674,309,1
12674,282,1
12675,244,1
12675,247,1
12675,283,1
12676,196,2
12677,139,1
12678,267,1
12678,213,1
12678,339,1
12679,334,1
12679,289,1
12680,311,1
12681,197,3
12682,185,2
12683,293,1
12684,343,2
12685,315,3
12686,362,2
12687,287,3
12688,125,2
12689,144,1
12690,169,2
12691,245,1
12692,111,1
12692,185,1
12692,262,1
12693,390,1
12694,328,2
12695,196,1
12695,272,1
12695,298,1
12696,343,1
12697,379,3
12698,189,1
12698,182,1
12699,303,1
12700,182,1
12701,201,1
12701,155,1
12701,244,1
12702,313,1
12702,308,1
12703,211,1
12703,364,1
12704,335,1
12704,253,1
12705,208,1
12705,171,1
12705,353,1
12706,360,1
12706,168,1
12707,278,1
12708,385,1
12709,142,3
12710,277,2
12711,333,1
12712,280,1
12713,333,1
12713,162,1
12714,298,2
12715,265,1
12716,303,1
12716,161,1
12717,150,1
12717,161,1
12718,114,1
12718,390,1
12718,217,1
12719,201,2
12720,377,2
12721,218,1
12721,207,1
12722,148,2
12723,127,1
12724,397,1
12725,399,1
12726,190,1
12726,210,1
12727,285,1
12727,369,1
12727,199,1
12728,111,1
12728,286,1
12728,360,1
12729,151,3
12730,390,1
12731,234,1
12732,400,3
12733,150,1
12733,397,1
12734,374,3
12735,392,3
12736,395,1
12736,292,1
12737,240,1
12738,298,1
12739,181,3
12740,175,1
12741,366,1
12742,357,3
12743,261,3
12744,393,2
12745,360,3
12746,374,1
12747,324,1
12748,181,1
12748,300,1
12748,302,1
12749,110,3
12750,195,1
12751,301,1
12751,289,1
12751,136,1
12752,399,1
12753,277,1
12754,278,3
12755,400,1
12755,374,1
12755,197,1
12756,334,3
12757,307,2
12758,270,1
12759,371,1
12759,183,1
12759,381,1
12760,274,3
12761,219,2
12762,281,2
12763,280,3
12764,116,1
12765,155,3
12766,177,2
12767,183,1
12768,191,1
12769,352,1
12769,379,1
12769,189,1
12770,268,1
12771,140,1
12771,102,1
12772,284,2
12773,238,3
12774,186,1
12775,172,1
12775,148,1
12776,172,3
12777,245,1
12778,366,1
12779,288,2
12780,282,3
12781,122,1
12782,162,2
12783,278,3
12784,286,3
12785,155,2
12786,116,1
12786,337,1
12786,381,1
12787,338,3
12788,210,1
12788,108,1
12788,332,1
12789,220,1
12789,250,1
12790,130,1
12791,213,2
12792,377,1
12793,260,3
12794,177,1
12794,303,1
12795,340,1
12796,276,3
12797,286,1
12797,148,1
12797,167,1
12798,170,3
12799,244,3
12800,247,1
12801,330,2
12802,308,2
12803,255,1
12804,137,1
12805,137,2
12806,148,3
12807,385,2
12808,396,3
12809,139,1
12810,293,1
12811,292,3
12812,171,3
12813,266,1
12814,304,1
12815,102,3
12816,186,3
12817,242,1
12818,146,2
12819,311,1
12820,354,1
12821,126,3
12822,194,3
12823,232,1
12823,243,1
12823,197,1
12824,283,1
12824,255,1
12825,370,1
12825,168,1
12826,149,1
12826,338,1
12826,119,1
12827,270,1
12828,299,1
12829,270,1
12829,319,1
12830,144,1
12831,278,1
12832,145,3
12833,390,3
12834,149,1
12834,116,1
12835,341,3
12836,380,1
12837,214,1
12837,138,1
12837,127,1
12838,285,1
12838,395,1
12839,161,1
12840,266,1
12840,296,1
12841,217,1
12841,137,1
12842,309,1
12843,371,1
12843,386,1
12844,129,3
12845,388,2
12846,127,2
12847,369,2
12848,286,1
12848,133,1
12849,126,1
12849,202,1
12850,384,1
12850,239,1
12851,269,1
12851,374,1
12851,349,1
12852,129,1
12853,326,1
12853,230,1
12854,302,1
12854,286,1
12855,179,1
12855,123,1
12856,373,1
12857,269,1
12858,295,1
12858,163,1
12858,319,1
12859,333,3
12860,118,1
12860,157,1
12860,152,1
12861,391,1
12861,222,1
12862,166,3
12863,135,2
12864,377,1
12865,358,1
12866,154,1
12866,187,1
12866,228,1
12867,339,1
12867,122,1
12868,113,1
12868,205,1
12868,360,1
12869,339,1
12870,241,1
12871,144,1
12871,120,1
12872,165,1
12872,122,1
12872,215,1
12873,146,1
12873,154,1
12874,157,2
12875,350,1
12876,217,1
12876,125,1
12876,186,1
12877,171,1
12878,344,2
12879,158,3
12880,356,1
12880,280,1
12881,314,1
12881,330,1
12882,332,3
12883,345,1
12883,328,1
12883,394,1
12884,268,2
12885,262,1
12886,176,1
12887,137,1
12887,348,1
12888,152,1
12889,365,2
12890,400,3
12891,322,1
12892,175,1
12892,167,1
12892,188,1
12893,294,3
12894,174,2
12895,356,2
12896,191,3
12897,116,1
12898,131,2
12899,119,2
12900,281,1
12901,329,3
12902,133,1
12902,157,1
12903,284,1
12904,287,2
12905,386,2
12906,378,1
12907,291,1
12908,198,1
12908,183,1
12908,231,1
12909,191,1
12910,127,1
12911,139,3
12912,185,1
12913,227,1
12914,107,1
12914,148,1
12915,201,1
12915,237,1
12916,180,3
12917,346,2
12918,261,1
12919,279,2
12920,148,2
12921,171,1
12921,341,1
12922,119,1
12922,291,1
12923,344,2
12924,154,1
12924,233,1
12925,369,2
12926,121,2
12927,113,1
12927,220,1
12927,127,1
12928,197,1
12928,363,1
12929,193,1
12930,230,1
12930,299,1
12931,258,1
12931,362,1
12931,157,1
12932,315,3
12933,394,2
12934,219,2
12935,180,1
12935,264,1
12936,214,2
12937,391,1
12937,191,1
12937,104,1
12938,323,1
12938,244,1
12939,208,2
12940,389,3
12941,289,1
12942,318,1
12942,195,1
12942,150,1
12943,347,1
12943,231,1
12943,186,1
12944,167,2
12945,176,1
12945,271,1
12945,228,1
12946,145,3
12947,377,1
12948,285,1
12948,178,1
12949,257,3
12950,136,2
12951,270,3
12952,107,1
12952,203,1
12952,106,1
12953,217,3
12954,339,1
12954,388,1
12954,184,1
12955,177,3
12956,278,1
12956,129,1
12956,145,1
12957,397,2
12958,208,1
12959,147,1
12960,193,2
12961,191,2
12962,357,1
12963,256,1
12963,287,1
12964,137,3
12965,108,1
12965,200,1
12965,200,1
12966,197,1
12966,200,1
12966,394,1
12967,237,2
12968,385,1
12969,117,1
12970,398,3
12971,251,1
12972,372,1
12972,206,1
12972,344,1
12973,247,1
12974,335,1
12975,155,3
12976,200,1
12976,351,1
12976,219,1
12977,320,2
12978,322,1
12979,153,1
12980,147,3
12981,205,1
12982,138,1
12983,211,1
12984,379,1
12984,200,1
12985,200,1
12985,240,1
12986,397,2
12987,378,1
12988,392,1
12988,214,1
12988,241,1
12989,126,3
12990,359,1
12990,203,1
12991,295,1
12991,175,1
12992,297,1
12992,276,1
12992,222,1
12993,348,3
12994,264,1
12994,361,1
12994,115,1
12995,343,1
12995,399,1
12995,352,1
12996,301,1
12996,328,1
12996,237,1
12997,122,1
12997,171,1
12997,172,1
12998,383,1
12999,223,1
13000,256,1
13000,246,1
13000,273,1
13001,232,1
13001,343,1
13002,312,3
13003,287,3
13004,128,3
13005,335,1
13006,238,1
13007,302,1
13008,183,2
13009,183,1
13010,243,1
13011,322,2
13012,233,1
13013,165,1
13013,318,1
13014,333,1
13015,323,1
13016,327,1
13017,269,2
13018,290,3
13019,159,1
13020,331,1
13020,233,1
13020,203,1
13021,349,2
13022,117,1
13023,275,1
13024,376,1
13024,127,1
13024,179,1
13025,316,1
13025,362,1
13025,201,1
13026,396,1
13026,242,1
13027,159,2
13028,368,3
13029,343,1
13030,154,2
13031,232,1
13031,397,1
13031,152,1
13032,282,1
13032,325,1
13032,205,1
13033,225,3
13034,273,1
13035,221,3
13036,201,1
13037,348,1
13038,338,3
13039,239,1
13040,316,1
13040,287,1
13040,215,1
13041,241,1
13041,227,1
13042,348,3
13043,319,1
13043,213,1
13044,294,1
13044,314,1
13045,309,1
13046,302,2
13047,386,3
13048,234,2
13049,190,3
13050,326,1
13051,311,2
13052,172,1
13052,224,1
13053,301,2
13054,197,1
13054,338,1
13054,323,1
13055,222,1
13055,169,1
13056,206,1
13057,255,1
13058,286,2
13059,291,1
13060,246,1
13060,270,1
13061,221,1
13061,326,1
13061,160,1
13062,299,2
13063,384,1
13063,291,1
13063,347,1
13064,227,2
13065,227,1
13065,212,1
13066,376,1
13066,306,1
13066,393,1
13067,371,1
13068,322,3
13069,107,2
13070,400,1
13070,189,1
13071,258,2
13072,128,1
13072,122,1
13072,325,1
13073,148,2
13074,209,1
13074,368,1
13075,237,1
13075,348,1
13076,392,1
13076,218,1
13077,212,1
13077,321,1
13077,371,1
13078,337,3
13079,182,2
13080,280,1
13081,180,3
13082,129,1
13083,226,1
13083,189,1
13084,283,3
13085,172,2
13086,332,1
13086,372,1
13086,240,1
13087,361,2
13088,275,1
13088,159,1
13088,321,1
13089,311,1
13090,188,1
13091,373,3
13092,383,2
13093,107,2
13094,244,1
13094,246,1
13094,377,1
13095,101,3
13096,250,3
13097,392,1
13097,257,1
13098,365,1
13099,134,2
13100,377,2
13101,216,1
13101,359,1
13102,144,3
13103,259,1
13104,148,1
13104,131,1
13104,316,1
13105,105,1
13106,183,1
13106,141,1
13106,212,1
13107,186,3
13108,139,1
13108,370,1
13109,243,1
13110,377,1
13111,219,1
13111,138,1
13111,281,1
13112,137,1
13113,111,2
13114,259,3
13115,201,2
13116,333,1
13117,187,1
13118,160,1
13118,199,1
13118,113,1
13119,268,2
13120,305,1
13121,150,1
13122,327,1
13123,219,3
13124,293,2
13125,151,1
13126,168,3
13127,252,2
13128,227,1
13128,380,1
13129,213,1
13130,291,3
13131,284,1
13132,207,1
13132,204,1
13133,313,1
13134,220,3
13135,328,1
13136,108,1
13136,212,1
13136,291,1
13137,355,1
13137,394,1
13137,339,1
13138,400,1
13139,102,3
13140,109,1
13140,150,1
13140,378,1
13141,379,1
13142,330,1
13143,316,1
13143,390,1
13143,159,1
13144,302,1
13145,121,2
13146,353,1
13146,112,1
13147,141,1
13147,320,1
13147,359,1
13148,366,1
13149,228,1
13149,191,1
13149,142,1
13150,268,2
13151,319,1
13151,235,1
13151,195,1
13152,222,1
13152,223,1
13153,270,1
13153,306,1
13153,368,1
13154,123,2
13155,313,2
13156,211,3
13157,200,2
13158,214,1
13158,253,1
13158,101,1
13159,236,2
13160,192,2
13161,221,1
13161,306,1
13162,208,1
13162,154,1
13163,355,1
13163,315,1
13164,226,2
13165,226,3
13166,363,3
13167,374,1
13167,245,1
13168,276,1
13168,395,1
13168,392,1
13169,366,3
13170,131,2
13171,338,1
13172,306,1
13173,273,1
13174,254,1
13174,175,1
13175,192,1
13176,267,1
13177,211,1
13177,358,1
13177,395,1
13178,114,3
13179,104,1
13179,208,1
13180,326,1
13181,194,1
13181,340,1
13182,105,1
13183,281,3
13184,329,1
13184,367,1
13184,206,1
13185,264,3
13186,392,1
13187,371,1
13187,325,1
13188,387,3
13189,109,1
13190,260,3
13191,166,1
13192,253,2
13193,202,1
13194,233,1
13195,178,1
13196,340,1
13196,204,1
13196,241,1
13197,302,1
13198,241,2
13199,262,2
13200,180,1
13201,189,2
13202,313,1
13202,134,1
13203,227,1
13203,354,1
13204,400,1
13204,126,1
13205,121,1
13206,131,2
13207,151,1
13207,343,1
13207,345,1
13208,362,3
13209,206,1
13210,332,1
13211,277,1
13212,187,1
13213,377,1
13213,279,1
13214,155,1
13215,335,1
13216,135,1
13217,167,1
13218,123,1
13218,391,1
13218,390,1
13219,357,1
13219,365,1
13219,282,1
13220,220,2
13221,272,1
13222,349,1
13222,185,1
13223,120,1
13224,348,1
13225,194,3
13226,398,3
13227,322,1
13227,323,1
13228,342,1
13229,124,1
13229,226,1
13230,306,1
13231,230,1
13231,275,1
13231,194,1
13232,108,1
13233,115,1
13234,334,1
13235,354,3
13236,326,1
13237,219,1
13237,390,1
13237,253,1
13238,272,3
13239,383,2
13240,371,2
13241,196,1
13242,314,1
13242,253,1
13242,191,1
13243,215,3
13244,336,2
13245,324,1
13245,273,1
13246,169,3
13247,120,1
13248,326,1
13249,221,1
13249,311,1
13250,258,1
13250,129,1
13250,318,1
13251,362,1
13251,363,1
13251,250,1
13252,337,1
13252,299,1
13253,333,1
13253,362,1
13254,369,1
13254,154,1
13254,122,1
13255,145,2
13256,133,1
13256,220,1
13257,179,2
13258,209,1
13258,106,1
13258,341,1
13259,279,2
13260,351,2
13261,160,1
13261,105,1
13262,320,1
13263,201,1
13264,212,3
13265,139,1
13266,105,1
13267,143,1
13267,276,1
13268,298,1
13268,120,1
13269,127,2
13270,149,1
13271,103,1
13271,182,1
13271,317,1
13272,351,1
13272,319,1
13273,376,1
13274,377,1
13275,177,2
13276,329,1
13276,394,1
13276,229,1
13277,121,3
13278,333,1
13278,296,1
13278,223,1
13279,380,3
13280,247,1
13280,319,1
13281,218,2
13282,350,1
13282,147,1
13283,392,1
13284,241,1
13285,311,1
13286,117,2
13287,231,2
13288,330,1
13288,347,1
13289,255,2
13290,101,1
13290,251,1
13291,216,3
13292,238,1
13292,328,1
13293,375,1
13294,376,1
13295,249,1
13295,299,1
13296,383,3
13297,105,3
13298,248,1
13298,386,1
13298,298,1
13299,305,1
13299,204,1
13299,329,1
13300,245,2
13301,226,1
13302,351,1
13302,243,1
13302,122,1
13303,387,3
13304,271,1
13305,156,1
13305,344,1
13305,142,1
13306,276,1
13306,281,1
13307,376,2
13308,128,1
13308,252,1
13308,221,1
13309,296,3
13310,332,1
13310,276,1
13310,357,1
13311,174,3
13312,330,1
13312,199,1
13313,177,1
13314,128,1
13314,285,1
13314,379,1
13315,140,1
13315,196,1
13316,287,1
13316,321,1
13316,235,1
13317,194,3
13318,112,1
13319,141,1
13320,375,1
13320,354,1
13320,213,1
13321,370,2
13322,219,3
13323,178,1
13323,307,1
13324,374,3
13325,196,1
13326,216,1
13327,240,2
13328,152,1
13329,104,3
13330,343,2
13331,202,1
13332,129,1
13332,274,1
13333,194,1
13333,263,1
13333,223,1
13334,250,3
13335,388,1
13336,318,1
13336,318,1
13336,139,1
13337,244,1
13337,350,1
13338,336,1
13339,366,1
13340,189,1
13340,303,1
13340,305,1
13341,312,1
13342,342,1
13342,144,1
13343,304,1
13343,176,1
13343,326,1
13344,253,1
13345,254,1
13346,326,1
13346,394,1
13347,371,1
13348,141,1
13348,165,1
13349,167,1
13349,164,1
13350,399,1
13351,123,1
13351,161,1
13351,242,1
13352,110,1
13352,115,1
13353,273,1
13353,291,1
13353,133,1
13354,154,1
13354,394,1
13354,222,1
13355,230,1
13355,294,1
13356,281,1
13357,340,3
13358,278,1
13358,132,1
13358,178,1
13359,395,3
13360,162,3
13361,232,1
13362,289,3
13363,224,1
13363,135,1
13363,161,1
13364,347,1
13364,119,1
13365,337,3
13366,233,3
13367,131,1
13367,249,1
13368,394,1
13369,107,1
13370,158,1
13370,329,1
13370,264,1
13371,236,2
13372,218,3
13373,236,2
13374,321,1
13375,180,3
13376,104,1
13376,393,1
13376,262,1
13377,232,1
13377,295,1
13378,386,1
13378,340,1
13378,301,1
13379,130,1
13379,101,1
13380,191,1
13380,387,1
13381,265,1
13381,185,1
13382,183,1
13383,367,1
13383,156,1
13383,101,1
13384,297,3
13385,190,2
13386,398,2
13387,209,1
13387,276,1
13388,362,2
13389,295,1
13389,102,1
13390,121,1
13390,103,1
13391,318,1
13392,294,1
13393,322,1
13394,184,3
13395,167,2
13396,296,1
13397,311,1
13398,256,1
13399,149,3
13400,131,1
13401,109,1
13402,127,3
13403,364,3
13404,123,3
13405,249,1
13406,325,1
13407,139,1
13407,261,1
13408,207,1
13408,302,1
13409,114,1
13410,189,1
13410,298,1
13411,349,1
13412,389,3
13413,382,1
13413,294,1
13414,290,3
13415,389,2
13416,120,1
13416,355,1
13417,145,1
13418,352,3
13419,387,2
13420,181,1
13421,252,1
13422,269,3
13423,193,1
13423,207,1
13424,318,2
13425,358,1
13426,182,1
13427,194,1
13427,210,1
13427,130,1
13428,352,2
13429,340,1
13430,110,3
13431,336,3
13432,286,1
13433,286,3
13434,377,1
13435,108,1
13435,302,1
13436,309,1
13436,373,1
13436,254,1
13437,347,1
13437,338,1
13437,227,1
13438,218,3
13439,379,1
13439,343,1
13440,132,1
13441,362,1
13442,142,1
13443,161,1
13443,332,1
13443,284,1
13444,160,1
13444,146,1
13445,274,2
13446,123,1
13447,268,3
13448,309,1
13449,266,2
13450,360,2
13451,147,1
13452,295,1
13453,262,3
13454,305,1
13455,254,2
13456,342,1
13456,384,1
13457,339,1
13458,302,1
13458,155,1
13458,386,1
13459,321,1
13459,217,1
13459,184,1
13460,272,1
13461,245,1
13462,222,2
13463,186,1
13463,161,1
13463,397,1
13464,131,1
13465,244,1
13466,164,1
13466,110,1
13467,187,1
13467,375,1
13468,152,3
13469,209,1
13469,149,1
13470,358,1
13470,309,1
13471,392,1
13472,180,2
13473,231,2
13474,308,1
13475,344,1
13476,141,1
13476,164,1
13477,183,1
13478,323,2
13479,114,2
13480,133,1
13481,197,2
13482,126,1
13482,364,1
13483,292,2
13484,309,1
13484,370,1
13485,192,1
13485,101,1
13485,262,1
13486,201,2
13487,142,2
13488,324,1
13489,167,3
13490,185,3
13491,247,1
13491,282,1
13492,261,1
13493,201,3
13494,277,1
13494,283,1
13495,230,1
13495,259,1
13496,212,1
13497,175,2
13498,209,1
13499,199,1
13500,333,1
13500,132,1
13500,225,1
13501,325,2
13502,348,1
13502,350,1
13502,179,1
13503,106,2
13504,136,3
13505,151,1
13506,262,1
13506,238,1
13506,382,1
13507,130,1
13508,359,1
13508,269,1
13509,336,1
13510,385,2
13511,140,1
13512,264,1
13513,313,1
13514,188,1
13514,148,1
13515,243,1
13516,122,2
13517,320,1
13517,370,1
13517,331,1
13518,277,2
13519,130,1
13520,108,1
13521,128,1
13522,300,1
13522,245,1
13522,326,1
13523,232,1
13524,347,1
13524,338,1
13524,274,1
13525,103,2
13526,235,1
13527,400,3
13528,337,1
13529,312,2
13530,240,1
13531,172,3
13532,214,1
13533,369,3
13534,201,2
13535,380,3
13536,122,1
13537,210,1
13538,258,1
13539,162,1
13539,260,1
13539,344,1
13540,126,1
13541,232,1
13542,390,3
13543,204,2
13544,288,2
13545,301,2
13546,284,1
13546,258,1
13547,213,1
13548,147,1
13548,194,1
13549,347,3
13550,202,2
13551,269,3
13552,127,1
13552,238,1
13552,344,1
13553,384,1
13553,294,1
13554,399,1
13554,222,1
13555,116,1
13556,347,1
13557,367,3
13558,199,1
13558,117,1
13559,198,3
13560,225,1
13560,312,1
13560,188,1
13561,168,1
13561,295,1
13562,398,1
13563,340,1
13563,342,1
13564,235,1
13564,374,1
13565,332,1
13566,133,1
13566,383,1
13566,293,1
13567,140,1
13567,200,1
13567,400,1
13568,247,1
13569,224,1
13570,129,1
13571,345,1
13572,157,2
13573,263,1
13573,394,1
13574,106,1
13574,323,1
13575,243,1
13575,313,1
13576,243,2
13577,218,1
13577,167,1
13578,198,2
13579,292,2
13580,245,1
13581,236,1
13582,375,2
13583,309,3
13584,122,1
13584,130,1
13585,141,1
13585,187,1
13585,256,1
13586,399,2
13587,109,3
13588,380,1
13588,313,1
13588,176,1
13589,270,2
13590,265,2
13591,272,1
13591,146,1
13591,374,1
13592,368,1
13593,208,1
13594,390,3
13595,319,1
13595,255,1
13595,224,1
13596,222,1
13597,111,1
13597,200,1
13597,203,1
13598,156,1
13598,257,1
13599,290,1
13600,238,3
13601,313,1
13601,227,1
13601,373,1
13602,121,1
13602,199,1
13603,369,1
13604,199,1
13604,119,1
13604,363,1
13605,282,1
13606,149,2
13607,248,2
13608,145,1
13608,135,1
13609,366,1
13610,196,1
13611,119,1
13612,119,3
13613,367,3
13614,252,3
13615,324,1
13616,269,1
13616,309,1
13617,229,1
13618,336,3
13619,161,1
13619,365,1
13619,107,1
13620,225,1
13620,212,1
13620,366,1
13621,166,2
13622,249,3
13623,328,3
13624,214,1
13624,352,1
13624,372,1
13625,347,1
13625,275,1
13625,260,1
13626,374,1
13626,113,1
13627,131,1
13628,209,1
13628,214,1
13629,281,3
13630,226,1
13631,191,1
13631,366,1
13632,372,1
13632,364,1
13633,382,1
13634,398,2
13635,214,1
13636,365,2
13637,333,1
13637,300,1
13638,319,1
13638,376,1
13639,340,1
13639,335,1
13640,306,1
13640,291,1
13641,299,1
13642,139,1
13642,178,1
13643,282,2
13644,137,2
13645,239,1
13646,294,1
13646,115,1
13646,355,1
13647,189,1
13647,275,1
13648,240,1
13648,257,1
13648,185,1
13649,169,3
13650,120,1
13650,238,1
13651,282,2
13652,235,1
13652,167,1
13653,352,1
13654,268,3
13655,284,1
13656,352,3
13657,314,2
13658,282,1
13659,314,1
13659,377,1
13659,218,1
13660,140,1
13661,376,3
13662,327,1
13662,288,1
13662,117,1
13663,343,3
13664,330,1
13665,198,2
13666,132,3
13667,236,1
13667,118,1
13668,362,1
13669,230,1
13670,374,1
13670,297,1
13671,161,1
13671,307,1
13672,134,1
13673,118,1
13674,343,3
13675,392,2
13676,262,3
13677,163,2
13678,362,3
13679,222,2
13680,261,3
13681,216,1
13682,347,3
13683,280,1
13684,192,3
13685,103,1
13686,396,1
13686,141,1
13687,397,1
13687,326,1
13687,225,1
13688,137,1
13688,159,1
13689,179,1
13689,249,1
13690,239,1
13690,141,1
13691,145,1
13692,115,1
13693,337,3
13694,263,1
13695,187,1
13695,283,1
13695,399,1
13696,257,1
13697,272,3
13698,201,1
13699,263,1
13699,150,1
13699,265,1
13700,222,1
13701,330,2
13702,393,1
13703,248,2
13704,234,1
13705,241,1
13705,247,1
13706,379,2
13707,395,2
13708,340,1
13709,114,1
13710,139,1
13710,253,1
13710,327,1
13711,398,1
13711,390,1
13712,190,1
13712,333,1
13712,307,1
13713,369,3
13714,276,1
13715,186,1
13715,372,1
13716,334,1
13717,128,1
13718,156,1
13719,296,3
13720,290,1
13721,193,2
13722,334,1
13723,305,3
13724,162,1
13724,246,1
13725,111,1
13725,129,1
13726,361,2
13727,155,2
13728,371,1
13728,110,1
13729,212,1
13729,292,1
13730,287,1
13731,121,2
13732,354,1
13733,123,1
13734,240,2
13735,264,3
13736,325,2
13737,123,1
13738,230,1
13738,120,1
13738,145,1
13739,280,3
13740,113,3
13741,146,1
13741,246,1
13742,271,3
13743,310,2
13744,249,1
13744,303,1
13745,132,1
13745,179,1
13745,191,1
13746,385,1
13746,195,1
13747,128,1
13747,266,1
13747,357,1
13748,328,1
13749,320,3
13750,311,2
13751,150,1
13752,122,1
13752,266,1
13753,289,2
13754,116,3
13755,152,1
13756,177,1
13757,212,1
13757,230,1
13758,249,1
13758,107,1
13759,300,2
13760,269,2
13761,327,1
13762,375,2
13763,314,2
13764,174,1
13765,372,1
13766,336,2
13767,312,1
13768,336,1
13768,332,1
13768,355,1
13769,165,1
13769,377,1
13770,375,1
13771,240,1
13771,344,1
13772,330,3
13773,218,1
13773,255,1
13774,329,1
13774,153,1
13775,168,1
13775,328,1
13775,170,1
13776,116,1
13776,396,1
13777,277,2
13778,114,2
13779,167,1
13780,131,2
13781,192,2
13782,146,1
13783,271,1
13783,280,1
13783,333,1
13784,256,1
13784,281,1
13784,285,1
13785,247,1
13785,176,1
13786,269,1
13786,129,1
13787,340,3
13788,321,1
13789,179,1
13789,357,1
13790,333,1
13790,322,1
13790,217,1
13791,328,3
13792,384,3
13793,385,1
13794,392,1
13795,331,1
13796,288,2
13797,358,3
13798,120,1
13798,353,1
13799,336,1
13800,128,2
13801,235,3
13802,170,1
13802,116,1
13803,175,1
13803,341,1
13804,258,1
13805,323,2
13806,146,1
13807,330,2
13808,226,1
13809,149,1
13809,392,1
13810,158,3
13811,221,1
13811,264,1
13812,220,2
13813,139,1
13814,187,3
13815,243,1
13816,108,1
13816,304,1
13817,206,1
13818,176,1
13818,107,1
13818,152,1
13819,342,1
13820,137,3
13821,268,1
13821,356,1
13822,304,1
13823,350,2
13824,378,1
13825,231,1
13826,327,1
13827,196,1
13828,321,3
13829,305,3
13830,222,1
13830,373,1
13830,309,1
13831,394,2
13832,166,3
13833,312,1
13833,199,1
13833,371,1
13834,365,1
13834,272,1
13835,189,1
13836,386,1
13836,388,1
13837,247,1
13837,132,1
13837,347,1
13838,227,1
13838,363,1
13838,258,1
13839,299,1
13839,126,1
13840,147,1
13841,166,1
13841,220,1
13841,165,1
13842,250,2
13843,331,1
13844,130,1
13844,363,1
13844,180,1
13845,254,1
13845,139,1
13845,330,1
13846,232,1
13847,189,1
13847,309,1
13848,105,1
13849,220,1
13849,159,1
13849,112,1
13850,381,3
13851,205,1
13852,161,2
13853,118,1
13854,187,1
13855,166,1
13856,288,1
13857,265,1
13857,383,1
13858,287,3
13859,349,1
13860,207,3
13861,172,1
13862,300,1
13863,297,1
13864,308,1
13864,196,1
13865,301,1
13865,110,1
13866,229,3
13867,156,3
13868,256,1
13869,243,3
13870,159,1
13871,282,1
13871,200,1
13872,387,1
13873,157,1
13874,175,1
13875,119,1
13876,304,1
13876,128,1
13877,256,1
13878,166,2
13879,397,1
13879,238,1
13879,212,1
13880,243,1
13880,141,1
13880,222,1
13881,339,1
13882,211,3
13883,249,1
13883,202,1
13884,367,3
13885,392,3
13886,271,1
13887,167,1
13887,352,1
13887,399,1
13888,253,2
13889,347,1
13890,324,1
13890,149,1
13891,165,1
13892,387,2
13893,198,1
13894,335,1
13895,208,1
13896,298,1
13897,203,1
13898,277,3
13899,104,1
13899,345,1
13900,189,2
13901,193,3
13902,273,1
13903,114,3
13904,201,3
13905,260,2
13906,178,1
13907,185,1
13908,193,1
13909,337,1
13909,276,1
13909,281,1
13910,107,1
13911,372,1
13912,232,2
13913,317,3
13914,289,1
13915,375,1
13916,300,1
13917,249,1
13917,114,1
13917,244,1
13918,171,3
13919,119,1
13919,302,1
13919,184,1
13920,182,1
13920,176,1
13920,268,1
13921,357,1
13922,260,3
13923,147,1
13924,158,1
13925,242,3
13926,141,2
13927,169,1
13928,299,1
13928,123,1
13929,199,1
13930,193,1
13930,175,1
13930,305,1
13931,261,1
13932,174,3
13933,398,1
13934,300,2
13935,351,2
13936,202,1
13937,174,3
13938,283,1
13938,352,1
13939,315,1
13940,141,1
13940,104,1
13941,285,1
13942,106,1
13942,291,1
13942,171,1
13943,386,1
13944,291,1
13945,154,1
13946,319,1
13946,244,1
13947,126,1
13947,211,1
13947,134,1
13948,198,3
13949,182,1
13950,348,1
13950,288,1
13951,203,3
13952,206,2
13953,182,1
13954,205,3
13955,317,1
13956,358,1
13956,152,1
13957,369,1
13958,329,2
13959,300,1
13960,121,2
13961,289,1
13961,304,1
13962,379,1
13963,198,1
13964,376,1
13965,213,1
13965,357,1
13966,125,1
13966,116,1
13967,210,1
13968,158,1
13969,216,3
13970,190,2
13971,360,1
13972,242,1
13973,388,2
13974,214,1
13974,266,1
13974,101,1
13975,200,1
13976,213,2
13977,150,1
13978,264,1
13979,393,1
13979,303,1
13979,196,1
13980,180,1
13981,336,2
13982,156,2
13983,201,1
13983,128,1
13984,220,1
13984,356,1
13985,372,1
13986,127,1
13986,346,1
13987,380,1
13987,367,1
13987,341,1
13988,167,2
13989,230,1
13989,203,1
13989,313,1
13990,325,1
13990,359,1
13991,136,1
13991,299,1
13992,115,3
13993,276,1
13993,309,1
13994,291,2
13995,326,1
13995,216,1
13996,275,2
13997,365,3
13998,340,1
13998,221,1
13999,135,2
14000,105,1
14000,206,1
14001,198,1
14001,337,1
14002,317,1
14003,363,1
14003,399,1
14003,366,1
14004,370,1
14005,348,1
14005,154,1
14005,381,1
14006,307,1
14007,379,1
14008,226,3
14009,185,1
14010,119,2
14011,225,1
14011,145,1
14011,122,1
14012,120,1
14013,149,2
14014,144,1
14015,161,1
14015,261,1
14016,298,3
14017,349,2
14018,128,2
14019,216,1
14019,302,1
14020,141,1
14021,351,2
14022,154,1
14022,393,1
14022,188,1
14023,302,1
14024,304,1
14025,120,2
14026,228,2
14027,374,3
14028,231,3
14029,229,1
14030,344,1
14031,274,3
14032,252,1
14032,121,1
14032,232,1
14033,302,1
14033,218,1
14034,123,1
14034,135,1
14035,134,1
14036,323,2
14037,396,3
14038,144,1
14038,143,1
14039,325,3
14040,315,1
14041,271,1
14041,250,1
14041,205,1
14042,264,3
14043,330,1
14043,353,1
14044,366,1
14044,260,1
14044,255,1
14045,266,1
14045,260,1
14046,318,1
14047,112,1
14048,126,1
14049,122,3
14050,145,1
14050,187,1
14051,352,1
14051,104,1
14051,342,1
14052,188,1
14052,146,1
14053,393,1
14054,362,1
14055,385,1
14056,333,1
14057,157,2
14058,333,2
14059,289,1
14060,139,1
14061,197,3
14062,144,3
14063,400,2
14064,333,2
14065,103,1
14066,320,2
14067,120,1
14067,359,1
14067,146,1
14068,172,1
14069,114,2
14070,229,1
14071,370,3
14072,287,1
14073,271,2
14074,199,2
14075,393,1
14075,257,1
14076,291,1
14076,276,1
14077,236,1
14077,367,1
14078,380,3
14079,342,2
14080,172,2
14081,140,1
14081,391,1
14081,338,1
14082,338,1
14082,209,1
14083,246,3
14084,179,1
14085,288,2
14086,231,1
14087,238,1
14087,114,1
14087,179,1
14088,399,2
14089,232,1
14090,295,2
14091,280,1
14092,389,3
14093,338,1
14094,231,1
14095,345,1
14095,201,1
14095,248,1
14096,300,1
14097,128,3
14098,156,1
14098,130,1
14098,385,1
14099,165,1
14100,129,2
14101,374,1
14101,157,1
14102,334,3
14103,160,1
14103,382,1
14104,283,3
14105,326,1
14106,224,1
14106,292,1
14106,189,1
14107,228,1
14108,346,1
14108,356,1
14108,347,1
14109,323,1
14110,274,1
14110,208,1
14110,233,1
14111,363,1
14111,167,1
14112,239,1
14113,297,1
14113,196,1
14114,356,1
14114,244,1
14114,399,1
14115,231,1
14115,293,1
14116,370,3
14117,329,1
14118,251,1
14118,272,1
14118,159,1
14119,265,2
14120,277,2
14121,308,1
14121,383,1
14122,399,1
14122,356,1
14122,311,1
14123,150,1
14124,308,2
14125,202,1
14126,312,1
14127,312,1
14127,314,1
14127,354,1
14128,165,1
14128,139,1
14129,236,3
14130,195,2
14131,214,1
14131,311,1
14131,348,1
14132,356,1
14133,319,3
14134,322,1
14135,131,1
14135,333,1
14135,319,1
14136,353,1
14136,356,1
14136,133,1
14137,109,2
14138,345,1
14139,134,1
14140,283,1
14140,394,1
14140,211,1
14141,187,1
14142,345,2
14143,143,3
14144,298,1
14145,395,1
14145,280,1
14145,299,1
14146,252,3
14147,186,1
14148,307,3
14149,161,3
14150,284,1
14151,226,3
14152,394,3
14153,392,1
14154,273,1
14155,109,1
14156,234,1
14156,274,1
14156,391,1
14157,393,3
14158,287,3
14159,312,3
14160,339,1
14161,144,2
14162,159,3
14163,353,1
14163,279,1
14163,192,1
14164,308,1
14165,399,1
14165,259,1
14166,204,2
14167,257,1
14167,182,1
14168,385,2
14169,174,1
14170,378,1
14171,313,1
14172,306,1
14173,248,1
14173,342,1
14173,350,1
14174,317,1
14175,396,1
14175,340,1
14175,324,1
14176,302,1
14176,146,1
14176,325,1
14177,200,2
14178,232,1
14179,221,1
14180,276,1
14181,190,1
14182,343,3
14183,176,3
14184,358,1
14185,272,3
14186,153,1
14187,108,3
14188,214,2
14189,250,1
14190,213,1
14191,296,3
14192,297,1
14193,170,1
14194,229,2
14195,278,1
14196,237,1
14196,390,1
14196,190,1
14197,211,3
14198,310,1
14198,363,1
14198,279,1
14199,340,1
14200,114,1
14200,274,1
14200,139,1
14201,172,1
14202,284,1
14202,215,1
14202,372,1
14203,296,1
14203,233,1
14203,103,1
14204,307,1
14205,352,1
14205,188,1
14205,196,1
14206,206,1
14206,218,1
14207,123,1
14207,393,1
14207,216,1
14208,193,1
14208,179,1
14208,220,1
14209,195,1
14210,245,1
14211,302,1
14212,334,1
14213,272,1
14213,239,1
14214,297,1
14214,282,1
14215,166,1
14215,123,1
14215,169,1
14216,340,1
14217,119,2
14218,304,1
14218,241,1
14218,188,1
14219,273,1
14219,221,1
14220,345,2
14221,231,1
14222,149,3
14223,291,2
14224,181,1
14224,228,1
14224,138,1
14225,355,2
14226,367,2
14227,283,1
14227,200,1
14227,249,1
14228,303,1
14228,362,1
14228,348,1
14229,262,3
14230,203,1
14231,347,1
14231,359,1
14231,281,1
14232,140,2
14233,115,2
14234,235,1
14234,161,1
14235,359,1
14236,367,1
14236,182,1
14237,232,3
14238,110,1
14238,107,1
14239,180,1
14239,109,1
14240,196,1
14240,115,1
14240,277,1
14241,241,3
14242,336,1
14242,223,1
14242,137,1
14243,134,2
14244,140,1
14244,399,1
14244,225,1
14245,146,2
14246,241,1
14247,230,3
14248,337,1
14248,315,1
14248,217,1
14249,292,1
14249,297,1
14249,197,1
14250,173,1
14251,245,1
14251,150,1
14251,103,1
14252,227,1
14253,289,1
14253,327,1
14254,298,1
14254,106,1
14254,369,1
14255,101,1
14255,117,1
14255,142,1
14256,169,3
14257,206,1
14258,394,1
14258,393,1
14258,228,1
14259,172,1
14260,138,2
14261,194,2
14262,140,1
14262,345,1
14262,271,1
14263,109,3
14264,398,3
14265,119,1
14265,352,1
14266,226,3
14267,377,2
14268,116,1
14268,255,1
14268,255,1
14269,373,1
14270,337,2
14271,387,1
14271,165,1
14272,204,1
14273,310,1
14273,344,1
14273,178,1
14274,371,2
14275,224,1
14276,345,1
14276,193,1
14276,335,1
14277,243,1
14278,175,1
14278,295,1
14278,202,1
14279,314,2
14280,371,1
14281,339,1
14282,217,1
14283,363,1
14284,336,1
14285,178,1
14286,119,1
14287,183,1
14288,246,1
14289,119,3
14290,255,1
14290,333,1
14291,360,1
14292,131,3
14293,321,1
14294,331,2
14295,298,3
14296,262,1
14297,108,3
14298,334,1
14298,215,1
14298,389,1
14299,231,2
14300,360,2
14301,186,1
14301,125,1
14301,352,1
14302,260,1
14302,369,1
14302,238,1
14303,176,1
14303,128,1
14303,146,1
14304,363,1
14304,203,1
14305,305,1
14306,234,3
14307,234,1
14308,332,2
14309,391,1
14310,350,1
14310,143,1
14310,351,1
14311,187,1
14312,270,1
14313,207,1
14313,327,1
14314,109,3
14315,172,3
14316,203,3
14317,207,1
14318,372,1
14318,128,1
14319,320,1
14319,279,1
14319,155,1
14320,145,3
14321,106,1
14321,164,1
14321,399,1
14322,152,1
14323,327,3
14324,277,1
14325,336,2
14326,131,3
14327,344,2
14328,238,2
14329,311,1
14329,397,1
14329,174,1
14330,247,3
14331,115,2
14332,255,1
14332,397,1
14333,347,1
14334,225,3
14335,385,1
14336,354,1
14336,164,1
14336,384,1
14337,382,2
14338,212,1
14339,128,1
14340,213,3
14341,317,1
14342,388,1
14343,243,2
14344,329,1
14345,170,2
14346,304,2
14347,365,1
14347,104,1
14348,279,1
14348,400,1
14348,221,1
14349,190,3
14350,285,2
14351,343,3
14352,146,1
14353,199,3
14354,117,1
14354,114,1
14355,135,3
14356,395,2
14357,156,3
14358,201,1
14358,337,1
14359,132,3
14360,192,1
14360,277,1
14361,188,2
14362,269,1
14363,102,1
14364,165,1
14364,160,1
14364,232,1
14365,215,1
14365,319,1
14366,290,1
14367,326,1
14368,308,1
14368,228,1
14368,196,1
14369,219,2
14370,375,1
14370,108,1
14371,123,1
14372,241,1
14372,382,1
14373,342,3
14374,247,1
14374,289,1
14375,240,2
14376,225,1
14376,352,1
14376,242,1
14377,130,1
14378,195,2
14379,271,1
14379,141,1
14379,244,1
14380,190,1
14381,130,3
14382,391,1
14382,182,1
14383,221,1
14384,301,1
14384,254,1
14384,247,1
14385,183,1
14385,323,1
14386,129,2
14387,236,1
14387,351,1
14387,270,1
14388,265,1
14389,115,3
14390,185,1
14391,294,1
14391,104,1
14392,222,1
14393,248,1
14393,179,1
14393,322,1
14394,364,3
14395,239,1
14395,363,1
14396,141,1
14396,215,1
14397,216,1
14398,170,1
14399,137,1
14400,339,3
14401,178,1
14402,172,3
14403,199,1
14404,389,1
14405,188,1
14405,103,1
14406,279,1
14407,388,1
14407,289,1
14408,168,1
14409,216,1
14409,324,1
14410,180,3
14411,200,1
14411,275,1
14411,157,1
14412,194,1
14413,366,3
14414,261,2
14415,320,1
14415,349,1
14416,327,1
14416,303,1
14416,391,1
14417,210,1
14418,155,3
14419,212,2
14420,396,1
14421,170,1
14422,171,1
14423,204,2
14424,144,2
14425,163,1
14426,242,3
14427,387,1
14428,395,1
14429,288,1
14430,228,1
14431,352,1
14431,196,1
14431,369,1
14432,329,1
14433,332,3
14434,288,1
14435,103,2
14436,143,1
14437,189,3
14438,216,2
14439,224,1
14440,115,3
14441,278,1
14441,103,1
14441,360,1
14442,158,1
14443,286,1
14444,158,3
14445,125,1
14445,208,1
14446,298,1
14447,212,1
14448,133,1
14448,142,1
14449,350,1
14449,123,1
14450,328,2
14451,253,1
14451,259,1
14452,381,1
14452,249,1
14453,169,1
14454,337,1
14454,181,1
14455,168,2
14456,185,1
14456,273,1
14456,253,1
14457,255,1
14457,256,1
14458,382,2
14459,228,1
14459,166,1
14460,312,1
14461,138,1
14462,133,1
14462,122,1
14463,244,2
14464,229,1
14465,332,1
14465,350,1
14466,161,2
14467,379,3
14468,265,2
14469,182,1
14469,207,1
14470,262,1
14471,320,1
14472,131,1
14472,336,1
14473,245,3
14474,150,2
14475,265,1
14476,344,1
14476,356,1
14476,225,1
14477,141,1
14477,297,1
14478,142,1
14479,197,1
14480,266,1
14481,311,1
14481,298,1
14482,387,1
14482,336,1
14482,336,1
14483,392,1
14483,376,1
14484,185,1
14484,163,1
14484,372,1
14485,287,1
14485,389,1
14486,344,1
14487,242,1
14488,308,1
14488,104,1
14488,243,1
14489,332,3
14490,393,1
14491,250,3
14492,314,1
14492,125,1
14493,137,1
14494,306,1
14494,279,1
14494,316,1
14495,337,1
14495,150,1
14496,389,3
14497,207,1
14498,125,1
14498,195,1
14498,309,1
14499,388,1
14499,363,1
14499,237,1
14500,106,1
14501,262,1
14502,113,1
14503,223,3
14504,399,1
14504,232,1
14504,276,1
14505,272,1
14506,299,1
14506,192,1
14507,272,1
14507,281,1
14507,139,1
14508,254,1
14509,243,1
14509,134,1
14509,104,1
14510,127,1
14510,311,1
14511,130,2
14512,135,1
14513,356,1
14513,263,1
14513,116,1
14514,173,1
14514,389,1
14515,242,1
14516,273,1
14517,352,1
14518,249,1
14519,151,1
14519,356,1
14519,113,1
14520,130,1
14520,344,1
14520,318,1
14521,102,1
14521,214,1
14522,239,1
14523,111,1
14524,172,1
14524,160,1
14524,286,1
14525,393,2
14526,262,1
14526,283,1
14526,206,1
14527,290,1
14528,288,1
14529,130,3
14530,267,3
14531,360,2
14532,133,1
14533,259,1
14533,246,1
14534,233,1
14535,320,1
14536,320,1
14536,123,1
14536,138,1
14537,217,1
14537,273,1
14538,328,1
14539,250,1
14539,383,1
14539,176,1
14540,233,1
14541,181,1
14542,291,2
14543,322,1
14543,206,1
14543,337,1
14544,343,1
14545,244,3
14546,274,1
14546,229,1
14547,394,2
14548,283,1
14548,207,1
14548,121,1
14549,361,2
14550,372,1
14551,367,1
14552,297,3
14553,118,1
14554,377,1
14554,106,1
14554,123,1
14555,220,1
14556,245,1
14556,333,1
14556,123,1
14557,290,1
14558,367,1
14559,161,1
14559,363,1
14559,109,1
14560,318,3
14561,210,2
14562,124,1
14562,123,1
14563,301,1
14564,353,1
14565,380,2
14566,325,3
14567,113,1
14568,324,1
14569,399,1
14570,134,1
14570,330,1
14571,314,3
14572,122,1
14572,343,1
14572,295,1
14573,124,1
14574,176,2
14575,369,2
14576,360,3
14577,175,1
14578,121,1
14579,227,1
14580,289,1
14581,231,1
14581,121,1
14582,188,1
14583,235,1
14584,240,1
14584,317,1
14584,351,1
14585,283,2
14586,228,2
14587,381,1
14588,137,1
14588,291,1
14589,385,1
14589,125,1
14589,381,1
14590,296,3
14591,194,1
14591,249,1
14592,142,2
14593,257,1
14594,249,1
14594,199,1
14595,218,1
14596,322,1
14596,101,1
14596,318,1
14597,217,1
14597,302,1
14598,255,1
14599,178,2
14600,178,2
14601,169,2
14602,387,1
14603,384,2
14604,258,3
14605,304,3
14606,290,1
14606,396,1
14607,121,1
14607,146,1
14608,322,1
14608,275,1
14608,220,1
14609,113,1
14609,362,1
14609,274,1
14610,368,3
14611,332,1
14611,311,1
14612,343,1
14613,109,3
14614,191,1
14615,198,1
14616,378,1
14617,328,1
14617,347,1
14618,142,1
14618,353,1
14619,387,1
14619,207,1
14620,190,1
14620,313,1
14620,304,1
14621,230,1
14621,222,1
14622,317,3
14623,273,1
14624,320,2
14625,224,1
14625,191,1
14626,137,3
14627,161,1
14628,144,1
14629,228,1
14629,280,1
14630,236,2
14631,319,2
14632,215,1
14633,315,1
14633,386,1
14633,377,1
14634,170,1
14634,278,1
14634,105,1
14635,169,1
14635,345,1
14636,164,1
14637,218,1
14638,185,2
14639,299,1
14640,398,3
14641,369,1
14641,122,1
14641,285,1
14642,165,1
14643,377,1
14644,228,1
14644,218,1
14644,331,1
14645,315,3
14646,259,3
14647,147,1
14648,144,2
14649,282,1
14649,187,1
14650,154,3
14651,213,1
14652,348,2
14653,351,1
14653,215,1
14653,345,1
14654,260,3
14655,250,3
14656,280,1
14656,132,1
14656,358,1
14657,278,1
14658,231,2
14659,363,1
14660,258,1
14661,339,1
14661,301,1
14661,238,1
14662,208,1
14663,357,1
14663,352,1
14663,149,1
14664,307,1
14664,364,1
14665,247,1
14665,166,1
14666,105,1
14666,387,1
14667,132,1
14668,214,1
14669,339,1
14670,305,1
14670,164,1
14670,222,1
14671,358,1
14672,278,1
14672,114,1
14673,248,1
14673,244,1
14674,215,3
14675,158,1
14676,311,1
14676,120,1
14677,242,1
14677,104,1
14678,183,3
14679,239,1
14679,211,1
14679,375,1
14680,146,2
14681,365,1
14682,295,1
14683,116,1
14684,271,1
14685,310,1
14686,295,1
14687,326,1
14687,324,1
14687,160,1
14688,292,3
14689,248,1
14690,313,1
14691,221,1
14691,339,1
14691,306,1
14692,238,2
14693,272,1
14693,218,1
14693,369,1
14694,325,3
14695,262,2
14696,211,1
14697,165,3
14698,273,1
14699,298,2
14700,143,1
14700,355,1
14701,309,1
14702,316,1
14702,150,1
14702,390,1
14703,312,1
14703,210,1
14703,284,1
14704,103,2
14705,154,3
14706,251,3
14707,392,1
14708,304,2
14709,326,1
14709,345,1
14709,138,1
14710,299,1
14711,251,1
14711,191,1
14712,155,1
14713,362,1
14714,207,2
14715,195,3
14716,283,1
14717,137,1
14718,280,1
14718,206,1
14719,384,1
14720,178,1
14720,266,1
14720,191,1
14721,108,1
14722,202,1
14723,174,1
14724,257,1
14724,317,1
14724,131,1
14725,172,1
14726,273,1
14726,385,1
14726,337,1
14727,259,1
14728,156,1
14729,230,1
14729,333,1
14730,167,1
14730,361,1
14730,332,1
14731,306,1
14732,400,3
14733,209,3
14734,220,1
14734,174,1
14735,305,2
14736,273,2
14737,243,1
14737,272,1
14737,142,1
14738,330,3
14739,377,2
14740,174,1
14741,135,1
14741,191,1
14741,290,1
14742,349,1
14742,243,1
14743,127,1
14744,211,1
14745,113,1
14746,149,2
14747,233,1
14747,332,1
14747,321,1
14748,273,1
14749,313,1
14750,327,1
14751,383,1
14752,147,1
14752,398,1
14752,140,1
14753,199,3
14754,376,1
14754,174,1
14754,372,1
14755,396,2
14756,142,2
14757,188,2
14758,224,1
14759,138,1
14759,112,1
14760,181,3
14761,183,1
14761,301,1
14762,176,2
14763,227,2
14764,235,1
14764,345,1
14765,330,1
14765,374,1
14766,369,2
14767,104,1
14768,261,1
14769,267,1
14769,385,1
14769,174,1
14770,191,2
14771,101,1
14771,397,1
14772,344,1
14772,381,1
14773,397,1
14774,140,3
14775,139,2
14776,212,1
14776,143,1
14777,217,1
14778,373,1
14778,358,1
14778,135,1
14779,296,3
14780,263,1
14780,190,1
14781,110,1
14782,119,1
14782,227,1
14782,269,1
14783,140,3
14784,364,1
14785,301,1
14786,377,1
14786,177,1
14787,259,1
14787,344,1
14788,313,3
14789,231,1
14789,299,1
14789,337,1
14790,131,1
14790,257,1
14791,282,2
14792,397,2
14793,121,1
14793,153,1
14794,336,1
14794,247,1
14795,288,1
14795,354,1
14795,351,1
14796,207,1
14796,323,1
14796,129,1
14797,392,1
14798,396,1
14798,355,1
14799,138,3
14800,186,3
14801,360,1
14802,171,3
14803,143,1
14804,132,1
14804,123,1
14804,205,1
14805,373,1
14806,276,1
14806,183,1
14807,349,1
14808,305,3
14809,293,1
14809,350,1
14810,203,1
14811,166,3
14812,298,3
14813,218,1
14813,227,1
14814,137,1
14814,104,1
14814,301,1
14815,252,1
14816,393,1
14817,166,2
14818,253,1
14818,349,1
14818,294,1
14819,230,1
14820,144,3
14821,323,1
14821,145,1
14821,162,1
14822,164,2
14823,379,1
14824,399,1
14825,395,1
14826,212,3
14827,290,1
14828,356,1
14829,201,1
14829,363,1
14829,167,1
14830,226,1
14830,107,1
14830,146,1
14831,285,1
14832,317,1
14832,157,1
14832,176,1
14833,211,3
14834,230,1
14835,138,1
14836,171,1
14836,106,1
14836,122,1
14837,187,1
14837,323,1
14838,250,1
14839,273,1
14839,259,1
14840,369,1
14841,311,2
14842,346,2
14843,263,1
14843,162,1
14844,103,2
14845,224,1
14846,141,1
14847,318,1
14848,239,3
14849,318,1
14849,193,1
14850,268,1
14850,315,1
14851,329,1
14851,159,1
14852,222,2
14853,179,1
14854,374,1
14854,182,1
14854,294,1
14855,319,1
14856,143,1
14856,354,1
14856,102,1
14857,317,1
14858,349,1
14858,382,1
14858,202,1
14859,329,1
14860,255,1
14861,372,2
14862,151,1
14863,361,1
14864,233,1
14865,361,1
14865,337,1
14866,179,1
14867,108,1
14868,161,1
14869,223,1
14869,161,1
14869,136,1
14870,274,1
14870,385,1
14871,121,1
14872,314,2
14873,180,3
14874,284,1
14875,238,1
14876,139,1
14876,142,1
14876,326,1
14877,148,1
14877,161,1
14878,157,1
14878,281,1
14879,314,1
14880,220,1
14880,308,1
14881,316,3
14882,252,2
14883,224,1
14884,372,1
14884,296,1
14884,351,1
14885,374,1
14885,343,1
14885,328,1
14886,125,1
14887,325,3
14888,291,2
14889,112,1
14890,226,1
14891,299,1
14892,303,3
14893,201,1
14894,177,1
14895,146,1
14896,190,1
14896,256,1
14897,106,1
14897,194,1
14897,234,1
14898,233,1
14898,115,1
14898,121,1
14899,320,1
14899,177,1
14899,400,1
14900,304,1
14900,133,1
14901,290,2
14902,263,3
14903,147,2
14904,184,1
14905,184,1
14906,234,1
14907,370,1
14907,274,1
14907,124,1
14908,114,1
14908,269,1
14909,302,1
14910,145,2
14911,395,1
14912,108,1
14913,256,3
14914,123,2
14915,346,1
14916,120,3
14917,250,1
14917,143,1
14917,251,1
14918,382,3
14919,177,1
14920,345,1
14920,358,1
14921,367,1
14922,125,1
14923,156,3
14924,197,1
14925,339,1
14926,357,1
14927,263,2
14928,377,2
14929,220,1
14930,188,1
14931,235,1
14931,102,1
14931,305,1
14932,169,1
14933,376,2
14934,273,1
14934,196,1
14934,304,1
14935,217,1
14935,190,1
14936,226,1
14936,122,1
14936,142,1
14937,248,1
14938,269,1
14939,366,2
14940,264,1
14940,124,1
14940,284,1
14941,101,1
14942,298,3
14943,257,1
14943,152,1
14944,303,1
14945,252,1
14946,148,2
14947,367,1
14948,187,1
14948,299,1
14949,387,1
14949,320,1
14949,158,1
14950,391,2
14951,103,1
14952,244,1
14953,399,1
14954,397,2
14955,262,2
14956,366,1
14956,336,1
14956,192,1
14957,357,1
14957,152,1
14958,160,1
14959,122,3
14960,231,1
14961,225,1
14962,211,1
14963,375,1
14963,316,1
14963,303,1
14964,217,1
14965,114,1
14966,246,3
14967,155,1
14968,254,1
14969,303,2
14970,221,1
14970,155,1
14970,250,1
14971,384,1
14972,145,3
14973,210,3
14974,178,1
14974,360,1
14975,158,2
14976,134,2
14977,361,1
14978,252,1
14978,392,1
14978,110,1
14979,297,1
14979,300,1
14979,217,1
14980,120,3
14981,285,1
14982,170,1
14982,390,1
14983,275,1
14983,275,1
14983,310,1
14984,148,1
14984,149,1
14985,367,3
14986,267,3
14987,246,1
14988,336,1
14988,263,1
14988,103,1
14989,343,3
14990,205,1
14991,288,1
14992,113,1
14993,384,3
14994,297,1
14995,251,1
14995,331,1
14995,380,1
14996,129,1
14996,102,1
14997,250,1
14998,216,1
14999,133,3
15000,292,3
15001,166,3
15002,303,2
15003,140,1
15003,174,1
15004,192,1
15004,383,1
15004,356,1
15005,335,1
15005,110,1
15005,216,1
15006,362,1
15006,293,1
15007,107,3
15008,353,1
15008,375,1
15009,183,2
15010,140,3
15011,322,1
15012,354,1
15012,105,1
15012,381,1
15013,120,1
15014,247,1
15014,171,1
15015,185,1
15016,368,2
15017,336,2
15018,356,1
15018,211,1
15018,341,1
15019,170,1
15019,249,1
15019,121,1
15020,144,3
15021,221,1
15022,195,1
15023,397,3
15024,245,1
15025,280,1
15026,200,3
15027,182,1
15027,306,1
15028,267,1
15028,356,1
15028,132,1
15029,368,1
15029,147,1
15030,150,1
15031,362,3
15032,113,1
15033,105,1
15034,364,1
15035,195,1
15035,387,1
15036,246,1
15037,106,3
15038,348,1
15038,291,1
15038,332,1
15039,334,2
15040,299,3
15041,262,3
15042,383,1
15042,282,1
15042,136,1
15043,293,1
15043,394,1
15043,274,1
15044,356,2
15045,259,1
15046,342,3
15047,206,2
15048,255,1
15049,283,2
15050,360,3
15051,189,1
15052,381,1
15053,218,1
15054,195,2
15055,184,2
15056,227,1
15056,323,1
15056,384,1
15057,382,1
15058,174,1
15058,318,1
15058,205,1
15059,370,3
15060,276,1
15060,181,1
15060,287,1
15061,323,1
15062,130,1
15062,196,1
15063,364,2
15064,224,1
15064,168,1
15064,287,1
15065,372,2
15066,320,3
15067,254,1
15068,315,1
15069,138,1
15069,379,1
15069,230,1
15070,278,1
15070,133,1
15071,240,1
15071,240,1
15072,122,2
15073,325,3
15074,147,2
15075,198,1
15076,162,1
15077,361,1
15077,275,1
15077,153,1
15078,330,1
15079,292,3
15080,295,3
15081,296,1
15081,266,1
15081,255,1
15082,340,1
15082,379,1
15083,192,1
15083,294,1
15084,130,1
15084,325,1
15084,383,1
15085,383,1
15085,188,1
15085,332,1
15086,220,1
15087,364,1
15087,211,1
15087,232,1
15088,208,1
15089,153,3
15090,318,2
15091,204,3
15092,269,3
15093,164,2
15094,170,1
15094,315,1
15095,388,1
15095,346,1
15095,313,1
15096,183,2
15097,309,1
15098,154,1
15099,368,1
15100,366,1
15101,292,1
15102,383,1
15103,299,1
15103,251,1
15103,260,1
15104,348,1
15105,232,2
15106,129,1
15106,282,1
15107,342,1
15107,314,1
15107,271,1
15108,308,1
15108,135,1
15108,364,1
15109,380,3
15110,224,1
15111,386,3
15112,278,2
15113,204,3
15114,212,1
15115,336,1
15116,262,1
15116,247,1
15117,131,2
15118,184,1
15119,179,2
15120,206,3
15121,340,1
15121,342,1
15122,312,3
15123,157,1
15124,200,1
15124,291,1
15125,201,1
15126,164,1
15127,288,1
15127,125,1
15127,349,1
15128,146,1
15129,240,1
15130,302,3
15131,310,1
15131,291,1
15132,392,2
15133,309,1
15134,290,1
15135,227,1
15135,321,1
15135,212,1
15136,311,3
15137,391,1
15137,306,1
15137,158,1
15138,193,1
15139,119,1
15139,107,1
15139,351,1
15140,391,1
15140,392,1
15140,226,1
15141,245,1
15141,122,1
15141,260,1
15142,122,1
15142,355,1
15143,228,3
15144,139,1
15144,200,1
15145,111,1
15146,363,3
15147,241,2
15148,261,1
15149,252,1
15150,343,1
15151,315,1
15151,322,1
15151,194,1
15152,386,1
15153,145,2
15154,208,2
15155,180,1
15155,190,1
15156,364,1
15157,145,1
15157,268,1
15158,392,3
15159,191,1
15160,340,1
15160,165,1
15160,383,1
15161,294,1
15161,235,1
15161,148,1
15162,150,1
15163,321,2
15164,364,1
15165,204,1
15166,235,2
15167,322,1
15168,260,1
15168,142,1
15169,132,3
15170,150,2
15171,396,3
15172,216,1
15172,393,1
15172,308,1
15173,272,1
15174,290,1
15175,241,1
15175,270,1
15175,168,1
15176,344,1
15176,260,1
15177,104,3
15178,262,3
15179,201,3
15180,155,1
15180,265,1
15180,202,1
15181,349,1
15181,153,1
15181,195,1
15182,356,1
15183,229,1
15183,165,1
15183,131,1
15184,397,1
15184,183,1
15185,143,1
15185,244,1
15185,123,1
15186,365,1
15186,291,1
15187,258,1
15187,326,1
15187,339,1
15188,366,1
15189,178,1
15190,263,1
15191,198,1
15191,262,1
15192,247,1
15193,106,2
15194,230,3
15195,160,1
15196,200,2
15197,236,1
15197,329,1
15197,263,1
15198,227,1
15199,385,1
15199,341,1
15200,149,1
15201,204,1
15202,332,1
15202,177,1
15202,215,1
15203,240,3
15204,152,3
15205,396,2
15206,107,1
15206,392,1
15207,247,1
15207,123,1
15208,294,1
15208,338,1
15208,359,1
15209,102,2
15210,113,1
15210,105,1
15211,254,3
15212,153,3
15213,118,1
15213,328,1
15214,314,1
15214,366,1
15215,158,2
15216,335,1
15217,225,3
15218,342,1
15219,129,1
15220,114,1
15220,355,1
15221,197,1
15221,284,1
15221,254,1
15222,134,1
15222,360,1
15222,367,1
15223,241,3
15224,180,1
15224,272,1
15224,230,1
15225,332,3
15226,342,1
15226,108,1
15226,180,1
15227,398,1
15227,127,1
15228,129,3
15229,339,3
15230,260,3
15231,258,1
15232,196,1
15233,400,2
15234,149,1
15235,252,1
15236,377,1
15236,150,1
15237,125,1
15238,397,1
15238,197,1
15239,253,1
15239,359,1
15239,127,1
15240,272,1
15241,275,1
15241,302,1
15241,301,1
15242,151,2
15243,149,1
15243,201,1
15244,306,2
15245,114,1
15246,259,2
15247,163,3
15248,399,3
15249,343,1
15250,258,1
15250,295,1
15250,334,1
15251,179,1
15252,305,1
15252,161,1
15253,310,1
15254,274,1
15254,101,1
15254,273,1
15255,275,1
15256,212,3
15257,108,3
15258,106,1
15258,120,1
15259,305,1
15259,136,1
15259,248,1
15260,216,2
15261,230,1
15262,372,1
15262,364,1
15263,325,3
15264,324,1
15264,154,1
15264,173,1
15265,275,1
15265,286,1
15266,376,1
15266,396,1
15266,150,1
15267,293,3
15268,216,1
15268,130,1
15269,236,3
15270,182,3
15271,107,1
15272,367,2
15273,111,1
15273,387,1
15274,313,1
15275,393,1
15276,339,1
15277,157,1
15277,155,1
15278,332,1
15278,117,1
15279,376,3
15280,104,1
15281,276,3
15282,354,1
15282,210,1
15282,193,1
15283,152,1
15283,111,1
15284,198,3
15285,263,1
15285,309,1
15285,387,1
15286,296,1
15286,225,1
15286,238,1
15287,193,3
15288,383,1
15288,149,1
15288,243,1
15289,309,1
15290,152,2
15291,352,2
15292,234,2
15293,332,1
15294,330,3
15295,326,2
15296,300,1
15297,353,3
15298,342,1
15299,124,1
15300,332,2
15301,163,2
15302,243,1
15302,378,1
15303,400,3
15304,301,2
15305,337,1
15305,173,1
15305,172,1
15306,371,3
15307,266,1
15308,187,3
15309,282,2
15310,212,1
15311,103,1
15311,246,1
15311,289,1
15312,249,1
15312,152,1
15313,185,2
15314,238,3
15315,175,1
15316,139,1
15316,201,1
15316,346,1
15317,194,1
15317,213,1
15318,163,1
15319,123,1
15319,362,1
15319,109,1
15320,195,1
15321,247,1
15322,369,1
15323,131,1
15323,247,1
15324,118,1
15325,396,1
15326,157,1
15326,178,1
15327,363,3
15328,107,3
15329,310,1
15329,271,1
15330,147,1
15330,329,1
15330,379,1
15331,260,2
15332,342,1
15332,305,1
15333,255,3
15334,284,1
15334,334,1
15334,110,1
15335,344,2
15336,121,1
15336,217,1
15337,363,2
15338,182,1
15339,318,1
15339,201,1
15340,303,3
15341,110,1
15341,144,1
15341,277,1
15342,181,1
15343,393,1
15344,283,1
15344,392,1
15345,183,1
15345,108,1
15346,215,2
15347,275,1
15347,375,1
15347,393,1
15348,210,1
15348,219,1
15348,254,1
15349,140,1
15350,366,2
15351,247,2
15352,400,1
15353,244,2
15354,297,1
15354,238,1
15354,378,1
15355,277,1
15356,145,3
15357,216,3
15358,258,1
15359,327,1
15360,206,1
15360,286,1
15360,324,1
15361,311,1
15361,284,1
15361,297,1
15362,284,3
15363,267,1
15364,284,2
15365,272,1
15366,396,2
15367,321,1
15367,400,1
15368,268,1
15369,188,3
15370,136,1
15371,199,1
15371,371,1
15371,143,1
15372,278,1
15373,161,1
15373,291,1
15374,353,1
15374,124,1
15375,352,1
15375,131,1
15376,124,1
15376,298,1
15376,262,1
15377,193,1
15377,118,1
15378,299,1
15379,383,1
15379,306,1
15380,243,1
15380,168,1
15380,218,1
15381,262,1
15382,195,1
15382,123,1
15382,212,1
15383,176,1
15383,287,1
15383,361,1
15384,304,3
15385,392,1
15385,119,1
15385,299,1
15386,368,1
15387,304,2
15388,169,1
15389,159,1
15389,116,1
15389,339,1
15390,146,1
15391,192,1
15391,232,1
15392,358,3
15393,192,1
15393,259,1
15393,133,1
15394,226,1
15394,237,1
15395,143,2
15396,394,1
15396,314,1
15397,335,1
15398,183,1
15399,175,1
15400,374,3
15401,110,2
15402,204,2
15403,329,2
15404,195,3
15405,338,1
15406,280,2
15407,153,1
15408,229,1
15409,360,3
15410,211,1
15410,254,1
15411,329,1
15412,121,1
15413,398,1
15413,266,1
15414,266,1
15415,277,1
15415,198,1
15415,400,1
15416,203,1
15416,126,1
15416,185,1
15417,213,1
15418,193,1
15418,234,1
15418,151,1
15419,386,2
15420,153,1
15421,306,1
15421,175,1
15422,233,2
15423,313,2
15424,103,1
15424,390,1
15424,321,1
15425,320,1
15426,395,1
15427,245,1
15427,109,1
15428,313,1
15429,344,3
15430,215,1
15431,239,1
15432,361,2
15433,244,1
15433,217,1
15433,162,1
15434,226,1
15435,228,1
15435,140,1
15436,394,1
15436,373,1
15436,371,1
15437,134,1
15437,251,1
15438,302,2
15439,140,1
15440,150,2
15441,383,1
15442,200,1
15442,344,1
15443,167,2
15444,153,2
15445,198,1
15446,193,3
15447,308,1
15447,130,1
15447,238,1
15448,114,1
15448,116,1
15448,343,1
15449,167,3
15450,277,1
15450,176,1
15451,118,1
15452,326,1
15452,213,1
15453,364,1
15453,398,1
15454,106,1
15455,219,1
15455,291,1
15456,178,2
15457,103,3
15458,189,1
15458,295,1
15459,210,1
15459,293,1
15459,223,1
15460,321,1
15461,354,2
15462,210,1
15462,156,1
15463,284,3
15464,133,1
15464,380,1
15465,341,2
15466,169,1
15467,111,1
15467,275,1
15467,358,1
15468,267,1
15468,142,1
15468,210,1
15469,287,1
15470,152,1
15471,188,2
15472,338,1
15472,293,1
15472,210,1
15473,394,1
15473,192,1
15474,293,2
15475,314,1
15476,165,1
15476,324,1
15477,154,3
15478,398,1
15478,157,1
15479,395,1
15480,202,1
15480,270,1
15481,159,1
15482,225,1
15482,195,1
15483,299,2
15484,337,1
15484,191,1
15485,270,1
15486,225,1
15486,276,1
15487,397,1
15488,253,1
15489,382,3
15490,164,1
15491,153,1
15491,312,1
15491,139,1
15492,118,1
15492,385,1
15492,144,1
15493,398,1
15493,191,1
15494,314,1
15494,377,1
15495,284,1
15496,190,1
15496,309,1
15497,306,1
15498,330,1
15499,231,1
15499,150,1
15500,227,1
15500,152,1
15501,363,1
15502,305,1
15503,147,1
15503,146,1
15503,108,1
15504,165,1
15504,248,1
15505,163,1
15506,363,1
15506,158,1
15506,134,1
15507,272,1
15508,125,1
15509,330,2
15510,190,1
15511,262,2
15512,355,1
15513,174,1
15514,322,1
15515,184,1
15515,162,1
15515,293,1
15516,352,1
15516,380,1
15517,282,2
15518,235,1
15518,114,1
15519,233,1
15520,305,1
15520,152,1
15521,115,1
15522,179,1
15523,213,3
15524,300,2
15525,309,2
15526,304,3
15527,379,1
15527,294,1
15528,185,1
15528,234,1
15528,150,1
15529,201,1
15530,376,1
15530,102,1
15530,334,1
15531,118,3
15532,182,2
15533,211,1
15534,262,3
15535,209,2
15536,227,2
15537,264,1
15537,368,1
15537,194,1
15538,283,2
15539,263,1
15539,398,1
15539,350,1
15540,391,1
15541,282,1
15542,288,1
15542,326,1
15542,118,1
15543,150,1
15543,280,1
15543,147,1
15544,208,1
15545,156,1
15545,152,1
15545,186,1
15546,392,1
15546,298,1
15547,207,2
15548,329,1
15548,185,1
15548,326,1
15549,256,1
15549,155,1
15550,240,1
15550,161,1
15551,293,1
15551,183,1
15552,202,2
15553,144,1
15554,238,1
15555,122,3
15556,388,1
15557,172,2
15558,105,1
15559,273,2
15560,336,1
15560,355,1
15561,356,1
15561,115,1
15561,287,1
15562,223,2
15563,389,2
15564,393,1
15564,224,1
15565,222,1
15565,287,1
15565,324,1
15566,323,1
15566,155,1
15567,227,2
15568,315,3
15569,158,2
15570,122,3
15571,249,2
15572,291,1
15573,329,1
15574,172,3
15575,243,1
15575,348,1
15575,236,1
15576,353,2
15577,191,1
15577,157,1
15577,144,1
15578,183,1
15578,302,1
15578,390,1
15579,202,1
15579,399,1
15579,310,1
15580,142,1
15580,204,1
15580,196,1
15581,120,3
15582,399,1
15582,361,1
15582,254,1
15583,264,1
15584,245,1
15585,311,3
15586,289,1
15587,309,2
15588,274,1
15589,346,1
15589,205,1
15590,392,1
15590,342,1
15590,389,1
15591,232,3
15592,379,2
15593,149,1
15594,165,2
15595,338,1
15596,332,1
15596,196,1
15596,331,1
15597,171,3
15598,123,3
15599,325,1
15599,318,1
15600,378,1
15601,352,1
15602,235,1
15602,380,1
15602,316,1
15603,160,1
15603,106,1
15604,201,1
15604,361,1
15605,178,2
15606,114,3
15607,271,1
15608,107,1
15608,322,1
15609,247,3
15610,202,1
15611,328,1
15612,323,2
15613,195,1
15613,328,1
15614,222,3
15615,106,2
15616,252,2
15617,258,1
15618,149,2
15619,353,1
15620,338,1
15621,110,1
15621,101,1
15621,150,1
15622,122,1
15623,356,1
15623,134,1
15623,376,1
15624,328,1
15624,181,1
15624,266,1
15625,256,1
15626,152,1
15627,274,1
15627,325,1
15628,166,1
15629,235,1
15630,387,1
15631,371,1
15632,253,1
15632,150,1
15632,220,1
15633,249,1
15633,353,1
15634,294,3
15635,387,1
15635,236,1
15636,395,3
15637,254,1
15637,272,1
15637,160,1
15638,147,3
15639,211,1
15639,245,1
15639,209,1
15640,302,1
15640,385,1
15640,289,1
15641,217,1
15641,153,1
15641,105,1
15642,300,1
15643,383,2
15644,152,2
15645,345,1
15645,267,1
15646,231,1
15647,358,3
15648,211,2
15649,325,3
15650,175,2
15651,155,1
15651,314,1
15651,223,1
15652,347,3
15653,222,1
15654,341,1
15655,267,1
15656,395,1
15657,294,1
15658,204,3
15659,334,1
15659,345,1
15660,253,1
15660,398,1
15661,269,1
15661,326,1
15661,354,1
15662,157,2
15663,313,2
15664,314,1
15664,133,1
15664,161,1
15665,322,2
15666,103,2
15667,243,1
15668,373,2
15669,193,3
15670,261,1
15671,110,3
15672,167,1
15673,293,1
15673,360,1
15674,205,1
15674,143,1
15675,229,1
15676,372,1
15677,193,1
15677,117,1
15678,363,1
15678,312,1
15679,221,2
15680,182,3
15681,137,1
15681,322,1
15682,334,1
15682,155,1
15682,340,1
15683,218,1
15683,326,1
15683,375,1
15684,197,1
15685,176,1
15686,183,1
15686,109,1
15686,144,1
15687,125,1
15687,282,1
15688,225,1
15688,168,1
15689,233,1
15689,398,1
15690,295,1
15691,214,1
15692,136,1
15693,133,1
15693,398,1
15694,331,1
15694,396,1
15695,243,2
15696,298,1
15696,173,1
15696,326,1
15697,322,1
15698,343,1
15698,256,1
15698,342,1
15699,337,1
15699,254,1
15699,196,1
15700,285,1
15700,162,1
15701,291,1
15702,121,1
15703,195,1
15703,117,1
15704,308,2
15705,301,3
15706,172,1
15707,123,1
15707,249,1
15708,311,1
15708,143,1
15708,156,1
15709,130,1
15709,329,1
15709,208,1
15710,211,1
15711,324,1
15711,157,1
15711,269,1
15712,326,1
15712,255,1
15712,353,1
15713,222,1
15714,181,1
15714,284,1
15715,123,1
15716,163,1
15717,397,1
15718,128,1
15718,110,1
15719,162,1
15720,177,1
15720,116,1
15721,300,3
15722,289,2
15723,312,1
15723,243,1
15724,296,2
15725,231,1
15726,258,2
15727,230,1
15727,141,1
15728,179,2
15729,364,1
15730,109,1
15730,387,1
15730,316,1
15731,349,3
15732,106,1
15733,332,2
15734,234,1
15734,384,1
15735,244,3
15736,370,3
15737,114,1
15737,108,1
15738,311,1
15738,342,1
15739,257,1
15740,319,1
15741,391,1
15741,201,1
15741,109,1
15742,268,1
15743,189,1
15744,331,1
15744,317,1
15744,331,1
15745,260,1
15746,328,2
15747,103,1
15747,227,1
15748,380,1
15748,167,1
15748,142,1
15749,108,2
15750,147,2
15751,399,1
15752,335,1
15753,254,1
15753,188,1
15754,324,3
15755,102,2
15756,171,2
15757,127,1
15758,210,3
15759,362,2
15760,164,1
15760,240,1
15761,265,2
15762,323,1
15763,197,1
15763,387,1
15764,314,1
15765,337,1
15766,367,1
15766,358,1
15767,324,1
15768,196,2
15769,277,1
15770,378,2
15771,217,3
15772,197,1
15772,207,1
15772,183,1
15773,161,3
15774,273,2
15775,174,1
15776,189,1
15776,272,1
15776,222,1
15777,174,3
15778,158,3
15779,220,2
15780,261,3
15781,222,1
15782,225,2
15783,124,2
15784,193,1
15785,384,1
15786,364,1
15787,255,1
15788,307,1
15789,151,1
15790,244,1
15790,194,1
15791,134,1
15792,141,1
15793,310,1
15794,398,1
15795,368,2
15796,141,1
15796,144,1
15796,323,1
15797,348,2
15798,103,1
15799,356,1
15799,219,1
15799,182,1
15800,226,1
15800,227,1
15800,155,1
15801,381,1
15801,144,1
15801,330,1
15802,321,1
15803,110,1
15803,211,1
15804,172,1
15805,141,1
15806,326,3
15807,345,3
15808,223,2
15809,247,1
15810,164,1
15811,106,3
15812,201,1
15812,174,1
15812,252,1
15813,373,2
15814,363,2
15815,380,2
15816,221,1
15816,212,1
15816,264,1
15817,111,1
15817,239,1
15818,378,1
15819,299,1
15820,190,2
15821,291,1
15822,279,1
15823,247,1
15824,389,2
15825,400,1
15825,304,1
15825,131,1
15826,172,1
15826,116,1
15826,129,1
15827,315,2
15828,246,1
15828,177,1
15828,112,1
15829,108,1
15829,138,1
15829,236,1
15830,290,2
15831,137,1
15831,389,1
15832,288,1
15833,120,2
15834,347,1
15835,276,1
15836,128,1
15837,221,1
15837,227,1
15838,183,3
15839,334,2
15840,270,2
15841,120,1
15842,102,1
15842,167,1
15843,387,3
15844,131,3
15845,369,1
15846,175,1
15847,227,2
15848,133,1
15849,251,1
15850,248,3
15851,364,3
15852,395,1
15852,383,1
15853,267,1
15854,233,1
15854,369,1
15855,397,3
15856,113,3
15857,375,2
15858,334,1
15859,379,1
15859,168,1
15859,177,1
15860,310,1
15860,191,1
15860,374,1
15861,151,1
15862,208,1
15862,234,1
15862,129,1
15863,240,2
15864,107,3
15865,397,1
15865,310,1
15865,237,1
15866,277,3
15867,234,1
15868,255,3
15869,165,1
15870,168,1
15871,330,1
15871,280,1
15871,192,1
15872,355,2
15873,129,1
15873,141,1
15873,157,1
15874,266,1
15875,163,3
15876,133,1
15876,143,1
15876,153,1
15877,382,1
15877,254,1
15877,365,1
15878,150,1
15878,331,1
15879,168,1
15879,295,1
15880,358,1
15880,328,1
15881,273,1
15881,138,1
15882,360,1
15883,218,1
15883,360,1
15883,349,1
15884,130,2
15885,163,3
15886,125,1
15887,132,2
15888,144,1
15889,316,1
15889,144,1
15890,245,1
15891,304,2
15892,227,1
15893,143,3
15894,355,2
15895,184,2
15896,341,1
15897,381,1
15897,185,1
15897,353,1
15898,289,1
15898,191,1
15899,289,1
15899,371,1
15900,181,1
15900,242,1
15901,328,1
15902,106,3
15903,249,1
15903,346,1
15904,351,3
15905,294,1
15906,287,3
15907,160,2
15908,391,1
15908,258,1
15908,352,1
15909,382,1
15910,392,2
15911,218,3
15912,345,1
15912,117,1
15913,259,2
15914,131,1
15914,124,1
15914,328,1
15915,258,2
15916,291,1
15916,342,1
15917,142,1
15918,348,2
15919,318,1
15920,327,1
15920,300,1
15920,336,1
15921,399,2
15922,111,1
15923,306,1
15923,321,1
15924,347,1
15925,126,1
15925,247,1
15926,350,1
15926,231,1
15927,385,1
15928,248,1
15928,167,1
15928,240,1
15929,153,1
15929,249,1
15930,127,3
15931,101,3
15932,307,1
15932,178,1
15932,300,1
15933,191,1
15934,324,1
15934,124,1
15935,129,2
15936,256,2
15937,106,3
15938,189,1
15939,115,1
15939,376,1
15939,221,1
15940,273,1
15941,157,1
15941,364,1
15942,162,1
15942,384,1
15942,196,1
15943,280,1
15944,200,2
15945,321,1
15945,306,1
15945,310,1
15946,122,1
15947,284,2
15948,263,1
15949,299,1
15949,263,1
15950,209,1
15951,374,1
15951,304,1
15951,229,1
15952,191,1
15952,174,1
15952,186,1
15953,185,1
15954,359,2
15955,307,1
15955,272,1
15955,286,1
15956,381,1
15956,335,1
15956,372,1
15957,217,3
15958,204,1
15958,399,1
15958,252,1
15959,270,2
15960,131,1
15961,374,3
15962,287,3
15963,225,2
15964,159,1
15964,247,1
15964,202,1
15965,224,1
15966,366,1
15967,271,1
15968,131,1
15969,303,1
15969,104,1
15970,372,1
15970,196,1
15970,228,1
15971,129,1
15972,389,1
15973,284,2
15974,385,1
15974,229,1
15974,357,1
15975,113,2
15976,221,3
15977,370,3
15978,288,1
15979,182,2
15980,373,1
15980,213,1
15981,250,1
15981,327,1
15982,373,2
15983,287,1
15984,139,2
15985,188,2
15986,267,1
15987,378,2
15988,179,1
15989,114,2
15990,196,1
15991,234,1
15991,310,1
15991,247,1
15992,268,1
15993,108,1
15993,199,1
15993,292,1
15994,331,2
15995,145,2
15996,212,1
15997,338,1
15997,170,1
15998,358,1
15998,157,1
15998,128,1
15999,139,1
16000,257,2
16001,332,1
16001,362,1
16002,326,2
16003,215,3
16004,190,1
16005,342,1
16005,238,1
16006,165,3
16007,328,1
16007,179,1
16008,243,1
16009,298,1
16010,322,1
16010,306,1
16011,213,1
16011,122,1
16011,274,1
16012,248,1
16012,381,1
16012,264,1
16013,303,1
16014,198,1
16015,162,2
16016,219,1
16016,102,1
16016,175,1
16017,125,1
16018,103,3
16019,273,1
16019,215,1
16019,324,1
16020,351,2
16021,270,1
16022,241,3
16023,150,1
16024,314,2
16025,227,1
16025,164,1
16026,381,1
16026,376,1
16026,149,1
16027,204,1
16028,141,1
16029,244,2
16030,248,3
16031,333,1
16032,103,1
16032,117,1
16033,159,1
16033,220,1
16033,236,1
16034,390,1
16034,148,1
16035,301,3
16036,113,3
16037,309,1
16038,185,1
16039,243,2
16040,239,1
16041,302,1
16042,214,1
16043,272,1
16043,288,1
16043,258,1
16044,111,1
16044,109,1
16044,380,1
16045,160,1
16045,392,1
16045,299,1
16046,318,2
16047,209,1
16047,333,1
16048,109,1
16049,159,1
16049,165,1
16049,224,1
16050,355,1
16051,129,1
16051,379,1
16051,188,1
16052,185,1
16053,105,1
16053,295,1
16053,294,1
16054,332,3
16055,363,2
16056,300,1
16056,192,1
16056,344,1
16057,224,3
16058,385,2
16059,258,1
16059,272,1
16060,185,1
16061,294,1
16062,378,1
16062,295,1
16062,301,1
16063,101,1
16063,383,1
16063,234,1
16064,360,1
16065,283,1
16065,187,1
16066,268,1
16066,276,1
16067,125,1
16068,194,1
16069,166,2
16070,201,1
16071,240,2
16072,310,1
16072,331,1
16072,204,1
16073,105,1
16074,206,3
16075,332,1
16076,126,1
16076,220,1
16076,295,1
16077,400,1
16077,144,1
16078,142,1
16078,148,1
16078,115,1
16079,273,1
16079,308,1
16080,282,1
16080,315,1
16081,333,3
16082,280,1
16082,114,1
16082,309,1
16083,168,1
16084,376,2
16085,145,3
16086,168,3
16087,165,1
16087,376,1
16087,362,1
16088,114,1
16089,383,2
16090,267,1
16090,173,1
16090,256,1
16091,200,1
16091,341,1
16091,368,1
16092,126,1
16093,164,1
16094,201,1
16095,131,1
16096,161,2
16097,233,2
16098,150,1
16099,241,1
16099,228,1
16099,369,1
16100,198,2
16101,222,3
16102,124,1
16103,286,2
16104,222,1
16104,360,1
16105,167,3
16106,107,1
16106,235,1
16107,142,1
16107,286,1
16107,198,1
16108,320,2
16109,128,1
16109,134,1
16110,356,2
16111,207,1
16111,272,1
16111,373,1
16112,232,3
16113,316,1
16114,207,2
16115,219,1
16115,274,1
16115,357,1
16116,229,3
16117,258,1
16118,190,1
16118,181,1
16119,288,1
16119,165,1
16119,308,1
16120,363,3
16121,259,1
16122,197,1
16122,168,1
16122,234,1
16123,385,1
16124,265,1
16125,329,1
16126,206,1
16127,328,1
16127,268,1
16127,135,1
16128,170,1
16129,221,2
16130,289,1
16130,251,1
16130,126,1
16131,251,2
16132,273,1
16132,343,1
16132,142,1
16133,398,1
16134,180,1
16135,104,1
16135,170,1
16136,219,1
16137,168,1
16137,369,1
16137,291,1
16138,311,3
16139,175,1
16139,377,1
16140,393,3
16141,220,1
16142,275,1
16142,367,1
16143,339,1
16143,254,1
16144,177,3
16145,269,1
16146,264,1
16146,326,1
16146,126,1
16147,389,2
16148,270,2
16149,213,1
16150,304,3
16151,357,3
16152,177,1
16152,201,1
16152,327,1
16153,339,3
16154,310,1
16155,148,1
16155,348,1
16155,397,1
16156,297,1
16157,309,3
16158,142,1
16158,139,1
16159,339,3
16160,282,1
16160,249,1
16161,219,1
16162,346,1
16162,135,1
16162,236,1
16163,381,2
16164,326,1
16165,236,3
16166,190,1
16166,194,1
16166,286,1
16167,400,2
16168,125,1
16169,206,1
16170,187,1
16171,292,2
16172,280,1
16172,145,1
16173,201,1
16174,341,1
16174,144,1
16174,226,1
16175,292,1
16175,245,1
16175,354,1
16176,366,3
16177,149,1
16177,264,1
16178,295,1
16178,371,1
16179,200,3
16180,275,2
16181,167,2
16182,338,1
16182,345,1
16182,349,1
16183,289,1
16183,271,1
16184,116,1
16185,188,1
16186,290,1
16186,155,1
16187,257,1
16187,170,1
16187,170,1
16188,382,3
16189,400,1
16189,281,1
16190,134,3
16191,108,1
16192,138,1
16192,115,1
16193,170,2
16194,323,1
16194,113,1
16195,253,3
16196,216,2
16197,114,3
16198,334,1
16198,113,1
16198,132,1
16199,241,1
16200,163,1
16201,117,1
16202,337,1
16203,348,1
16203,209,1
16203,323,1
16204,151,1
16205,312,2
16206,224,1
16207,255,1
16208,395,1
16209,210,1
16210,164,1
16211,370,1
16211,254,1
16211,363,1
16212,181,2
16213,148,1
16214,232,1
16214,239,1
16214,172,1
16215,132,1
16215,114,1
16215,216,1
16216,246,2
16217,343,2
16218,379,1
16218,274,1
16218,258,1
16219,273,3
16220,140,1
16221,386,1
16222,339,1
16222,311,1
16222,157,1
16223,251,3
16224,383,1
16224,134,1
16225,209,1
16225,116,1
16226,384,1
16226,121,1
16226,204,1
16227,245,1
16227,106,1
16227,292,1
16228,259,1
16229,312,2
16230,172,1
16231,285,1
16232,182,1
16233,139,1
16234,200,2
16235,169,2
16236,194,1
16237,152,2
16238,365,2
16239,355,1
16239,253,1
16239,224,1
16240,266,1
16241,257,1
16241,150,1
16241,310,1
16242,269,3
16243,333,1
16243,286,1
16243,183,1
16244,133,2
16245,375,1
16246,116,3
16247,148,1
16248,340,1
16248,269,1
16248,343,1
16249,363,2
16250,323,1
16250,348,1
16250,211,1
16251,375,1
16251,113,1
16252,109,3
16253,274,1
16253,237,1
16253,205,1
16254,293,1
16255,202,1
16256,355,1
16256,353,1
16257,386,1
16258,304,1
16259,174,2
16260,227,1
16260,140,1
16260,376,1
16261,248,1
16261,132,1
16261,374,1
16262,234,3
16263,270,1
16263,225,1
16264,108,3
16265,116,1
16265,356,1
16265,310,1
16266,133,1
16266,133,1
16267,362,1
16268,288,3
16269,316,2
16270,270,2
16271,258,1
16272,348,3
16273,287,1
16274,312,1
16275,114,1
16275,384,1
16276,263,1
16277,259,2
16278,213,3
16279,231,1
16280,210,1
16280,178,1
16281,139,1
16282,161,1
16282,183,1
16282,283,1
16283,249,1
16284,113,3
16285,313,1
16286,211,3
16287,380,1
16288,324,2
16289,259,2
16290,186,1
16290,234,1
16290,231,1
16291,312,1
16292,270,2
16293,232,2
16294,177,1
16294,233,1
16294,369,1
16295,338,3
16296,120,3
16297,193,1
16298,372,1
16299,101,1
16300,335,3
16301,138,1
16301,215,1
16301,301,1
16302,245,3
16303,361,3
16304,338,1
16304,255,1
16305,188,1
16306,394,2
16307,172,1
16307,148,1
16307,116,1
16308,342,1
16309,346,3
16310,114,1
16311,243,1
16312,301,3
16313,159,1
16314,292,1
16315,298,2
16316,258,1
16317,140,2
16318,228,2
16319,227,1
16319,228,1
16320,174,2
16321,268,1
16322,245,1
16323,151,2
16324,377,1
16325,370,1
16326,247,1
16326,101,1
16326,304,1
16327,189,1
16327,184,1
16327,244,1
16328,231,1
16328,150,1
16328,338,1
16329,280,3
16330,213,1
16330,103,1
16331,236,2
16332,369,1
16332,324,1
16333,122,1
16334,136,2
16335,103,1
16335,338,1
16335,379,1
16336,233,1
16336,151,1
16337,137,1
16338,335,2
16339,274,1
16339,279,1
16340,276,1
16341,143,1
16341,284,1
16341,186,1
16342,360,2
16343,155,1
16343,124,1
16343,180,1
16344,151,1
16344,141,1
16345,314,3
16346,242,1
16347,336,1
16348,107,1
16348,240,1
16349,162,2
16350,111,1
16350,323,1
16350,184,1
16351,179,1
16351,316,1
16352,219,1
16352,162,1
16353,355,1
16353,130,1
16354,286,1
16354,232,1
16355,263,1
16355,391,1
16356,154,3
16357,257,1
16358,289,1
16359,223,3
16360,213,1
16361,112,3
16362,107,1
16362,263,1
16363,319,1
16364,120,3
16365,381,3
16366,161,1
16366,330,1
16366,374,1
16367,188,1
16367,163,1
16367,122,1
16368,365,3
16369,317,1
16369,284,1
16370,156,1
16370,305,1
16371,380,1
16371,319,1
16371,256,1
16372,245,1
16373,131,1
16374,351,1
16375,350,1
16376,345,1
16376,244,1
16377,394,1
16377,334,1
16378,251,1
16378,302,1
16378,350,1
16379,115,1
16379,186,1
16380,280,1
16381,145,1
16381,295,1
16381,359,1
16382,216,2
16383,120,2
16384,366,1
16385,352,1
16386,246,3
16387,397,1
16388,111,2
16389,110,2
16390,215,3
16391,255,1
16392,400,2
16393,370,1
16393,139,1
16393,334,1
16394,384,2
16395,248,1
16396,381,2
16397,216,1
16397,138,1
16398,296,1
16399,156,3
16400,389,2
16401,219,1
16402,268,1
16403,215,1
16403,205,1
16403,215,1
16404,350,1
16404,299,1
16404,352,1
16405,310,1
16406,236,1
16407,267,3
16408,173,1
16408,256,1
16409,263,1
16410,396,1
16411,215,1
16411,200,1
16411,258,1
16412,361,1
16413,138,3
16414,163,1
16414,381,1
16415,359,1
16416,131,1
16416,318,1
16416,271,1
16417,185,2
16418,109,1
16418,353,1
16419,160,1
16420,273,1
16421,230,3
16422,102,1
16422,386,1
16422,369,1
16423,256,3
16424,356,1
16425,123,3
16426,320,1
16427,102,1
16428,122,1
16429,157,2
16430,394,1
16431,159,1
16431,326,1
16432,314,3
16433,101,1
16434,200,2
16435,394,1
16435,342,1
16436,171,1
16436,128,1
16436,229,1
16437,268,2
16438,400,1
16439,299,3
16440,283,2
16441,222,3
16442,173,1
16443,329,1
16444,126,1
16444,290,1
16445,208,3
16446,162,1
16447,136,3
16448,151,3
16449,249,1
16450,251,2
16451,349,1
16452,309,1
16453,162,1
16454,130,1
16455,114,1
16456,269,2
16457,224,1
16457,183,1
16458,381,3
16459,207,1
16459,325,1
16459,140,1
16460,297,1
16460,313,1
16460,391,1
16461,152,1
16462,240,3
16463,344,1
16463,323,1
16463,160,1
16464,392,3
16465,135,3
16466,360,1
16466,189,1
16467,332,2
16468,313,2
16469,161,1
16470,281,1
16471,362,1
16472,115,3
16473,149,1
16473,198,1
16473,183,1
16474,223,1
16475,314,1
16475,381,1
16476,168,2
16477,321,1
16477,378,1
16478,290,1
16478,317,1
16479,156,3
16480,321,1
16480,131,1
16481,283,1
16481,199,1
16482,167,2
16483,188,1
16483,148,1
16484,129,1
16484,185,1
16485,376,1
16486,206,2
16487,363,1
16488,344,1
16488,160,1
16489,337,3
16490,343,2
16491,154,1
16492,361,3
16493,158,1
16493,329,1
16493,179,1
16494,345,1
16494,379,1
16494,314,1
16495,151,1
16495,185,1
16496,103,1
16497,109,1
16498,367,1
16499,326,3
16500,351,1
16500,377,1
16501,207,2
16502,338,1
16502,142,1
16503,255,1
16503,159,1
16504,289,2
16505,363,1
16505,367,1
16506,184,2
16507,192,3
16508,360,1
16509,193,1
16509,345,1
16509,298,1
16510,301,1
16511,266,1
16511,368,1
16511,101,1
16512,188,1
16512,328,1
16513,318,3
16514,246,2
16515,168,1
16515,367,1
16515,331,1
16516,188,3
16517,266,1
16518,184,2
16519,258,3
16520,242,1
16521,113,1
16521,341,1
16521,366,1
16522,273,3
16523,283,3
16524,359,1
16525,269,2
16526,282,1
16526,236,1
16526,250,1
16527,135,3
16528,273,1
16528,147,1
16528,199,1
16529,269,1
16529,373,1
16530,194,1
16530,377,1
16530,272,1
16531,269,3
16532,260,3
16533,268,1
16534,121,1
16534,181,1
16534,265,1
16535,398,2
16536,253,1
16537,102,1
16537,109,1
16537,228,1
16538,312,1
16538,313,1
16538,327,1
16539,273,1
16539,238,1
16539,362,1
16540,274,1
16540,345,1
16540,398,1
16541,116,2
16542,230,3
16543,309,1
16543,209,1
16543,169,1
16544,298,1
16544,158,1
16545,120,1
16545,377,1
16545,361,1
16546,184,2
16547,251,3
16548,123,3
16549,259,1
16550,133,1
16551,312,2
16552,325,1
16552,146,1
16552,189,1
16553,335,3
16554,339,1
16554,120,1
16554,345,1
16555,318,1
16556,293,2
16557,136,3
16558,320,1
16559,209,3
16560,283,3
16561,106,2
16562,276,1
16562,119,1
16562,189,1
16563,350,1
16564,235,1
16565,203,1
16566,132,3
16567,346,1
16568,331,3
16569,184,1
16570,104,1
16570,232,1
16571,320,1
16571,233,1
16571,295,1
16572,239,1
16573,168,1
16573,152,1
16574,233,3
16575,376,2
16576,153,2
16577,334,1
16578,356,1
16578,238,1
16579,350,2
16580,291,1
16581,269,1
16582,397,1
16583,250,3
16584,337,1
16584,181,1
16585,284,1
16585,353,1
16586,239,1
16586,211,1
16587,257,1
16587,232,1
16587,369,1
16588,352,1
16589,275,3
16590,215,1
16590,101,1
16590,315,1
16591,158,1
16591,347,1
16592,367,2
16593,200,1
16593,304,1
16593,293,1
16594,269,3
16595,213,1
16595,239,1
16595,259,1
16596,309,1
16596,149,1
16597,189,1
16598,289,1
16598,231,1
16598,105,1
16599,208,1
16599,296,1
16599,351,1
16600,169,1
16601,168,1
16601,241,1
16601,361,1
16602,197,2
16603,389,2
16604,272,1
16604,152,1
16604,341,1
16605,236,1
16605,245,1
16605,252,1
16606,244,2
16607,269,1
16608,132,1
16609,134,1
16610,312,2
16611,344,3
16612,388,1
16613,343,1
16614,140,1
16615,226,1
16615,155,1
16615,290,1
16616,237,1
16616,338,1
16616,208,1
16617,178,1
16617,338,1
16617,228,1
16618,269,3
16619,307,2
16620,377,1
16620,269,1
16621,187,1
16621,397,1
16622,282,1
16623,374,1
16623,149,1
16623,180,1
16624,229,1
16625,150,1
16626,110,1
16626,261,1
16626,347,1
16627,358,2
16628,337,1
16629,283,1
16630,339,1
16630,360,1
16630,266,1
16631,190,1
16632,167,2
16633,146,2
16634,365,2
16635,140,1
16635,240,1
16636,253,1
16636,291,1
16636,125,1
16637,346,1
16637,136,1
16637,191,1
16638,382,2
16639,385,1
16639,258,1
16640,181,1
16641,374,1
16641,126,1
16641,192,1
16642,265,3
16643,257,1
16643,217,1
16643,386,1
16644,188,2
16645,234,1
16645,251,1
16645,279,1
16646,309,1
16646,284,1
16647,388,1
16648,281,2
16649,219,1
16650,399,3
16651,176,3
16652,352,1
16653,266,1
16654,169,3
16655,146,2
16656,376,1
16657,171,1
16657,340,1
16657,259,1
16658,242,1
16659,367,1
16659,311,1
16660,267,2
16661,170,2
16662,200,1
16662,292,1
16663,287,1
16664,154,2
16665,367,2
16666,241,1
16667,103,2
16668,203,1
16669,353,1
16669,141,1
16670,150,1
16670,385,1
16670,358,1
16671,173,2
16672,266,1
16673,370,3
16674,120,1
16674,280,1
16674,174,1
16675,343,2
16676,270,1
16677,147,3
16678,118,1
16679,248,1
16679,326,1
16679,115,1
16680,304,1
16681,241,2
16682,330,2
16683,272,2
16684,197,1
16685,263,1
16686,309,1
16686,270,1
16687,351,1
16687,363,1
16688,287,1
16689,153,1
16689,309,1
16689,276,1
16690,355,3
16691,168,3
16692,127,2
16693,343,2
16694,358,2
16695,223,3
16696,277,1
16696,117,1
16697,225,1
16697,105,1
16697,351,1
16698,200,1
16698,307,1
16698,325,1
16699,388,2
16700,276,1
16700,347,1
16701,267,1
16701,274,1
16702,270,1
16703,394,1
16703,344,1
16704,333,3
16705,211,1
16705,371,1
16706,136,1
16706,119,1
16707,230,2
16708,267,1
16709,340,1
16709,151,1
16710,347,1
16711,219,1
16712,299,1
16713,243,1
16714,263,1
16715,187,1
16716,323,3
16717,306,2
16718,170,1
16719,247,1
16719,354,1
16719,324,1
16720,261,1
16721,201,1
16722,367,1
16722,165,1
16722,293,1
16723,294,1
16724,350,1
16724,219,1
16725,251,3
16726,319,2
16727,319,1
16727,256,1
16728,173,2
16729,374,3
16730,391,1
16731,331,1
16732,231,1
16733,193,1
16734,254,2
16735,147,2
16736,127,1
16737,222,1
16737,132,1
16737,141,1
16738,214,2
16739,228,2
16740,228,1
16741,367,3
16742,113,1
16742,215,1
16743,345,1
16744,274,1
16745,138,3
16746,238,1
16747,242,1
16748,395,2
16749,161,1
16749,195,1
16750,268,1
16750,329,1
16751,109,1
16752,339,3
16753,216,3
16754,392,1
16754,274,1
16755,135,1
16756,109,2
16757,244,1
16758,341,1
16759,378,3
16760,112,1
16760,351,1
16761,290,1
16762,322,1
16763,188,1
16763,170,1
16764,243,1
16764,351,1
16764,218,1
16765,313,1
16766,172,2
16767,333,1
16768,362,3
16769,372,3
16770,201,1
16770,254,1
16770,212,1
16771,171,1
16771,186,1
16771,225,1
16772,337,1
16772,348,1
16773,385,1
16774,349,1
16774,161,1
16775,305,1
16776,202,1
16776,164,1
16776,119,1
16777,220,2
16778,382,1
16779,127,1
16780,267,1
16781,308,2
16782,348,1
16782,235,1
16783,224,1
16784,388,1
16784,194,1
16784,373,1
16785,150,2
16786,170,1
16787,189,3
16788,125,1
16789,214,1
16790,147,3
16791,292,3
16792,214,2
16793,241,3
16794,400,1
16795,177,1
16795,348,1
16795,202,1
16796,391,1
16796,373,1
16796,242,1
16797,285,1
16797,385,1
16798,203,2
16799,137,1
16800,244,1
16800,200,1
16801,295,3
16802,189,1
16803,396,1
16803,235,1
16803,307,1
16804,371,3
16805,176,1
16806,255,1
16807,237,2
16808,381,1
16808,280,1
16809,186,1
16810,150,1
16810,313,1
16810,254,1
16811,150,1
16811,117,1
16811,232,1
16812,217,3
16813,133,1
16814,285,1
16814,196,1
16814,105,1
16815,157,2
16816,352,1
16817,153,1
16817,400,1
16818,370,1
16818,140,1
16818,259,1
16819,354,1
16820,160,1
16820,201,1
16821,224,1
16822,293,2
16823,172,1
16824,301,3
16825,214,1
16825,211,1
16825,322,1
16826,251,1
16827,376,1
16828,302,1
16828,277,1
16829,148,3
16830,128,3
16831,286,1
16832,222,1
16832,341,1
16832,228,1
16833,122,1
16833,245,1
16833,126,1
16834,394,2
16835,214,1
16836,102,2
16837,352,1
16837,256,1
16837,288,1
16838,272,1
16839,238,1
16839,274,1
16839,137,1
16840,334,1
16841,200,2
16842,395,1
16843,385,1
16844,251,2
16845,341,2
16846,118,2
16847,161,3
16848,283,3
16849,359,2
16850,207,1
16851,329,2
16852,172,2
16853,381,1
16854,235,1
16855,143,1
16856,113,1
16856,387,1
16856,127,1
16857,169,1
16858,265,1
16858,192,1
16859,300,1
16860,190,1
16861,343,1
16861,313,1
16861,297,1
16862,365,1
16863,239,3
16864,298,1
16864,128,1
16865,330,1
16865,359,1
16865,102,1
16866,119,1
16867,381,3
16868,138,1
16869,372,1
16869,196,1
16869,168,1
16870,107,2
16871,334,1
16872,358,1
16873,167,1
16873,262,1
16873,128,1
16874,265,2
16875,190,1
16876,172,1
16877,245,1
16877,372,1
16878,164,2
16879,243,1
16880,259,1
16880,257,1
16881,146,1
16881,321,1
16881,221,1
16882,352,2
16883,262,1
16883,329,1
16883,208,1
16884,365,1
16885,104,2
16886,400,3
16887,221,1
16887,243,1
16888,214,1
16888,369,1
16888,364,1
16889,138,1
16890,151,1
16891,377,1
16892,375,1
16892,337,1
16892,181,1
16893,190,2
16894,201,1
16894,257,1
16894,198,1
16895,121,1
16896,351,1
16897,175,1
16898,321,1
16899,320,1
16899,101,1
16899,228,1
16900,387,1
16900,108,1
16901,297,1
16901,335,1
16902,345,1
16903,119,1
16903,239,1
16904,304,1
16904,258,1
16905,263,1
16906,389,3
16907,204,3
16908,336,1
16908,143,1
16909,140,3
16910,183,1
16910,360,1
16911,368,3
16912,179,1
16913,248,3
16914,222,1
16914,102,1
16915,241,2
16916,334,1
16916,165,1
16916,231,1
16917,271,2
16918,213,1
16919,176,1
16919,362,1
16920,163,1
16920,207,1
16920,173,1
16921,155,2
16922,189,1
16923,399,3
16924,257,3
16925,274,1
16926,229,1
16927,258,1
16928,238,1
16929,111,1
16930,295,1
16931,325,2
16932,325,1
16932,249,1
16933,113,1
16934,319,3
16935,115,1
16935,395,1
16936,334,3
16937,395,1
16938,320,3
16939,366,1
16939,328,1
16939,229,1
16940,328,2
16941,103,1
16941,185,1
16942,122,2
16943,295,3
16944,294,1
16944,333,1
16945,248,1
16945,237,1
16945,149,1
16946,296,1
16946,115,1
16947,315,3
16948,258,1
16948,127,1
16949,169,2
16950,252,1
16951,215,3
16952,311,1
16953,381,2
16954,394,3
16955,117,3
16956,380,1
16956,237,1
16956,138,1
16957,130,1
16957,140,1
16957,313,1
16958,371,3
16959,365,1
16959,261,1
16960,374,1
16960,264,1
16960,216,1
16961,261,1
16961,286,1
16961,321,1
16962,207,1
16963,340,1
16963,206,1
16963,142,1
16964,178,1
16965,342,1
16965,240,1
16966,175,1
16966,305,1
16966,250,1
16967,390,1
16968,371,1
16968,373,1
16969,372,1
16970,173,1
16971,198,2
16972,163,1
16972,283,1
16972,385,1
16973,339,1
16973,202,1
16974,337,1
16975,275,1
16976,306,2
16977,170,1
16978,332,1
16978,373,1
16978,257,1
16979,279,1
16980,176,2
16981,122,1
16982,352,1
16983,136,1
16984,286,1
16985,265,1
16985,345,1
16985,166,1
16986,254,3
16987,256,1
16987,241,1
16987,278,1
16988,137,1
16988,222,1
16989,226,1
16989,260,1
16990,120,2
16991,112,2
16992,223,2
16993,245,1
16993,326,1
16994,357,3
16995,362,1
16995,301,1
16996,126,1
16997,125,2
16998,207,2
16999,175,1
17000,200,2
17001,158,3
17002,236,1
17002,383,1
17003,318,1
17003,245,1
17003,344,1
17004,149,2
17005,180,1
17006,237,1
17007,345,1
17007,385,1
17007,132,1
17008,225,1
17008,230,1
17009,158,3
17010,350,3
17011,303,2
17012,185,1
17012,159,1
17012,219,1
17013,278,1
17014,347,1
17014,174,1
17015,243,1
17015,254,1
17015,398,1
17016,279,3
17017,375,2
17018,377,2
17019,374,1
17020,326,1
17021,151,2
17022,122,1
17022,331,1
17022,112,1
17023,191,1
17023,134,1
17023,295,1
17024,107,1
17024,345,1
17025,262,2
17026,231,3
17027,307,1
17028,251,1
17029,267,1
17030,251,1
17030,307,1
17031,157,1
17031,234,1
17031,296,1
17032,147,3
17033,175,1
17034,324,1
17035,326,1
17035,159,1
17035,353,1
17036,193,1
17037,391,1
17038,351,1
17039,298,1
17040,209,1
17041,202,3
17042,175,2
17043,121,1
17044,275,1
17044,234,1
17045,131,2
17046,192,2
17047,261,1
17048,341,1
17049,357,1
17050,295,2
17051,154,1
17051,323,1
17051,275,1
17052,352,1
17053,170,1
17054,395,1
17055,212,1
17056,399,1
17056,253,1
17056,251,1
17057,264,1
17057,377,1
17057,378,1
17058,353,3
17059,111,1
17060,325,1
17060,130,1
17060,360,1
17061,163,1
17062,186,1
17063,179,3
17064,202,1
17064,222,1
17065,180,3
17066,301,1
17067,328,1
17067,268,1
17068,362,1
17068,273,1
17069,298,1
17069,203,1
17070,212,1
17071,320,2
17072,245,1
17073,310,3
17074,339,1
17074,365,1
17075,308,3
17076,363,1
17076,166,1
17076,128,1
17077,181,1
17077,121,1
17077,197,1
17078,278,1
17078,398,1
17078,255,1
17079,358,1
17079,313,1
17079,176,1
17080,102,1
17080,157,1
17080,289,1
17081,129,1
17081,175,1
17082,271,3
17083,396,1
17084,183,1
17085,386,1
17086,380,1
17086,185,1
17086,131,1
17087,357,1
17088,258,1
17088,116,1
17088,300,1
17089,191,1
17089,212,1
17090,211,3
17091,212,1
17092,337,1
17093,271,1
17094,320,1
17095,164,1
17095,163,1
17095,337,1
17096,255,1
17096,358,1
17097,181,3
17098,104,3
17099,286,1
17099,121,1
17100,307,1
17100,375,1
17100,210,1
17101,132,1
17101,369,1
17102,360,1
17103,361,2
17104,310,1
17105,295,1
17105,377,1
17105,252,1
17106,304,1
17106,297,1
17106,254,1
17107,302,1
17108,400,1
17108,154,1
17108,196,1
17109,159,3
17110,323,1
17111,260,1
17111,392,1
17111,206,1
17112,282,1
17112,331,1
17112,166,1
17113,109,1
17113,367,1
17114,225,1
17115,230,3
17116,148,3
17117,215,3
17118,302,2
17119,398,1
17119,317,1
17119,112,1
17120,105,1
17121,239,3
17122,343,2
17123,177,2
17124,122,1
17125,215,1
17126,189,1
17126,305,1
17127,171,1
17128,104,3
17129,168,1
17130,279,1
17131,387,2
17132,378,2
17133,153,1
17133,291,1
17133,205,1
17134,346,3
17135,150,1
17135,293,1
17136,350,1
17137,254,1
17138,236,2
17139,385,3
17140,339,2
17141,304,1
17141,315,1
17141,280,1
17142,317,2
17143,349,1
17143,133,1
17144,330,1
17145,381,3
17146,140,1
17146,262,1
17147,123,1
17148,153,1
17148,181,1
17149,353,1
17150,284,1
17151,270,3
17152,227,1
17152,200,1
17153,243,1
17154,299,1
17155,325,1
17156,388,2
17157,146,1
17158,357,2
17159,230,3
17160,236,3
17161,335,1
17161,221,1
17161,231,1
17162,140,3
17163,367,2
17164,339,1
17165,189,2
17166,315,2
17167,380,2
17168,355,1
17168,128,1
17169,211,1
17169,146,1
17169,397,1
17170,319,1
17171,133,3
17172,364,3
17173,169,1
17173,183,1
17173,148,1
17174,358,1
17174,224,1
17174,391,1
17175,340,1
17176,345,1
17176,276,1
17177,301,1
17177,162,1
17177,395,1
17178,120,1
17179,147,2
17180,395,2
17181,186,1
17182,206,1
17182,157,1
17183,398,1
17184,387,1
17185,290,2
17186,383,1
17186,386,1
17187,275,1
17188,110,2
17189,329,1
17189,323,1
17189,250,1
17190,287,1
17191,288,1
17192,139,1
17193,158,1
17194,170,1
17194,386,1
17195,297,3
17196,129,3
17197,159,1
17197,148,1
17198,269,2
17199,329,3
17200,202,3
17201,185,2
17202,135,1
17202,213,1
17203,346,3
17204,139,3
17205,398,1
17206,119,1
17207,383,1
17208,152,1
17209,158,1
17210,333,1
17210,188,1
17211,363,1
17211,383,1
17211,139,1
17212,236,1
17212,291,1
17213,317,1
17213,234,1
17213,392,1
17214,354,1
17215,173,2
17216,127,1
17217,305,1
17217,166,1
17217,262,1
17218,318,2
17219,306,1
17220,165,1
17220,375,1
17220,261,1
17221,151,1
17221,220,1
17222,382,1
17223,252,1
17224,286,1
17225,299,2
17226,166,1
17226,158,1
17227,134,1
17227,375,1
17227,270,1
17228,220,1
17228,313,1
17229,216,1
17230,308,1
17231,389,3
17232,396,1
17233,201,2
17234,132,2
17235,377,1
17235,311,1
17235,330,1
17236,199,1
17237,161,1
17238,232,1
17238,123,1
17239,363,1
17240,203,1
17240,191,1
17241,303,1
17242,300,2
17243,289,1
17243,382,1
17243,337,1
17244,253,1
17244,231,1
17245,348,1
17245,112,1
17245,217,1
17246,383,3
17247,269,2
17248,109,3
17249,357,1
17249,116,1
17249,332,1
17250,194,1
17251,384,1
17251,180,1
17251,290,1
17252,387,1
17253,279,1
17254,353,1
17255,381,1
17256,300,1
17256,130,1
17257,163,1
17257,381,1
17257,295,1
17258,260,1
17259,130,1
17260,372,1
17261,237,1
17262,233,1
17262,302,1
17263,113,2
17264,194,1
17264,368,1
17264,143,1
17265,217,1
17266,168,1
17266,171,1
17267,298,3
17268,174,1
17269,289,1
17270,105,1
17271,244,1
17272,271,2
17273,261,1
17274,243,2
17275,324,1
17275,119,1
17276,103,3
17277,133,1
17277,173,1
17278,190,1
17278,189,1
17279,201,1
17279,314,1
17280,111,1
17280,185,1
17280,101,1
17281,231,1
17282,331,1
17283,197,1
17284,260,1
17285,233,2
17286,383,2
17287,352,2
17288,334,1
17288,119,1
17288,129,1
17289,278,1
17289,335,1
17289,343,1
17290,247,2
17291,183,1
17291,312,1
17292,273,1
17292,140,1
17293,237,2
17294,355,3
17295,316,2
17296,209,1
17296,164,1
17296,320,1
17297,193,1
17297,235,1
17297,337,1
17298,137,1
17299,350,3
17300,269,1
17300,332,1
17301,244,1
17302,399,2
17303,319,1
17304,333,1
17305,384,1
17306,209,1
17306,299,1
17307,295,1
17307,287,1
17308,144,3
17309,112,1
17309,323,1
17309,233,1
17310,341,3
17311,350,1
17311,371,1
17312,296,2
17313,306,1
17313,328,1
17313,368,1
17314,292,1
17314,221,1
17314,222,1
17315,271,1
17316,280,1
17317,326,1
17318,262,1
17319,302,1
17319,247,1
17319,302,1
17320,107,1
17320,316,1
17320,347,1
17321,384,1
17322,337,1
17323,344,2
17324,222,1
17324,145,1
17325,185,1
17326,351,1
17326,244,1
17327,235,3
17328,256,3
17329,341,1
17329,242,1
17330,391,2
17331,148,2
17332,197,1
17332,205,1
17333,212,1
17334,120,1
17334,305,1
17334,210,1
17335,102,3
17336,143,1
17336,233,1
17336,321,1
17337,160,2
17338,319,1
17339,233,1
17340,334,1
17340,307,1
17340,102,1
17341,377,1
17342,198,1
17343,341,3
17344,191,1
17345,213,2
17346,356,1
17346,191,1
17346,337,1
17347,278,1
17347,124,1
17348,399,1
17349,103,1
17350,133,3
17351,256,1
17351,352,1
17351,356,1
17352,362,1
17352,111,1
17352,324,1
17353,292,3
17354,369,2
17355,210,2
17356,398,1
17356,350,1
17357,168,2
17358,289,3
17359,362,1
17360,379,1
17360,254,1
17360,398,1
17361,393,2
17362,328,2
17363,291,1
17364,194,1
17365,103,1
17365,102,1
17365,198,1
17366,148,1
17367,355,1
17368,277,2
17369,208,1
17370,340,1
17370,368,1
17371,371,2
17372,162,1
17373,292,1
17374,314,2
17375,280,3
17376,217,2
17377,211,2
17378,330,1
17379,236,1
17379,343,1
17379,224,1
17380,203,1
17380,202,1
17380,187,1
17381,386,2
17382,374,1
17383,323,1
17383,169,1
17384,195,1
17385,269,1
17386,368,3
17387,216,1
17387,142,1
17388,284,1
17389,343,1
17390,185,1
17391,323,1
17392,247,1
17392,126,1
17393,325,1
17394,390,2
17395,198,1
17396,132,3
17397,171,1
17397,341,1
17397,355,1
17398,127,3
17399,198,3
17400,279,1
17401,397,1
17401,311,1
17401,332,1
17402,212,3
17403,196,1
17404,329,1
17405,397,2
17406,394,1
17407,274,1
17407,133,1
17407,310,1
17408,195,1
17409,158,2
17410,283,1
17411,366,1
17412,277,1
17412,271,1
17413,127,1
17414,242,3
17415,250,1
17415,156,1
17415,152,1
17416,246,3
17417,136,1
17417,197,1
17418,227,1
17418,309,1
17419,206,1
17419,204,1
17420,153,1
17420,110,1
17420,397,1
17421,179,1
17421,186,1
17421,140,1
17422,117,1
17422,143,1
17423,359,1
17424,105,3
17425,291,1
17425,354,1
17425,292,1
17426,244,3
17427,201,1
17428,338,2
17429,123,2
17430,152,1
17430,116,1
17430,179,1
17431,170,1
17431,181,1
17432,140,1
17433,202,1
17434,156,1
17434,222,1
17434,265,1
17435,191,3
17436,344,3
17437,297,1
17438,168,1
17438,182,1
17438,363,1
17439,362,1
17439,347,1
17439,311,1
17440,170,1
17440,246,1
17441,256,2
17442,132,1
17442,289,1
17443,400,1
17444,203,3
17445,294,3
17446,327,3
17447,166,2
17448,102,2
17449,245,3
17450,344,2
17451,355,1
17451,260,1
17452,297,1
17453,214,1
17453,315,1
17453,132,1
17454,109,2
17455,191,1
17456,386,1
17457,366,1
17458,237,1
17458,355,1
17459,361,3
17460,131,1
17461,297,2
17462,285,3
17463,352,2
17464,355,1
17464,230,1
17464,202,1
17465,258,1
17465,293,1
17466,355,1
17467,109,1
17467,134,1
17467,395,1
17468,239,1
17468,355,1
17469,310,1
17469,250,1
17470,386,2
17471,231,1
17472,236,1
17473,331,2
17474,337,1
17474,339,1
17474,190,1
17475,172,1
17475,108,1
17476,158,2
17477,135,1
17478,252,1
17478,113,1
17478,175,1
17479,194,2
17480,168,1
17481,226,1
17482,377,1
17482,147,1
17482,266,1
17483,394,1
17483,183,1
17483,361,1
17484,229,1
17484,215,1
17485,383,1
17486,378,1
17487,129,1
17487,117,1
17487,113,1
17488,346,1
17489,357,1
17489,143,1
17490,160,3
17491,364,1
17491,226,1
17492,172,1
17492,138,1
17493,358,3
17494,358,1
17495,128,1
17496,334,1
17497,318,2
17498,297,1
17499,158,1
17500,273,1
17500,251,1
17500,126,1
17501,364,3
17502,125,1
17502,122,1
17503,124,3
17504,227,1
17505,291,1
17505,330,1
17506,118,2
17507,225,1
17508,352,3
17509,153,1
17509,193,1
17510,304,2
17511,196,1
17511,279,1
17511,183,1
17512,189,1
17513,151,1
17514,193,1
17514,150,1
17514,181,1
17515,371,1
17515,124,1
17515,126,1
17516,284,1
17516,217,1
17516,139,1
17517,392,1
17517,360,1
17518,317,1
17518,215,1
17518,286,1
17519,109,1
17520,296,1
17521,389,1
17521,182,1
17521,213,1
17522,202,1
17522,190,1
17522,129,1
17523,234,3
17524,245,1
17524,177,1
17525,357,1
17525,111,1
17525,286,1
17526,356,1
17526,271,1
17527,264,3
17528,380,1
17528,199,1
17528,400,1
17529,157,2
17530,395,2
17531,208,1
17532,258,1
17532,211,1
17533,261,1
17534,191,1
17534,204,1
17534,117,1
17535,363,3
17536,399,2
17537,174,1
17537,368,1
17537,331,1
17538,237,1
17539,210,1
17539,184,1
17540,258,1
17540,152,1
17541,208,1
17541,115,1
17541,383,1
17542,318,1
17542,369,1
17542,377,1
17543,128,2
17544,154,3
17545,170,2
17546,226,1
17546,234,1
17546,133,1
17547,264,3
17548,351,2
17549,316,1
17549,158,1
17550,212,1
17550,335,1
17551,370,2
17552,240,1
17552,167,1
17552,391,1
17553,294,3
17554,314,1
17555,379,1
17556,245,1
17556,135,1
17556,390,1
17557,385,1
17557,325,1
17557,360,1
17558,132,1
17558,267,1
17558,294,1
17559,236,3
17560,178,1
17561,328,3
17562,148,1
17563,375,3
17564,245,1
17565,159,1
17565,129,1
17566,158,1
17567,336,1
17568,339,2
17569,305,1
17570,345,1
17570,278,1
17570,154,1
17571,129,1
17572,147,1
17572,336,1
17573,294,1
17573,273,1
17573,263,1
17574,389,1
17574,120,1
17575,366,2
17576,189,3
17577,382,1
17578,119,1
17579,253,2
17580,216,1
17581,218,1
17581,198,1
17581,173,1
17582,175,1
17582,207,1
17582,195,1
17583,257,1
17583,308,1
17583,283,1
17584,398,1
17585,134,2
17586,186,1
17587,291,1
17588,173,1
17588,186,1
17589,264,3
17590,316,1
17590,186,1
17590,267,1
17591,312,1
17592,190,2
17593,356,1
17593,120,1
17594,366,1
17595,326,1
17595,199,1
17596,116,3
17597,177,1
17597,210,1
17597,281,1
17598,158,1
17598,379,1
17599,151,3
17600,379,1
17600,241,1
17601,162,1
17601,233,1
17601,365,1
17602,117,3
17603,114,1
17603,206,1
17604,290,1
17605,291,1
17606,295,1
17607,246,3
17608,285,1
17609,244,1
17609,222,1
17610,178,3
17611,102,3
17612,316,1
17612,106,1
17613,227,1
17613,183,1
17613,292,1
17614,210,1
17615,135,1
17616,190,1
17616,330,1
17617,383,1
17618,321,1
17618,146,1
17619,217,2
17620,249,1
17620,318,1
17621,215,1
17622,201,1
17622,379,1
17622,110,1
17623,217,1
17624,332,1
17624,356,1
17624,281,1
17625,299,3
17626,154,1
17626,385,1
17627,346,3
17628,133,1
17628,180,1
17628,342,1
17629,397,1
17630,256,1
17631,209,1
17631,372,1
17631,331,1
17632,310,1
17632,119,1
17633,136,1
17633,309,1
17633,262,1
17634,339,1
17635,190,1
17636,168,3
17637,330,1
17637,148,1
17638,329,1
17638,331,1
17639,290,1
17640,236,2
17641,180,1
17642,265,1
17643,201,1
17644,243,1
17645,113,3
17646,249,1
17647,163,1
17647,239,1
17647,129,1
17648,330,1
17649,135,2
17650,117,1
17650,290,1
17651,237,2
17652,388,1
17652,243,1
17652,354,1
17653,145,1
17654,339,3
17655,107,1
17655,341,1
17655,271,1
17656,255,1
17657,164,3
17658,129,1
17659,310,1
17660,328,1
17661,162,1
17661,193,1
17662,265,3
17663,220,1
17664,239,2
17665,113,3
17666,153,1
17666,334,1
17667,388,1
17667,344,1
17668,124,1
17669,334,1
17670,384,3
17671,153,3
17672,281,1
17673,128,3
17674,264,1
17674,343,1
17675,157,1
17676,366,1
17676,223,1
17676,218,1
17677,258,1
17678,175,3
17679,299,2
17680,142,1
17680,390,1
17681,129,3
17682,333,1
17682,362,1
17682,131,1
17683,315,3
17684,320,2
17685,205,1
17686,344,1
17687,148,1
17687,332,1
17688,139,2
17689,279,3
17690,114,1
17690,219,1
17690,228,1
17691,387,2
17692,393,1
17692,311,1
17692,120,1
17693,202,1
17694,259,1
17694,277,1
17695,245,2
17696,253,2
17697,112,1
17698,169,2
17699,205,2
17700,317,1
17700,219,1
17701,281,1
17702,362,3
17703,217,1
17703,268,1
17703,107,1
17704,169,1
17705,293,2
17706,128,1
17707,332,1
17707,321,1
17708,316,1
17708,179,1
17708,232,1
17709,260,3
17710,148,1
17711,247,1
17711,384,1
17711,380,1
17712,173,1
17712,205,1
17713,245,1
17713,392,1
17713,346,1
17714,368,1
17714,187,1
17715,394,1
17715,354,1
17716,241,3
17717,368,1
17717,365,1
17718,215,1
17718,388,1
17718,148,1
17719,233,1
17720,151,1
17720,300,1
17721,111,1
17721,304,1
17722,274,3
17723,215,2
17724,333,2
17725,111,1
17726,317,1
17726,266,1
17727,150,2
17728,109,1
17729,356,3
17730,242,1
17730,249,1
17730,151,1
17731,334,1
17732,199,2
17733,151,1
17733,266,1
17734,254,2
17735,229,3
17736,192,1
17736,292,1
17737,305,1
17738,298,1
17739,312,1
17740,148,1
17740,357,1
17740,305,1
17741,186,3
17742,215,1
17742,262,1
17742,318,1
17743,218,1
17743,282,1
17744,280,1
17745,351,2
17746,159,1
17747,272,1
17748,152,1
17748,223,1
17749,362,1
17750,377,1
17751,208,2
17752,372,1
17753,215,1
17754,206,1
17755,200,1
17756,151,1
17756,153,1
17756,293,1
17757,244,1
17758,366,3
17759,160,1
17760,147,1
17761,361,1
17761,263,1
17761,199,1
17762,102,2
17763,196,1
17764,231,1
17764,238,1
17764,261,1
17765,202,1
17765,242,1
17765,192,1
17766,115,1
17767,115,2
17768,260,1
17768,287,1
17768,356,1
17769,394,1
17769,181,1
17770,198,1
17771,168,1
17772,225,1
17773,276,1
17774,331,2
17775,103,1
17775,162,1
17775,159,1
17776,247,1
17777,306,2
17778,343,1
17778,316,1
17779,349,1
17780,293,2
17781,158,1
17781,170,1
17781,347,1
17782,170,2
17783,168,3
17784,289,1
17784,120,1
17785,172,3
17786,286,1
17786,367,1
17786,279,1
17787,148,1
17788,260,1
17788,246,1
17789,115,2
17790,273,2
17791,266,1
17792,227,1
17792,143,1
17792,391,1
17793,383,1
17793,258,1
17793,287,1
17794,137,3
17795,214,1
17795,216,1
17795,146,1
17796,282,1
17796,283,1
17796,261,1
17797,219,1
17797,127,1
17798,228,1
17799,266,1
17800,115,1
17800,115,1
17800,145,1
17801,377,1
17802,286,1
17803,310,1
17803,385,1
17804,267,1
17805,385,1
17806,241,1
17806,170,1
17806,136,1
17807,285,1
17808,365,2
17809,113,1
17809,288,1
17810,161,3
17811,316,2
17812,242,1
17812,178,1
17813,380,2
17814,148,1
17815,253,2
17816,187,1
17816,332,1
17817,357,2
17818,154,2
17819,226,1
17820,392,1
17821,254,1
17821,275,1
17822,308,1
17822,365,1
17822,304,1
17823,176,1
17824,358,1
17824,284,1
17824,211,1
17825,276,3
17826,209,1
17827,216,1
17828,221,3
17829,285,1
17829,306,1
17829,181,1
17830,345,1
17830,182,1
17830,255,1
17831,310,1
17832,104,1
17833,280,1
17834,145,1
17834,171,1
17834,288,1
17835,201,1
17836,273,2
17837,162,1
17837,280,1
17837,127,1
17838,249,2
17839,347,1
17840,199,1
17841,353,1
17841,114,1
17841,258,1
17842,222,2
17843,202,1
17844,353,2
17845,379,1
17846,338,3
17847,384,1
17848,106,1
17849,332,3
17850,348,1
17851,207,3
17852,128,3
17853,179,1
17854,250,1
17854,206,1
17854,166,1
17855,277,3
17856,152,1
17856,147,1
17856,352,1
17857,179,1
17858,116,1
17859,344,1
17860,340,1
17860,222,1
17860,139,1
17861,170,2
17862,138,1
17862,290,1
17863,345,1
17864,353,1
17864,181,1
17865,127,1
17866,271,2
17867,306,3
17868,375,1
17869,355,1
17869,351,1
17869,201,1
17870,306,1
17871,256,3
17872,271,1
17873,369,1
17873,116,1
17874,323,1
17874,300,1
17874,283,1
17875,318,3
17876,285,3
17877,353,1
17878,353,3
17879,294,1
17879,283,1
17879,243,1
17880,134,1
17881,106,1
17881,228,1
17881,253,1
17882,335,2
17883,370,2
17884,154,3
17885,228,2
17886,199,2
17887,180,1
17887,142,1
17888,337,1
17888,350,1
17889,346,1
17889,225,1
17890,139,1
17891,354,2
17892,389,1
17892,120,1
17892,363,1
17893,275,1
17893,370,1
17894,342,1
17894,374,1
17894,363,1
17895,379,2
17896,196,2
17897,203,2
17898,131,2
17899,101,1
17900,374,1
17900,121,1
17901,169,1
17902,182,1
17903,363,3
17904,400,1
17905,381,3
17906,379,1
17906,250,1
17907,343,3
17908,291,1
17908,306,1
17909,344,3
17910,360,1
17910,278,1
17910,291,1
17911,105,2
17912,278,1
17913,360,3
17914,138,1
17915,221,1
17916,367,1
17916,117,1
17917,259,1
17917,367,1
17918,281,3
17919,207,1
17919,390,1
17920,350,3
17921,259,2
17922,239,1
17922,329,1
17923,291,1
17924,242,1
17924,137,1
17924,290,1
17925,384,1
17926,189,1
17927,271,1
17927,290,1
17927,204,1
17928,266,1
17928,380,1
17929,369,3
17930,335,3
17931,222,2
17932,206,1
17932,174,1
17933,317,3
17934,125,1
17935,235,1
17936,259,2
17937,223,1
17937,293,1
17937,139,1
17938,126,1
17938,265,1
17938,276,1
17939,149,1
17940,359,1
17941,350,1
17941,383,1
17941,203,1
17942,129,2
17943,257,1
17944,356,3
17945,131,1
17945,253,1
17945,166,1
17946,363,1
17947,278,1
17947,250,1
17948,108,1
17949,235,1
17949,262,1
17949,158,1
17950,168,3
17951,351,1
17951,276,1
17952,153,1
17953,184,3
17954,173,1
17954,169,1
17954,278,1
17955,188,1
17956,119,1
17956,261,1
17957,128,1
17957,181,1
17958,202,2
17959,387,1
17959,120,1
17959,221,1
17960,363,1
17960,310,1
17961,321,1
17961,118,1
17962,349,2
17963,322,3
17964,272,2
17965,331,1
17965,121,1
17965,141,1
17966,180,3
17967,324,1
17968,370,3
17969,106,1
17969,379,1
17969,305,1
17970,177,2
17971,183,1
17971,364,1
17972,326,1
17973,316,1
17973,241,1
17973,378,1
17974,116,1
17974,193,1
17975,378,3
17976,172,3
17977,261,2
17978,352,1
17978,246,1
17979,228,1
17979,132,1
17980,394,2
17981,330,1
17982,392,1
17983,138,1
17983,219,1
17984,160,3
17985,319,1
17985,221,1
17986,400,1
17987,178,2
17988,360,1
17989,347,1
17990,215,3
17991,162,3
17992,156,1
17992,124,1
17993,219,1
17993,203,1
17993,194,1
17994,276,1
17995,231,1
17996,262,2
17997,192,1
17998,232,1
17998,359,1
17999,214,1
17999,247,1
18000,309,2
18001,375,1
18001,308,1
18001,337,1
18002,277,3
18003,222,1
18003,324,1
18004,242,3
18005,245,3
18006,107,3
18007,352,1
18007,277,1
18007,353,1
18008,347,1
18008,398,1
18008,384,1
18009,287,1
18009,346,1
18009,311,1
18010,130,1
18011,321,1
18012,227,3
18013,102,3
18014,303,1
18015,346,1
18015,363,1
18016,326,1
18016,269,1
18017,291,1
18018,194,1
18019,205,3
18020,107,1
18020,290,1
18020,110,1
18021,301,1
18022,151,1
18022,154,1
18023,317,1
18024,281,1
18025,113,2
18026,176,1
18027,217,2
18028,135,3
18029,207,1
18029,208,1
18030,175,2
18031,235,3
18032,142,1
18032,263,1
18033,300,1
18033,178,1
18033,246,1
18034,357,3
18035,223,1
18035,125,1
18036,336,2
18037,164,1
18038,123,1
18038,288,1
18039,398,1
18040,343,3
18041,339,1
18042,328,1
18042,154,1
18042,207,1
18043,192,2
18044,108,1
18045,101,1
18046,230,1
18046,385,1
18047,195,1
18047,248,1
18047,264,1
18048,371,3
18049,106,1
18049,259,1
18050,236,2
18051,278,3
18052,146,2
18053,154,2
18054,215,1
18054,300,1
18055,256,1
18056,147,1
18057,352,1
18057,224,1
18058,131,1
18059,176,3
18060,341,1
18060,234,1
18060,304,1
18061,263,1
18062,161,1
18063,135,1
18064,400,3
18065,163,1
18066,379,1
18067,387,3
18068,127,1
18068,102,1
18068,182,1
18069,368,1
18070,311,1
18071,193,1
18072,265,1
18072,283,1
18072,198,1
18073,292,2
18074,190,1
18075,264,2
18076,106,1
18076,278,1
18076,287,1
18077,264,2
18078,131,1
18079,317,3
18080,143,1
18081,340,1
18082,130,1
18082,262,1
18083,359,1
18084,330,1
18084,345,1
18085,374,1
18085,325,1
18086,382,1
18086,381,1
18087,351,3
18088,232,1
18089,164,1
18089,230,1
18090,125,2
18091,130,2
18092,368,1
18093,315,2
18094,294,1
18095,164,1
18096,269,3
18097,271,1
18097,125,1
18097,307,1
18098,221,3
18099,294,1
18100,149,3
18101,296,1
18101,202,1
18101,287,1
18102,170,1
18103,162,1
18104,159,1
18104,175,1
18105,241,1
18106,264,1
18106,166,1
18107,322,1
18108,308,3
18109,375,1
18109,307,1
18109,372,1
18110,310,1
18111,253,1
18111,139,1
18112,386,3
18113,347,2
18114,235,1
18114,315,1
18115,130,1
18116,322,3
18117,326,1
18118,231,1
18118,310,1
18119,176,1
18119,114,1
18119,221,1
18120,391,1
18121,303,1
18122,208,3
18123,284,1
18123,398,1
18123,198,1
18124,293,1
18125,335,3
18126,329,1
18126,394,1
18126,217,1
18127,315,1
18128,273,1
18129,241,1
18129,227,1
18130,124,1
18130,371,1
18130,101,1
18131,295,3
18132,271,1
18132,125,1
18132,316,1
18133,379,1
18134,303,1
18134,189,1
18134,307,1
18135,154,1
18136,170,3
18137,189,3
18138,147,1
18139,184,2
18140,245,1
18141,279,1
18141,281,1
18142,368,1
18142,118,1
18143,181,1
18144,164,1
18144,194,1
18145,174,3
18146,344,2
18147,367,1
18148,291,1
18148,363,1
18149,392,1
18149,208,1
18150,103,3
18151,322,1
18152,210,1
18152,223,1
18152,168,1
18153,189,1
18153,125,1
18154,116,2
18155,318,2
18156,390,3
18157,128,1
18158,255,1
18159,169,1
18160,176,1
18161,317,1
18162,230,1
18162,324,1
18162,316,1
18163,329,1
18164,297,1
18164,400,1
18164,290,1
18165,377,1
18166,328,1
18166,291,1
18167,175,3
18168,199,1
18169,185,2
18170,132,3
18171,378,3
18172,131,1
18172,243,1
18173,369,1
18173,248,1
18173,275,1
18174,383,2
18175,162,1
18175,254,1
18176,165,1
18177,160,1
18178,243,1
18179,147,1
18179,293,1
18179,226,1
18180,348,3
18181,189,1
18182,264,1
18183,294,3
18184,239,1
18184,320,1
18184,210,1
18185,199,2
18186,216,2
18187,389,2
18188,376,1
18189,238,1
18190,271,1
18190,356,1
18191,212,1
18191,370,1
18192,233,1
18193,208,1
18193,222,1
18194,234,1
18195,118,1
18195,173,1
18195,360,1
18196,385,2
18197,345,3
18198,336,1
18198,132,1
18199,232,3
18200,381,1
18200,171,1
18200,121,1
18201,398,3
18202,273,1
18202,280,1
18203,114,1
18203,218,1
18204,366,1
18205,286,1
18205,390,1
18205,124,1
18206,215,1
18206,251,1
18207,257,1
18208,150,3
18209,372,2
18210,255,2
18211,360,1
18212,264,2
18213,320,2
18214,276,1
18215,165,1
18215,151,1
18216,387,2
18217,298,2
18218,259,1
18219,372,1
18219,130,1
18220,335,2
18221,379,3
18222,116,1
18223,208,1
18223,328,1
18223,254,1
18224,326,1
18224,125,1
18224,199,1
18225,104,2
18226,151,1
18226,211,1
18226,371,1
18227,326,1
18227,216,1
18228,245,3
18229,294,2
18230,253,1
18230,215,1
18231,355,1
18232,243,2
18233,252,1
18233,183,1
18233,307,1
18234,349,1
18235,112,3
18236,221,3
18237,105,1
18238,250,1
18239,374,1
18240,150,1
18240,391,1
18241,266,1
18242,203,1
18242,176,1
18243,337,1
18244,395,1
18244,111,1
18244,174,1
18245,385,1
18245,125,1
18245,224,1
18246,103,1
18246,267,1
18246,168,1
18247,226,1
18247,155,1
18248,173,1
18248,188,1
18248,289,1
18249,222,3
18250,288,3
18251,156,1
18251,195,1
18252,306,1
18253,328,1
18253,303,1
18254,173,1
18254,370,1
18255,196,1
18255,373,1
18255,265,1
18256,375,1
18256,132,1
18256,137,1
18257,371,1
18257,183,1
18258,177,1
18259,202,3
18260,331,1
18260,235,1
18261,247,1
18262,376,1
18263,163,1
18264,282,1
18264,292,1
18264,155,1
18265,353,1
18266,363,1
18267,169,1
18268,187,1
18268,105,1
18268,132,1
18269,328,2
18270,187,2
18271,301,2
18272,333,1
18273,105,1
18273,292,1
18273,267,1
18274,231,2
18275,253,1
18276,171,3
18277,265,1
18278,158,2
18279,306,1
18279,379,1
18280,119,3
18281,131,1
18281,366,1
18281,184,1
18282,106,1
18282,220,1
18282,305,1
18283,149,2
18284,350,1
18284,232,1
18284,376,1
18285,386,1
18286,248,1
18286,353,1
18287,388,1
18288,358,1
18288,381,1
18289,136,1
18289,341,1
18289,376,1
18290,174,1
18291,206,1
18292,118,1
18292,162,1
18292,347,1
18293,333,1
18294,159,1
18295,335,3
18296,284,1
18297,293,1
18297,114,1
18298,222,2
18299,280,3
18300,245,3
18301,371,3
18302,400,2
18303,225,1
18304,245,1
18304,196,1
18305,222,1
18305,211,1
18306,340,1
18307,395,1
18307,177,1
18307,176,1
18308,105,3
18309,235,3
18310,311,1
18310,242,1
18310,110,1
18311,162,3
18312,153,1
18313,317,1
18314,208,1
18315,185,1
18316,160,2
18317,246,1
18317,102,1
18317,307,1
18318,131,1
18318,113,1
18319,185,1
18319,168,1
18319,397,1
18320,173,3
18321,330,1
18321,140,1
18321,326,1
18322,351,1
18322,253,1
18322,290,1
18323,105,3
18324,240,2
18325,226,2
18326,177,3
18327,268,2
18328,185,1
18328,384,1
18329,233,2
18330,274,1
18331,198,1
18332,159,1
18333,229,1
18333,130,1
18334,197,1
18334,378,1
18334,280,1
18335,360,1
18336,126,3
18337,343,3
18338,266,3
18339,310,1
18339,154,1
18339,149,1
18340,252,1
18341,355,1
18341,134,1
18342,191,1
18343,395,1
18343,317,1
18343,268,1
18344,366,1
18345,120,1
18346,269,2
18347,125,2
18348,378,3
18349,396,1
18350,116,1
18350,139,1
18350,206,1
18351,122,3
18352,192,1
18352,363,1
18352,270,1
18353,164,1
18354,121,1
18355,387,1
18355,108,1
18356,129,2
18357,338,2
18358,366,1
18358,128,1
18359,203,2
18360,226,1
18360,283,1
18361,220,1
18362,348,3
18363,207,2
18364,385,1
18365,188,1
18366,244,1
18367,249,1
18367,272,1
18367,337,1
18368,200,1
18369,175,1
18370,307,1
18371,399,3
18372,241,1
18373,381,1
18374,322,2
18375,175,1
18376,189,2
18377,220,3
18378,152,2
18379,155,1
18380,149,3
18381,309,2
18382,301,3
18383,250,1
18383,379,1
18384,283,3
18385,363,2
18386,388,1
18386,258,1
18387,171,2
18388,342,1
18388,288,1
18389,225,1
18389,114,1
18389,313,1
18390,373,1
18390,379,1
18390,356,1
18391,129,1
18391,378,1
18392,300,1
18393,289,1
18394,255,1
18394,110,1
18394,362,1
18395,187,1
18395,251,1
18395,133,1
18396,167,1
18397,237,2
18398,251,3
18399,143,1
18399,237,1
18400,314,1
18400,228,1
18400,201,1
18401,281,2
18402,394,2
18403,330,2
18404,198,3
18405,329,1
18405,268,1
18405,299,1
18406,185,1
18406,269,1
18407,159,1
18408,252,1
18408,237,1
18409,395,3
18410,374,1
18410,220,1
18411,372,1
18412,220,1
18412,118,1
18413,372,1
18414,326,3
18415,138,3
18416,214,1
18417,206,1
18418,113,1
18419,301,1
18419,284,1
18420,299,1
18421,160,1
18421,144,1
18422,374,3
18423,187,1
18424,293,1
18424,155,1
18425,316,1
18425,319,1
18426,395,3
18427,314,1
18427,103,1
18427,197,1
18428,167,1
18429,149,1
18429,198,1
18429,198,1
18430,150,3
18431,158,1
18431,241,1
18431,348,1
18432,263,1
18432,198,1
18433,204,1
18434,366,1
18434,237,1
18434,160,1
18435,123,1
18436,156,1
18437,219,1
18437,399,1
18437,363,1
18438,130,2
18439,248,3
18440,237,1
18440,303,1
18441,179,1
18442,328,2
18443,188,1
18444,183,1
18444,273,1
18445,238,1
18445,289,1
18445,399,1
18446,182,1
18447,318,1
18447,120,1
18448,203,3
18449,371,3
18450,393,1
18450,212,1
18451,160,1
18452,379,1
18452,322,1
18453,248,3
18454,318,3
18455,271,1
18455,302,1
18455,398,1
18456,125,2
18457,308,3
18458,125,1
18458,184,1
18459,390,3
18460,178,1
18460,343,1
18461,190,1
18461,249,1
18462,175,2
18463,242,1
18464,168,1
18464,283,1
18465,114,1
18465,360,1
18465,196,1
18466,197,1
18466,195,1
18467,377,3
18468,329,1
18469,201,1
18470,365,1
18471,394,1
18472,179,1
18473,162,1
18473,383,1
18474,182,1
18474,264,1
18474,117,1
18475,279,1
18476,340,2
18477,189,3
18478,259,1
18478,220,1
18479,288,1
18479,101,1
18480,387,2
18481,309,2
18482,361,1
18483,393,1
18483,233,1
18483,157,1
18484,236,2
18485,118,3
18486,250,1
18486,320,1
18487,341,3
18488,225,3
18489,291,1
18489,270,1
18490,225,1
18490,328,1
18490,142,1
18491,331,2
18492,252,1
18492,386,1
18492,109,1
18493,145,2
18494,202,3
18495,167,3
18496,315,2
18497,178,1
18498,313,1
18498,173,1
18498,296,1
18499,389,2
18500,370,2
18501,234,3
18502,289,2
18503,229,1
18503,368,1
18503,147,1
18504,323,1
18505,279,1
18506,170,1
18506,330,1
18506,387,1
18507,266,1
18507,228,1
18508,387,3
18509,158,3
18510,357,1
18511,110,1
18511,308,1
18512,246,1
18513,227,1
18513,325,1
18514,227,1
18515,385,1
18516,293,1
18517,218,2
18518,189,1
18518,261,1
18518,313,1
18519,308,1
18520,245,1
18521,382,2
18522,142,1
18523,203,1
18524,132,1
18525,159,1
18525,376,1
18526,157,2
18527,101,2
18528,382,1
18528,208,1
18529,209,3
18530,321,3
18531,159,1
18532,364,1
18532,276,1
18533,312,2
18534,346,1
18535,200,2
18536,293,1
18537,349,3
18538,201,1
18538,331,1
18538,209,1
18539,172,2
18540,132,1
18540,167,1
18541,377,1
18541,338,1
18541,206,1
18542,112,2
18543,137,1
18543,307,1
18544,165,2
18545,154,2
18546,333,2
18547,262,1
18548,116,1
18549,114,1
18550,139,1
18551,290,1
18551,112,1
18552,135,1
18553,218,1
18554,179,1
18555,400,1
18556,215,1
18557,165,1
18558,102,1
18559,116,1
18560,126,1
18560,191,1
18561,305,3
18562,385,1
18562,303,1
18563,377,1
18564,290,1
18565,336,3
18566,180,1
18566,382,1
18567,232,1
18568,231,1
18568,229,1
18569,369,1
18569,389,1
18570,366,1
18571,324,2
18572,179,1
18573,111,1
18574,293,1
18574,122,1
18574,157,1
18575,108,2
18576,281,1
18576,379,1
18576,308,1
18577,338,1
18578,301,1
18579,348,1
18580,101,1
18580,153,1
18580,369,1
18581,225,1
18582,309,1
18583,265,2
18584,360,1
18584,232,1
18584,306,1
18585,220,3
18586,162,3
18587,197,1
18588,354,1
18589,255,2
18590,328,3
18591,132,1
18592,141,2
18593,293,1
18594,192,1
18595,388,1
18595,109,1
18596,332,2
18597,197,2
18598,187,1
18599,186,1
18599,191,1
18599,150,1
18600,124,1
18601,121,1
18601,280,1
18602,153,1
18603,366,1
18604,292,1
18604,170,1
18605,183,3
18606,106,3
18607,199,1
18607,340,1
18607,127,1
18608,212,2
18609,341,1
18609,194,1
18609,162,1
18610,130,1
18610,109,1
18610,313,1
18611,197,2
18612,239,3
18613,280,2
18614,238,3
18615,320,3
18616,199,1
18617,116,3
18618,372,2
18619,203,3
18620,280,3
18621,107,1
18621,216,1
18621,143,1
18622,277,1
18623,388,3
18624,222,2
18625,241,1
18626,123,3
18627,241,3
18628,326,1
18629,267,3
18630,220,1
18630,385,1
18630,286,1
18631,221,1
18632,377,1
18633,256,2
18634,364,1
18634,162,1
18634,349,1
18635,158,3
18636,271,1
18637,111,1
18637,222,1
18638,240,1
18638,335,1
18638,325,1
18639,370,2
18640,272,2
18641,148,3
18642,353,2
18643,380,1
18644,105,1
18645,168,3
18646,138,1
18646,248,1
18647,198,1
18648,312,3
18649,359,2
18650,269,3
18651,164,1
18651,206,1
18652,360,3
18653,280,1
18654,205,1
18655,235,1
18656,114,1
18657,291,1
18657,246,1
18657,295,1
18658,140,2
18659,348,1
18659,379,1
18659,147,1
18660,120,3
18661,320,1
18661,350,1
18662,107,3
18663,370,1
18663,343,1
18663,145,1
18664,168,1
18664,282,1
18664,124,1
18665,118,2
18666,382,1
18667,210,3
18668,135,2
18669,169,3
18670,372,1
18670,245,1
18671,256,2
18672,264,2
18673,194,1
18673,356,1
18673,325,1
18674,223,2
18675,304,3
18676,321,2
18677,161,1
18678,319,1
18679,391,1
18679,151,1
18679,317,1
18680,261,2
18681,117,1
18682,320,1
18682,192,1
18683,157,1
18684,328,1
18685,109,2
18686,127,1
18686,361,1
18686,334,1
18687,356,3
18688,141,2
18689,232,1
18690,362,1
18690,259,1
18690,120,1
18691,165,2
18692,283,1
18693,104,2
18694,136,1
18695,400,1
18696,254,1
18696,259,1
18696,239,1
18697,191,1
18698,273,2
18699,220,3
18700,356,3
18701,175,1
18702,294,1
18703,278,1
18703,277,1
18704,354,3
18705,175,2
18706,399,3
18707,322,1
18708,333,1
18708,320,1
18709,121,1
18710,217,1
18711,241,3
18712,103,3
18713,101,2
18714,228,1
18715,101,3
18716,247,1
18716,118,1
18716,393,1
18717,133,3
18718,318,1
18719,268,3
18720,212,1
18720,392,1
18720,306,1
18721,265,1
18722,252,1
18723,157,1
18724,380,2
18725,279,3
18726,134,1
18727,266,1
18727,247,1
18727,392,1
18728,328,1
18728,131,1
18728,353,1
18729,310,1
18729,303,1
18729,254,1
18730,359,2
18731,371,1
18732,217,1
18732,278,1
18732,171,1
18733,341,2
18734,184,1
18735,332,1
18736,249,1
18737,239,1
18738,239,1
18738,142,1
18738,251,1
18739,168,1
18739,218,1
18740,199,1
18741,312,1
18742,397,2
18743,198,1
18743,225,1
18744,383,1
18744,234,1
18744,250,1
18745,136,2
18746,279,1
18747,241,3
18748,254,2
18749,166,1
18750,255,1
18751,280,2
18752,388,1
18753,306,3
18754,198,2
18755,191,1
18756,364,1
18757,153,2
18758,327,3
18759,201,1
18759,230,1
18759,312,1
18760,239,1
18760,196,1
18760,305,1
18761,141,1
18761,117,1
18762,355,1
18762,173,1
18763,277,1
18763,276,1
18763,197,1
18764,107,3
18765,392,1
18765,245,1
18766,297,1
18767,263,2
18768,282,2
18769,126,1
18769,129,1
18769,316,1
18770,118,2
18771,375,1
18772,337,1
18772,212,1
18773,383,1
18773,215,1
18774,342,3
18775,266,1
18776,301,1
18777,372,3
18778,199,1
18778,238,1
18779,389,2
18780,186,1
18780,240,1
18780,375,1
18781,316,1
18781,156,1
18781,143,1
18782,279,1
18783,169,1
18783,240,1
18784,220,1
18785,355,1
18785,121,1
18786,360,1
18787,207,1
18788,296,1
18788,160,1
18788,375,1
18789,379,1
18789,223,1
18790,385,3
18791,189,3
18792,106,1
18793,173,1
18793,256,1
18793,322,1
18794,263,1
18795,198,1
18796,138,1
18796,299,1
18797,186,3
18798,363,1
18799,153,1
18799,320,1
18800,130,1
18800,229,1
18801,199,3
18802,144,1
18803,329,1
18803,262,1
18804,240,2
18805,182,3
18806,104,1
18806,243,1
18806,195,1
18807,318,1
18807,247,1
18807,292,1
18808,196,1
18808,297,1
18808,328,1
18809,366,1
18810,296,1
18811,245,1
18811,151,1
18811,131,1
18812,211,2
18813,377,1
18813,339,1
18813,389,1
18814,293,3
18815,134,2
18816,135,2
18817,207,1
18818,122,1
18819,393,2
18820,293,1
18821,385,1
18822,179,1
18823,187,1
18823,160,1
18824,272,3
18825,230,1
18826,140,1
18827,148,2
18828,327,1
18828,270,1
18828,128,1
18829,118,1
18829,145,1
18829,195,1
18830,166,2
18831,333,3
18832,234,1
18833,365,1
18833,338,1
18834,311,3
18835,227,3
18836,327,1
18836,373,1
18837,259,1
18837,322,1
18838,180,3
18839,282,1
18840,336,1
18841,206,1
18841,254,1
18842,258,3
18843,199,1
18843,308,1
18843,135,1
18844,161,1
18844,191,1
18844,184,1
18845,371,1
18845,330,1
18845,325,1
18846,315,1
18847,281,1
18848,128,1
18849,163,1
18849,357,1
18850,340,2
18851,333,1
18851,319,1
18852,279,2
18853,155,1
18854,251,3
18855,392,3
18856,228,2
18857,142,2
18858,261,1
18858,145,1
18859,258,2
18860,310,1
18861,344,1
18862,325,2
18863,349,2
18864,347,1
18865,276,1
18865,385,1
18866,194,1
18866,202,1
18866,377,1
18867,392,1
18867,279,1
18867,208,1
18868,244,1
18869,265,1
18870,379,1
18870,324,1
18870,271,1
18871,287,1
18872,289,1
18872,340,1
18873,128,3
18874,132,1
18875,256,1
18876,204,1
18877,209,3
18878,141,1
18879,221,3
18880,180,1
18881,113,3
18882,294,3
18883,291,1
18883,259,1
18884,262,1
18885,135,1
18885,390,1
18886,208,1
18886,188,1
18887,240,1
18888,246,3
18889,137,3
18890,288,1
18890,218,1
18890,244,1
18891,219,2
18892,368,3
18893,348,3
18894,341,1
18895,152,3
18896,337,2
18897,252,2
18898,117,1
18899,337,1
18899,320,1
18900,236,1
18900,101,1
18900,168,1
18901,225,3
18902,272,1
18902,233,1
18902,128,1
18903,273,1
18903,324,1
18903,297,1
18904,336,1
18904,166,1
18904,118,1
18905,360,2
18906,204,2
18907,205,3
18908,325,1
18909,286,1
18909,194,1
18910,342,2
18911,197,1
18911,331,1
18912,190,1
18912,213,1
18912,374,1
18913,167,1
18914,101,2
18915,209,1
18915,353,1
18915,361,1
18916,223,1
18916,335,1
18916,308,1
18917,349,3
18918,102,2
18919,368,2
18920,180,1
18920,222,1
18921,305,1
18921,245,1
18921,252,1
18922,122,1
18923,181,1
18924,117,1
18924,309,1
18924,104,1
18925,355,1
18926,192,1
18926,378,1
18926,179,1
18927,107,1
18927,194,1
18927,317,1
18928,162,1
18928,142,1
18929,175,2
18930,158,1
18930,137,1
18930,109,1
18931,170,2
18932,160,1
18933,367,1
18934,246,3
18935,132,1
18936,102,1
18936,239,1
18937,305,1
18937,254,1
18938,182,2
18939,229,1
18940,225,1
18940,165,1
18940,152,1
18941,271,1
18941,239,1
18941,323,1
18942,129,1
18943,120,1
18944,274,1
18945,314,1
18945,368,1
18945,391,1
18946,338,1
18946,136,1
18946,377,1
18947,271,1
18948,157,2
18949,186,1
18950,102,1
18951,213,1
18951,143,1
18952,244,1
18952,357,1
18952,330,1
18953,361,3
18954,249,1
18955,230,3
18956,311,1
18956,307,1
18957,203,2
18958,289,3
18959,145,1
18960,330,1
18960,196,1
18961,296,3
18962,173,1
18963,347,1
18964,153,2
18965,314,2
18966,124,1
18967,359,2
18968,353,3
18969,301,2
18970,154,1
18971,300,3
18972,376,1
18973,357,2
18974,275,1
18974,369,1
18975,305,1
18976,178,1
18976,336,1
18977,260,1
18977,180,1
18978,107,1
18978,298,1
18979,208,2
18980,261,2
18981,342,1
18982,303,1
18982,252,1
18983,230,1
18984,142,1
18985,142,3
18986,215,1
18987,239,1
18988,107,1
18988,216,1
18988,255,1
18989,298,2
18990,324,1
18990,248,1
18991,396,2
18992,200,1
18993,154,1
18994,397,1
18994,223,1
18995,223,2
18996,190,2
18997,156,3
18998,207,1
18999,303,1
18999,337,1
18999,391,1
19000,352,2
19001,136,3
19002,195,1
19002,185,1
19002,196,1
19003,323,1
19004,269,3
19005,240,3
19006,334,1
19007,145,3
19008,209,1
19008,282,1
19009,109,2
19010,381,1
19010,153,1
19011,340,1
19012,362,3
19013,246,3
19014,231,1
19014,165,1
19014,175,1
19015,335,2
19016,147,1
19017,133,2
19018,126,1
19018,370,1
19019,324,2
19020,344,1
19021,249,1
19022,267,3
19023,167,1
19023,224,1
19023,226,1
19024,232,1
19024,140,1
19025,336,2
19026,169,1
19026,329,1
19026,223,1
19027,355,1
19027,305,1
19028,165,2
19029,365,1
19029,270,1
19030,104,3
19031,385,1
19032,387,1
19033,389,3
19034,211,1
19034,216,1
19034,327,1
19035,296,1
19035,320,1
19036,382,1
19037,348,2
19038,228,1
19039,120,1
19039,238,1
19040,105,3
19041,228,1
19041,169,1
19042,156,1
19042,204,1
19043,334,1
19043,222,1
19043,328,1
19044,346,1
19044,353,1
19045,380,1
19045,127,1
19045,358,1
19046,390,3
19047,180,1
19048,278,2
19049,250,1
19049,240,1
19050,334,3
19051,188,1
19052,347,1
19052,372,1
19052,332,1
19053,268,1
19054,264,1
19054,325,1
19055,344,1
19056,218,1
19057,398,1
19057,367,1
19057,323,1
19058,253,1
19059,362,2
19060,215,1
19061,119,3
19062,278,1
19063,326,3
19064,120,1
19064,388,1
19065,314,1
19065,121,1
19065,171,1
19066,393,2
19067,223,2
19068,338,1
19069,106,1
19070,302,3
19071,221,1
19072,221,3
19073,380,1
19074,373,3
19075,118,3
19076,180,3
19077,289,1
19077,228,1
19078,227,1
19078,375,1
19079,351,3
19080,296,3
19081,164,3
19082,323,1
19082,221,1
19083,217,1
19084,353,1
19085,173,1
19086,287,1
19086,331,1
19087,338,1
19087,183,1
19088,212,1
19088,122,1
19089,110,1
19090,219,1
19090,214,1
19091,158,2
19092,203,1
19092,247,1
19092,327,1
19093,183,2
19094,324,1
19094,238,1
19094,107,1
19095,186,3
19096,257,3
19097,139,3
19098,330,1
19099,283,3
19100,206,1
19100,147,1
19101,372,1
19101,159,1
19102,158,1
19103,213,1
19103,352,1
19103,283,1
19104,253,3
19105,296,3
19106,196,1
19106,176,1
19107,182,1
19107,386,1
19108,356,1
19108,298,1
19108,354,1
19109,101,1
19109,149,1
19110,165,1
19110,295,1
19110,162,1
19111,236,1
19112,264,1
19113,343,3
19114,321,2
19115,106,2
19116,317,3
19117,174,1
19117,178,1
19118,388,1
19118,146,1
19119,311,1
19119,380,1
19120,328,3
19121,354,1
19121,297,1
19121,347,1
19122,265,2
19123,196,1
19124,283,1
19124,361,1
19124,320,1
19125,400,3
19126,217,1
19126,334,1
19126,314,1
19127,231,3
19128,252,1
19129,336,1
19129,390,1
19129,387,1
19130,268,1
19131,263,1
19132,343,1
19133,210,1
19134,331,1
19134,167,1
19135,143,1
19135,175,1
19135,368,1
19136,226,1
19137,176,1
19137,140,1
19138,393,2
19139,381,1
19139,290,1
19140,126,1
19140,365,1
19140,327,1
19141,389,3
19142,299,2
19143,317,1
19144,295,1
19144,362,1
19145,275,1
19146,124,1
19146,377,1
19147,130,2
19148,267,3
19149,113,1
19149,199,1
19150,382,3
19151,352,1
19152,230,1
19153,220,1
19154,281,1
19155,230,2
19156,240,1
19157,325,2
19158,241,1
19159,326,1
19160,249,2
19161,209,3
19162,234,1
19163,131,2
19164,179,2
19165,176,1
19166,236,3
19167,109,1
19167,127,1
19167,157,1
19168,242,1
19168,314,1
19168,149,1
19169,202,1
19170,162,3
19171,105,1
19171,224,1
19172,294,1
19173,275,1
19174,331,3
19175,300,1
19176,262,2
19177,378,1
19177,392,1
19177,279,1
19178,356,1
19178,175,1
19178,199,1
19179,130,1
19180,247,1
19180,301,1
19181,260,1
19182,282,2
19183,101,2
19184,119,3
19185,224,1
19186,222,3
19187,325,1
19188,211,3
19189,267,1
19190,127,1
19190,274,1
19190,184,1
19191,371,1
19192,272,2
19193,148,2
19194,214,1
19194,190,1
19195,125,1
19195,259,1
19196,131,1
19197,143,1
19197,372,1
19197,387,1
19198,250,2
19199,279,1
19200,322,2
19201,286,1
19202,176,2
19203,202,1
19203,207,1
19203,348,1
19204,243,1
19204,123,1
19205,302,3
19206,318,1
19206,186,1
19206,363,1
19207,394,2
19208,161,3
19209,102,1
19209,350,1
19209,141,1
19210,381,1
19211,339,2
19212,393,3
19213,263,3
19214,112,1
19214,237,1
19214,252,1
19215,160,3
19216,129,1
19217,385,1
19218,277,1
19218,159,1
19218,203,1
19219,297,2
19220,331,1
19220,232,1
19221,342,1
19222,161,1
19222,150,1
19222,138,1
19223,348,3
19224,118,1
19225,149,1
19225,316,1
19226,201,1
19226,183,1
19226,103,1
19227,263,1
19227,179,1
19227,275,1
19228,362,2
19229,218,1
19230,270,3
19231,164,3
19232,308,1
19233,151,1
19234,209,3
19235,271,1
19236,119,1
19236,121,1
19236,340,1
19237,234,1
19237,121,1
19237,349,1
19238,151,1
19238,352,1
19239,330,1
19240,179,1
19240,378,1
19241,317,1
19241,111,1
19241,114,1
19242,117,2
19243,279,1
19244,316,2
19245,391,1
19245,198,1
19245,201,1
19246,107,2
19247,236,1
19248,207,2
19249,296,1
19250,227,1
19251,134,1
19252,201,1
19253,198,1
19253,326,1
19254,151,3
19255,122,3
19256,159,1
19256,359,1
19256,291,1
19257,252,2
19258,242,2
19259,330,1
19259,269,1
19260,242,1
19261,363,1
19261,360,1
19262,184,3
19263,319,1
19264,300,3
19265,312,3
19266,200,1
19266,201,1
19267,216,1
19268,325,1
19268,228,1
19269,297,2
19270,137,1
19270,270,1
19270,278,1
19271,269,2
19272,276,3
19273,112,1
19273,397,1
19274,361,3
19275,323,1
19276,159,1
19277,134,3
19278,333,2
19279,326,1
19280,163,1
19280,105,1
19280,120,1
19281,263,1
19282,278,1
19282,300,1
19283,158,1
19283,188,1
19284,105,1
19285,391,1
19285,200,1
19286,247,1
19286,191,1
19286,275,1
19287,319,1
19287,221,1
19288,282,2
19289,247,1
19290,213,3
19291,392,3
19292,104,2
19293,202,1
19293,109,1
19293,118,1
19294,359,1
19294,177,1
19295,135,1
19296,365,1
19297,277,2
19298,386,3
19299,238,1
19299,380,1
19299,250,1
19300,260,1
19301,220,1
19302,386,1
19303,204,1
19304,182,1
19305,175,1
19306,207,1
19307,288,1
19307,263,1
19308,258,1
19308,115,1
19308,300,1
19309,232,1
19310,131,1
19311,295,1
19312,185,1
19313,275,3
19314,299,1
19315,106,1
19315,318,1
19315,233,1
19316,294,2
19317,180,2
19318,139,1
19319,109,1
19320,330,2
19321,234,3
19322,321,1
19323,353,1
19324,175,1
19325,257,1
19325,101,1
19326,211,3
19327,339,1
19328,170,2
19329,126,1
19329,367,1
19330,209,1
19331,219,1
19331,382,1
19331,174,1
19332,172,1
19333,189,2
19334,380,3
19335,381,3
19336,109,1
19336,325,1
19337,154,1
19338,190,1
19339,271,1
19339,362,1
19339,229,1
19340,266,1
19340,313,1
19340,353,1
19341,290,1
19341,247,1
19341,318,1
19342,226,3
19343,314,1
19344,298,1
19345,134,2
19346,187,1
19347,323,2
19348,216,1
19349,329,1
19349,175,1
19350,140,1
19350,179,1
19351,372,1
19351,283,1
19352,228,3
19353,388,2
19354,306,2
19355,313,1
19356,147,1
19357,274,1
19358,225,1
19358,186,1
19359,228,1
19359,396,1
19359,273,1
19360,245,1
19360,305,1
19361,140,1
19361,344,1
19361,235,1
19362,327,2
19363,103,1
19363,279,1
19364,133,1
19365,316,1
19366,208,2
19367,213,3
19368,182,1
19368,173,1
19369,329,1
19369,256,1
19369,221,1
19370,316,3
19371,208,1
19372,319,2
19373,387,1
19373,291,1
19374,264,1
19374,121,1
19374,124,1
19375,254,2
19376,387,2
19377,383,1
19378,260,1
19378,133,1
19378,399,1
19379,135,1
19380,379,3
19381,367,2
19382,376,1
19382,190,1
19383,384,1
19384,342,3
19385,219,1
19385,268,1
19385,120,1
19386,359,3
19387,359,1
19388,321,1
19388,312,1
19388,211,1
19389,395,1
19390,178,3
19391,166,1
19392,207,1
19392,329,1
19393,317,1
19393,257,1
19393,378,1
19394,259,1
19394,317,1
19394,199,1
19395,180,1
19395,346,1
19395,343,1
19396,278,1
19397,339,1
19398,249,1
19399,128,2
19400,275,1
19401,102,2
19402,192,1
19402,121,1
19402,310,1
19403,131,1
19403,383,1
19404,332,3
19405,217,3
19406,316,1
19407,147,3
19408,161,1
19409,102,3
19410,189,3
19411,230,1
19412,366,1
19412,238,1
19412,191,1
19413,400,1
19413,234,1
19414,271,3
19415,205,1
19416,152,1
19416,340,1
19417,274,1
19418,381,3
19419,244,1
19419,110,1
19419,248,1
19420,144,1
19420,195,1
19421,190,3
19422,121,1
19422,374,1
19422,190,1
19423,300,1
19424,156,1
19424,335,1
19425,102,2
19426,159,3
19427,124,1
19428,341,1
19429,248,1
19430,281,1
19430,382,1
19430,310,1
19431,320,2
19432,167,1
19432,150,1
19433,145,1
19434,343,3
19435,182,1
19435,302,1
19436,380,2
19437,185,1
19438,189,1
19439,120,1
19439,132,1
19440,106,1
19441,132,3
19442,249,2
19443,329,1
19444,156,1
19444,151,1
19445,158,2
19446,169,2
19447,301,1
19448,204,1
19448,348,1
19449,155,2
19450,302,1
19451,239,3
19452,147,1
19452,271,1
19452,375,1
19453,307,3
19454,194,2
19455,262,1
19456,233,1
19456,379,1
19456,348,1
19457,244,3
19458,393,2
19459,223,1
19459,236,1
19459,364,1
19460,373,1
19461,224,1
19462,190,1
19462,281,1
19462,121,1
19463,109,3
19464,392,1
19465,130,1
19465,107,1
19466,172,3
19467,116,1
19467,287,1
19467,308,1
19468,190,1
19468,194,1
19469,101,1
19470,250,1
19470,388,1
19470,266,1
19471,117,1
19471,127,1
19472,398,2
19473,225,1
19473,273,1
19474,306,1
19474,155,1
19474,229,1
19475,300,2
19476,307,1
19477,128,1
19478,284,1
19479,307,1
19479,267,1
19480,334,1
19481,113,2
19482,380,3
19483,227,2
19484,227,3
19485,308,2
19486,199,1
19487,209,1
19488,217,1
19489,145,1
19489,168,1
19490,106,1
19491,127,3
19492,353,1
19492,326,1
19493,358,3
19494,193,1
19494,118,1
19494,171,1
19495,326,1
19496,296,2
19497,321,1
19497,150,1
19498,373,3
19499,327,1
19499,334,1
19500,314,1
19500,209,1
19501,320,1
19501,342,1
19502,333,1
19503,305,1
19504,261,1
19504,171,1
19505,111,1
19505,382,1
19505,299,1
19506,193,1
19507,115,2
19508,138,1
19509,280,2
19510,392,1
19510,279,1
19510,254,1
19511,260,3
19512,316,1
19512,383,1
19513,281,2
19514,366,1
19514,279,1
19515,148,1
19516,194,1
19516,227,1
19517,355,2
19518,124,1
19519,212,2
19520,127,3
19521,116,1
19522,232,2
19523,323,2
19524,170,3
19525,248,1
19525,211,1
19526,134,1
19526,226,1
19526,340,1
19527,382,1
19527,395,1
19528,395,1
19529,151,3
19530,376,1
19530,261,1
19531,130,1
19532,178,1
19533,220,1
19534,250,1
19534,392,1
19534,199,1
19535,196,1
19536,343,1
19537,327,1
19537,146,1
19538,284,1
19539,298,1
19540,386,3
19541,205,2
19542,118,1
19542,167,1
19542,299,1
19543,344,1
19543,395,1
19543,236,1
19544,269,1
19545,349,1
19545,383,1
19546,128,1
19547,220,1
19547,190,1
19547,229,1
19548,166,3
19549,395,1
19550,382,1
19551,168,1
19551,153,1
19551,112,1
19552,109,2
19553,358,1
19554,167,1
19555,218,2
19556,154,1
19557,231,1
19557,179,1
19558,279,1
19558,249,1
19558,256,1
19559,387,1
19560,305,1
19560,284,1
19561,169,2
19562,130,1
19563,312,2
19564,396,1
19565,367,1
19565,221,1
19566,276,1
19567,383,1
19568,255,1
19569,382,2
19570,228,1
19570,362,1
19571,297,1
19572,131,1
19572,323,1
19573,395,1
19573,155,1
19574,289,2
19575,258,2
19576,192,1
19576,170,1
19577,246,1
19577,213,1
19578,363,1
19578,129,1
19578,178,1
19579,277,1
19579,278,1
19579,240,1
19580,368,1
19580,114,1
19580,156,1
19581,370,1
19581,346,1
19582,254,1
19583,142,1
19584,388,3
19585,327,1
19585,194,1
19585,147,1
19586,365,1
19586,270,1
19587,313,1
19587,125,1
19587,139,1
19588,211,1
19589,167,2
19590,218,1
19590,140,1
19590,135,1
19591,254,1
19591,127,1
19591,170,1
19592,244,1
19592,272,1
19592,269,1
19593,222,1
19593,213,1
19593,257,1
19594,169,1
19595,174,2
19596,183,3
19597,224,1
19597,355,1
19598,306,1
19598,358,1
19599,231,1
19599,222,1
19599,148,1
19600,185,1
19601,274,1
19601,136,1
19602,161,2
19603,204,3
19604,152,1
19604,117,1
19604,315,1
19605,392,1
19605,391,1
19606,176,2
19607,196,2
19608,142,2
19609,172,1
19610,333,1
19611,315,1
19612,299,1
19612,359,1
19613,263,1
19613,303,1
19614,306,1
19614,225,1
19615,309,3
19616,172,1
19617,157,1
19618,386,3
19619,277,1
19620,244,1
19621,378,1
19621,388,1
19621,306,1
19622,343,3
19623,245,1
19623,156,1
19623,332,1
19624,377,3
19625,378,3
19626,135,1
19626,391,1
19626,284,1
19627,290,1
19627,360,1
19627,134,1
19628,152,1
19628,315,1
19629,113,2
19630,199,2
19631,336,3
19632,303,3
19633,174,3
19634,196,1
19635,294,1
19635,104,1
19636,197,1
19637,118,1
19638,264,2
19639,372,3
19640,245,3
19641,387,1
19642,373,1
19643,274,3
19644,361,2
19645,279,1
19645,398,1
19646,281,2
19647,334,1
19647,102,1
19647,269,1
19648,121,1
19648,170,1
19649,308,1
19650,322,1
19650,156,1
19651,174,1
19652,178,1
19653,305,1
19653,399,1
19653,207,1
19654,246,2
19655,260,3
19656,139,1
19657,301,3
19658,146,2
19659,144,1
19659,292,1
19659,398,1
19660,269,1
19660,166,1
19661,132,1
19662,302,1
19662,182,1
19662,361,1
19663,170,2
19664,269,3
19665,302,1
19666,368,3
19667,361,1
19668,313,3
19669,243,1
19669,309,1
19670,246,2
19671,350,1
19672,193,1
19672,343,1
19673,128,3
19674,327,1
19675,127,1
19676,234,1
19677,399,1
19677,212,1
19678,191,1
19679,236,2
19680,251,1
19680,390,1
19680,286,1
19681,281,1
19681,232,1
19682,192,2
19683,268,1
19683,358,1
19684,281,1
19684,378,1
19684,286,1
19685,347,1
19685,205,1
19685,201,1
19686,135,1
19687,257,2
19688,376,1
19688,305,1
19688,149,1
19689,114,3
19690,287,1
19691,124,1
19691,235,1
19691,119,1
19692,386,1
19693,270,1
19694,120,2
19695,251,1
19695,400,1
19696,272,2
19697,266,1
19698,340,1
19699,397,1
19700,213,1
19700,295,1
19700,106,1
19701,198,1
19702,161,3
19703,261,3
19704,191,2
19705,342,1
19705,398,1
19705,104,1
19706,294,1
19706,290,1
19706,395,1
19707,130,1
19707,129,1
19708,183,1
19708,115,1
19708,295,1
19709,182,1
19710,399,1
19710,185,1
19710,155,1
19711,117,1
19712,111,1
19712,362,1
19712,116,1
19713,398,3
19714,219,3
19715,166,1
19715,142,1
19715,245,1
19716,201,1
19716,286,1
19717,110,3
19718,389,1
19719,278,1
19719,262,1
19719,103,1
19720,151,1
19721,204,2
19722,166,1
19723,147,2
19724,361,1
19725,395,1
19726,109,1
19726,288,1
19726,107,1
19727,173,1
19728,341,1
19729,143,1
19729,292,1
19729,230,1
19730,381,1
19731,364,1
19732,307,1
19733,159,1
19733,152,1
19734,233,1
19735,229,1
19735,177,1
19735,154,1
19736,279,3
19737,182,3
19738,360,1
19738,204,1
19738,177,1
19739,288,1
19740,202,1
19741,296,1
19741,270,1
19742,204,1
19743,102,1
19744,127,2
19745,376,2
19746,355,3
19747,103,1
19747,387,1
19748,279,1
19748,176,1
19749,256,3
19750,124,3
19751,361,3
19752,180,3
19753,362,1
19753,254,1
19753,319,1
19754,302,1
19754,226,1
19755,296,3
19756,181,1
19757,121,3
19758,223,1
19758,361,1
19758,351,1
19759,336,1
19759,263,1
19759,241,1
19760,265,3
19761,383,1
19762,370,1
19762,240,1
19763,111,1
19763,310,1
19764,162,1
19764,262,1
19764,396,1
19765,190,1
19766,344,1
19766,245,1
19766,327,1
19767,176,1
19767,211,1
19768,209,1
19768,283,1
19769,113,2
19770,135,1
19771,120,1
19772,342,1
19772,392,1
19772,211,1
19773,136,1
19774,212,1
19774,207,1
19774,231,1
19775,165,2
19776,317,1
19776,109,1
19776,361,1
19777,276,1
19777,213,1
19777,331,1
19778,124,1
19779,288,1
19779,364,1
19779,329,1
19780,296,1
19781,205,1
19782,353,1
19782,376,1
19782,353,1
19783,235,1
19784,292,1
19784,228,1
19785,256,1
19786,255,1
19786,296,1
19787,384,3
19788,320,1
19789,128,3
19790,272,1
19791,313,1
19791,383,1
19792,163,1
19793,241,2
19794,160,1
19794,105,1
19795,196,2
19796,312,1
19797,167,2
19798,333,3
19799,123,1
19800,372,2
19801,276,1
19802,113,1
19803,282,1
19804,127,3
19805,323,3
19806,361,1
19807,206,1
19808,317,1
19808,324,1
19808,278,1
19809,304,1
19809,366,1
19809,123,1
19810,145,1
19811,335,1
19811,297,1
19811,117,1
19812,146,2
19813,223,1
19814,127,2
19815,126,2
19816,370,3
19817,103,3
19818,361,1
19819,281,2
19820,232,2
19821,263,1
19822,352,1
19823,344,1
19824,291,1
19825,196,1
19826,385,3
19827,376,3
19828,374,1
19828,370,1
19828,271,1
19829,265,1
19830,179,1
19831,394,2
19832,275,1
19833,395,1
19833,299,1
19833,251,1
19834,228,1
19834,327,1
19835,310,2
19836,180,2
19837,266,1
19837,364,1
19837,149,1
19838,312,3
19839,172,1
19840,107,1
19841,194,1
19841,326,1
19842,335,1
19842,104,1
19843,397,1
19844,163,1
19844,378,1
19845,368,1
19845,286,1
19846,338,1
19847,264,2
19848,330,1
19849,213,1
19849,312,1
19850,251,1
19850,335,1
19850,194,1
19851,312,1
19852,311,1
19853,372,1
19853,235,1
19854,127,3
19855,264,1
19855,196,1
19856,358,2
19857,136,1
19858,378,1
19859,371,3
19860,341,3
19861,350,2
19862,280,1
19863,301,3
19864,210,1
19864,300,1
19864,395,1
19865,191,1
19865,153,1
19866,298,1
19866,278,1
19866,392,1
19867,325,1
19868,213,2
19869,292,1
19869,143,1
19870,186,2
19871,121,1
19872,376,1
19873,246,1
19873,353,1
19874,325,1
19875,142,1
19875,253,1
19875,343,1
19876,364,1
19877,299,2
19878,223,3
19879,335,1
19880,329,1
19880,109,1
19880,233,1
19881,130,2
19882,351,1
19882,324,1
19882,320,1
19883,326,2
19884,123,1
19884,230,1
19885,350,1
19886,396,1
19886,181,1
19887,355,2
19888,194,3
19889,120,2
19890,329,1
19890,311,1
19890,230,1
19891,290,3
19892,126,1
19893,348,1
19893,203,1
19893,219,1
19894,285,1
19894,340,1
19894,141,1
19895,130,2
19896,327,1
19896,377,1
19896,360,1
19897,150,1
19898,152,1
19898,283,1
19899,241,1
19899,364,1
19899,123,1
19900,271,1
19900,186,1
19901,304,1
19901,272,1
19901,313,1
19902,263,1
19903,390,1
19904,114,2
19905,337,1
19906,108,1
19906,221,1
19907,363,1
19908,187,2
19909,312,3
19910,187,1
19910,118,1
19911,394,1
19912,209,1
19913,379,1
19914,211,1
19915,142,3
19916,355,3
19917,343,1
19917,169,1
19917,130,1
19918,154,1
19918,390,1
19919,257,1
19920,309,1
19920,298,1
19921,130,1
19922,241,1
19923,363,1
19923,201,1
19924,294,1
19925,282,1
19926,270,3
19927,396,1
19928,135,1
19928,331,1
19928,302,1
19929,160,1
19929,181,1
19930,182,2
19931,372,1
19932,129,1
19933,114,2
19934,229,1
19934,107,1
19934,329,1
19935,144,1
19935,142,1
19936,105,1
19936,333,1
19936,250,1
19937,304,1
19938,390,1
19938,195,1
19938,306,1
19939,271,1
19939,168,1
19939,395,1
19940,158,1
19940,283,1
19940,310,1
19941,375,1
19941,294,1
19941,223,1
19942,353,1
19943,120,1
19944,296,1
19945,148,1
19945,149,1
19946,104,2
19947,153,1
19948,108,1
19948,197,1
19948,294,1
19949,302,2
19950,376,1
19950,123,1
19950,135,1
19951,195,1
19951,392,1
19952,221,1
19952,310,1
19952,150,1
19953,274,2
19954,218,1
19955,112,1
19956,183,1
19957,344,1
19957,131,1
19957,330,1
19958,125,2
19959,212,1
19959,108,1
19959,299,1
19960,104,1
19960,363,1
19961,305,2
19962,249,2
19963,157,1
19964,381,1
19965,329,1
19965,134,1
19966,233,1
19966,340,1
19966,213,1
19967,336,1
19968,302,1
19969,289,1
19969,322,1
19970,294,3
19971,243,1
19971,177,1
19971,127,1
19972,277,1
19972,147,1
19972,175,1
19973,342,3
19974,226,3
19975,143,1
19976,136,1
19977,249,1
19977,323,1
19977,157,1
19978,243,1
19979,271,1
19980,301,3
19981,203,2
19982,373,1
19983,170,1
19984,314,1
19985,221,1
19986,134,3
19987,193,2
19988,280,3
19989,320,3
19990,104,1
19991,209,1
19992,115,1
19992,134,1
19993,335,1
19993,259,1
19993,391,1
19994,146,2
19995,226,1
19995,334,1
19996,378,1
19997,243,3
19998,338,2
19999,215,2
20000,166,3
20001,243,3
20002,228,1
20003,304,2
20004,175,1
20005,352,2
20006,203,1
20007,274,3
20008,266,3
20009,331,3
20010,107,1
20010,181,1
20011,231,3
20012,101,1
20012,305,1
20013,175,2
20014,347,2
20015,236,2
20016,174,3
20017,214,1
20017,126,1
20018,222,1
20018,131,1
20019,398,1
20019,249,1
20019,314,1
20020,302,3
20021,165,1
20021,395,1
20022,398,1
20023,129,1
20023,241,1
20024,113,3
20025,196,3
20026,359,1
20026,359,1
20026,212,1
20027,130,1
20027,197,1
20028,272,1
20029,390,1
20029,210,1
20030,185,2
20031,102,3
20032,247,1
20033,326,1
20034,154,1
20034,138,1
20034,321,1
20035,330,2
20036,257,2
20037,383,3
20038,306,3
20039,373,1
20039,305,1
20040,392,1
20040,250,1
20041,102,1
20042,144,1
20043,367,2
20044,219,1
20044,135,1
20044,316,1
20045,208,1
20046,398,3
20047,383,3
20048,380,1
20049,230,1
20049,370,1
20049,173,1
20050,139,3
20051,236,2
20052,325,2
20053,266,1
20053,105,1
20053,210,1
20054,399,1
20054,281,1
20055,214,3
20056,226,1
20057,308,1
20058,155,1
20058,143,1
20059,350,1
20059,254,1
20059,108,1
20060,340,1
20061,390,3
20062,300,1
20063,267,2
20064,367,3
20065,188,3
20066,250,1
20067,141,3
20068,351,1
20069,260,1
20070,275,1
20070,121,1
20070,166,1
20071,359,3
20072,153,1
20073,265,2
20074,132,2
20075,315,2
20076,109,2
20077,244,2
20078,367,1
20078,104,1
20078,336,1
20079,209,1
20079,377,1
20080,280,1
20081,353,3
20082,256,1
20083,290,2
20084,376,1
20084,225,1
20084,231,1
20085,193,1
20086,233,1
20087,137,3
20088,126,1
20088,188,1
20088,162,1
20089,190,3
20090,292,3
20091,111,3
20092,258,2
20093,170,2
20094,145,1
20094,133,1
20095,165,1
20095,107,1
20096,125,3
20097,368,1
20098,272,1
20099,365,1
20099,169,1
20100,334,1
20101,381,1
20102,192,1
20102,202,1
20103,286,1
20104,340,1
20105,262,3
20106,334,1
20107,394,1
20108,203,3
20109,139,1
20110,143,1
20111,151,1
20111,384,1
20111,124,1
20112,196,2
20113,296,2
20114,237,1
20114,373,1
20114,233,1
20115,238,1
20116,220,1
20117,130,3
20118,344,2
20119,186,1
20119,366,1
20119,103,1
20120,134,1
20120,327,1
20120,377,1
20121,267,1
20122,264,2
20123,292,1
20124,147,2
20125,219,3
20126,353,2
20127,165,1
20127,284,1
20127,241,1
20128,109,1
20128,292,1
20128,269,1
20129,397,1
20130,165,1
20131,377,1
20132,218,2
20133,152,1
20133,142,1
20134,361,1
20135,248,1
20135,161,1
20135,283,1
20136,295,3
20137,167,1
20138,359,2
20139,194,2
20140,355,1
20141,173,2
20142,340,1
20143,374,1
20144,329,1
20145,245,1
20146,294,1
20146,156,1
20146,216,1
20147,312,1
20147,307,1
20148,148,3
20149,190,3
20150,230,2
20151,117,1
20152,352,1
20153,375,3
20154,180,3
20155,306,3
20156,289,1
20157,198,1
20158,268,1
20158,264,1
20159,234,2
20160,103,1
20160,225,1
20160,311,1
20161,204,1
20162,320,1
20163,360,1
20163,383,1
20164,181,1
20164,111,1
20164,177,1
20165,199,2
20166,232,1
20166,308,1
20166,126,1
20167,253,1
20167,154,1
20167,397,1
20168,166,1
20169,247,1
20170,177,1
20171,142,3
20172,285,1
20173,206,1
20173,322,1
20173,198,1
20174,292,2
20175,254,3
20176,180,3
20177,283,1
20177,166,1
20177,143,1
20178,179,1
20178,152,1
20179,320,1
20180,286,1
20180,122,1
20180,115,1
20181,357,2
20182,119,2
20183,189,1
20184,376,1
20184,181,1
20184,334,1
20185,132,1
20185,106,1
20185,386,1
20186,390,1
20187,146,2
20188,182,1
20188,191,1
20189,101,1
20189,128,1
20189,270,1
20190,226,1
20190,104,1
20190,139,1
20191,252,1
20192,376,1
20192,254,1
20192,140,1
20193,285,1
20194,290,3
20195,318,3
20196,396,1
20196,361,1
20196,239,1
20197,188,2
20198,289,3
20199,382,3
20200,376,1
20200,350,1
20200,376,1
20201,111,1
20202,203,3
20203,347,1
20203,399,1
20203,386,1
20204,348,3
20205,135,1
20205,158,1
20205,368,1
20206,274,1
20206,223,1
20206,244,1
20207,207,1
20207,381,1
20207,256,1
20208,352,2
20209,281,2
20210,377,1
20210,118,1
20211,309,2
20212,213,1
20212,236,1
20212,396,1
20213,208,1
20213,263,1
20213,271,1
20214,310,1
20214,306,1
20215,126,3
20216,166,1
20216,228,1
20216,164,1
20217,315,3
20218,206,1
20218,101,1
20218,330,1
20219,198,2
20220,172,1
20220,184,1
20221,336,1
20222,126,1
20223,138,1
20223,232,1
20224,298,1
20224,170,1
20225,109,1
20225,208,1
20226,173,3
20227,114,1
20227,205,1
20228,202,1
20228,193,1
20228,153,1
20229,371,1
20230,210,1
20230,301,1
20231,226,2
20232,307,1
20232,353,1
20232,358,1
20233,139,2
20234,330,1
20235,239,2
20236,369,2
20237,240,3
20238,292,1
20239,113,3
20240,153,1
20241,284,1
20242,218,1
20242,203,1
20243,182,1
20244,323,3
20245,335,1
20246,150,1
20246,348,1
20247,319,1
20248,161,1
20248,180,1
20248,311,1
20249,145,1
20250,310,1
20251,398,1
20252,224,2
20253,134,3
20254,300,1
20255,184,1
20255,397,1
20256,320,2
20257,184,1
20258,386,1
20258,318,1
20258,285,1
20259,152,1
20259,182,1
20260,331,3
20261,285,1
20261,110,1
20261,364,1
20262,171,1
20263,307,1
20264,216,3
20265,210,1
20265,304,1
20265,292,1
20266,289,1
20267,220,3
20268,226,1
20269,144,2
20270,137,2
20271,183,3
20272,271,1
20273,126,1
20273,147,1
20273,312,1
20274,275,1
20274,244,1
20275,261,3
20276,255,1
20276,225,1
20276,154,1
20277,347,1
20278,301,3
20279,120,2
20280,313,1
20281,169,1
20282,207,1
20282,264,1
20282,294,1
20283,103,1
20283,348,1
20284,156,1
20284,315,1
20284,293,1
20285,397,3
20286,191,1
20286,352,1
20287,125,1
20287,231,1
20288,194,2
20289,191,2
20290,303,1
20290,212,1
20291,107,1
20292,287,1
20292,366,1
20293,208,3
20294,189,1
20294,349,1
20295,193,3
20296,159,1
20296,169,1
20297,222,1
20297,213,1
20298,368,1
20298,352,1
20299,248,3
20300,170,1
20301,228,1
20301,140,1
20301,129,1
20302,295,3
20303,274,1
20303,241,1
20304,387,1
20305,308,1
20306,377,1
20307,374,1
20307,225,1
20307,391,1
20308,269,1
20309,127,1
20310,271,1
20311,296,1
20311,384,1
20312,382,2
20313,338,2
20314,106,3
20315,185,1
20316,295,1
20317,145,1
20318,235,2
20319,297,1
20319,277,1
20319,241,1
20320,241,1
20321,244,1
20322,174,2
20323,140,1
20324,306,1
20325,329,1
20326,222,3
20327,234,3
20328,215,1
20328,376,1
20329,272,3
20330,374,1
20331,216,1
20332,201,2
20333,316,1
20333,377,1
20334,396,1
20335,164,3
20336,299,1
20336,263,1
20336,332,1
20337,175,2
20338,288,1
20339,186,1
20339,206,1
20339,331,1
20340,242,1
20340,253,1
20340,396,1
20341,349,2
20342,261,3
20343,141,1
20344,228,2
20345,143,3
20346,134,1
20346,141,1
20346,162,1
20347,146,1
20348,256,1
20348,226,1
20349,190,1
20349,271,1
20350,204,1
20350,265,1
20350,137,1
20351,254,2
20352,281,1
20353,348,1
20354,319,2
20355,164,3
20356,276,1
20357,362,1
20358,151,3
20359,160,2
20360,169,1
20361,269,1
20361,164,1
20362,278,2
20363,278,1
20364,227,2
20365,286,1
20366,340,1
20366,117,1
20367,278,1
20367,303,1
20367,271,1
20368,385,1
20369,131,3
20370,188,1
20370,257,1
20371,374,1
20372,245,1
20373,375,2
20374,326,1
20374,233,1
20375,349,3
20376,321,3
20377,235,1
20378,163,1
20378,387,1
20379,128,1
20379,313,1
20379,392,1
20380,388,1
20380,187,1
20381,380,1
20382,392,3
20383,249,3
20384,161,1
20384,317,1
20385,228,2
20386,151,2
20387,383,1
20388,118,1
20389,271,1
20389,179,1
20390,212,1
20390,308,1
20390,213,1
20391,204,1
20392,351,1
20393,202,2
20394,295,2
20395,305,1
20395,344,1
20395,131,1
20396,316,2
20397,132,1
20397,291,1
20398,246,3
20399,190,1
20399,359,1
20400,358,1
20401,385,1
20401,282,1
20401,275,1
20402,116,1
20403,271,3
20404,125,1
20405,123,1
20406,191,1
20406,305,1
20407,247,1
20408,362,1
20408,121,1
20408,303,1
20409,156,1
20409,239,1
20409,141,1
20410,281,1
20410,371,1
20410,194,1
20411,127,3
20412,291,2
20413,150,3
20414,194,3
20415,273,2
20416,224,3
20417,264,1
20417,254,1
20418,144,1
20418,239,1
20418,103,1
20419,288,1
20420,384,1
20420,348,1
20421,359,1
20421,243,1
20422,166,1
20423,157,1
20423,241,1
20424,355,2
20425,143,1
20426,281,1
20427,283,1
20428,122,1
20428,300,1
20428,304,1
20429,159,1
20429,255,1
20430,243,1
20430,290,1
20430,145,1
20431,142,1
20432,274,1
20432,194,1
20433,104,1
20434,328,1
20435,256,1
20435,327,1
20436,112,3
20437,201,1
20437,272,1
20437,131,1
20438,192,1
20439,297,3
20440,398,3
20441,367,1
20442,188,3
20443,205,2
20444,253,1
20445,375,3
20446,204,1
20446,280,1
20447,132,1
20448,397,1
20449,225,1
20450,302,1
20450,260,1
20451,246,1
20451,142,1
20451,254,1
20452,170,1
20453,125,1
20453,385,1
20453,328,1
20454,241,1
20455,265,1
20456,387,2
20457,124,3
20458,297,1
20459,345,3
20460,228,1
20460,126,1
20461,380,1
20461,170,1
20461,131,1
20462,231,1
20463,205,3
20464,270,2
20465,170,1
20465,233,1
20466,181,3
20467,383,1
20467,195,1
20468,347,2
20469,297,1
20469,233,1
20469,377,1
20470,246,3
20471,338,1
20471,391,1
20471,273,1
20472,193,3
20473,179,1
20473,293,1
20474,380,1
20475,166,1
20476,214,1
20476,339,1
20476,101,1
20477,374,1
20478,313,1
20478,323,1
20478,177,1
20479,183,3
20480,130,1
20481,359,3
20482,207,1
20482,288,1
20483,129,1
20483,299,1
20484,315,1
20485,367,1
20485,158,1
20485,181,1
20486,298,1
20486,115,1
20487,387,3
20488,111,1
20488,376,1
20489,108,1
20489,316,1
20489,250,1
20490,242,2
20491,386,1
20491,132,1
20492,362,1
20493,104,1
20493,234,1
20493,232,1
20494,153,1
20494,147,1
20495,358,3
20496,207,1
20497,282,1
20497,205,1
20497,202,1
20498,339,2
20499,331,1
20499,231,1
20499,263,1
20500,234,2
20501,395,2
20502,394,1
20502,222,1
20502,374,1
20503,317,1
20504,332,1
20504,106,1
20504,139,1
20505,344,1
20505,361,1
20506,397,1
20506,244,1
20507,231,1
20507,141,1
20508,291,3
20509,306,1
20509,232,1
20509,172,1
20510,211,1
20510,352,1
20511,105,1
20512,361,2
20513,349,1
20513,146,1
20514,131,1
20514,318,1
20514,278,1
20515,143,2
20516,381,1
20517,256,1
20518,263,3
20519,352,1
20520,322,2
20521,104,2
20522,285,2
20523,281,1
20523,139,1
20523,226,1
20524,200,1
20525,383,3
20526,325,1
20526,213,1
20526,310,1
20527,181,1
20527,326,1
20527,181,1
20528,205,1
20529,359,1
20530,356,1
20531,110,1
20531,343,1
20531,145,1
20532,245,3
20533,229,1
20534,196,1
20535,178,2
20536,244,1
20537,224,1
20538,192,2
20539,102,3
20540,317,1
20540,307,1
20541,353,3
20542,264,1
20543,303,3
20544,134,1
20545,177,1
20545,128,1
20545,141,1
20546,261,2
20547,270,1
20547,316,1
20548,309,2
20549,120,1
20549,140,1
20550,285,1
20550,283,1
20551,214,1
20551,187,1
20552,252,1
20552,394,1
20553,344,1
20554,188,1
20554,237,1
20555,275,1
20555,194,1
20555,279,1
20556,306,3
20557,317,1
20557,349,1
20558,269,1
20559,224,1
20559,221,1
20559,268,1
20560,226,3
20561,114,1
20561,159,1
20561,299,1
20562,399,1
20562,348,1
20563,238,1
20563,333,1
20563,323,1
20564,348,1
20565,286,1
20565,276,1
20565,272,1
20566,377,1
20566,340,1
20567,167,1
20568,123,1
20568,344,1
20568,275,1
20569,349,1
20570,142,1
20571,226,1
20572,189,3
20573,295,2
20574,176,1
20574,315,1
20575,294,3
20576,364,1
20577,303,1
20578,389,3
20579,393,1
20580,124,2
20581,274,1
20581,153,1
20581,292,1
20582,373,1
20582,386,1
20582,112,1
20583,330,1
20584,161,1
20584,276,1
20584,206,1
20585,243,2
20586,376,3
20587,396,1
20588,188,2
20589,148,1
20589,300,1
20590,289,1
20590,261,1
20590,274,1
20591,129,3
20592,317,2
20593,399,1
20594,210,1
20595,384,1
20595,274,1
20595,364,1
20596,159,1
20597,148,1
20598,127,2
20599,202,1
20600,188,2
20601,393,1
20602,278,1
20603,301,1
20604,104,1
20605,278,1
20605,121,1
20605,129,1
20606,305,3
20607,255,1
20607,190,1
20607,297,1
20608,147,1
20609,178,2
20610,172,1
20611,328,3
20612,164,1
20612,270,1
20613,134,3
20614,371,1
20615,153,1
20615,306,1
20615,311,1
20616,255,2
20617,161,1
20618,326,1
20618,333,1
20619,284,1
20619,283,1
20620,175,1
20621,327,1
20621,218,1
20622,280,1
20622,106,1
20623,306,2
20624,122,1
20624,338,1
20624,126,1
20625,175,1
20625,154,1
20626,160,1
20627,320,1
20627,304,1
20628,133,1
20628,188,1
20628,277,1
20629,266,1
20629,307,1
20629,294,1
20630,162,3
20631,293,1
20631,235,1
20632,135,3
20633,342,2
20634,168,1
20635,292,2
20636,287,3
20637,253,1
20638,187,2
20639,248,1
20639,327,1
20639,130,1
20640,366,1
20640,142,1
20640,259,1
20641,334,1
20641,180,1
20642,388,2
20643,346,1
20643,214,1
20643,196,1
20644,212,1
20645,290,1
20645,379,1
20645,320,1
20646,269,2
20647,164,3
20648,300,3
20649,318,3
20650,367,3
20651,262,2
20652,117,1
20652,370,1
20653,154,1
20654,150,1
20655,220,1
20656,321,2
20657,355,1
20657,191,1
20657,268,1
20658,370,3
20659,157,1
20659,279,1
20659,251,1
20660,372,1
20661,290,1
20661,349,1
20661,114,1
20662,265,2
20663,239,1
20664,158,1
20664,261,1
20664,287,1
20665,135,1
20666,342,1
20666,222,1
20666,184,1
20667,213,3
20668,281,1
20669,158,1
20670,238,2
20671,174,1
20672,184,1
20672,197,1
20673,109,1
20673,276,1
20674,149,1
20674,365,1
20674,210,1
20675,301,1
20676,196,1
20676,105,1
20677,212,1
20678,203,3
20679,358,2
20680,157,3
20681,154,1
20682,351,2
20683,242,1
20684,133,1
20685,249,3
20686,108,1
20687,279,1
20687,310,1
20687,348,1
20688,276,1
20688,182,1
20689,135,3
20690,253,2
20691,187,1
20691,366,1
20691,356,1
20692,162,3
20693,163,1
20693,211,1
20693,295,1
20694,194,3
20695,279,1
20695,381,1
20696,249,1
20697,254,3
20698,103,1
20698,210,1
20698,158,1
20699,212,1
20700,177,2
20701,116,1
20702,118,3
20703,377,1
20704,130,1
20705,270,1
20705,388,1
20706,162,1
20707,289,1
20707,209,1
20707,233,1
20708,185,1
20708,390,1
20709,389,1
20709,112,1
20709,362,1
20710,169,1
20711,316,2
20712,265,1
20713,195,1
20714,354,1
20715,391,2
20716,249,1
20716,108,1
20717,347,1
20717,358,1
20717,247,1
20718,261,1
20718,165,1
20719,302,2
20720,371,1
20720,222,1
20721,341,3
20722,200,1
20722,394,1
20722,266,1
20723,303,1
20723,116,1
20723,218,1
20724,116,3
20725,110,1
20725,345,1
20726,179,3
20727,306,1
20727,175,1
20728,365,3
20729,209,1
20729,151,1
20729,226,1
20730,393,2
20731,113,1
20732,274,2
20733,211,1
20734,277,1
20735,262,1
20736,163,3
20737,142,3
20738,138,1
20738,187,1
20738,366,1
20739,312,1
20739,166,1
20740,198,2
20741,130,1
20742,179,1
20742,369,1
20742,129,1
20743,109,1
20744,271,1
20744,125,1
20744,115,1
20745,302,1
20746,312,1
20747,332,1
20748,376,1
20748,261,1
20749,215,2
20750,137,1
20751,345,2
20752,283,3
20753,391,3
20754,323,1
20755,211,3
20756,282,1
20756,182,1
20756,387,1
20757,289,1
20757,293,1
20758,388,1
20759,299,1
20760,365,2
20761,381,1
20762,386,1
20763,189,1
20764,378,1
20765,176,1
20765,314,1
20766,190,1
20766,359,1
20766,196,1
20767,324,1
20768,173,1
20768,101,1
20768,190,1
20769,325,1
20770,388,2
20771,102,1
20771,227,1
20772,294,2
20773,184,1
20774,220,2
20775,121,1
20776,153,1
20776,189,1
20776,112,1
20777,339,3
20778,166,1
20779,278,1
20779,187,1
20779,271,1
20780,298,1
20781,182,1
20782,275,1
20782,339,1
20783,205,2
20784,230,3
20785,279,1
20785,269,1
20785,332,1
20786,196,1
20786,169,1
20786,292,1
20787,392,2
20788,147,1
20788,123,1
20788,257,1
20789,359,2
20790,187,1
20790,182,1
20790,332,1
20791,275,1
20792,369,2
20793,217,1
20793,153,1
20794,384,2
20795,103,1
20796,389,1
20797,102,1
20798,181,1
20798,229,1
20799,315,1
20800,187,2
20801,289,3
20802,299,1
20803,127,2
20804,348,1
20804,276,1
20805,382,2
20806,263,1
20806,106,1
20807,224,3
20808,329,1
20809,310,1
20809,321,1
20810,288,1
20810,106,1
20811,209,2
20812,111,1
20813,343,1
20813,132,1
20814,167,2
20815,125,3
20816,389,1
20817,224,1
20818,103,1
20819,263,2
20820,299,2
20821,139,2
20822,208,3
20823,139,1
20824,392,1
20825,306,1
20826,309,1
20826,143,1
20827,369,1
20828,307,1
20829,141,3
20830,203,1
20831,382,1
20831,261,1
20831,141,1
20832,154,1
20832,345,1
20832,203,1
20833,348,2
20834,235,3
20835,304,1
20835,215,1
20836,205,2
20837,192,3
20838,122,2
20839,371,2
20840,259,2
20841,150,1
20841,344,1
20842,153,2
20843,157,1
20844,237,1
20844,120,1
20845,277,3
20846,142,1
20847,279,1
20847,351,1
20848,309,1
20848,274,1
20849,181,1
20849,332,1
20850,366,1
20850,167,1
20850,256,1
20851,320,2
20852,104,3
20853,385,1
20853,253,1
20853,178,1
20854,123,1
20855,181,3
20856,293,1
20856,378,1
20856,338,1
20857,237,1
20857,112,1
20858,324,2
20859,378,1
20860,227,1
20861,310,1
20861,264,1
20861,352,1
20862,368,1
20862,349,1
20863,349,1
20863,336,1
20864,324,2
20865,120,1
20865,240,1
20865,336,1
20866,117,1
20867,394,1
20868,352,1
20869,326,1
20870,380,2
20871,172,1
20871,285,1
20872,294,3
20873,197,1
20873,192,1
20873,308,1
20874,137,1
20874,324,1
20874,355,1
20875,208,1
20876,159,1
20876,273,1
20877,391,2
20878,344,1
20879,338,1
20880,131,3
20881,198,1
20881,341,1
20882,337,1
20882,376,1
20883,197,1
20883,231,1
20883,300,1
20884,217,1
20884,307,1
20884,391,1
20885,395,1
20885,221,1
20886,303,1
20887,312,2
20888,252,1
20889,348,1
20890,341,1
20891,265,1
20892,354,1
20892,301,1
20893,244,1
20893,245,1
20893,163,1
20894,350,1
20894,187,1
20895,284,2
20896,346,1
20896,357,1
20896,333,1
20897,233,2
20898,165,2
20899,148,1
20900,277,3
20901,337,1
20901,276,1
20902,378,1
20903,180,1
20903,267,1
20903,255,1
20904,361,3
20905,166,1
20905,290,1
20905,368,1
20906,239,1
20906,312,1
20907,132,1
20908,297,1
20909,237,1
20909,330,1
20910,190,1
20910,192,1
20910,104,1
20911,294,1
20912,381,2
20913,368,1
20913,162,1
20914,327,1
20914,227,1
20914,221,1
20915,278,3
20916,339,2
20917,194,3
20918,311,1
20918,369,1
20918,388,1
20919,199,1
20920,248,1
20920,249,1
20921,133,1
20921,233,1
20921,164,1
20922,338,1
20922,349,1
20922,316,1
20923,155,2
20924,301,1
20924,364,1
20924,183,1
20925,195,1
20925,279,1
20926,284,3
20927,189,1
20928,323,3
20929,294,1
20930,276,1
20930,353,1
20930,232,1
20931,327,2
20932,284,1
20932,107,1
20932,211,1
20933,382,1
20933,200,1
20934,101,1
20935,241,1
20936,227,3
20937,300,1
20937,275,1
20937,229,1
20938,243,1
20938,302,1
20939,195,3
20940,119,1
20940,345,1
20940,340,1
20941,120,2
20942,370,1
20943,390,1
20944,225,1
20945,327,1
20946,377,1
20946,350,1
20947,340,3
20948,296,3
20949,289,3
20950,238,1
20950,243,1
20951,373,2
20952,267,1
20953,364,3
20954,321,2
20955,356,1
20955,393,1
20956,158,1
20957,364,1
20958,348,1
20958,205,1
20959,326,1
20959,192,1
20960,190,2
20961,124,1
20962,335,1
20963,269,1
20964,195,1
20965,161,1
20966,364,1
20966,182,1
20966,210,1
20967,320,1
20967,148,1
20967,394,1
20968,324,1
20969,312,1
20970,300,3
20971,266,3
20972,358,3
20973,179,1
20974,365,2
20975,114,3
20976,146,1
20976,148,1
20976,214,1
20977,379,1
20977,174,1
20978,137,1
20979,280,3
20980,184,2
20981,336,1
20981,132,1
20982,121,1
20983,101,2
20984,237,1
20984,277,1
20984,289,1
20985,313,3
20986,353,2
20987,287,3
20988,215,1
20989,178,2
20990,196,1
20990,202,1
20990,144,1
20991,136,1
20991,312,1
20991,233,1
20992,169,1
20992,218,1
20993,328,1
20993,400,1
20994,134,2
20995,125,1
20995,205,1
20995,287,1
20996,108,1
20997,207,1
20997,125,1
20997,382,1
20998,396,3
20999,343,1
21000,322,3
21001,166,2
21002,263,2
21003,361,1
21004,235,1
21004,294,1
21005,293,2
21006,285,3
21007,158,1
21008,128,1
21008,254,1
21008,294,1
21009,105,1
21010,137,1
21011,112,2
21012,192,1
21012,171,1
21013,159,2
21014,108,1
21014,237,1
21014,182,1
21015,292,1
21016,290,1
21017,343,1
21017,133,1
21018,285,3
21019,233,1
21019,235,1
21020,350,1
21020,324,1
21021,168,1
21022,166,3
21023,257,1
21023,143,1
21024,233,1
21025,197,1
21025,362,1
21025,316,1
21026,298,2
21027,201,1
21027,190,1
21027,317,1
21028,190,1
21028,204,1
21028,333,1
21029,315,1
21030,129,1
21031,370,1
21031,121,1
21032,169,3
21033,156,1
21033,378,1
21033,222,1
21034,191,3
21035,153,3
21036,205,1
21036,332,1
21036,296,1
21037,169,1
21038,152,1
21038,158,1
21038,111,1
21039,319,1
21040,350,1
21040,361,1
21041,355,1
21042,298,1
21043,316,2
21044,137,3
21045,374,1
21046,319,1
21047,124,1
21048,190,2
21049,297,1
21050,271,3
21051,122,1
21051,253,1
21051,318,1
21052,266,1
21052,102,1
21052,260,1
21053,210,1
21053,269,1
21054,111,1
21055,168,1
21056,225,1
21056,211,1
21056,205,1
21057,259,2
21058,127,1
21058,198,1
21058,138,1
21059,245,3
21060,380,1
21060,301,1
21060,174,1
21061,305,3
21062,218,1
21063,112,1
21063,362,1
21063,199,1
21064,230,3
21065,217,1
21065,260,1
21065,271,1
21066,266,3
21067,180,1
21068,105,3
21069,111,1
21069,114,1
21070,157,1
21070,133,1
21071,216,1
21072,237,3
21073,255,2
21074,387,1
21075,386,3
21076,277,1
21077,351,1
21078,355,1
21079,307,3
21080,139,1
21081,204,1
21081,237,1
21082,161,1
21082,183,1
21082,116,1
21083,106,1
21084,176,1
21084,331,1
21084,219,1
21085,333,3
21086,370,3
21087,275,1
21087,280,1
21087,303,1
21088,389,1
21089,294,3
21090,273,1
21090,237,1
21091,376,1
21092,197,2
21093,329,2
21094,385,1
21095,190,1
21096,104,1
21096,111,1
21096,242,1
21097,356,2
21098,113,1
21098,365,1
21099,362,1
21100,387,1
21100,358,1
21100,139,1
21101,149,1
21102,226,2
21103,113,1
21103,189,1
21103,320,1
21104,217,1
21105,377,1
21106,186,1
21107,102,2
21108,365,1
21109,217,1
21109,183,1
21109,204,1
21110,331,1
21111,369,1
21111,221,1
21112,116,1
21112,241,1
21112,293,1
21113,345,2
21114,124,1
21115,193,1
21116,392,1
21117,201,1
21118,335,3
21119,172,1
21120,170,1
21121,252,3
21122,363,1
21122,143,1
21123,148,1
21124,153,2
21125,281,1
21126,374,2
21127,146,3
21128,339,1
21129,128,2
21130,399,1
21131,395,3
21132,349,1
21132,161,1
21132,239,1
21133,317,1
21133,167,1
21133,378,1
21134,294,1
21134,244,1
21135,260,2
21136,102,1
21136,111,1
21137,176,1
21138,249,1
21139,216,3
21140,379,1
21140,380,1
21140,207,1
21141,382,3
21142,254,1
21142,368,1
21143,185,1
21144,155,1
21144,396,1
21144,272,1
21145,289,1
21146,367,1
21146,181,1
21146,309,1
21147,319,3
21148,397,3
21149,315,2
21150,265,1
21151,187,1
21151,227,1
21152,304,3
21153,248,3
21154,199,1
21155,253,1
21155,205,1
21156,203,1
21156,251,1
21156,115,1
21157,241,3
21158,218,1
21159,386,1
21160,310,2
21161,298,1
21161,137,1
21161,257,1
21162,266,1
21162,282,1
21162,331,1
21163,393,3
21164,344,2
21165,239,2
21166,274,1
21166,205,1
21167,247,2
21168,299,1
21168,377,1
21168,345,1
21169,171,3
21170,124,1
21170,185,1
21170,315,1
21171,187,1
21171,152,1
21171,258,1
21172,384,1
21172,279,1
21173,257,2
21174,364,3
21175,241,1
21176,295,1
21177,160,2
21178,341,1
21179,137,1
21180,105,1
21180,349,1
21181,361,1
21181,189,1
21182,397,1
21182,365,1
21183,200,2
21184,293,1
21184,117,1
21184,386,1
21185,233,1
21186,268,1
21187,181,1
21188,247,1
21188,237,1
21189,103,1
21190,136,1
21191,131,1
21191,149,1
21191,150,1
21192,347,1
21192,218,1
21192,177,1
21193,366,1
21193,297,1
21194,169,2
21195,190,3
21196,252,1
21197,174,3
21198,274,1
21199,128,1
21199,337,1
21199,323,1
21200,292,1
21201,189,1
21202,199,1
21202,136,1
21202,369,1
21203,331,1
21203,273,1
21203,347,1
21204,389,3
21205,331,1
21205,353,1
21205,165,1
21206,315,3
21207,347,1
21207,178,1
21207,311,1
21208,230,1
21209,203,1
21210,210,1
21210,180,1
21210,386,1
21211,231,1
21212,278,1
21213,266,1
21214,190,1
21214,114,1
21215,171,2
21216,384,1
21216,376,1
21216,377,1
21217,162,1
21218,289,1
21219,250,1
21219,325,1
21219,364,1
21220,180,2
21221,279,1
21221,348,1
21222,234,1
21222,147,1
21223,371,1
21223,308,1
21224,154,1
21225,101,2
21226,250,1
21226,153,1
21226,310,1
21227,300,2
21228,300,3
21229,268,1
21230,332,1
21231,387,2
21232,113,2
21233,132,1
21233,346,1
21234,303,3
21235,281,1
21236,351,3
21237,232,2
21238,259,2
21239,171,1
21239,166,1
21239,129,1
21240,339,1
21240,303,1
21241,263,1
21242,262,1
21243,185,3
21244,275,2
21245,280,1
21245,124,1
21246,221,3
21247,126,3
21248,126,3
21249,145,1
21249,124,1
21249,374,1
21250,379,1
21251,375,3
21252,113,1
21253,369,3
21254,339,1
21255,352,1
21255,238,1
21255,400,1
21256,353,3
21257,394,1
21258,103,1
21259,368,2
21260,241,2
21261,369,1
21261,369,1
21262,118,1
21263,102,3
21264,208,1
21265,182,1
21266,326,2
21267,231,1
21267,146,1
21267,122,1
21268,272,1
21268,276,1
21269,352,1
21269,177,1
21270,279,1
21270,140,1
21271,234,1
21271,217,1
21272,307,1
21272,202,1
21272,140,1
21273,300,1
21274,110,1
21274,301,1
21274,105,1
21275,219,1
21275,309,1
21276,381,2
21277,341,2
21278,388,2
21279,313,1
21280,271,1
21281,172,1
21282,195,1
21282,120,1
21282,279,1
21283,376,3
21284,284,1
21285,357,1
21286,112,1
21287,127,1
21288,223,3
21289,314,1
21290,163,2
21291,383,1
21292,291,2
21293,133,1
21293,389,1
21294,162,1
21294,353,1
21295,351,1
21296,134,2
21297,204,3
21298,199,1
21298,368,1
21298,231,1
21299,233,1
21300,219,1
21300,187,1
21301,150,1
21301,151,1
21302,357,1
21302,224,1
21303,202,1
21304,173,3
21305,235,1
21306,247,1
21307,354,1
21307,229,1
21307,171,1
21308,363,1
21308,232,1
21309,391,1
21309,226,1
21310,321,1
21310,134,1
21311,246,1
21312,273,1
21312,302,1
21313,147,2
21314,257,3
21315,229,1
21315,181,1
21315,287,1
21316,209,1
21317,353,2
21318,292,1
21318,206,1
21319,157,2
21320,222,1
21320,380,1
21320,311,1
21321,214,3
21322,251,2
21323,258,1
21323,138,1
21324,243,3
21325,358,3
21326,237,2
21327,391,3
21328,272,2
21329,331,1
21330,141,1
21331,349,2
21332,397,1
21332,180,1
21333,381,2
21334,298,1
21334,169,1
21335,381,1
21335,158,1
21336,235,1
21336,133,1
21337,346,3
21338,289,3
21339,276,2
21340,126,1
21340,180,1
21341,155,1
21342,124,2
21343,211,2
21344,389,1
21345,152,3
21346,302,1
21347,112,3
21348,394,1
21349,379,1
21349,110,1
21349,325,1
21350,229,1
21350,191,1
21350,108,1
21351,307,1
21352,291,3
21353,171,2
21354,386,2
21355,317,2
21356,228,1
21356,128,1
21356,141,1
21357,121,3
21358,190,1
21359,233,1
21359,259,1
21360,249,1
21361,134,1
21361,105,1
21361,324,1
21362,275,1
21362,364,1
21363,283,1
21363,143,1
21363,334,1
21364,229,2
21365,327,3
21366,177,3
21367,238,1
21367,269,1
21368,278,1
21369,174,3
21370,340,1
21370,290,1
21370,150,1
21371,372,1
21372,315,3
21373,217,1
21373,364,1
21374,357,3
21375,197,1
21375,144,1
21376,204,1
21377,157,3
21378,232,1
21378,329,1
21379,205,1
21380,312,1
21380,131,1
21380,214,1
21381,148,1
21381,243,1
21381,295,1
21382,183,3
21383,309,1
21384,368,3
21385,260,1
21385,182,1
21385,110,1
21386,195,2
21387,167,1
21388,126,1
21389,320,1
21390,234,1
21390,327,1
21390,215,1
21391,243,2
21392,311,1
21392,251,1
21393,184,1
21394,172,1
21394,168,1
21395,109,1
21396,256,2
21397,236,1
21397,332,1
21398,111,1
21398,189,1
21399,278,1
21400,266,1
21401,206,3
21402,227,1
21403,258,1
21403,298,1
21403,237,1
21404,394,2
21405,166,1
21406,352,1
21407,160,1
21407,362,1
21407,390,1
21408,254,2
21409,118,1
21410,303,1
21411,248,3
21412,138,1
21412,207,1
21413,140,1
21414,161,2
21415,179,1
21416,246,1
21416,172,1
21417,334,1
21418,112,1
21419,343,1
21420,146,1
21421,272,1
21422,128,1
21422,107,1
21423,347,1
21424,260,1
21424,250,1
21425,104,1
21425,129,1
21425,119,1
21426,215,3
21427,311,1
21428,117,1
21429,222,1
21429,209,1
21429,219,1
21430,241,2
21431,112,3
21432,179,1
21433,251,1
21434,153,1
21434,151,1
21435,102,2
21436,136,1
21437,256,1
21437,339,1
21437,326,1
21438,323,1
21438,113,1
21438,306,1
21439,203,3
21440,167,2
21441,207,3
21442,346,3
21443,238,1
21443,255,1
21444,210,3
21445,394,3
21446,229,1
21447,293,1
21447,290,1
21447,352,1
21448,273,1
21448,318,1
21449,367,3
21450,165,1
21451,113,1
21451,103,1
21452,335,1
21453,182,2
21454,214,1
21455,393,3
21456,157,3
21457,152,1
21457,393,1
21457,218,1
21458,351,1
21458,355,1
21459,233,3
21460,357,1
21461,372,1
21462,340,2
21463,357,1
21464,383,1
21465,101,1
21466,185,1
21466,230,1
21466,346,1
21467,199,1
21468,389,1
21468,176,1
21469,379,2
21470,306,1
21471,370,1
21471,287,1
21471,297,1
21472,260,1
21472,206,1
21472,194,1
21473,383,1
21474,314,2
21475,273,1
21475,204,1
21475,125,1
21476,397,1
21477,126,2
21478,163,3
21479,252,1
21479,288,1
21479,399,1
21480,164,2
21481,267,1
21481,219,1
21481,333,1
21482,289,1
21483,309,1
21483,272,1
21484,116,3
21485,194,1
21486,223,3
21487,341,3
21488,390,2
21489,239,1
21489,132,1
21489,228,1
21490,134,2
21491,264,1
21491,258,1
21491,220,1
21492,297,3
21493,205,1
21494,140,3
21495,317,3
21496,174,3
21497,150,2
21498,323,2
21499,287,2
21500,378,1
21501,273,1
21502,390,1
21502,123,1
21503,247,1
21503,144,1
21504,172,2
21505,225,1
21506,162,1
21506,171,1
21506,315,1
21507,354,1
21508,286,1
21509,194,1
21509,220,1
21510,137,1
21511,245,1
21512,338,3
21513,261,1
21514,169,1
21515,249,1
21515,388,1
21516,229,1
21516,266,1
21516,254,1
21517,282,1
21518,131,2
21519,371,2
21520,323,1
21520,274,1
21520,170,1
21521,128,2
21522,106,1
21523,144,1
21524,218,1
21525,260,2
21526,380,1
21526,253,1
21526,199,1
21527,210,3
21528,213,2
21529,119,1
21530,277,2
21531,317,3
21532,154,2
21533,193,1
21533,147,1
21533,310,1
21534,292,1
21534,265,1
21535,330,1
21536,308,1
21536,254,1
21537,218,1
21538,150,1
21539,199,1
21540,138,3
21541,353,3
21542,236,1
21543,259,1
21544,387,1
21545,351,2
21546,363,1
21546,178,1
21546,182,1
21547,238,1
21547,327,1
21547,241,1
21548,340,1
21549,391,1
21549,233,1
21550,271,2
21551,277,1
21551,233,1
21551,203,1
21552,377,1
21552,116,1
21553,278,1
21554,236,1
21554,276,1
21554,169,1
21555,389,1
21556,169,1
21556,116,1
21556,387,1
21557,400,1
21558,326,3
21559,183,1
21560,101,2
21561,118,1
21562,140,3
21563,397,1
21563,120,1
21564,374,1
21565,120,1
21565,193,1
21565,228,1
21566,247,1
21567,285,1
21568,198,1
21568,153,1
21568,146,1
21569,152,1
21570,163,1
21571,340,2
21572,145,2
21573,162,1
21573,146,1
21574,173,1
21575,378,3
21576,203,1
21576,137,1
21577,127,1
21578,357,2
21579,376,1
21580,350,1
21581,344,1
21581,124,1
21582,335,2
21583,245,1
21583,390,1
21584,286,2
21585,114,2
21586,311,1
21587,246,1
21588,359,1
21588,105,1
21589,385,1
21590,299,2
21591,374,1
21592,151,1
21592,308,1
21593,277,2
21594,120,1
21595,343,1
21595,183,1
21596,299,2
21597,152,1
21598,234,2
21599,349,1
21599,116,1
21600,295,1
21601,393,1
21601,313,1
21602,292,1
21603,206,1
21603,220,1
21603,353,1
21604,356,1
21605,210,1
21605,120,1
21605,372,1
21606,270,1
21606,167,1
21607,354,2
21608,227,1
21609,398,3
21610,243,3
21611,394,1
21612,199,1
21612,393,1
21612,108,1
21613,299,3
21614,238,2
21615,290,1
21615,252,1
21616,252,2
21617,312,1
21617,375,1
21617,134,1
21618,277,1
21619,194,1
21620,320,1
21621,131,3
21622,122,1
21622,374,1
21623,288,1
21624,145,1
21624,200,1
21624,155,1
21625,365,1
21625,182,1
21625,299,1
21626,369,3
21627,163,2
21628,127,2
21629,279,1
21629,305,1
21630,104,1
21631,279,1
21631,346,1
21631,360,1
21632,184,1
21633,130,1
21633,355,1
21633,351,1
21634,265,1
21635,127,2
21636,222,2
21637,301,1
21637,225,1
21637,208,1
21638,120,1
21638,250,1
21638,364,1
21639,357,1
21639,297,1
21639,225,1
21640,333,1
21640,208,1
21641,378,1
21641,127,1
21642,400,3
21643,223,1
21643,175,1
21644,179,1
21644,233,1
21644,257,1
21645,153,1
21646,237,1
21647,252,1
21647,367,1
21647,373,1
21648,340,1
21649,277,1
21649,328,1
21650,341,1
21650,336,1
21650,193,1
21651,345,1
21652,230,1
21652,351,1
21652,345,1
21653,273,1
21654,246,3
21655,105,3
21656,108,1
21656,188,1
21656,211,1
21657,163,1
21657,132,1
21657,331,1
21658,400,3
21659,349,1
21660,348,2
21661,358,1
21662,365,1
21662,360,1
21663,331,1
21664,211,1
21664,273,1
21664,293,1
21665,283,1
21665,225,1
21666,167,1
21667,364,3
21668,364,1
21669,245,3
21670,349,1
21671,194,1
21671,240,1
21672,290,3
21673,313,3
21674,358,2
21675,248,2
21676,257,1
21676,218,1
21677,213,1
21678,134,1
21679,306,2
21680,302,1
21680,153,1
21681,194,3
21682,290,1
21682,271,1
21683,366,1
21684,101,1
21685,351,3
21686,293,2
21687,283,1
21688,329,1
21688,285,1
21688,125,1
21689,163,1
21690,289,1
21691,286,1
21692,272,1
21693,306,1
21693,375,1
21694,318,1
21695,209,1
21695,329,1
21696,377,2
21697,250,1
21697,132,1
21697,255,1
21698,374,1
21698,190,1
21699,160,2
21700,197,1
21700,368,1
21700,191,1
21701,150,2
21702,323,1
21702,181,1
21702,135,1
21703,210,2
21704,173,1
21705,159,1
21706,260,3
21707,233,1
21707,241,1
21707,313,1
21708,258,1
21708,182,1
21708,376,1
21709,198,1
21710,357,3
21711,336,1
21712,319,1
21712,312,1
21713,272,1
21714,244,1
21714,209,1
21715,140,1
21715,361,1
21715,174,1
21716,204,1
21716,144,1
21716,228,1
21717,369,2
21718,139,1
21719,214,2
21720,238,1
21720,101,1
21720,271,1
21721,244,1
21721,330,1
21722,347,1
21723,167,2
21724,148,2
21725,297,1
21726,273,1
21727,208,2
21728,159,2
21729,197,3
21730,139,1
21730,272,1
21731,242,1
21732,131,1
21733,368,1
21733,244,1
21733,261,1
21734,177,3
21735,280,2
21736,117,1
21737,315,1
21737,372,1
21738,173,3
21739,295,2
21740,105,2
21741,246,1
21741,241,1
21742,392,1
21743,259,1
21744,292,1
21745,242,1
21746,344,1
21747,215,2
21748,311,1
21748,284,1
21749,215,1
21749,234,1
21750,272,1
21750,381,1
21751,371,3
21752,270,1
21753,212,1
21753,383,1
21754,195,1
21755,377,1
21755,303,1
21756,221,2
21757,381,2
21758,292,2
21759,286,2
21760,315,3
21761,239,1
21762,361,1
21763,316,1
21764,282,3
21765,190,1
21766,355,2
21767,246,2
21768,320,1
21768,300,1
21768,226,1
21769,273,3
21770,330,2
21771,109,3
21772,157,1
21772,369,1
21773,352,1
21773,272,1
21773,390,1
21774,400,3
21775,229,2
21776,195,1
21777,251,1
21777,202,1
21777,249,1
21778,373,1
21778,167,1
21778,112,1
21779,116,1
21780,309,1
21781,136,1
21782,341,3
21783,129,3
21784,205,3
21785,170,1
21786,106,1
21786,311,1
21786,349,1
21787,247,1
21787,246,1
21787,271,1
21788,113,3
21789,152,2
21790,361,1
21791,211,1
21792,274,1
21793,250,3
21794,191,1
21794,184,1
21795,367,1
21795,316,1
21795,321,1
21796,253,1
21796,293,1
21797,257,1
21797,118,1
21797,122,1
21798,381,3
21799,147,1
21799,328,1
21799,132,1
21800,218,2
21801,156,1
21801,167,1
21801,322,1
21802,371,3
21803,389,3
21804,265,1
21804,248,1
21804,218,1
21805,305,3
21806,106,2
21807,156,1
21807,161,1
21808,221,1
21809,343,2
21810,112,3
21811,241,1
21811,354,1
21811,309,1
21812,346,1
21813,140,1
21814,285,3
21815,181,2
21816,281,3
21817,230,1
21817,248,1
21818,239,3
21819,301,1
21819,119,1
21819,262,1
21820,209,1
21820,388,1
21820,102,1
21821,351,3
21822,233,1
21822,296,1
21822,149,1
21823,359,1
21823,266,1
21823,114,1
21824,320,1
21824,340,1
21824,233,1
21825,353,1
21825,378,1
21826,361,1
21826,312,1
21826,360,1
21827,326,1
21828,124,3
21829,297,3
21830,110,3
21831,289,1
21832,163,1
21832,167,1
21832,196,1
21833,350,2
21834,360,1
21835,304,1
21836,378,2
21837,319,1
21837,369,1
21838,260,1
21839,182,1
21840,350,1
21841,170,1
21842,324,1
21843,266,1
21843,354,1
21843,169,1
21844,327,1
21844,134,1
21844,151,1
21845,379,2
21846,187,1
21847,132,3
21848,370,2
21849,223,1
21849,102,1
21850,213,1
21850,249,1
21850,254,1
21851,177,2
21852,394,1
21853,280,1
21854,201,3
21855,179,1
21855,266,1
21855,360,1
21856,246,3
21857,281,1
21857,103,1
21857,141,1
21858,367,1
21859,183,1
21860,187,1
21861,315,1
21861,332,1
21861,357,1
21862,296,1
21863,228,1
21864,312,2
21865,255,1
21866,140,1
21867,347,1
21867,368,1
21867,317,1
21868,218,1
21868,357,1
21868,327,1
21869,255,3
21870,292,2
21871,217,3
21872,339,1
21873,399,1
21874,383,1
21875,152,2
21876,221,1
21877,324,3
21878,105,1
21878,386,1
21879,385,3
21880,220,1
21881,263,1
21882,334,3
21883,338,1
21884,221,1
21884,243,1
21884,141,1
21885,355,1
21886,345,1
21886,397,1
21887,132,3
21888,374,1
21889,149,3
21890,372,1
21891,149,1
21892,311,1
21892,318,1
21893,139,1
21893,362,1
21894,275,1
21895,361,3
21896,188,3
21897,180,1
21898,210,3
21899,224,2
21900,384,1
21901,157,1
21901,383,1
21901,142,1
21902,103,1
21902,126,1
21902,167,1
21903,239,3
21904,132,1
21904,102,1
21904,229,1
21905,375,1
21906,135,3
21907,120,1
21907,273,1
21907,317,1
21908,147,1
21908,347,1
21908,310,1
21909,174,3
21910,141,2
21911,154,3
21912,298,2
21913,135,3
21914,115,3
21915,289,1
21916,399,2
21917,141,1
21918,273,3
21919,126,1
21919,356,1
21919,333,1
21920,347,3
21921,215,2
21922,185,3
21923,135,1
21923,257,1
21924,393,2
21925,127,2
21926,286,1
21927,299,1
21928,294,2
21929,329,3
21930,337,1
21931,152,1
21932,357,1
21933,326,1
21934,235,1
21935,159,1
21936,119,1
21937,394,2
21938,196,2
21939,169,1
21940,372,1
21940,149,1
21941,304,2
21942,358,1
21943,189,2
21944,215,2
21945,144,1
21945,377,1
21946,377,1
21947,300,3
21948,321,1
21949,144,1
21950,368,1
21950,302,1
21951,250,1
21952,340,1
21952,155,1
21952,111,1
21953,188,1
21954,254,1
21954,357,1
21955,205,2
21956,276,2
21957,177,2
21958,347,1
21959,221,2
21960,400,1
21960,380,1
21961,325,1
21961,299,1
21961,348,1
21962,315,1
21962,168,1
21963,151,1
21964,314,1
21964,188,1
21965,244,2
21966,219,1
21967,214,1
21967,393,1
21967,234,1
21968,226,1
21968,179,1
21969,337,1
21969,397,1
21970,120,2
21971,328,1
21972,301,1
21973,215,1
21973,271,1
21974,399,3
21975,148,1
21975,235,1
21975,357,1
21976,144,1
21976,310,1
21976,356,1
21977,305,1
21977,104,1
21977,236,1
21978,259,1
21979,226,1
21979,117,1
21980,192,3
21981,257,1
21982,299,2
21983,376,1
21984,336,1
21985,250,3
21986,153,1
21986,150,1
21986,252,1
21987,158,1
21988,174,3
21989,279,1
21989,165,1
21990,207,1
21991,289,1
21991,280,1
21992,214,2
21993,283,1
21994,327,1
21995,321,1
21996,357,1
21997,206,1
21998,211,1
21999,265,1
21999,280,1
22000,338,2
22001,235,2
22002,105,2
22003,363,1
22004,105,3
22005,336,1
22006,258,1
22006,292,1
22006,231,1
22007,382,1
22007,207,1
22007,196,1
22008,354,3
22009,367,3
22010,236,2
22011,334,3
22012,171,1
22012,274,1
22013,266,1
22014,279,3
22015,280,1
22015,399,1
22015,259,1
22016,238,1
22017,230,1
22018,107,2
22019,255,3
22020,255,3
22021,167,1
22022,148,1
22022,254,1
22023,257,2
22024,245,1
22024,277,1
22024,335,1
22025,137,2
22026,334,2
22027,133,1
22028,368,1
22029,241,3
22030,283,3
22031,234,1
22031,323,1
22032,191,1
22033,376,1
22033,221,1
22033,111,1
22034,376,3
22035,134,1
22036,123,1
22036,334,1
22036,115,1
22037,141,2
22038,287,3
22039,327,1
22039,161,1
22039,233,1
22040,276,1
22040,323,1
22040,301,1
22041,263,1
22041,182,1
22042,133,1
22042,209,1
22043,258,3
22044,286,1
22045,396,1
22045,272,1
22045,105,1
22046,234,1
22046,348,1
22047,195,1
22048,138,1
22049,365,1
22049,323,1
22049,170,1
22050,242,2
22051,327,1
22051,397,1
22051,291,1
22052,375,1
22053,342,1
22054,204,3
22055,323,1
22055,299,1
22055,169,1
22056,188,1
22056,106,1
22057,134,1
22057,169,1
22057,214,1
22058,325,1
22058,328,1
22058,279,1
22059,245,1
22059,257,1
22060,137,1
22060,143,1
22060,219,1
22061,344,1
22061,236,1
22061,188,1
22062,332,1
22063,274,1
22063,148,1
22063,240,1
22064,286,1
22064,398,1
22064,357,1
22065,234,3
22066,397,1
22067,348,1
22067,147,1
22068,367,2
22069,191,2
22070,262,2
22071,193,1
22072,117,1
22073,162,2
22074,379,1
22074,344,1
22075,114,1
22076,382,3
22077,270,1
22078,270,1
22079,345,1
22079,117,1
22080,243,1
22080,176,1
22081,266,2
22082,367,1
22083,284,1
22084,180,1
22085,129,2
22086,151,1
22086,347,1
22087,380,1
22087,300,1
22088,237,1
22089,157,1
22089,152,1
22089,133,1
22090,199,1
22090,377,1
22090,171,1
22091,233,2
22092,398,3
22093,353,1
22093,350,1
22094,280,1
22095,194,1
22096,292,1
22096,368,1
22096,193,1
22097,326,1
22097,308,1
22098,166,1
22099,127,1
22099,289,1
22100,104,1
22100,193,1
22101,383,1
22102,151,1
22103,152,2
22104,113,1
22105,175,1
22106,292,1
22107,258,1
22107,391,1
22107,126,1
22108,314,1
22108,199,1
22109,326,1
22110,220,1
22111,181,1
22111,111,1
22111,241,1
22112,209,2
22113,214,1
22113,218,1
22113,229,1
22114,363,1
22114,204,1
22115,289,3
22116,274,1
22117,121,1
22117,142,1
22117,261,1
22118,240,3
22119,244,1
22119,160,1
22119,132,1
22120,141,3
22121,200,1
22121,339,1
22122,259,1
22123,255,1
22124,267,3
22125,122,1
22126,177,1
22127,212,1
22127,176,1
22128,356,3
22129,109,1
22130,178,3
22131,186,1
22131,127,1
22131,112,1
22132,149,2
22133,180,1
22133,228,1
22134,149,1
22134,370,1
22135,263,3
22136,272,1
22137,161,1
22138,224,1
22138,392,1
22138,325,1
22139,172,3
22140,230,3
22141,103,1
22141,310,1
22142,365,2
22143,279,1
22144,384,1
22145,172,2
22146,321,1
22147,331,3
22148,353,1
22148,211,1
22149,262,2
22150,329,2
22151,325,1
22152,317,1
22153,222,1
22154,291,1
22155,311,3
22156,268,1
22156,208,1
22157,253,1
22158,385,1
22158,146,1
22159,235,1
22160,172,2
22161,323,1
22161,355,1
22161,264,1
22162,267,1
22162,305,1
22163,346,2
22164,256,2
22165,196,1
22165,221,1
22165,122,1
22166,101,3
22167,140,1
22167,394,1
22168,337,3
22169,379,3
22170,358,1
22170,284,1
22171,176,3
22172,333,1
22173,292,1
22173,127,1
22174,394,1
22174,229,1
22174,129,1
22175,165,3
22176,129,1
22177,322,3
22178,256,3
22179,188,1
22179,297,1
22179,316,1
22180,369,1
22180,214,1
22180,335,1
22181,286,1
22182,330,2
22183,389,3
22184,182,1
22184,175,1
22185,150,1
22185,140,1
22185,351,1
22186,174,2
22187,133,1
22188,358,2
22189,116,1
22189,232,1
22189,316,1
22190,173,1
22191,267,1
22192,168,1
22193,393,1
22193,223,1
22194,194,1
22195,177,2
22196,200,1
22197,284,1
22198,149,3
22199,226,1
22200,189,1
22200,140,1
22201,106,1
22201,318,1
22202,353,2
22203,378,1
22203,112,1
22204,160,1
22205,145,1
22205,118,1
22206,305,3
22207,182,1
22208,313,1
22208,131,1
22208,173,1
22209,348,1
22209,391,1
22209,241,1
22210,334,1
22211,323,1
22211,379,1
22212,135,1
22213,198,2
22214,128,1
22215,204,1
22216,259,2
22217,341,3
22218,374,1
22219,172,1
22220,346,2
22221,290,1
22222,337,1
22223,399,1
22224,184,3
22225,305,1
22226,346,1
22227,391,1
22227,246,1
22228,207,2
22229,324,1
22230,201,2
22231,303,1
22231,237,1
22232,134,1
22232,127,1
22232,318,1
22233,325,3
22234,339,3
22235,384,1
22235,158,1
22235,122,1
22236,393,1
22237,288,1
22238,380,1
22238,348,1
22239,140,1
22240,400,1
22240,140,1
22240,190,1
22241,114,1
22242,284,2
22243,196,1
22244,187,1
22245,385,1
22246,254,1
22246,139,1
22247,130,2
22248,354,1
22249,168,2
22250,220,1
22250,130,1
22251,274,1
22251,327,1
22252,141,1
22252,123,1
22252,347,1
22253,133,1
22253,163,1
22253,394,1
22254,338,1
22255,150,1
22256,160,1
22257,295,1
22258,130,1
22258,131,1
22259,243,1
22260,223,2
22261,107,1
22262,269,1
22262,328,1
22262,256,1
22263,297,2
22264,101,3
22265,189,1
22266,333,1
22266,286,1
22267,169,2
22268,223,2
22269,325,2
22270,107,3
22271,316,2
22272,294,1
22273,358,1
22273,280,1
22274,223,1
22274,397,1
22275,224,1
22276,157,2
22277,209,3
22278,380,1
22279,363,1
22279,219,1
22280,329,1
22280,354,1
22280,389,1
22281,277,3
22282,357,1
22282,134,1
22283,350,2
22284,131,2
22285,397,2
22286,122,1
22287,252,3
22288,357,3
22289,319,2
22290,166,1
22291,329,1
22292,286,1
22293,157,1
22293,199,1
22293,153,1
22294,121,3
22295,256,1
22295,175,1
22296,282,3
22297,176,3
22298,221,1
22299,304,1
22299,204,1
22299,296,1
22300,229,1
22300,377,1
22301,120,1
22302,368,1
22303,156,1
22304,148,1
22304,235,1
22305,152,1
22306,231,1
22306,223,1
22306,257,1
22307,174,1
22308,302,1
22309,354,1
22310,378,1
22311,221,1
22311,347,1
22312,366,2
22313,232,1
22314,139,1
22315,231,1
22315,352,1
22316,145,1
22316,147,1
22317,226,2
22318,221,2
22319,140,1
22319,144,1
22319,266,1
22320,340,2
22321,195,3
22322,163,1
22323,242,1
22323,284,1
22324,107,2
22325,346,3
22326,181,2
22327,260,1
22328,349,1
22329,329,1
22329,173,1
22330,109,1
22331,237,1
22332,209,3
22333,306,1
22334,376,1
22334,179,1
22335,395,1
22336,191,1
22336,299,1
22337,193,3
22338,240,1
22339,223,1
22340,110,2
22341,373,1
22342,330,1
22343,351,3
22344,170,1
22345,323,2
22346,143,1
22346,139,1
22347,366,3
22348,185,3
22349,225,1
22349,313,1
22349,224,1
22350,293,1
22351,170,1
22351,173,1
22351,317,1
22352,119,2
22353,198,1
22353,355,1
22354,316,1
22355,326,2
22356,280,1
22357,138,2
22358,116,1
22358,209,1
22358,277,1
22359,284,2
22360,205,1
22361,266,3
22362,103,3
22363,161,1
22364,121,1
22364,376,1
22365,297,3
22366,137,1
22367,328,1
22368,195,1
22368,298,1
22369,347,1
22370,400,1
22370,334,1
22370,259,1
22371,389,1
22371,250,1
22371,399,1
22372,342,2
22373,319,2
22374,195,1
22374,255,1
22375,168,1
22375,219,1
22375,340,1
22376,241,1
22376,337,1
22377,273,3
22378,249,3
22379,281,3
22380,202,1
22381,283,1
22381,369,1
22382,243,1
22382,210,1
22382,297,1
22383,218,1
22383,261,1
22384,102,1
22384,145,1
22384,331,1
22385,196,3
22386,351,2
22387,155,3
22388,310,1
22388,145,1
22389,399,2
22390,239,1
22390,183,1
22390,330,1
22391,241,1
22392,273,3
22393,335,1
22393,247,1
22394,331,1
22394,299,1
22395,244,1
22396,382,1
22396,226,1
22396,203,1
22397,397,1
22398,353,1
22398,129,1
22399,130,1
22400,151,2
22401,282,2
22402,148,1
22402,387,1
22402,195,1
22403,275,1
22403,218,1
22403,374,1
22404,206,2
22405,110,1
22405,159,1
22406,320,2
22407,114,1
22408,375,1
22408,332,1
22409,254,1
22409,311,1
22409,261,1
22410,244,1
22411,296,3
22412,336,3
22413,269,1
22414,334,1
22415,296,2
22416,357,2
22417,101,1
22417,202,1
22418,267,1
22418,202,1
22418,300,1
22419,292,3
22420,268,1
22421,331,1
22422,394,1
22423,289,1
22423,262,1
22424,313,3
22425,327,3
22426,178,1
22426,343,1
22427,360,1
22428,148,1
22429,395,3
22430,156,2
22431,218,1
22432,165,1
22432,218,1
22433,342,1
22433,386,1
22433,135,1
22434,356,2
22435,127,1
22435,193,1
22436,255,1
22437,152,3
22438,303,1
22438,135,1
22439,340,2
22440,358,1
22440,118,1
22440,125,1
22441,357,1
22441,143,1
22441,398,1
22442,317,1
22443,335,2
22444,163,1
22444,380,1
22445,258,1
22446,199,3
22447,131,1
22447,195,1
22447,333,1
22448,375,1
22448,145,1
22449,241,2
22450,262,3
22451,110,3
22452,222,2
22453,161,1
22453,371,1
22454,143,1
22455,385,1
22456,384,1
22456,324,1
22457,356,1
22458,178,3
22459,391,3
22460,133,1
22460,117,1
22460,322,1
22461,376,1
22461,282,1
22461,161,1
22462,198,3
22463,260,2
22464,145,3
22465,373,2
22466,108,1
22466,397,1
22467,269,1
22467,339,1
22468,383,2
22469,325,1
22470,302,3
22471,366,1
22471,192,1
22471,302,1
22472,127,2
22473,186,3
22474,366,1
22474,379,1
22474,205,1
22475,239,3
22476,271,2
22477,175,1
22477,376,1
22478,297,2
22479,150,2
22480,152,1
22480,142,1
22480,153,1
22481,165,2
22482,344,2
22483,200,1
22484,140,1
22485,102,2
22486,135,2
22487,208,1
22488,176,2
22489,175,2
22490,262,3
22491,120,1
22491,157,1
22491,162,1
22492,185,1
22492,157,1
22493,376,3
22494,149,2
22495,194,3
22496,188,2
22497,324,1
22498,327,2
22499,193,1
22500,247,1
22500,350,1
22500,192,1
22501,363,1
22502,169,1
22503,384,1
22504,155,1
22505,258,1
22505,334,1
22505,226,1
22506,363,2
22507,325,1
22508,205,2
22509,187,1
22509,399,1
22510,213,1
22511,287,1
22512,227,1
22512,187,1
22513,152,1
22513,114,1
22513,118,1
22514,275,1
22514,126,1
22515,159,1
22516,279,1
22516,309,1
22517,365,1
22517,346,1
22518,294,1
22519,369,3
22520,161,1
22521,385,1
22521,162,1
22522,121,1
22522,124,1
22522,336,1
22523,350,3
22524,342,3
22525,266,1
22526,398,1
22526,324,1
22526,130,1
22527,315,1
22527,342,1
22527,149,1
22528,380,1
22528,370,1
22528,187,1
22529,277,1
22530,331,1
22531,252,1
22531,171,1
22532,202,1
22532,211,1
22533,218,2
22534,242,1
22535,291,3
22536,276,1
22536,324,1
22537,389,1
22537,228,1
22537,156,1
22538,149,1
22538,288,1
22538,167,1
22539,325,1
22540,334,1
22541,197,2
22542,138,2
22543,360,1
22544,258,1
22545,301,1
22545,216,1
22545,379,1
22546,208,1
22547,260,1
22547,240,1
22547,112,1
22548,298,3
22549,220,3
22550,254,3
22551,128,1
22551,373,1
22552,266,1
22552,223,1
22552,365,1
22553,295,3
22554,162,1
22555,270,1
22556,203,1
22557,355,3
22558,393,1
22559,225,1
22559,251,1
22560,217,1
22560,169,1
22561,260,3
22562,260,1
22563,163,1
22564,250,1
22565,393,1
22565,118,1
22565,170,1
22566,102,1
22566,239,1
22566,211,1
22567,158,2
22568,222,2
22569,385,1
22569,187,1
22570,375,1
22570,346,1
22571,308,2
22572,202,1
22573,369,2
22574,295,1
22575,320,1
22576,263,3
22577,293,2
22578,179,1
22578,336,1
22579,320,1
22579,397,1
22579,156,1
22580,209,1
22581,261,1
22582,150,1
22582,377,1
22583,352,1
22583,196,1
22583,121,1
22584,199,1
22585,207,1
22586,309,1
22586,328,1
22587,307,1
22588,253,1
22588,130,1
22588,313,1
22589,329,1
22589,344,1
22589,324,1
22590,370,1
22591,356,1
22592,168,1
22592,102,1
22593,146,1
22593,142,1
22594,164,1
22595,203,1
22596,289,1
22596,259,1
22596,115,1
22597,181,2
22598,212,1
22599,297,3
22600,111,1
22600,141,1
22601,330,2
22602,164,1
22603,265,1
22604,259,2
22605,184,1
22606,357,1
22607,364,1
22607,106,1
22607,185,1
22608,153,3
22609,372,1
22609,155,1
22610,351,2
22611,374,2
22612,257,3
22613,173,3
22614,177,1
22615,155,1
22616,257,2
22617,142,1
22617,292,1
22617,173,1
22618,329,2
22619,210,1
22619,111,1
22620,110,3
22621,391,1
22622,302,3
22623,235,3
22624,104,1
22624,262,1
22625,127,1
22626,343,1
22627,147,1
22627,319,1
22627,179,1
22628,362,2
22629,332,2
22630,216,1
22630,267,1
22630,305,1
22631,345,1
22632,277,1
22632,177,1
22633,335,1
22633,286,1
22633,331,1
22634,123,1
22634,233,1
22634,385,1
22635,358,2
22636,367,3
22637,151,3
22638,106,2
22639,194,1
22639,193,1
22640,143,1
22640,328,1
22641,294,1
22642,143,1
22642,311,1
22642,254,1
22643,277,2
22644,147,3
22645,397,3
22646,181,1
22647,189,3
22648,166,1
22648,289,1
22648,171,1
22649,324,1
22650,385,3
22651,316,3
22652,160,2
22653,139,1
22653,385,1
22653,173,1
22654,209,2
22655,248,1
22656,163,1
22656,350,1
22656,249,1
22657,271,3
22658,189,1
22659,169,1
22659,395,1
22660,177,1
22660,109,1
22661,219,1
22661,384,1
22661,214,1
22662,175,2
22663,302,1
22663,258,1
22664,128,1
22664,394,1
22665,238,1
22666,184,1
22667,131,1
22668,397,1
22669,251,3
22670,207,2
22671,279,1
22671,400,1
22672,182,1
22672,235,1
22672,275,1
22673,216,1
22673,259,1
22673,264,1
22674,208,3
22675,329,2
22676,164,1
22677,156,2
22678,246,1
22678,183,1
22679,370,1
22679,229,1
22680,296,3
22681,135,1
22681,105,1
22681,202,1
22682,379,1
22683,311,1
22683,161,1
22683,303,1
22684,244,3
22685,227,1
22686,112,1
22687,392,1
22687,356,1
22687,143,1
22688,151,1
22688,311,1
22689,396,1
22690,362,1
22690,375,1
22691,172,1
22692,113,1
22692,163,1
22693,385,1
22693,384,1
22694,167,1
22695,130,1
22695,176,1
22696,173,1
22697,114,3
22698,352,1
22698,274,1
22699,301,2
22700,286,1
22701,113,3
22702,222,1
22702,190,1
22702,109,1
22703,196,1
22704,325,3
22705,335,3
22706,400,1
22706,324,1
22707,104,2
22708,202,1
22708,235,1
22709,378,1
22710,293,1
22711,295,1
22711,238,1
22711,299,1
22712,191,1
22712,136,1
22712,281,1
22713,340,1
22714,245,2
22715,338,1
22716,185,2
22717,279,1
22718,270,3
22719,378,1
22720,168,1
22721,112,1
22722,207,3
22723,398,1
22723,112,1
22723,212,1
22724,324,1
22725,227,1
22726,213,1
22726,174,1
22727,390,3
22728,119,1
22728,264,1
22729,146,1
22729,360,1
22729,238,1
22730,187,2
22731,220,2
22732,371,1
22733,217,1
22733,346,1
22734,178,1
22735,347,1
22735,135,1
22736,291,3
22737,316,1
22737,157,1
22738,334,1
22739,126,1
22740,158,1
22741,162,1
22742,113,3
22743,324,1
22743,380,1
22743,122,1
22744,153,1
22744,228,1
22745,297,1
22746,240,1
22746,128,1
22746,317,1
22747,146,1
22748,119,2
22749,251,3
22750,342,1
22750,371,1
22750,113,1
22751,227,3
22752,323,1
22753,365,1
22754,254,2
22755,324,1
22756,235,2
22757,351,1
22758,331,2
22759,147,1
22759,390,1
22760,224,1
22760,225,1
22761,299,1
22761,300,1
22761,106,1
22762,354,1
22762,264,1
22762,126,1
22763,270,1
22763,118,1
22763,373,1
22764,319,2
22765,289,3
22766,309,2
22767,229,1
22767,215,1
22767,298,1
22768,396,3
22769,371,1
22769,374,1
22770,340,2
22771,174,2
22772,212,1
22772,391,1
22772,197,1
22773,305,1
22773,116,1
22774,234,2
22775,384,1
22776,304,1
22777,332,1
22778,151,1
22778,184,1
22778,167,1
22779,198,1
22780,347,2
22781,234,1
22781,252,1
22782,245,1
22782,305,1
22783,187,1
22784,358,1
22784,310,1
22784,350,1
22785,130,2
22786,237,1
22786,364,1
22786,306,1
22787,115,2
22788,225,1
22789,258,3
22790,152,2
22791,193,3
22792,294,1
22793,376,3
22794,390,2
22795,261,3
22796,286,1
22796,213,1
22796,357,1
22797,124,1
22798,179,1
22799,294,2
22800,118,1
22800,220,1
22801,130,1
22801,192,1
22801,212,1
22802,328,2
22803,246,1
22803,398,1
22803,104,1
22804,269,3
22805,285,1
22805,214,1
22805,392,1
22806,277,1
22806,393,1
22806,385,1
22807,292,1
22807,185,1
22808,362,1
22809,376,1
22810,201,1
22811,158,1
22812,241,2
22813,319,3
22814,326,1
22814,309,1
22815,265,1
22815,114,1
22815,285,1
22816,382,1
22817,396,3
22818,135,1
22819,342,3
22820,115,1
22820,179,1
22820,119,1
22821,169,3
22822,253,1
22822,235,1
22822,237,1
22823,380,1
22824,262,1
22824,344,1
22825,394,1
22825,361,1
22825,223,1
22826,109,1
22827,157,3
22828,292,1
22829,368,1
22829,311,1
22829,386,1
22830,293,3
22831,220,1
22831,256,1
22831,277,1
22832,120,2
22833,252,2
22834,295,1
22835,297,1
22835,144,1
22835,385,1
22836,151,1
22837,137,1
22837,236,1
22837,312,1
22838,365,1
22838,192,1
22839,335,1
22839,322,1
22839,291,1
22840,266,3
22841,210,1
22841,124,1
22842,210,1
22842,194,1
22843,378,2
22844,311,1
22845,241,1
22846,396,3
22847,358,3
22848,312,1
22849,375,2
22850,228,1
22850,151,1
22851,185,3
22852,323,1
22852,288,1
22853,371,1
22853,174,1
22854,160,1
22854,345,1
22854,327,1
22855,211,1
22855,129,1
22856,345,2
22857,161,2
22858,150,1
22859,270,1
22860,149,1
22861,283,1
22862,269,1
22863,152,1
22863,304,1
22864,262,3
22865,323,1
22865,319,1
22865,140,1
22866,303,3
22867,333,3
22868,133,1
22868,286,1
22868,152,1
22869,382,1
22869,233,1
22869,195,1
22870,377,1
22870,285,1
22871,157,1
22872,169,1
22872,365,1
22872,124,1
22873,237,1
22874,153,1
22874,384,1
22875,313,1
22876,339,1
22877,262,2
22878,331,1
22878,317,1
22879,306,1
22879,170,1
22879,266,1
22880,159,1
22880,309,1
22881,103,2
22882,367,1
22883,330,1
22884,265,1
22885,303,1
22885,104,1
22886,215,1
22887,349,1
22887,368,1
22887,327,1
22888,370,1
22888,257,1
22889,272,1
22890,212,2
22891,309,1
22891,216,1
22891,277,1
22892,327,3
22893,291,1
22894,332,2
22895,366,3
22896,365,1
22896,258,1
22897,281,1
22898,326,1
22898,207,1
22899,291,1
22899,309,1
22900,248,2
22901,215,1
22902,222,1
22902,303,1
22903,255,1
22903,248,1
22904,209,1
22905,287,1
22905,109,1
22905,221,1
22906,162,1
22907,188,1
22907,394,1
22907,193,1
22908,174,1
22908,156,1
22909,321,2
22910,344,3
22911,149,3
22912,191,1
22913,267,1
22913,210,1
22913,345,1
22914,292,1
22914,164,1
22914,400,1
22915,387,1
22915,343,1
22916,326,3
22917,399,2
22918,161,1
22919,198,1
22919,261,1
22920,326,2
22921,346,1
22922,357,2
22923,347,2
22924,177,1
22924,259,1
22924,395,1
22925,356,3
22926,221,1
22926,352,1
22927,227,1
22927,338,1
22928,235,2
22929,337,3
22930,126,3
22931,120,1
22931,141,1
22931,110,1
22932,168,2
22933,295,1
22933,176,1
22933,111,1
22934,360,1
22935,301,2
22936,136,3
22937,132,3
22938,379,3
22939,115,3
22940,280,1
22941,274,1
22942,136,1
22942,287,1
22942,202,1
22943,201,1
22943,339,1
22944,306,2
22945,357,1
22946,359,2
22947,334,1
22947,280,1
22947,232,1
22948,323,1
22949,109,1
22950,228,1
22951,236,2
22952,294,1
22952,324,1
22952,286,1
22953,354,3
22954,217,1
22955,335,1
22955,204,1
22955,202,1
22956,195,2
22957,149,1
22957,396,1
22957,376,1
22958,115,3
22959,131,1
22959,326,1
22959,165,1
22960,231,3
22961,346,1
22962,330,1
22963,198,1
22963,272,1
22964,258,1
22964,262,1
22965,316,1
22966,280,3
22967,132,2
22968,270,3
22969,345,1
22969,379,1
22970,125,2
22971,224,1
22971,130,1
22972,378,1
22973,351,2
22974,179,3
22975,349,1
22975,298,1
22976,224,2
22977,251,1
22978,320,3
22979,118,1
22979,146,1
22979,237,1
22980,340,3
22981,242,2
22982,326,1
22982,145,1
22982,151,1
22983,123,2
22984,367,2
22985,317,1
22985,138,1
22985,251,1
22986,374,3
22987,258,3
22988,291,1
22989,393,1
22990,266,3
22991,390,2
22992,219,3
22993,346,1
22993,218,1
22993,259,1
22994,386,1
22995,230,1
22995,220,1
22996,158,3
22997,272,1
22998,159,2
22999,291,1
23000,261,2
23001,153,1
23002,214,1
23003,266,1
23004,258,1
23004,213,1
23004,118,1
23005,188,1
23005,139,1
23006,154,1
23007,218,2
23008,173,2
23009,376,3
23010,390,1
23010,279,1
23011,219,1
23012,360,2
23013,200,1
23014,326,1
23014,334,1
23015,105,3
23016,146,1
23016,234,1
23016,262,1
23017,302,3
23018,381,3
23019,205,3
23020,278,1
23020,340,1
23021,108,1
23021,382,1
23022,222,3
23023,135,2
23024,233,2
23025,397,1
23026,311,1
23026,239,1
23027,336,3
23028,180,2
23029,178,2
23030,221,1
23031,165,3
23032,180,3
23033,247,3
23034,211,3
23035,151,1
23035,357,1
23035,194,1
23036,380,1
23037,360,3
23038,149,1
23038,250,1
23038,347,1
23039,359,3
23040,269,1
23040,264,1
23040,379,1
23041,135,3
23042,348,1
23042,130,1
23042,329,1
23043,391,1
23043,309,1
23044,297,3
23045,331,1
23046,201,3
23047,371,1
23047,305,1
23048,124,2
23049,158,1
23049,293,1
23050,130,1
23051,173,3
23052,265,2
23053,173,1
23053,135,1
23053,235,1
23054,311,1
23055,244,1
23056,221,2
23057,124,1
23058,329,1
23058,144,1
23058,233,1
23059,252,1
23059,129,1
23060,324,2
23061,155,1
23062,276,3
23063,372,1
23064,213,3
23065,264,3
23066,124,1
23067,257,2
23068,148,1
23069,156,1
23070,125,3
23071,291,1
23072,270,1
23073,121,1
23074,315,1
23074,185,1
23075,367,2
23076,134,3
23077,391,3
23078,105,1
23078,201,1
23078,264,1
23079,166,3
23080,257,2
23081,329,2
23082,366,3
23083,208,1
23084,215,1
23084,196,1
23085,272,1
23085,263,1
23086,250,1
23086,380,1
23086,139,1
23087,173,1
23088,231,3
23089,220,1
23090,382,1
23090,183,1
23090,320,1
23091,267,1
23092,385,1
23093,288,1
23093,390,1
23093,277,1
23094,242,1
23095,235,1
23095,400,1
23095,367,1
23096,368,1
23097,284,1
23097,385,1
23098,192,1
23099,382,2
23100,351,1
23101,118,1
23101,376,1
23102,187,1
23103,327,1
23104,370,3
23105,153,1
23106,396,1
23107,158,1
23108,324,2
23109,142,1
23109,289,1
23110,322,1
23111,103,1
23112,369,2
23113,131,3
23114,347,2
23115,129,1
23115,341,1
23116,389,1
23116,220,1
23117,287,1
23118,357,1
23119,357,1
23119,190,1
23119,295,1
23120,245,1
23121,384,3
23122,330,1
23122,150,1
23122,352,1
23123,372,2
23124,238,2
23125,347,1
23125,174,1
23126,177,2
23127,184,1
23128,391,3
23129,243,3
23130,387,1
23130,199,1
23131,179,2
23132,325,1
23133,246,1
23134,342,3
23135,113,1
23136,167,3
23137,368,2
23138,181,1
23139,290,3
23140,147,1
23141,150,1
23141,247,1
23141,171,1
23142,366,1
23143,282,1
23143,353,1
23143,120,1
23144,197,3
23145,125,1
23145,265,1
23146,322,3
23147,341,1
23147,168,1
23148,366,3
23149,311,2
23150,331,3
23151,365,1
23151,234,1
23151,147,1
23152,362,1
23153,339,1
23154,202,3
23155,230,1
23156,258,1
23156,230,1
23156,380,1
23157,160,3
23158,134,1
23158,195,1
23158,282,1
23159,112,3
23160,190,3
23161,103,1
23162,226,2
23163,277,1
23164,149,1
23165,279,1
23166,396,1
23167,168,2
23168,174,1
23168,351,1
23168,242,1
23169,145,1
23169,312,1
23169,393,1
23170,360,1
23171,345,3
23172,163,1
23173,121,1
23173,316,1
23174,233,2
23175,276,1
23175,330,1
23175,345,1
23176,144,1
23176,340,1
23177,284,1
23178,367,1
23178,238,1
23178,303,1
23179,383,1
23179,179,1
23179,271,1
23180,232,1
23181,187,1
23181,165,1
23181,302,1
23182,210,1
23182,399,1
23183,106,2
23184,399,1
23185,389,3
23186,254,2
23187,151,1
23188,180,1
23188,396,1
23189,148,3
23190,126,3
23191,398,1
23191,136,1
23192,221,1
23192,372,1
23192,268,1
23193,336,1
23194,160,3
23195,165,1
23196,373,1
23196,363,1
23197,252,1
23198,165,1
23199,268,1
23200,170,2
23201,191,1
23201,386,1
23202,380,1
23202,375,1
23203,249,3
23204,316,1
23205,262,2
23206,241,2
23207,392,1
23208,167,3
23209,109,3
23210,313,1
23211,181,3
23212,309,1
23212,319,1
23212,245,1
23213,398,3
23214,333,2
23215,287,1
23216,155,1
23216,273,1
23217,304,3
23218,191,3
23219,132,1
23220,189,1
23221,305,1
23221,397,1
23222,336,1
23222,224,1
23222,311,1
23223,206,3
23224,181,3
23225,304,1
23225,277,1
23225,275,1
23226,356,1
23226,309,1
23226,328,1
23227,381,1
23227,372,1
23228,284,1
23229,116,1
23230,362,2
23231,269,3
23232,301,3
23233,338,1
23234,346,1
23234,252,1
23235,213,1
23235,160,1
23236,111,1
23236,130,1
23236,208,1
23237,326,1
23238,297,1
23239,326,1
23239,240,1
23240,140,1
23241,183,1
23242,388,1
23243,379,1
23244,298,1
23245,152,3
23246,259,2
23247,365,1
23247,159,1
23247,205,1
23248,224,1
23249,240,2
23250,338,3
23251,320,1
23251,399,1
23252,269,1
23253,370,3
23254,186,3
23255,307,1
23256,292,1
23257,389,1
23257,364,1
23258,243,1
23258,241,1
23258,396,1
23259,237,1
23259,304,1
23260,103,1
23261,223,3
23262,141,2
23263,146,1
23263,362,1
23264,209,3
23265,277,3
23266,352,3
23267,299,3
23268,209,2
23269,275,1
23270,188,3
23271,285,1
23272,284,3
23273,244,3
23274,159,1
23274,291,1
23274,168,1
23275,383,1
23275,118,1
23275,248,1
23276,298,1
23276,140,1
23276,280,1
23277,150,1
23278,104,1
23279,328,1
23280,378,1
23281,168,2
23282,270,1
23283,385,2
23284,114,1
23284,249,1
23285,187,3
23286,146,1
23286,278,1
23286,286,1
23287,237,1
23288,218,1
23288,238,1
23288,346,1
23289,247,1
23290,112,1
23291,271,1
23292,399,1
23293,198,1
23293,107,1
23294,390,3
23295,206,1
23296,327,1
23297,387,1
23298,234,3
23299,259,3
23300,170,3
23301,147,1
23301,240,1
23301,360,1
23302,284,1
23302,278,1
23303,175,3
23304,104,1
23304,203,1
23305,243,1
23305,283,1
23306,368,1
23306,161,1
23306,298,1
23307,389,1
23308,147,1
23309,176,1
23309,203,1
23309,306,1
23310,113,3
23311,139,1
23311,197,1
23312,312,1
23312,399,1
23312,369,1
23313,170,1
23313,368,1
23313,111,1
23314,397,1
23314,184,1
23315,353,1
23316,155,3
23317,338,2
23318,164,2
23319,345,1
23319,249,1
23319,313,1
23320,385,1
23321,282,1
23321,246,1
23321,182,1
23322,158,1
23322,248,1
23323,277,1
23323,112,1
23324,317,1
23325,242,1
23326,273,1
23327,288,1
23328,288,3
23329,269,1
23330,161,1
23331,165,1
23332,137,1
23332,206,1
23333,152,1
23334,387,1
23334,269,1
23334,386,1
23335,171,1
23335,344,1
23335,335,1
23336,144,1
23337,347,1
23337,294,1
23338,346,1
23338,370,1
23338,107,1
23339,104,1
23339,159,1
23340,147,1
23341,376,1
23341,178,1
23341,299,1
23342,170,2
23343,273,1
23344,166,1
23345,329,1
23346,317,3
23347,264,1
23348,199,1
23348,196,1
23348,251,1
23349,215,3
23350,141,1
23350,258,1
23350,339,1
23351,268,1
23351,387,1
23352,383,1
23353,395,1
23354,250,2
23355,233,1
23355,212,1
23356,254,1
23356,388,1
23357,383,1
23357,246,1
23358,248,1
23358,221,1
23359,316,1
23359,106,1
23360,256,1
23360,143,1
23360,375,1
23361,198,1
23362,135,1
23362,274,1
23362,304,1
23363,285,1
23363,208,1
23364,117,1
23364,371,1
23365,258,1
23366,144,1
23366,394,1
23367,227,1
23367,313,1
23368,214,1
23369,331,1
23369,296,1
23370,217,1
23370,293,1
23370,224,1
23371,262,1
23371,323,1
23372,399,3
23373,399,1
23373,156,1
23374,237,3
23375,324,3
23376,109,3
23377,260,1
23377,154,1
23378,316,1
23378,377,1
23378,125,1
23379,367,3
23380,274,3
23381,127,1
23381,182,1
23382,133,1
23382,173,1
23382,153,1
23383,158,1
23384,260,2
23385,246,1
23385,229,1
23385,216,1
23386,321,3
23387,138,3
23388,279,1
23388,286,1
23388,310,1
23389,172,1
23389,365,1
23389,208,1
23390,332,1
23390,236,1
23390,238,1
23391,321,1
23392,339,2
23393,101,1
23393,207,1
23394,199,2
23395,310,1
23396,207,1
23397,157,2
23398,146,1
23399,250,3
23400,121,3
23401,323,3
23402,310,1
23402,272,1
23402,168,1
23403,144,3
23404,322,1
23405,105,1
23406,308,2
23407,232,2
23408,297,3
23409,367,1
23409,373,1
23410,110,3
23411,328,3
23412,289,3
23413,313,1
23413,341,1
23414,369,1
23414,275,1
23414,105,1
23415,174,1
23416,319,1
23416,146,1
23416,370,1
23417,349,2
23418,167,3
23419,226,3
23420,128,3
23421,253,2
23422,322,1
23422,347,1
23422,209,1
23423,299,1
23423,348,1
23424,201,1
23424,240,1
23424,379,1
23425,165,3
23426,338,2
23427,325,1
23427,295,1
23428,147,3
23429,152,1
23430,199,1
23431,109,1
23432,287,3
23433,356,1
23433,213,1
23433,357,1
23434,354,3
23435,363,3
23436,140,3
23437,264,1
23437,132,1
23437,182,1
23438,161,1
23438,354,1
23438,116,1
23439,285,1
23440,336,1
23440,335,1
23440,345,1
23441,233,1
23442,212,3
23443,151,3
23444,376,1
23445,340,1
23446,218,3
23447,251,1
23447,341,1
23448,288,1
23449,397,1
23450,309,1
23450,350,1
23451,187,1
23452,263,1
23453,297,1
23453,134,1
23453,183,1
23454,157,1
23454,278,1
23455,151,3
23456,246,3
23457,339,1
23458,137,1
23459,338,1
23459,250,1
23459,306,1
23460,188,1
23460,148,1
23461,256,1
23462,212,2
23463,207,1
23463,336,1
23464,316,1
23464,174,1
23464,257,1
23465,339,2
23466,288,1
23466,274,1
23467,125,1
23468,292,2
23469,141,2
23470,187,2
23471,373,2
23472,341,2
23473,317,2
23474,172,2
23475,334,2
23476,314,1
23476,177,1
23476,130,1
23477,330,3
23478,206,3
23479,135,1
23480,328,3
23481,304,2
23482,383,1
23482,356,1
23482,212,1
23483,395,1
23484,264,1
23485,140,2
23486,391,3
23487,147,2
23488,294,1
23489,262,2
23490,291,1
23491,233,2
23492,171,1
23492,225,1
23493,387,1
23494,265,1
23495,311,1
23496,359,3
23497,121,1
23498,398,1
23499,124,1
23500,304,1
23501,256,2
23502,326,1
23503,324,3
23504,171,1
23505,148,3
23506,169,1
23507,373,1
23508,317,1
23508,218,1
23509,151,2
23510,181,1
23510,326,1
23510,258,1
23511,284,2
23512,362,2
23513,390,1
23513,130,1
23514,163,1
23515,256,1
23515,133,1
23516,358,2
23517,366,1
23517,323,1
23517,234,1
23518,253,1
23519,381,2
23520,208,2
23521,194,1
23522,164,3
23523,391,1
23524,119,1
23525,319,1
23526,213,1
23526,324,1
23527,330,1
23528,375,3
23529,274,1
23529,160,1
23529,109,1
23530,185,1
23531,353,1
23532,251,1
23532,224,1
23532,169,1
23533,223,1
23533,218,1
23533,389,1
23534,267,2
23535,219,1
23536,131,2
23537,384,1
23538,326,1
23539,311,2
23540,185,1
23540,144,1
23541,154,1
23542,337,3
23543,297,2
23544,240,1
23544,247,1
23545,121,1
23546,147,1
23546,329,1
23546,220,1
23547,141,3
23548,325,1
23548,184,1
23549,245,1
23549,208,1
23549,375,1
23550,222,1
23551,217,1
23551,362,1
23551,126,1
23552,268,1
23552,122,1
23552,212,1
23553,397,1
23553,193,1
23553,265,1
23554,227,3
23555,177,1
23555,189,1
23555,375,1
23556,266,1
23556,200,1
23556,167,1
23557,334,1
23558,248,1
23558,311,1
23559,383,1
23559,241,1
23560,320,1
23561,398,1
23561,184,1
23562,201,3
23563,322,1
23564,390,1
23564,137,1
23564,102,1
23565,292,1
23566,313,1
23566,279,1
23566,207,1
23567,383,1
23568,311,1
23569,250,1
23569,381,1
23569,279,1
23570,374,1
23571,175,1
23571,111,1
23572,141,1
23572,385,1
23573,304,1
23574,173,1
23575,296,3
23576,170,1
23577,154,1
23577,221,1
23578,109,1
23579,191,1
23579,318,1
23579,388,1
23580,261,1
23580,165,1
23580,107,1
23581,227,1
23582,135,1
23582,349,1
23583,279,1
23584,352,1
23584,114,1
23584,265,1
23585,315,2
23586,147,1
23586,162,1
23587,382,2
23588,384,1
23589,326,1
23590,120,2
23591,301,1
23592,260,1
23592,345,1
23593,279,3
23594,167,1
23594,253,1
23594,228,1
23595,380,3
23596,309,1
23597,172,2
23598,161,2
23599,269,2
23600,216,1
23601,393,2
23602,218,1
23602,389,1
23603,190,1
23604,305,3
23605,178,1
23605,263,1
23606,159,3
23607,257,3
23608,309,3
23609,359,1
23609,279,1
23610,389,3
23611,203,1
23611,118,1
23612,115,1
23612,394,1
23613,212,1
23613,281,1
23614,155,1
23614,386,1
23614,118,1
23615,382,3
23616,207,3
23617,197,1
23617,161,1
23617,239,1
23618,314,2
23619,343,3
23620,200,1
23621,139,2
23622,287,1
23622,254,1
23622,128,1
23623,101,1
23623,317,1
23624,304,2
23625,225,1
23625,339,1
23625,154,1
23626,142,1
23627,373,3
23628,333,1
23628,254,1
23628,217,1
23629,232,1
23629,397,1
23629,346,1
23630,248,1
23631,308,1
23631,130,1
23632,396,1
23633,136,1
23633,245,1
23634,280,1
23634,365,1
23635,128,3
23636,147,1
23637,115,3
23638,122,2
23639,150,1
23639,271,1
23639,172,1
23640,149,1
23640,310,1
23640,105,1
23641,283,1
23641,112,1
23642,250,1
23642,285,1
23642,266,1
23643,131,1
23644,329,3
23645,127,3
23646,359,3
23647,156,1
23647,392,1
23648,198,1
23649,331,2
23650,231,3
23651,125,1
23651,130,1
23651,201,1
23652,178,1
23652,138,1
23653,323,1
23653,331,1
23653,180,1
23654,266,1
23655,306,2
23656,383,1
23656,386,1
23656,111,1
23657,103,1
23658,158,1
23658,278,1
23658,357,1
23659,173,1
23660,217,1
23661,345,2
23662,193,3
23663,367,3
23664,130,1
23664,392,1
23665,141,1
23666,221,2
23667,386,1
23667,127,1
23668,316,1
23669,221,1
23669,106,1
23670,103,1
23670,189,1
23671,274,1
23671,140,1
23671,258,1
23672,190,2
23673,149,1
23674,383,2
23675,149,2
23676,104,1
23677,382,1
23678,336,3
23679,153,3
23680,133,3
23681,376,2
23682,263,2
23683,202,1
23683,107,1
23684,145,3
23685,210,3
23686,400,1
23686,350,1
23687,148,1
23688,240,1
23689,337,1
23690,169,1
23691,217,2
23692,246,2
23693,141,1
23694,283,1
23694,249,1
23694,345,1
23695,345,1
23695,322,1
23696,259,2
23697,384,1
23698,309,1
23698,382,1
23698,371,1
23699,352,1
23700,183,2
23701,386,1
23701,234,1
23701,163,1
23702,303,1
23702,305,1
23703,185,1
23704,303,2
23705,119,1
23706,396,1
23706,388,1
23707,245,1
23707,319,1
23708,353,1
23709,393,1
23710,283,3
23711,311,1
23712,139,1
23712,336,1
23713,284,3
23714,369,3
23715,165,3
23716,137,1
23716,388,1
23717,277,1
23718,194,1
23719,390,3
23720,243,2
23721,131,1
23721,126,1
23721,111,1
23722,184,1
23723,160,3
23724,308,1
23725,346,1
23725,151,1
23726,119,1
23726,161,1
23727,371,3
23728,199,1
23729,291,1
23729,285,1
23730,397,2
23731,146,1
23731,202,1
23732,240,1
23733,275,1
23733,290,1
23734,396,1
23735,369,2
23736,200,1
23737,315,1
23738,371,1
23739,277,1
23739,336,1
23739,197,1
23740,331,1
23741,176,1
23742,121,1
23743,317,1
23743,189,1
23743,278,1
23744,112,1
23745,188,1
23745,337,1
23746,168,1
23746,252,1
23747,393,1
23748,244,1
23748,355,1
23748,329,1
23749,165,1
23750,117,1
23751,230,1
23752,318,2
23753,397,1
23753,318,1
23754,139,1
23754,400,1
23754,342,1
23755,378,1
23755,237,1
23756,391,1
23756,373,1
23756,325,1
23757,217,1
23757,388,1
23757,114,1
23758,292,1
23758,333,1
23758,244,1
23759,310,1
23760,308,1
23760,324,1
23761,215,3
23762,294,1
23763,354,3
23764,163,1
23765,317,2
23766,182,3
23767,179,2
23768,171,1
23769,231,1
23769,196,1
23770,123,1
23770,398,1
23770,142,1
23771,250,1
23772,193,2
23773,144,1
23773,167,1
23773,268,1
23774,322,1
23774,228,1
23774,104,1
23775,380,1
23775,139,1
23776,319,2
23777,156,1
23777,369,1
23777,396,1
23778,333,3
23779,366,2
23780,250,1
23781,334,1
23781,358,1
23782,359,3
23783,104,1
23784,176,2
23785,313,3
23786,391,1
23787,384,1
23787,146,1
23788,114,1
23789,279,1
23790,342,3
23791,190,1
23792,110,1
23793,392,1
23793,253,1
23793,220,1
23794,213,2
23795,272,1
23796,294,1
23797,192,3
23798,306,1
23798,314,1
23798,374,1
23799,214,3
23800,161,1
23800,302,1
23800,148,1
23801,315,1
23802,190,1
23802,325,1
23802,400,1
23803,215,2
23804,389,1
23804,226,1
23805,314,1
23805,322,1
23806,293,3
23807,192,1
23808,335,1
23809,135,2
23810,165,1
23810,203,1
23810,231,1
23811,231,1
23811,325,1
23811,202,1
23812,175,1
23813,183,2
23814,232,2
23815,224,1
23816,150,1
23816,264,1
23816,363,1
23817,362,1
23818,377,1
23819,113,1
23819,198,1
23819,280,1
23820,283,1
23821,121,1
23821,324,1
23822,222,1
23823,166,2
23824,225,1
23825,150,1
23825,297,1
23826,327,3
23827,230,1
23828,257,1
23828,146,1
23829,121,3
23830,246,1
23830,121,1
23831,202,2
23832,392,1
23832,223,1
23833,212,1
23833,207,1
23833,305,1
23834,393,3
23835,258,1
23836,131,2
23837,400,1
23838,212,3
23839,128,1
23840,399,1
23841,104,1
23842,178,1
23843,199,2
23844,337,1
23844,355,1
23844,118,1
23845,128,1
23845,339,1
23845,185,1
23846,272,3
23847,321,3
23848,140,1
23849,248,3
23850,240,1
23851,191,1
23851,245,1
23851,268,1
23852,260,1
23852,257,1
23852,149,1
23853,226,2
23854,174,1
23854,305,1
23855,181,2
23856,303,2
23857,362,2
23858,175,1
23859,236,2
23860,119,2
23861,136,1
23861,361,1
23861,234,1
23862,200,2
23863,363,1
23863,322,1
23864,256,2
23865,160,2
23866,362,1
23867,187,1
23868,332,1
23868,107,1
23868,244,1
23869,240,2
23870,230,3
23871,397,1
23871,355,1
23871,365,1
23872,360,1
23873,294,1
23874,252,1
23874,232,1
23875,229,1
23876,135,3
23877,225,1
23877,233,1
23878,212,3
23879,241,1
23880,244,2
23881,359,1
23881,386,1
23881,155,1
23882,212,2
23883,395,3
23884,150,2
23885,224,2
23886,328,1
23887,364,1
23887,269,1
23888,336,1
23888,235,1
23889,113,1
23890,191,3
23891,361,1
23892,189,1
23892,161,1
23892,215,1
23893,371,1
23893,241,1
23893,179,1
23894,190,1
23894,340,1
23894,104,1
23895,371,3
23896,135,1
23896,251,1
23896,156,1
23897,243,1
23898,223,2
23899,209,3
23900,145,3
23901,325,1
23902,251,3
23903,150,1
23904,290,3
23905,353,1
23905,144,1
23905,298,1
23906,273,1
23906,117,1
23906,309,1
23907,281,3
23908,267,1
23908,221,1
23909,341,1
23910,238,2
23911,214,1
23912,367,1
23913,126,3
23914,372,1
23915,312,1
23916,339,1
23917,339,1
23917,118,1
23918,123,1
23918,225,1
23918,176,1
23919,116,1
23920,228,3
23921,187,1
23922,366,3
23923,389,1
23924,361,1
23924,179,1
23925,338,2
23926,308,1
23926,136,1
23926,206,1
23927,302,1
23927,151,1
23927,382,1
23928,240,1
23929,389,1
23929,316,1
23929,221,1
23930,169,1
23931,384,1
23931,200,1
23931,336,1
23932,237,1
23932,129,1
23933,132,3
23934,336,3
23935,234,3
23936,189,3
23937,184,1
23938,150,1
23938,216,1
23939,253,1
23939,359,1
23940,314,1
23941,131,1
23942,202,1
23942,212,1
23943,318,1
23944,263,3
23945,260,1
23945,260,1
23946,226,1
23946,304,1
23946,321,1
23947,349,1
23948,311,1
23949,371,1
23949,129,1
23950,278,1
23950,327,1
23951,254,1
23951,150,1
23952,298,1
23953,228,1
23954,101,3
23955,281,1
23955,248,1
23955,357,1
23956,380,3
23957,176,1
23958,291,1
23958,248,1
23959,214,1
23959,340,1
23959,105,1
23960,329,1
23961,193,1
23962,300,1
23963,121,1
23964,116,1
23964,134,1
23964,146,1
23965,123,3
23966,226,1
23967,381,3
23968,324,1
23968,204,1
23968,312,1
23969,180,1
23970,256,1
23971,267,1
23971,142,1
23972,284,1
23973,225,2
23974,391,3
23975,275,1
23976,335,1
23976,267,1
23977,252,1
23977,272,1
23977,122,1
23978,393,1
23978,246,1
23979,253,2
23980,312,1
23980,106,1
23980,384,1
23981,264,2
23982,312,1
23982,117,1
23982,212,1
23983,330,1
23983,285,1
23983,156,1
23984,335,1
23984,313,1
23985,183,1
23985,343,1
23986,153,2
23987,209,3
23988,305,1
23988,289,1
23988,118,1
23989,269,3
23990,337,1
23991,168,1
23991,196,1
23992,339,1
23993,291,1
23994,394,1
23995,373,1
23995,105,1
23995,344,1
23996,174,1
23997,187,1
23997,205,1
23997,336,1
23998,155,1
23998,254,1
23999,154,1
23999,261,1
24000,338,3
24001,296,1
24002,205,2
24003,206,1
24004,261,1
24005,330,3
24006,201,1
24006,220,1
24006,178,1
24007,300,1
24007,217,1
24007,175,1
24008,166,2
24009,362,2
24010,337,2
24011,313,3
24012,286,1
24013,375,3
24014,197,1
24014,398,1
24015,168,3
24016,273,1
24016,194,1
24017,269,1
24018,268,2
24019,246,1
24019,187,1
24020,203,2
24021,246,1
24022,159,1
24023,345,1
24023,242,1
24024,156,2
24025,117,1
24025,279,1
24025,221,1
24026,180,3
24027,209,1
24028,124,2
24029,365,1
24030,161,1
24031,254,2
24032,106,1
24032,210,1
24033,202,1
24033,202,1
24033,400,1
24034,330,3
24035,154,1
24036,338,3
24037,273,1
24037,218,1
24037,200,1
24038,148,1
24039,275,2
24040,251,2
24041,361,2
24042,173,3
24043,375,3
24044,367,1
24045,136,2
24046,176,1
24047,393,1
24047,161,1
24048,178,1
24049,355,1
24049,164,1
24049,118,1
24050,308,1
24051,355,2
24052,113,1
24052,343,1
24052,245,1
24053,265,1
24054,152,1
24055,286,3
24056,340,3
24057,152,1
24058,364,1
24058,301,1
24059,260,1
24060,279,1
24060,366,1
24060,264,1
24061,177,1
24061,303,1
24062,291,1
24062,151,1
24062,144,1
24063,136,1
24064,382,1
24065,129,1
24066,125,1
24067,338,1
24068,215,1
24068,235,1
24069,257,2
24070,166,1
24070,128,1
24070,276,1
24071,141,1
24071,281,1
24072,156,1
24072,159,1
24072,298,1
24073,237,1
24073,204,1
24073,389,1
24074,280,1
24074,370,1
24074,235,1
24075,370,2
24076,245,3
24077,376,2
24078,112,1
24079,131,3
24080,169,1
24080,161,1
24081,148,1
24082,222,1
24083,309,1
24084,245,1
24084,330,1
24085,108,2
24086,297,1
24086,271,1
24086,265,1
24087,281,2
24088,185,1
24088,333,1
24089,362,1
24090,350,1
24090,169,1
24090,269,1
24091,153,1
24091,189,1
24092,133,1
24092,280,1
24092,362,1
24093,244,2
24094,134,1
24094,185,1
24094,305,1
24095,292,2
24096,352,1
24096,205,1
24096,376,1
24097,235,1
24097,104,1
24098,372,2
24099,288,1
24099,114,1
24099,227,1
24100,182,1
24100,386,1
24101,245,1
24102,318,1
24102,309,1
24103,387,1
24104,215,1
24105,160,1
24105,359,1
24105,104,1
24106,232,1
24106,322,1
24106,287,1
24107,293,3
24108,268,3
24109,228,1
24109,258,1
24109,276,1
24110,123,1
24111,344,3
24112,387,2
24113,317,1
24113,127,1
24114,133,1
24114,210,1
24114,236,1
24115,341,1
24116,217,1
24117,269,1
24117,374,1
24118,192,1
24119,310,1
24119,340,1
24120,313,2
24121,199,2
24122,311,1
24123,184,1
24123,157,1
24123,224,1
24124,209,1
24124,148,1
24125,366,1
24125,369,1
24126,177,1
24127,179,2
24128,154,1
24129,166,1
24129,123,1
24130,205,1
24131,321,3
24132,329,1
24132,238,1
24133,320,1
24134,304,1
24134,121,1
24134,191,1
24135,339,1
24135,305,1
24136,351,3
24137,188,3
24138,155,1
24138,224,1
24139,241,1
24139,281,1
24139,136,1
24140,400,3
24141,278,3
24142,360,1
24142,195,1
24143,105,1
24144,193,3
24145,126,1
24146,393,1
24146,121,1
24147,355,3
24148,126,2
24149,182,1
24150,385,1
24151,194,3
24152,223,1
24153,291,1
24154,382,1
24154,102,1
24155,329,1
24155,340,1
24155,330,1
24156,358,3
24157,316,1
24157,108,1
24158,168,2
24159,313,1
24159,378,1
24159,308,1
24160,125,1
24161,140,1
24161,337,1
24162,182,2
24163,229,1
24163,115,1
24164,395,2
24165,241,1
24166,250,1
24167,253,2
24168,378,1
24169,237,1
24169,177,1
24169,333,1
24170,278,1
24170,383,1
24171,264,1
24171,396,1
24171,351,1
24172,137,1
24173,388,1
24173,213,1
24173,189,1
24174,293,1
24175,233,3
24176,236,2
24177,130,3
24178,299,1
24179,261,1
24179,109,1
24180,311,1
24180,184,1
24181,142,1
24182,366,1
24182,110,1
24183,131,1
24184,352,3
24185,288,2
24186,257,1
24187,119,1
24187,136,1
24188,264,1
24188,250,1
24189,226,2
24190,268,3
24191,370,1
24192,286,1
24193,254,1
24194,223,1
24195,220,1
24195,323,1
24195,116,1
24196,250,1
24197,242,1
24197,121,1
24197,375,1
24198,123,1
24199,310,1
24199,262,1
24200,144,1
24201,154,2
24202,127,1
24202,169,1
24203,346,1
24204,292,1
24204,265,1
24204,164,1
24205,304,1
24206,249,1
24207,380,3
24208,137,1
24208,202,1
24208,213,1
24209,227,1
24209,392,1
24210,126,1
24211,229,1
24211,293,1
24212,204,3
24213,254,2
24214,195,1
24215,330,1
24215,312,1
24216,382,2
24217,197,2
24218,314,1
24219,381,2
24220,128,1
24221,335,1
24221,378,1
24222,212,1
24223,288,2
24224,216,1
24225,147,1
24226,331,1
24226,126,1
24227,162,2
24228,278,1
24228,260,1
24228,276,1
24229,261,1
24230,155,3
24231,251,1
24231,324,1
24232,115,1
24233,378,1
24233,173,1
24234,340,3
24235,176,2
24236,305,1
24236,116,1
24237,230,2
24238,113,1
24239,203,3
24240,193,3
24241,376,1
24241,214,1
24242,131,1
24243,184,3
24244,244,1
24244,230,1
24244,107,1
24245,353,1
24245,364,1
24246,400,3
24247,247,1
24247,384,1
24247,382,1
24248,137,1
24249,200,1
24250,283,2
24251,384,2
24252,114,1
24252,265,1
24253,370,3
24254,131,1
24255,359,2
24256,342,1
24257,204,3
24258,249,1
24258,377,1
24259,309,1
24260,365,1
24261,366,2
24262,244,1
24263,219,1
24264,375,2
24265,209,1
24265,300,1
24266,379,1
24267,126,2
24268,136,1
24269,369,1
24269,138,1
24269,375,1
24270,295,2
24271,157,3
24272,216,1
24273,275,1
24273,200,1
24273,127,1
24274,164,1
24274,324,1
24275,283,3
24276,215,3
24277,268,2
24278,398,1
24279,170,2
24280,239,1
24280,101,1
24280,259,1
24281,351,2
24282,122,1
24282,118,1
24282,331,1
24283,174,1
24283,327,1
24284,332,1
24285,392,1
24285,330,1
24286,245,1
24287,184,3
24288,219,1
24288,369,1
24288,360,1
24289,114,1
24289,225,1
24289,127,1
24290,137,1
24291,380,3
24292,338,1
24293,378,2
24294,328,1
24295,242,2
24296,319,1
24296,145,1
24296,214,1
24297,108,1
24297,206,1
24298,375,3
24299,225,1
24300,261,1
24300,214,1
24300,395,1
24301,387,1
24301,128,1
24301,319,1
24302,398,3
24303,224,1
24304,238,1
24305,337,2
24306,233,1
24307,356,1
24308,280,1
24309,228,1
24309,391,1
24310,374,1
24310,213,1
24310,282,1
24311,299,1
24311,334,1
24311,283,1
24312,223,3
24313,216,1
24314,310,1
24315,232,1
24316,262,1
24317,397,1
24317,322,1
24318,145,1
24319,340,2
24320,265,2
24321,182,1
24321,337,1
24322,165,3
24323,132,3
24324,367,1
24325,151,1
24326,126,1
24327,222,3
24328,140,2
24329,206,2
24330,122,1
24331,304,2
24332,301,1
24332,346,1
24333,142,1
24333,298,1
24334,109,1
24334,324,1
24334,250,1
24335,379,1
24335,271,1
24335,368,1
24336,370,1
24337,133,3
24338,368,1
24338,178,1
24339,283,1
24340,116,3
24341,350,2
24342,192,1
24343,128,3
24344,151,1
24345,187,1
24346,317,1
24347,175,1
24348,111,1
24348,140,1
24348,246,1
24349,138,2
24350,323,1
24351,325,1
24352,111,1
24352,265,1
24352,377,1
24353,320,3
24354,300,1
24354,141,1
24355,108,3
24356,263,1
24357,381,1
24358,246,2
24359,362,2
24360,333,1
24360,279,1
24360,106,1
24361,378,1
24361,166,1
24362,382,2
24363,351,1
24363,149,1
24363,372,1
24364,306,1
24365,128,1
24365,284,1
24365,166,1
24366,187,1
24367,292,1
24367,140,1
24367,279,1
24368,204,1
24368,345,1
24369,301,1
24370,170,1
24371,179,1
24372,197,3
24373,257,3
24374,332,1
24374,395,1
24375,350,1
24375,233,1
24375,242,1
24376,384,2
24377,353,1
24378,132,3
24379,242,1
24379,301,1
24380,317,1
24380,143,1
24381,386,1
24382,236,1
24382,274,1
24383,166,3
24384,166,1
24385,185,1
24385,333,1
24386,267,2
24387,336,1
24387,304,1
24387,385,1
24388,156,1
24389,193,1
24390,321,2
24391,317,1
24392,358,1
24393,138,1
24393,138,1
24394,316,2
24395,330,1
24396,267,1
24397,281,1
24397,348,1
24397,386,1
24398,385,1
24399,183,3
24400,144,1
24401,340,2
24402,317,1
24403,321,1
24404,240,1
24404,308,1
24405,173,2
24406,285,1
24407,259,1
24408,350,1
24409,299,1
24409,379,1
24410,346,3
24411,313,1
24412,340,1
24412,306,1
24413,224,1
24413,236,1
24414,165,1
24415,114,2
24416,129,1
24416,285,1
24417,175,1
24417,182,1
24417,344,1
24418,321,2
24419,121,1
24420,378,2
24421,143,1
24422,306,3
24423,119,1
24423,165,1
24423,209,1
24424,126,1
24425,284,1
24425,285,1
24425,105,1
24426,390,2
24427,124,1
24427,302,1
24427,142,1
24428,165,1
24429,306,1
24430,238,1
24430,104,1
24430,337,1
24431,123,1
24432,200,1
24433,174,1
24434,189,1
24435,213,2
24436,366,1
24436,362,1
24436,313,1
24437,376,1
24437,122,1
24437,294,1
24438,168,1
24439,377,2
24440,165,2
24441,138,3
24442,130,1
24443,188,2
24444,398,2
24445,146,1
24445,226,1
24445,274,1
24446,137,1
24446,148,1
24447,296,1
24447,351,1
24448,110,1
24448,273,1
24448,301,1
24449,260,1
24450,303,1
24450,190,1
24451,123,1
24452,164,1
24452,176,1
24452,176,1
24453,162,1
24453,270,1
24454,370,1
24455,190,1
24455,274,1
24455,257,1
24456,136,1
24456,312,1
24456,319,1
24457,160,1
24457,389,1
24458,104,3
24459,164,1
24459,363,1
24460,261,1
24461,252,1
24461,240,1
24461,137,1
24462,214,2
24463,372,1
24463,376,1
24464,249,1
24465,168,1
24466,161,2
24467,365,1
24467,295,1
24467,344,1
24468,295,1
24468,138,1
24468,193,1
24469,104,1
24470,363,1
24471,265,1
24471,294,1
24471,267,1
24472,234,2
24473,233,2
24474,139,1
24475,354,1
24475,227,1
24476,319,1
24477,400,2
24478,348,1
24478,377,1
24479,210,1
24480,380,1
24481,113,1
24482,295,1
24483,190,1
24483,228,1
24483,308,1
24484,104,1
24485,215,1
24485,264,1
24486,362,1
24486,168,1
24487,248,1
24488,212,1
24488,218,1
24489,129,1
24490,358,1
24490,233,1
24491,204,2
24492,380,1
24493,359,1
24493,384,1
24493,330,1
24494,268,1
24495,332,2
24496,281,3
24497,254,1
24498,268,1
24498,188,1
24498,188,1
24499,205,3
24500,198,1
24500,292,1
24500,145,1
24501,261,1
24501,149,1
24502,122,1
24502,266,1
24503,108,3
24504,161,1
24504,117,1
24504,124,1
24505,339,1
24505,324,1
24506,306,1
24507,331,1
24507,398,1
24508,181,2
24509,398,1
24509,201,1
24509,383,1
24510,112,2
24511,261,2
24512,252,2
24513,247,1
24513,126,1
24514,227,1
24514,225,1
24515,366,1
24516,121,1
24517,275,1
24517,154,1
24517,140,1
24518,231,1
24519,276,1
24520,380,1
24521,221,1
24522,161,1
24523,120,1
24524,285,3
24525,367,1
24525,284,1
24526,160,1
24527,211,1
24527,111,1
24528,356,3
24529,277,1
24529,255,1
24530,319,2
24531,290,1
24532,264,2
24533,152,1
24534,319,3
24535,312,1
24536,129,1
24536,269,1
24536,226,1
24537,342,1
24537,138,1
24537,236,1
24538,274,3
24539,176,1
24540,126,1
24541,226,1
24542,168,2
24543,376,2
24544,386,3
24545,284,1
24546,234,1
24546,346,1
24547,142,3
24548,174,3
24549,241,1
24550,203,1
24551,127,3
24552,276,1
24553,268,1
24554,241,1
24554,271,1
24555,260,1
24556,230,1
24557,219,1
24558,293,1
24559,149,1
24559,174,1
24560,327,1
24560,183,1
24560,167,1
24561,247,2
24562,185,1
24562,301,1
24563,334,1
24564,348,1
24565,103,1
24565,363,1
24565,379,1
24566,344,1
24566,189,1
24567,296,2
24568,349,1
24569,325,1
24570,365,3
24571,144,1
24571,145,1
24571,291,1
24572,131,1
24573,158,1
24574,130,1
24574,347,1
24574,183,1
24575,252,1
24576,242,2
24577,392,1
24578,340,1
24579,388,1
24579,315,1
24580,177,3
24581,121,1
24582,323,3
24583,388,1
24583,259,1
24583,305,1
24584,130,1
24584,267,1
24585,219,2
24586,279,1
24587,182,3
24588,118,2
24589,322,1
24589,191,1
24589,185,1
24590,200,3
24591,160,1
24592,389,1
24593,248,1
24594,343,1
24594,192,1
24594,337,1
24595,110,1
24596,358,1
24597,352,1
24598,219,1
24599,203,1
24600,362,1
24600,396,1
24600,215,1
24601,359,1
24601,267,1
24601,103,1
24602,372,2
24603,225,1
24603,394,1
24604,168,1
24604,317,1
24605,164,1
24605,115,1
24605,341,1
24606,400,3
24607,335,2
24608,215,3
24609,110,1
24609,252,1
24610,144,3
24611,347,3
24612,376,1
24613,243,1
24613,255,1
24614,166,3
24615,197,1
24615,184,1
24616,135,2
24617,253,1
24618,291,1
24618,167,1
24619,177,3
24620,370,1
24620,207,1
24620,334,1
24621,392,3
24622,388,2
24623,143,1
24624,365,1
24625,146,1
24626,362,3
24627,364,1
24627,141,1
24628,255,1
24628,255,1
24628,328,1
24629,383,3
24630,169,2
24631,118,1
24632,362,1
24633,145,1
24633,356,1
24634,238,3
24635,245,1
24636,305,1
24636,249,1
24636,162,1
24637,222,1
24637,227,1
24637,227,1
24638,400,1
24638,233,1
24639,115,1
24640,264,1
24640,255,1
24641,306,1
24642,192,1
24642,143,1
24642,287,1
24643,237,1
24644,371,1
24644,179,1
24645,121,3
24646,187,1
24646,198,1
24646,374,1
24647,181,1
24648,220,2
24649,172,3
24650,309,1
24651,205,3
24652,223,1
24653,397,1
24654,393,1
24655,171,1
24655,126,1
24656,240,1
24657,336,1
24658,219,1
24658,393,1
24658,171,1
24659,338,2
24660,173,3
24661,155,1
24661,330,1
24661,209,1
24662,376,1
24662,219,1
24663,180,1
24664,215,2
24665,303,2
24666,189,1
24666,282,1
24666,253,1
24667,261,1
24668,113,2
24669,158,1
24669,385,1
24670,312,1
24671,388,1
24672,229,1
24672,327,1
24673,278,1
24674,242,3
24675,110,1
24675,142,1
24675,372,1
24676,292,1
24677,165,1
24677,218,1
24677,178,1
24678,369,3
24679,250,1
24680,111,3
24681,201,3
24682,116,1
24683,152,3
24684,203,1
24684,281,1
24684,355,1
24685,311,1
24686,106,2
24687,160,1
24688,387,2
24689,233,3
24690,179,1
24691,332,1
24692,262,1
24692,221,1
24692,178,1
24693,333,1
24693,183,1
24693,300,1
24694,259,1
24694,276,1
24695,198,1
24695,225,1
24695,216,1
24696,308,2
24697,271,1
24697,180,1
24698,390,1
24699,355,2
24700,232,1
24701,185,2
24702,291,2
24703,330,3
24704,243,1
24705,112,1
24705,190,1
24706,306,1
24706,360,1
24706,176,1
24707,269,1
24708,187,1
24709,334,2
24710,314,3
24711,240,1
24711,218,1
24712,355,1
24713,124,2
24714,247,1
24714,182,1
24714,131,1
24715,250,1
24715,158,1
24716,366,2
24717,253,1
24718,322,1
24719,187,1
24719,294,1
24720,363,2
24721,335,1
24721,193,1
24721,147,1
24722,183,2
24723,328,1
24723,309,1
24723,164,1
24724,370,2
24725,262,1
24726,190,1
24726,245,1
24727,113,1
24728,186,1
24728,186,1
24728,377,1
24729,284,2
24730,152,1
24731,240,1
24731,205,1
24732,202,1
24732,383,1
24732,104,1
24733,326,2
24734,227,2
24735,276,3
24736,393,1
24737,184,1
24738,146,1
24739,331,3
24740,334,1
24740,296,1
24740,130,1
24741,260,1
24741,278,1
24742,362,1
24742,322,1
24742,233,1
24743,307,2
24744,353,2
24745,255,1
24745,252,1
24745,120,1
24746,237,1
24746,176,1
24747,296,1
24748,267,1
24748,192,1
24748,286,1
24749,139,2
24750,279,1
24750,319,1
24750,331,1
24751,308,1
24751,253,1
24751,218,1
24752,172,3
24753,243,1
24754,394,1
24755,355,1
24755,304,1
24756,233,1
24757,144,1
24757,309,1
24757,379,1
24758,280,1
24758,188,1
24759,290,1
24759,363,1
24760,187,1
24761,356,1
24762,319,2
24763,148,1
24764,312,1
24765,390,1
24766,209,3
24767,262,1
24767,326,1
24768,327,2
24769,153,2
24770,327,3
24771,276,1
24771,382,1
24772,277,1
24772,243,1
24772,152,1
24773,129,1
24774,193,1
24774,400,1
24775,290,1
24776,297,1
24777,255,1
24778,398,1
24778,121,1
24778,387,1
24779,109,1
24780,312,1
24780,147,1
24780,196,1
24781,117,1
24781,267,1
24782,290,1
24782,267,1
24783,343,2
24784,209,1
24784,221,1
24785,290,3
24786,266,3
24787,363,1
24787,334,1
24788,204,2
24789,218,1
24790,247,2
24791,337,1
24791,312,1
24791,246,1
24792,127,1
24792,192,1
24792,233,1
24793,324,1
24794,337,3
24795,234,1
24795,166,1
24796,344,2
24797,215,1
24798,390,1
24798,135,1
24798,296,1
24799,313,1
24799,394,1
24800,367,1
24800,125,1
24801,365,1
24801,208,1
24802,386,3
24803,211,2
24804,375,1
24805,395,1
24806,361,2
24807,116,2
24808,168,1
24808,164,1
24809,279,1
24810,219,1
24810,159,1
24811,175,3
24812,104,2
24813,156,1
24813,219,1
24813,282,1
24814,194,1
24814,149,1
24815,380,2
24816,149,1
24816,259,1
24816,334,1
24817,270,1
24818,319,1
24818,240,1
24819,319,3
24820,164,1
24821,123,1
24821,360,1
24822,350,3
24823,265,1
24823,111,1
24824,397,3
24825,327,1
24825,269,1
24825,351,1
24826,273,1
24826,195,1
24827,270,2
24828,143,1
24829,227,3
24830,349,1
24831,164,3
24832,288,1
24833,262,3
24834,117,1
24834,341,1
24834,109,1
24835,188,3
24836,169,1
24837,211,1
24837,355,1
24837,109,1
24838,268,2
24839,234,1
24839,206,1
24839,137,1
24840,376,1
24840,208,1
24840,297,1
24841,318,1
24842,325,1
24843,370,1
24843,374,1
24844,276,1
24844,246,1
24845,265,3
24846,254,3
24847,318,1
24848,277,1
24849,217,1
24849,178,1
24850,276,1
24851,156,3
24852,145,3
24853,142,1
24854,190,1
24854,393,1
24854,251,1
24855,367,1
24856,297,2
24857,314,2
24858,261,1
24858,369,1
24859,392,1
24859,235,1
24860,365,2
24861,237,1
24861,353,1
24862,310,1
24863,387,1
24863,253,1
24864,273,1
24865,362,3
24866,289,1
24867,293,3
24868,294,3
24869,313,1
24869,374,1
24870,211,1
24870,217,1
24870,326,1
24871,256,2
24872,254,1
24872,151,1
24873,156,3
24874,318,1
24875,381,1
24875,224,1
24876,184,2
24877,170,1
24877,386,1
24878,139,3
24879,300,2
24880,232,3
24881,289,1
24882,231,2
24883,185,1
24884,277,1
24885,369,1
24885,253,1
24885,236,1
24886,185,3
24887,249,1
24888,275,1
24889,314,1
24889,186,1
24890,268,1
24891,293,1
24891,152,1
24892,224,1
24892,231,1
24892,134,1
24893,356,1
24894,123,2
24895,246,1
24896,218,1
24896,144,1
24896,262,1
24897,115,1
24897,240,1
24897,213,1
24898,217,1
24899,218,1
24899,299,1
24900,382,1
24900,285,1
24901,357,1
24902,298,1
24903,375,1
24904,241,3
24905,271,1
24905,354,1
24906,312,1
24907,145,1
24908,373,1
24909,286,1
24909,314,1
24909,179,1
24910,365,1
24910,308,1
24911,227,1
24912,122,3
24913,136,1
24913,381,1
24914,144,1
24914,273,1
24914,157,1
24915,210,1
24915,249,1
24915,300,1
24916,183,2
24917,138,1
24917,393,1
24918,280,3
24919,338,3
24920,143,1
24920,360,1
24920,272,1
24921,172,1
24921,183,1
24922,196,3
24923,271,3
24924,221,1
24924,276,1
24924,200,1
24925,366,3
24926,385,2
24927,160,1
24928,240,3
24929,351,1
24929,399,1
24930,375,1
24930,274,1
24930,106,1
24931,184,1
24931,308,1
24931,344,1
24932,267,1
24933,335,1
24933,193,1
24933,361,1
24934,203,1
24934,237,1
24934,164,1
24935,184,1
24936,347,1
24937,254,1
24937,380,1
24937,177,1
24938,200,1
24938,397,1
24938,371,1
24939,156,1
24940,384,3
24941,230,2
24942,277,3
24943,211,1
24943,277,1
24944,236,1
24944,160,1
24944,358,1
24945,200,2
24946,261,3
24947,141,2
24948,399,1
24949,372,1
24950,144,1
24950,336,1
24951,293,2
24952,101,2
24953,305,1
24954,379,1
24955,398,1
24955,197,1
24956,242,2
24957,191,1
24957,380,1
24958,398,1
24958,258,1
24958,355,1
24959,385,3
24960,336,1
24961,325,1
24961,306,1
24961,252,1
24962,329,2
24963,199,1
24964,220,2
24965,181,1
24965,208,1
24966,193,1
24967,175,1
24968,351,2
24969,151,2
24970,243,1
24971,171,1
24972,142,1
24972,235,1
24973,309,1
24974,158,1
24975,277,1
24975,236,1
24975,140,1
24976,329,3
24977,323,1
24977,259,1
24977,397,1
24978,200,1
24979,372,1
24979,103,1
24979,386,1
24980,334,2
24981,280,1
24981,287,1
24981,375,1
24982,388,1
24982,340,1
24983,272,1
24983,377,1
24983,351,1
24984,204,1
24984,172,1
24984,148,1
24985,357,1
24986,369,1
24987,103,1
24988,176,2
24989,350,1
24989,108,1
24990,280,2
24991,263,1
24992,242,2
24993,135,1
24993,344,1
24994,141,1
24994,224,1
24995,319,2
24996,118,1
24997,148,1
24998,109,2
24999,264,2
25000,389,3
25001,213,1
25002,241,3
25003,264,1
25003,173,1
25003,158,1
25004,286,3
25005,116,1
25006,310,2
25007,129,2
25008,336,1
25009,306,1
25010,390,1
25010,264,1
25010,311,1
25011,265,1
25011,113,1
25012,302,1
25012,200,1
25013,386,1
25013,160,1
25013,291,1
25014,399,1
25014,101,1
25014,315,1
25015,132,1
25015,398,1
25016,383,1
25016,132,1
25017,113,1
25018,165,2
25019,307,1
25019,284,1
25020,120,1
25021,176,1
25021,224,1
25022,120,1
25022,161,1
25023,347,2
25024,172,3
25025,249,1
25025,321,1
25025,270,1
25026,329,2
25027,357,2
25028,356,1
25028,395,1
25029,159,1
25029,115,1
25029,117,1
25030,115,2
25031,294,1
25031,219,1
25032,398,1
25033,391,1
25034,313,2
25035,221,2
25036,266,1
25036,375,1
25036,120,1
25037,343,3
25038,267,1
25038,306,1
25038,171,1
25039,363,1
25039,169,1
25039,127,1
25040,378,1
25040,388,1
25041,196,1
25042,307,1
25042,190,1
25042,192,1
25043,189,1
25044,175,1
25044,233,1
25044,372,1
25045,277,3
25046,349,3
25047,251,1
25047,281,1
25047,207,1
25048,133,1
25049,232,2
25050,134,1
25051,291,3
25052,302,1
25052,101,1
25052,237,1
25053,268,1
25053,158,1
25053,343,1
25054,121,3
25055,160,1
25056,202,1
25056,244,1
25057,145,3
25058,219,2
25059,106,3
25060,215,1
25061,224,1
25061,150,1
25061,367,1
25062,321,1
25063,132,3
25064,321,2
25065,290,1
25065,279,1
25066,368,1
25066,210,1
25066,377,1
25067,187,1
25068,238,2
25069,207,1
25070,134,1
25070,310,1
25070,399,1
25071,264,1
25071,186,1
25072,173,2
25073,318,1
25074,333,1
25074,343,1
25074,238,1
25075,168,1
25075,368,1
25076,319,1
25077,260,1
25077,210,1
25077,235,1
25078,356,1
25079,184,1
25079,242,1
25079,227,1
25080,220,3
25081,129,1
25082,398,1
25083,183,1
25083,369,1
25084,391,3
25085,300,1
25085,291,1
25086,163,1
25086,287,1
25087,257,2
25088,381,1
25088,296,1
25088,246,1
25089,327,1
25089,199,1
25089,357,1
25090,398,3
25091,367,1
25091,399,1
25091,325,1
25092,107,2
25093,395,2
25094,168,1
25095,301,1
25096,346,1
25097,222,1
25098,313,1
25098,392,1
25098,257,1
25099,278,1
25100,384,1
25101,361,1
25101,164,1
25101,346,1
25102,312,2
25103,324,1
25104,286,2
25105,121,1
25105,327,1
25105,387,1
25106,245,1
25107,325,1
25107,130,1
25107,103,1
25108,212,3
25109,300,3
25110,193,1
25111,221,3
25112,340,1
25112,240,1
25112,147,1
25113,297,1
25113,202,1
25113,244,1
25114,197,1
25114,282,1
25115,226,1
25115,373,1
25116,282,1
25116,116,1
25116,104,1
25117,244,1
25118,138,1
25118,294,1
25119,350,1
25120,250,1
25121,128,3
25122,112,1
25123,154,3
25124,205,1
25124,292,1
25125,333,1
25126,115,2
25127,382,1
25128,193,1
25128,206,1
25128,223,1
25129,367,2
25130,122,1
25130,383,1
25130,215,1
25131,309,1
25132,114,1
25133,387,1
25134,245,1
25134,195,1
25135,286,3
25136,237,1
25136,246,1
25136,197,1
25137,139,1
25138,291,2
25139,318,1
25140,202,2
25141,158,3
25142,293,1
25143,394,1
25143,154,1
25144,163,2
25145,105,1
25145,256,1
25146,215,1
25146,398,1
25147,329,2
25148,288,1
25148,124,1
25148,327,1
25149,296,1
25149,327,1
25150,212,2
25151,340,1
25151,123,1
25152,118,1
25152,151,1
25153,184,1
25154,387,1
25154,310,1
25155,312,1
25155,246,1
25156,169,1
25157,350,1
25158,188,2
25159,155,3
25160,325,3
25161,130,2
25162,156,1
25163,251,1
25164,207,1
25165,385,1
25165,365,1
25166,162,1
25167,293,1
25168,276,2
25169,106,2
25170,114,1
25170,198,1
25171,148,3
25172,257,1
25172,210,1
25173,317,1
25174,308,3
25175,187,2
25176,182,1
25177,116,1
25177,310,1
25177,248,1
25178,356,1
25178,247,1
25179,350,2
25180,157,1
25180,272,1
25181,176,3
25182,260,1
25182,228,1
25183,356,1
25184,374,1
25185,305,3
25186,322,3
25187,302,3
25188,265,1
25188,171,1
25188,249,1
25189,166,2
25190,172,1
25191,383,3
25192,199,1
25192,130,1
25192,332,1
25193,311,3
25194,394,1
25194,215,1
25195,232,1
25195,324,1
25196,258,3
25197,368,1
25198,149,1
25198,260,1
25198,231,1
25199,146,1
25200,240,3
25201,277,2
25202,153,1
25202,231,1
25202,211,1
25203,392,1
25203,295,1
25204,314,3
25205,260,1
25205,337,1
25205,376,1
25206,148,1
25207,355,1
25208,311,1
25208,102,1
25208,229,1
25209,249,1
25210,178,1
25210,103,1
25210,333,1
25211,398,1
25211,301,1
25211,233,1
25212,252,3
25213,149,1
25214,257,3
25215,108,2
25216,303,1
25217,363,1
25218,351,1
25218,259,1
25219,367,1
25220,131,1
25220,187,1
25220,185,1
25221,246,2
25222,386,1
25222,338,1
25222,130,1
25223,129,1
25223,325,1
25224,183,1
25224,246,1
25225,188,1
25225,108,1
25225,397,1
25226,208,3
25227,328,2
25228,235,1
25229,375,1
25229,256,1
25229,340,1
25230,181,1
25231,242,1
25232,255,1
25233,264,1
25234,110,1
25235,296,1
25235,384,1
25236,125,1
25237,371,3
25238,169,3
25239,102,1
25239,228,1
25239,299,1
25240,245,1
25241,352,1
25241,364,1
25242,103,3
25243,305,1
25244,222,2
25245,354,2
25246,319,3
25247,346,3
25248,216,1
25248,336,1
25249,326,1
25249,252,1
25249,128,1
25250,196,1
25250,187,1
25251,189,1
25251,281,1
25252,394,1
25253,338,1
25254,275,1
25254,293,1
25255,199,1
25255,333,1
25255,205,1
25256,158,1
25256,260,1
25257,234,3
25258,258,1
25258,388,1
25258,321,1
25259,299,1
25260,366,1
25260,158,1
25261,109,1
25262,173,1
25262,126,1
25263,370,1
25264,164,3
25265,372,1
25265,105,1
25266,351,1
25266,283,1
25267,288,2
25268,374,1
25268,375,1
25268,291,1
25269,231,1
25270,118,1
25271,280,2
25272,284,1
25273,240,1
25274,383,1
25275,137,1
25275,373,1
25276,373,3
25277,190,3
25278,210,1
25279,254,3
25280,129,1
25281,332,1
25281,269,1
25281,279,1
25282,346,1
25282,395,1
25282,188,1
25283,386,1
25284,241,1
25285,300,1
25286,236,1
25287,150,1
25288,357,1
25288,391,1
25288,219,1
25289,204,1
25289,263,1
25290,363,1
25290,338,1
25291,193,3
25292,229,1
25293,141,1
25293,156,1
25293,304,1
25294,151,2
25295,336,1
25296,390,1
25296,220,1
25297,332,1
25297,152,1
25297,331,1
25298,208,1
25299,392,1
25299,129,1
25299,149,1
25300,264,1
25300,318,1
25300,128,1
25301,360,3
25302,164,1
25302,116,1
25302,192,1
25303,205,1
25303,376,1
25304,273,1
25304,242,1
25304,181,1
25305,331,1
25306,162,1
25307,307,2
25308,146,2
25309,220,1
25309,230,1
25310,302,1
25311,149,1
25312,215,2
25313,292,3
25314,117,3
25315,278,1
25315,352,1
25315,277,1
25316,168,1
25317,126,1
25317,204,1
25317,255,1
25318,360,1
25319,364,1
25319,363,1
25320,320,1
25321,220,3
25322,167,1
25322,179,1
25323,354,1
25323,197,1
25323,123,1
25324,270,2
25325,364,3
25326,382,1
25327,346,1
25327,168,1
25328,352,1
25329,231,3
25330,212,2
25331,194,1
25331,373,1
25332,394,1
25333,120,1
25334,160,1
25335,400,1
25336,178,3
25337,136,1
25337,391,1
25337,399,1
25338,103,1
25338,211,1
25338,329,1
25339,263,2
25340,165,1
25341,288,1
25342,224,1
25343,338,3
25344,167,1
25344,263,1
25344,150,1
25345,199,3
25346,400,3
25347,221,1
25347,277,1
25347,231,1
25348,134,1
25349,359,1
25349,216,1
25350,271,3
25351,371,1
25352,106,2
25353,332,3
25354,364,1
25355,356,1
25356,275,2
25357,121,1
25357,117,1
25358,383,1
25358,262,1
25358,182,1
25359,300,1
25359,400,1
25360,221,1
25361,288,2
25362,348,1
25363,237,3
25364,174,3
25365,288,1
25365,399,1
25365,155,1
25366,355,2
25367,268,2
25368,344,1
25369,174,2
25370,144,1
25370,106,1
25371,157,1
25371,238,1
25372,217,3
25373,102,1
25374,172,3
25375,118,3
25376,225,1
25376,363,1
25377,176,1
25377,382,1
25377,153,1
25378,113,1
25378,355,1
25379,210,3
25380,242,2
25381,230,3
25382,331,1
25382,379,1
25382,320,1
25383,257,1
25383,268,1
25384,253,1
25384,254,1
25384,154,1
25385,296,1
25386,196,1
25387,170,1
25387,311,1
25387,276,1
25388,112,1
25389,235,1
25389,180,1
25389,348,1
25390,231,1
25391,366,2
25392,175,1
25393,389,2
25394,146,1
25394,302,1
25395,104,3
25396,293,1
25397,340,1
25397,321,1
25397,141,1
25398,278,1
25398,263,1
25398,131,1
25399,355,1
25400,172,3
25401,251,1
25402,272,1
25403,316,1
25403,226,1
25404,300,1
25405,347,2
25406,233,1
25407,296,1
25407,363,1
25407,270,1
25408,253,1
25409,351,3
25410,176,1
25410,293,1
25410,292,1
25411,356,2
25412,118,1
25413,249,1
25414,298,3
25415,195,1
25416,136,1
25417,157,1
25418,205,3
25419,136,1
25420,126,2
25421,343,1
25422,265,1
25422,306,1
25423,170,1
25424,211,1
25425,110,1
25426,208,3
25427,134,1
25428,305,1
25428,202,1
25428,316,1
25429,259,3
25430,178,1
25430,284,1
25431,219,2
25432,134,1
25432,309,1
25432,357,1
25433,292,2
25434,385,1
25434,141,1
25435,225,1
25436,220,2
25437,254,2
25438,113,1
25438,334,1
25438,203,1
25439,186,3
25440,326,2
25441,332,2
25442,184,1
25443,161,2
25444,144,1
25444,326,1
25444,273,1
25445,167,1
25445,360,1
25445,368,1
25446,300,1
25447,292,1
25447,122,1
25447,205,1
25448,320,1
25448,326,1
25448,213,1
25449,191,3
25450,240,1
25451,160,3
25452,134,1
25453,267,1
25454,114,1
25454,376,1
25454,187,1
25455,375,3
25456,264,2
25457,300,1
25457,391,1
25457,239,1
25458,272,3
25459,330,1
25460,102,2
25461,270,1
25461,261,1
25462,233,1
25463,360,1
25463,208,1
25463,384,1
25464,192,1
25464,278,1
25464,253,1
25465,247,1
25465,108,1
25466,110,1
25467,271,1
25467,153,1
25468,340,3
25469,246,2
25470,155,3
25471,321,1
25472,270,1
25473,349,1
25474,326,1
25474,241,1
25474,101,1
25475,102,2
25476,290,3
25477,316,1
25477,159,1
25477,122,1
25478,291,2
25479,256,2
25480,244,1
25480,386,1
25481,305,2
25482,131,1
25483,171,3
25484,388,1
25484,334,1
25485,353,1
25486,111,3
25487,281,2
25488,220,1
25488,334,1
25488,103,1
25489,346,1
25489,190,1
25490,319,1
25491,398,1
25491,105,1
25492,114,2
25493,370,1
25494,256,2
25495,153,1
25495,235,1
25496,239,1
25497,228,2
25498,175,3
25499,241,1
25500,242,1
25501,356,1
25501,219,1
25501,268,1
25502,182,1
25503,278,1
25504,298,1
25504,220,1
25504,395,1
25505,164,2
25506,184,2
25507,355,1
25508,118,1
25509,299,3
25510,265,1
25511,362,1
25511,388,1
25511,153,1
25512,239,1
25513,141,2
25514,166,1
25515,332,3
25516,120,3
25517,208,3
25518,395,3
25519,396,1
25520,288,2
25521,365,1
25522,210,3
25523,124,1
25524,347,3
25525,397,1
25525,375,1
25526,256,2
25527,264,1
25527,248,1
25528,299,1
25529,347,1
25530,319,1
25530,375,1
25530,262,1
25531,147,1
25531,153,1
25531,166,1
25532,161,1
25533,276,3
25534,313,1
25535,375,1
25535,120,1
25535,168,1
25536,347,2
25537,128,3
25538,254,1
25538,155,1
25538,154,1
25539,297,1
25539,116,1
25539,357,1
25540,256,1
25540,158,1
25541,212,1
25542,258,1
25542,264,1
25543,132,2
25544,202,2
25545,156,1
25545,368,1
25546,236,2
25547,220,1
25548,149,3
25549,299,1
25550,155,1
25550,146,1
25550,127,1
25551,199,2
25552,237,1
25553,321,1
25554,382,1
25555,277,2
25556,141,2
25557,367,1
25558,147,1
25558,320,1
25559,177,1
25559,243,1
25559,360,1
25560,392,1
25560,348,1
25561,120,1
25561,128,1
25561,215,1
25562,248,1
25562,175,1
25563,218,1
25563,375,1
25564,292,1
25564,277,1
25565,386,2
25566,173,1
25567,166,1
25568,104,2
25569,226,1
25570,273,1
25570,172,1
25571,191,1
25571,227,1
25572,207,2
25573,309,1
25574,326,2
25575,200,1
25575,243,1
25575,366,1
25576,149,1
25577,317,1
25577,198,1
25577,241,1
25578,213,1
25578,186,1
25579,255,1
25579,354,1
25580,305,1
25581,124,2
25582,287,2
25583,226,1
25584,312,1
25585,153,1
25585,217,1
25586,273,1
25586,141,1
25586,365,1
25587,281,1
25588,191,1
25588,255,1
25589,311,2
25590,130,1
25591,178,2
25592,324,1
25592,375,1
25593,241,3
25594,312,1
25594,288,1
25594,293,1
25595,300,1
25595,323,1
25596,261,2
25597,250,1
25597,384,1
25598,213,1
25599,304,1
25599,181,1
25599,227,1
25600,145,3
25601,210,1
25602,339,2
25603,366,3
25604,162,2
25605,224,1
25605,197,1
25605,200,1
25606,364,3
25607,107,1
25607,289,1
25607,290,1
25608,256,3
25609,296,1
25609,222,1
25609,134,1
25610,192,3
25611,346,2
25612,266,1
25612,341,1
25613,211,1
25613,211,1
25613,256,1
25614,205,1
25614,296,1
25615,383,1
25615,184,1
25615,138,1
25616,391,3
25617,207,3
25618,206,1
25618,385,1
25619,372,1
25619,234,1
25619,282,1
25620,283,2
25621,225,2
25622,336,1
25622,385,1
25623,152,1
25623,267,1
25624,260,3
25625,309,1
25625,290,1
25626,345,2
25627,218,3
25628,235,1
25628,250,1
25629,386,3
25630,354,1
25631,243,3
25632,296,3
25633,164,1
25633,304,1
25633,260,1
25634,380,3
25635,280,1
25635,169,1
25636,356,1
25636,263,1
25637,379,1
25638,192,3
25639,315,1
25639,353,1
25639,342,1
25640,345,1
25641,247,1
25642,238,1
25643,324,1
25643,275,1
25643,148,1
25644,391,1
25644,202,1
25645,230,2
25646,310,1
25646,232,1
25647,249,1
25647,355,1
25647,120,1
25648,381,1
25648,101,1
25649,340,1
25650,217,1
25651,292,2
25652,169,2
25653,375,3
25654,225,1
25654,150,1
25655,335,1
25656,311,1
25657,321,1
25658,252,3
25659,298,1
25659,203,1
25659,151,1
25660,169,1
25660,118,1
25660,336,1
25661,272,1
25661,351,1
25662,103,1
25663,121,3
25664,171,1
25664,258,1
25664,386,1
25665,352,1
25665,172,1
25665,362,1
25666,229,1
25667,144,1
25668,140,1
25668,338,1
25668,306,1
25669,288,3
25670,152,1
25671,193,1
25671,233,1
25672,302,3
25673,248,1
25673,250,1
25673,239,1
25674,308,1
25675,172,1
25676,365,1
25677,170,1
25677,166,1
25677,258,1
25678,356,1
25678,384,1
25679,334,1
25680,146,1
25681,105,1
25681,264,1
25681,307,1
25682,334,1
25683,246,3
25684,277,1
25684,181,1
25684,389,1
25685,151,2
25686,223,3
25687,131,3
25688,392,1
25688,393,1
25689,365,2
25690,347,2
25691,332,2
25692,269,2
25693,175,1
25693,260,1
25693,277,1
25694,188,1
25695,116,2
25696,122,1
25697,273,1
25697,102,1
25697,292,1
25698,179,1
25699,312,1
25699,104,1
25700,258,3
25701,305,1
25701,250,1
25702,288,3
25703,366,1
25703,306,1
25704,160,1
25704,361,1
25704,270,1
25705,223,3
25706,340,3
25707,378,1
25707,227,1
25707,108,1
25708,202,1
25708,369,1
25709,234,3
25710,183,1
25710,292,1
25710,126,1
25711,277,1
25711,303,1
25712,250,1
25713,361,1
25714,182,3
25715,351,2
25716,163,1
25716,222,1
25716,122,1
25717,126,1
25717,331,1
25718,359,1
25718,213,1
25718,296,1
25719,339,3
25720,170,1
25721,256,2
25722,224,1
25722,101,1
25723,188,1
25723,210,1
25724,351,2
25725,141,1
25726,109,1
25727,247,2
25728,248,1
25728,130,1
25729,155,1
25730,148,1
25730,164,1
25730,339,1
25731,227,1
25731,128,1
25731,331,1
25732,190,1
25733,198,1
25733,271,1
25733,234,1
25734,148,3
25735,284,3
25736,283,2
25737,141,1
25738,334,1
25739,153,3
25740,349,3
25741,296,1
25742,144,1
25743,146,1
25743,357,1
25743,117,1
25744,398,2
25745,161,1
25746,292,1
25747,221,3
25748,148,1
25749,260,1
25750,361,1
25750,373,1
25750,365,1
25751,347,1
25751,332,1
25752,261,3
25753,262,2
25754,331,2
25755,288,3
25756,385,3
25757,322,1
25758,173,2
25759,199,1
25760,276,2
25761,286,2
25762,229,1
25763,198,1
25764,155,1
25765,162,1
25766,291,1
25766,180,1
25767,381,1
25768,151,1
25769,108,1
25769,214,1
25769,281,1
25770,235,1
25770,355,1
25770,182,1
25771,323,1
25771,155,1
25771,155,1
25772,383,1
25773,338,2
25774,329,1
25774,299,1
25775,320,1
25775,323,1
25775,175,1
25776,176,1
25776,173,1
25777,227,1
25778,321,3
25779,255,1
25779,387,1
25780,260,1
25780,315,1
25780,373,1
25781,278,3
25782,152,1
25783,269,3
25784,332,2
25785,255,1
25785,169,1
25785,278,1
25786,221,1
25786,179,1
25787,333,3
25788,387,2
25789,161,2
25790,154,3
25791,358,1
25792,340,2
25793,181,2
25794,279,1
25794,302,1
25795,144,2
25796,118,1
25796,195,1
25796,102,1
25797,319,1
25798,306,1
25798,119,1
25799,117,1
25800,363,2
25801,156,1
25801,384,1
25802,269,3
25803,129,1
25804,320,1
25805,260,3
25806,135,1
25807,145,1
25807,115,1
25808,203,3
25809,382,2
25810,120,2
25811,373,3
25812,305,1
25813,288,1
25813,298,1
25813,179,1
25814,209,1
25814,229,1
25815,225,1
25816,368,3
25817,373,3
25818,225,3
25819,369,1
25820,368,2
25821,238,2
25822,299,1
25823,380,1
25823,369,1
25824,332,1
25824,293,1
25825,263,3
25826,352,3
25827,137,2
25828,320,1
25829,230,1
25829,222,1
25829,246,1
25830,131,1
25830,311,1
25830,278,1
25831,309,1
25831,236,1
25832,113,3
25833,200,3
25834,181,3
25835,325,1
25836,385,2
25837,191,1
25837,138,1
25837,393,1
25838,364,1
25838,377,1
25838,322,1
25839,288,1
25840,316,3
25841,215,1
25841,366,1
25841,392,1
25842,116,1
25842,341,1
25842,375,1
25843,140,1
25844,177,1
25844,347,1
25844,105,1
25845,202,1
25846,170,2
25847,270,3
25848,378,1
25849,193,1
25849,202,1
25850,173,2
25851,230,3
25852,381,1
25852,104,1
25852,349,1
25853,144,3
25854,281,1
25854,231,1
25854,391,1
25855,259,3
25856,195,2
25857,367,1
25858,363,1
25858,208,1
25859,369,1
25859,248,1
25860,235,3
25861,335,3
25862,151,2
25863,396,1
25863,133,1
25863,238,1
25864,288,2
25865,180,1
25865,209,1
25866,245,2
25867,209,1
25867,277,1
25867,298,1
25868,373,1
25869,190,3
25870,387,1
25870,193,1
25871,320,1
25872,375,3
25873,243,2
25874,379,1
25875,341,3
25876,264,2
25877,130,1
25877,229,1
25878,394,3
25879,360,1
25880,195,2
25881,181,1
25882,321,3
25883,101,1
25884,212,1
25885,311,3
25886,124,1
25886,345,1
25887,352,1
25888,361,3
25889,175,1
25889,158,1
25889,292,1
25890,323,1
25891,229,1
25891,164,1
25891,218,1
25892,177,1
25893,136,1
25894,380,1
25894,360,1
25895,392,1
25896,349,1
25897,157,1
25897,268,1
25898,158,1
25899,125,1
25899,285,1
25900,126,3
25901,235,3
25902,339,1
25903,229,1
25904,113,3
25905,227,1
25905,117,1
25906,200,1
25907,169,1
25908,339,1
25908,189,1
25908,306,1
25909,193,1
25910,296,2
25911,268,2
25912,175,2
25913,330,1
25913,362,1
25914,109,3
25915,218,1
25916,291,2
25917,225,3
25918,169,3
25919,367,1
25919,390,1
25919,151,1
25920,247,1
25921,289,1
25922,358,1
25922,110,1
25923,200,2
25924,308,1
25925,209,1
25926,273,1
25926,199,1
25927,356,1
25928,160,1
25929,105,1
25930,201,2
25931,219,3
25932,180,1
25932,269,1
25932,375,1
25933,363,1
25934,369,3
25935,211,3
25936,357,1
25936,293,1
25937,118,1
25938,334,1
25939,389,3
25940,112,1
25940,294,1
25941,357,3
25942,306,1
25942,337,1
25943,376,1
25944,142,1
25945,307,1
25946,358,3
25947,240,1
25948,301,2
25949,137,3
25950,191,2
25951,375,2
25952,291,3
25953,145,1
25953,220,1
25954,112,1
25954,358,1
25955,214,3
25956,113,1
25957,212,1
25958,226,1
25959,154,1
25960,349,2
25961,271,1
25962,358,1
25962,189,1
25962,366,1
25963,343,3
25964,240,3
25965,376,1
25965,134,1
25966,328,1
25966,169,1
25967,121,3
25968,368,2
25969,163,2
25970,274,1
25970,335,1
25971,138,1
25972,266,1
25972,251,1
25972,123,1
25973,388,1
25974,299,1
25974,378,1
25974,347,1
25975,130,1
25975,133,1
25975,276,1
25976,185,3
25977,336,1
25978,225,1
25979,389,1
25979,149,1
25979,359,1
25980,225,1
25980,217,1
25981,135,1
25982,251,1
25982,189,1
25982,384,1
25983,358,1
25983,214,1
25983,324,1
25984,348,1
25984,185,1
25985,165,1
25986,383,1
25986,385,1
25987,299,1
25988,249,1
25988,291,1
25988,144,1
25989,118,1
25989,277,1
25990,303,1
25991,319,1
25992,179,1
25993,273,2
25994,104,1
25994,223,1
25994,261,1
25995,349,1
25996,230,1
25997,291,2
25998,162,1
25998,325,1
25998,276,1
25999,178,1
25999,299,1
26000,181,1
26000,223,1
26001,144,3
26002,109,1
26002,312,1
26003,243,2
26004,200,2
26005,278,3
26006,376,1
26006,389,1
26007,296,1
26007,283,1
26007,240,1
26008,343,1
26008,210,1
26008,290,1
26009,146,1
26010,331,3
26011,334,1
26011,113,1
26011,120,1
26012,138,1
26013,232,2
26014,298,3
26015,297,3
26016,253,1
26016,168,1
26017,245,1
26018,307,2
26019,395,2
26020,210,2
26021,113,1
26022,263,3
26023,247,1
26024,374,2
26025,330,1
26026,124,1
26026,373,1
26027,242,3
26028,114,1
26028,342,1
26028,272,1
26029,117,3
26030,273,1
26030,277,1
26031,287,1
26032,307,1
26032,387,1
26033,361,1
26034,274,2
26035,196,2
26036,248,1
26036,296,1
26036,253,1
26037,291,1
26037,313,1
26038,213,2
26039,120,2
26040,343,1
26040,285,1
26040,257,1
26041,381,1
26041,241,1
26041,126,1
26042,331,1
26043,181,1
26043,228,1
26044,205,1
26044,243,1
26045,209,2
26046,103,2
26047,161,1
26047,395,1
26048,367,2
26049,266,1
26050,256,1
26050,308,1
26051,268,2
26052,333,1
26052,321,1
26053,299,1
26054,349,3
26055,248,1
26056,153,2
26057,289,1
26058,209,3
26059,372,1
26060,379,1
26060,378,1
26060,105,1
26061,136,2
26062,317,1
26063,268,1
26064,265,1
26065,307,1
26066,364,1
26067,298,1
26067,387,1
26067,380,1
26068,354,3
26069,215,1
26070,176,1
26070,146,1
26071,145,1
26071,222,1
26071,163,1
26072,140,3
26073,151,1
26074,283,1
26074,233,1
26075,110,1
26076,146,1
26077,242,1
26077,340,1
26077,229,1
26078,256,3
26079,367,1
26079,167,1
26080,381,2
26081,304,3
26082,271,1
26082,302,1
26083,127,1
26084,300,1
26085,267,1
26085,277,1
26085,271,1
26086,226,1
26087,313,2
26088,139,1
26088,197,1
26088,313,1
26089,374,1
26089,310,1
26089,178,1
26090,187,1
26090,143,1
26090,119,1
26091,121,2
26092,156,1
26093,154,3
26094,242,1
26094,134,1
26095,176,1
26096,280,1
26097,348,3
26098,171,1
26099,346,1
26099,361,1
26100,389,3
26101,241,3
26102,189,1
26102,206,1
26103,215,1
26103,212,1
26103,178,1
26104,132,1
26105,140,1
26105,157,1
26105,283,1
26106,383,1
26107,354,1
26108,391,1
26109,254,3
26110,373,1
26110,352,1
26110,116,1
26111,202,3
26112,304,1
26113,257,1
26114,145,2
26115,147,3
26116,291,2
26117,267,3
26118,162,1
26119,221,1
26119,174,1
26120,279,1
26121,123,1
26122,272,2
26123,142,2
26124,261,2
26125,273,3
26126,177,3
26127,306,1
26127,304,1
26127,226,1
26128,230,1
26129,202,1
26130,251,3
26131,201,2
26132,160,1
26132,294,1
26132,223,1
26133,182,1
26134,195,2
26135,286,3
26136,252,1
26137,286,1
26137,400,1
26137,286,1
26138,305,1
26138,229,1
26138,303,1
26139,303,1
26140,192,1
26141,359,3
26142,389,2
26143,368,2
26144,128,2
26145,351,1
26145,380,1
26145,314,1
26146,298,3
26147,230,1
26147,149,1
26147,130,1
26148,348,1
26149,210,3
26150,137,2
26151,313,1
26151,176,1
26152,340,1
26152,203,1
26153,344,2
26154,140,2
26155,103,1
26156,224,2
26157,366,3
26158,177,1
26159,320,1
26160,262,1
26161,171,1
26161,350,1
26161,340,1
26162,254,2
26163,330,2
26164,295,1
26164,238,1
26164,122,1
26165,285,1
26166,102,2
26167,261,1
26168,298,3
26169,320,1
26170,361,1
26170,155,1
26171,388,1
26171,399,1
26171,325,1
26172,317,1
26173,283,3
26174,400,3
26175,278,1
26176,211,1
26177,105,2
26178,216,2
26179,327,1
26180,294,3
26181,178,1
26182,324,2
26183,345,2
26184,305,1
26184,332,1
26184,217,1
26185,138,1
26185,368,1
26185,252,1
26186,203,1
26186,289,1
26186,291,1
26187,278,1
26187,360,1
26187,102,1
26188,305,1
26189,269,3
26190,181,3
26191,365,3
26192,110,1
26193,190,3
26194,346,2
26195,235,3
26196,205,1
26196,175,1
26197,175,1
26198,310,1
26199,128,1
26199,239,1
26200,400,1
26200,394,1
26200,172,1
26201,225,1
26201,140,1
26202,318,1
26202,246,1
26202,209,1
26203,150,1
26203,190,1
26203,175,1
26204,119,1
26205,298,1
26206,207,3
26207,235,2
26208,246,2
26209,379,1
26210,284,3
26211,128,3
26212,105,1
26212,357,1
26212,288,1
26213,300,1
26213,318,1
26213,106,1
26214,350,2
26215,244,1
26216,308,1
26217,121,2
26218,254,1
26219,212,1
26219,210,1
26219,378,1
26220,249,1
26221,301,2
26222,330,1
26223,194,1
26223,320,1
26223,263,1
26224,397,3
26225,379,1
26226,289,1
26227,248,2
26228,163,1
26229,341,1
26230,394,2
26231,301,1
26231,367,1
26232,204,3
26233,335,1
26233,192,1
26233,269,1
26234,139,1
26234,178,1
26234,175,1
26235,284,1
26236,390,1
26236,182,1
26237,246,2
26238,330,2
26239,116,1
26239,235,1
26239,200,1
26240,313,3
26241,312,2
26242,349,1
26243,116,1
26243,126,1
26243,261,1
26244,345,2
26245,202,3
26246,107,1
26246,228,1
26246,337,1
26247,222,1
26248,205,1
26249,113,2
26250,316,3
26251,306,3
26252,135,1
26252,363,1
26252,358,1
26253,125,1
26253,208,1
26254,320,1
26255,195,1
26256,354,3
26257,206,3
26258,273,2
26259,358,1
26260,149,3
26261,304,1
26262,198,3
26263,235,1
26263,304,1
26263,222,1
26264,288,1
26264,213,1
26264,191,1
26265,124,2
26266,303,1
26267,369,1
26268,393,1
26269,144,1
26269,223,1
26269,139,1
26270,353,3
26271,217,1
26271,377,1
26272,155,3
26273,214,1
26274,293,1
26275,305,1
26276,292,1
26277,304,1
26278,317,2
26279,102,1
26280,215,1
26280,351,1
26281,327,1
26281,218,1
26281,119,1
26282,195,3
26283,299,3
26284,182,3
26285,107,1
26286,248,1
26287,349,1
26287,149,1
26288,180,3
26289,195,1
26289,330,1
26289,372,1
26290,110,3
26291,261,1
26292,114,1
26292,105,1
26292,272,1
26293,352,3
26294,283,1
26295,102,1
26295,293,1
26296,320,2
26297,225,1
26298,228,1
26299,245,1
26299,162,1
26300,170,1
26300,179,1
26301,166,1
26301,324,1
26301,144,1
26302,329,1
26302,175,1
26302,210,1
26303,220,3
26304,355,1
26305,348,2
26306,123,1
26307,338,3
26308,393,1
26308,337,1
26309,158,1
26310,115,1
26310,388,1
26311,179,1
26311,199,1
26311,187,1
26312,266,1
26312,191,1
26313,275,1
26314,363,1
26315,114,1
26316,177,3
26317,286,1
26317,389,1
26317,277,1
26318,267,1
26318,380,1
26318,374,1
26319,217,1
26319,348,1
26319,393,1
26320,298,2
26321,397,1
26321,135,1
26321,376,1
26322,196,2
26323,108,3
26324,300,2
26325,360,1
26325,185,1
26325,377,1
26326,250,1
26326,115,1
26326,149,1
26327,269,1
26328,393,3
26329,347,2
26330,372,3
26331,323,1
26332,168,3
26333,163,1
26333,214,1
26334,273,2
26335,323,1
26336,225,1
26337,230,1
26338,339,2
26339,318,1
26340,348,1
26341,214,1
26341,278,1
26341,170,1
26342,220,1
26343,126,1
26344,361,2
26345,160,3
26346,386,2
26347,215,1
26347,315,1
26347,175,1
26348,157,2
26349,343,1
26350,129,1
26351,194,1
26352,143,1
26353,225,1
26353,234,1
26354,385,2
26355,347,3
26356,158,1
26356,280,1
26357,261,1
26358,165,1
26358,239,1
26358,230,1
26359,226,1
26360,374,1
26360,151,1
26361,258,3
26362,296,3
26363,333,2
26364,129,3
26365,170,1
26365,169,1
26366,247,2
26367,152,1
26367,224,1
26367,210,1
26368,215,2
26369,317,1
26369,184,1
26370,364,2
26371,226,1
26372,147,2
26373,145,1
26373,163,1
26373,338,1
26374,364,2
26375,351,1
26375,144,1
26375,107,1
26376,193,1
26377,241,1
26377,171,1
26377,291,1
26378,258,3
26379,168,2
26380,364,1
26381,130,2
26382,333,2
26383,352,1
26384,228,2
26385,134,1
26385,319,1
26386,370,2
26387,294,1
26387,300,1
26387,136,1
26388,175,1
26388,106,1
26388,321,1
26389,139,2
26390,184,1
26391,287,1
26391,201,1
26392,361,1
26393,306,1
26394,140,3
26395,361,1
26395,110,1
26395,292,1
26396,195,1
26396,219,1
26396,394,1
26397,129,3
26398,205,1
26399,359,1
26399,303,1
26400,159,1
26400,295,1
26400,247,1
26401,304,2
26402,156,3
26403,155,1
26403,215,1
26403,321,1
26404,368,1
26404,382,1
26404,335,1
26405,182,2
26406,360,2
26407,151,1
26408,131,2
26409,383,2
26410,279,2
26411,204,3
26412,132,1
26412,358,1
26412,256,1
26413,219,1
26414,309,2
26415,162,1
26415,400,1
26416,264,2
26417,187,1
26417,296,1
26418,172,1
26418,182,1
26419,364,3
26420,342,1
26420,206,1
26421,304,1
26422,204,2
26423,301,1
26423,202,1
26423,323,1
26424,397,1
26424,234,1
26425,113,1
26425,110,1
26425,359,1
26426,311,1
26427,378,2
26428,367,2
26429,169,1
26429,237,1
26430,183,1
26431,231,1
26432,388,1
26433,229,1
26434,105,1
26435,253,2
26436,182,1
26437,143,1
26437,308,1
26437,205,1
26438,383,1
26438,201,1
26439,321,3
26440,335,1
26440,182,1
26440,385,1
26441,139,1
26442,121,1
26443,182,2
26444,281,1
26445,313,1
26446,190,1
26446,129,1
26446,160,1
26447,276,1
26448,273,1
26449,142,2
26450,257,1
26450,305,1
26451,190,3
26452,329,3
26453,375,2
26454,291,1
26454,106,1
26455,346,1
26456,383,1
26456,332,1
26457,398,3
26458,289,2
26459,352,1
26459,316,1
26460,182,1
26461,191,1
26461,300,1
26461,382,1
26462,303,1
26462,105,1
26462,227,1
26463,378,2
26464,323,3
26465,261,1
26465,182,1
26465,224,1
26466,134,3
26467,160,1
26467,310,1
26467,334,1
26468,184,1
26469,188,1
26469,123,1
26470,146,1
26470,338,1
26470,164,1
26471,222,1
26472,309,3
26473,195,1
26473,297,1
26474,345,2
26475,269,1
26475,384,1
26476,146,1
26477,284,1
26478,165,1
26479,195,1
26480,156,1
26480,207,1
26480,121,1
26481,181,2
26482,198,2
26483,156,2
26484,203,1
26485,297,1
26486,397,3
26487,362,2
26488,262,1
26488,391,1
26489,194,1
26490,118,1
26490,319,1
26491,211,1
26491,365,1
26492,206,1
26493,133,3
26494,334,3
26495,198,1
26496,113,1
26497,330,1
26498,128,3
26499,166,2
26500,382,3
26501,282,1
26501,215,1
26502,213,3
26503,199,1
26503,239,1
26504,393,2
26505,131,1
26505,382,1
26506,357,1
26507,278,1
26507,285,1
26508,224,3
26509,245,2
26510,111,1
26510,191,1
26510,261,1
26511,392,3
26512,310,1
26512,250,1
26512,379,1
26513,224,3
26514,140,2
26515,337,1
26515,382,1
26516,127,1
26517,151,2
26518,209,3
26519,325,3
26520,303,1
26520,238,1
26521,305,1
26522,226,1
26523,258,3
26524,236,1
26524,300,1
26524,340,1
26525,307,1
26526,381,1
26527,364,3
26528,367,1
26528,272,1
26528,157,1
26529,252,1
26529,276,1
26529,147,1
26530,253,1
26530,197,1
26530,400,1
26531,305,1
26532,382,1
26533,315,1
26534,116,1
26535,126,1
26536,326,1
26536,386,1
26536,138,1
26537,344,1
26537,369,1
26537,145,1
26538,187,1
26538,270,1
26539,200,3
26540,102,3
26541,149,1
26542,333,2
26543,267,2
26544,268,1
26545,160,2
26546,132,3
26547,187,1
26547,383,1
26548,307,1
26549,202,1
26550,223,1
26550,330,1
26551,141,1
26552,200,1
26552,357,1
26553,292,1
26554,231,3
26555,353,1
26556,245,3
26557,301,2
26558,293,3
26559,109,1
26560,305,3
26561,291,1
26562,135,3
26563,115,1
26564,170,2
26565,126,1
26565,371,1
26566,186,1
26566,261,1
26567,316,2
26568,226,3
26569,169,1
26570,104,3
26571,106,1
26571,161,1
26572,175,3
26573,137,1
26573,148,1
26574,292,2
26575,214,3
26576,167,1
26577,127,1
26578,155,1
26579,206,3
26580,233,1
26580,264,1
26581,312,3
26582,289,1
26583,307,2
26584,305,1
26585,284,3
26586,393,2
26587,237,3
26588,252,1
26589,203,1
26590,218,1
26590,228,1
26590,376,1
26591,120,2
26592,163,1
26592,366,1
26593,180,2
26594,290,1
26594,355,1
26595,292,1
26596,146,1
26596,119,1
26597,327,3
26598,207,3
26599,391,1
26600,200,1
26600,212,1
26600,363,1
26601,229,1
26601,189,1
26601,192,1
26602,194,1
26603,152,1
26603,146,1
26604,221,1
26605,340,1
26605,279,1
26606,315,1
26606,266,1
26607,261,1
26608,263,2
26609,342,2
26610,389,2
26611,303,1
26612,387,1
26612,304,1
26612,270,1
26613,343,1
26614,189,2
26615,240,2
26616,157,2
26617,282,1
26618,125,2
26619,112,1
26619,281,1
26620,199,1
26620,167,1
26621,329,1
26622,178,2
26623,284,2
26624,195,1
26624,263,1
26625,170,1
26626,173,1
26626,157,1
26627,318,2
26628,231,1
26628,131,1
26628,321,1
26629,179,1
26629,193,1
26630,122,1
26630,331,1
26630,210,1
26631,150,1
26631,319,1
26632,302,1
26632,333,1
26632,253,1
26633,125,1
26634,163,3
26635,150,1
26635,127,1
26636,278,1
26636,351,1
26636,134,1
26637,348,1
26638,340,2
26639,286,2
26640,336,1
26640,208,1
26640,288,1
26641,272,1
26642,138,1
26643,293,1
26643,152,1
26643,123,1
26644,289,1
26644,210,1
26644,251,1
26645,155,1
26645,363,1
26645,301,1
26646,262,1
26646,220,1
26646,248,1
26647,285,1
26648,367,1
26648,216,1
26649,232,2
26650,329,1
26651,204,1
26651,313,1
26651,104,1
26652,121,1
26653,242,3
26654,143,1
26655,335,1
26655,252,1
26656,200,2
26657,362,1
26658,242,1
26659,327,1
26660,222,1
26661,340,1
26661,284,1
26661,128,1
26662,328,1
26662,233,1
26662,252,1
26663,217,1
26663,316,1
26664,217,1
26665,167,1
26665,163,1
26666,280,3
26667,151,1
26667,223,1
26668,382,1
26668,334,1
26669,193,1
26669,104,1
26669,235,1
26670,171,1
26671,206,1
26671,390,1
26671,264,1
26672,118,1
26673,129,1
26673,335,1
26673,291,1
26674,224,1
26675,393,1
26675,233,1
26675,237,1
26676,120,1
26677,240,1
26677,359,1
26677,334,1
26678,397,1
26679,240,3
26680,391,1
26680,115,1
26680,389,1
26681,275,1
26682,151,1
26683,147,1
26684,303,1
26685,199,1
26686,120,3
26687,182,2
26688,375,1
26688,208,1
26688,190,1
26689,197,1
26690,235,1
26691,208,1
26691,103,1
26691,391,1
26692,277,2
26693,347,1
26693,191,1
26694,127,3
26695,157,2
26696,256,1
26697,388,1
26697,379,1
26698,261,1
26698,136,1
26699,138,1
26700,171,1
26701,370,2
26702,225,2
26703,276,1
26704,332,1
26705,255,1
26705,148,1
26706,155,1
26707,223,1
26708,166,1
26708,134,1
26708,275,1
26709,356,1
26709,314,1
26710,104,1
26710,146,1
26711,256,3
26712,297,3
26713,385,1
26714,350,1
26715,191,1
26716,206,1
26717,104,3
26718,205,3
26719,288,2
26720,280,1
26720,345,1
26720,253,1
26721,142,1
26722,131,1
26722,400,1
26723,384,2
26724,151,2
26725,370,1
26726,256,1
26726,258,1
26726,185,1
26727,133,2
26728,366,1
26728,256,1
26729,365,1
26729,357,1
26729,256,1
26730,398,1
26731,289,1
26732,322,1
26733,325,3
26734,180,1
26734,172,1
26734,140,1
26735,303,3
26736,339,1
26736,123,1
26736,333,1
26737,350,3
26738,103,2
26739,200,1
26740,149,2
26741,114,1
26741,342,1
26742,260,1
26743,124,3
26744,147,1
26744,210,1
26744,372,1
26745,367,2
26746,377,1
26747,192,1
26748,379,1
26748,219,1
26749,318,1
26750,390,1
26751,172,2
26752,250,1
26752,166,1
26752,351,1
26753,252,1
26753,113,1
26753,301,1
26754,106,1
26755,199,1
26756,400,1
26757,250,1
26757,375,1
26758,278,2
26759,148,1
26759,250,1
26759,371,1
26760,126,1
26761,278,1
26761,384,1
26761,382,1
26762,382,1
26763,102,2
26764,225,2
26765,290,2
26766,285,1
26766,262,1
26767,108,2
26768,238,1
26768,118,1
26769,265,1
26770,330,1
26771,238,1
26772,354,1
26772,113,1
26772,255,1
26773,143,1
26774,118,1
26774,285,1
26774,384,1
26775,162,1
26775,331,1
26776,331,2
26777,180,1
26777,183,1
26778,357,1
26779,101,3
26780,236,1
26781,258,2
26782,280,3
26783,329,1
26783,283,1
26783,295,1
26784,194,3
26785,110,1
26785,280,1
26786,266,3
26787,142,3
26788,146,3
26789,364,1
26790,153,1
26791,249,1
26791,110,1
26792,357,1
26793,396,1
26793,332,1
26794,130,1
26794,325,1
26794,295,1
26795,111,1
26796,343,2
26797,376,1
26798,400,2
26799,170,1
26799,267,1
26799,367,1
26800,390,1
26801,302,2
26802,320,1
26803,328,1
26804,186,1
26804,119,1
26805,143,1
26805,268,1
26805,219,1
26806,323,1
26806,181,1
26806,101,1
26807,194,1
26808,379,3
26809,176,1
26809,207,1
26810,194,2
26811,341,2
26812,400,1
26813,265,1
26813,150,1
26813,335,1
26814,136,1
26814,368,1
26814,270,1
26815,285,2
26816,256,1
26817,138,1
26818,358,1
26818,387,1
26819,194,2
26820,130,2
26821,391,1
26821,181,1
26821,149,1
26822,382,1
26822,320,1
26823,275,1
26823,336,1
26824,115,3
26825,389,2
26826,132,3
26827,345,1
26827,156,1
26827,125,1
26828,305,1
26829,341,2
26830,374,1
26830,332,1
26830,119,1
26831,384,1
26832,271,1
26832,268,1
26833,199,2
26834,234,1
26834,346,1
26834,264,1
26835,392,1
26836,299,1
26837,121,2
26838,177,1
26838,201,1
26838,217,1
26839,220,1
26840,240,1
26840,138,1
26841,355,1
26841,221,1
26841,254,1
26842,301,1
26843,209,1
26843,212,1
26844,235,3
26845,275,1
26845,314,1
26846,302,1
26846,305,1
26846,342,1
26847,305,1
26847,205,1
26847,140,1
26848,103,1
26849,175,1
26850,149,3
26851,248,1
26852,381,1
26853,130,1
26853,351,1
26853,177,1
26854,208,1
26854,134,1
26855,139,3
26856,129,1
26857,238,3
26858,362,1
26858,398,1
26859,131,3
26860,144,1
26861,160,1
26861,172,1
26861,340,1
26862,324,1
26862,319,1
26862,398,1
26863,271,1
26863,206,1
26864,136,1
26865,211,1
26866,168,2
26867,195,2
26868,172,2
26869,287,1
26870,284,1
26871,197,3
26872,345,2
26873,392,1
26874,143,1
26874,156,1
26874,195,1
26875,357,3
26876,256,1
26876,396,1
26877,379,2
26878,206,2
26879,313,1
26879,377,1
26879,271,1
26880,212,1
26880,237,1
26881,335,1
26881,314,1
26881,385,1
26882,375,1
26883,313,1
26883,226,1
26884,180,2
26885,348,1
26885,366,1
26886,333,1
26886,251,1
26887,387,1
26887,281,1
26887,289,1
26888,309,1
26889,290,2
26890,236,1
26891,362,2
26892,209,3
26893,379,1
26894,118,1
26895,105,1
26896,346,1
26896,132,1
26897,361,1
26897,214,1
26898,175,3
26899,391,1
26900,155,1
26900,376,1
26900,372,1
26901,285,3
26902,381,2
26903,155,1
26904,341,1
26904,300,1
26905,396,3
26906,188,1
26906,119,1
26907,172,1
26908,199,3
26909,184,1
26909,389,1
26910,385,1
26911,379,1
26912,380,1
26912,373,1
26913,193,1
26914,141,1
26915,329,1
26915,172,1
26916,173,1
26917,344,2
26918,114,1
26918,233,1
26919,193,2
26920,155,1
26921,145,1
26922,123,3
26923,135,1
26924,140,2
26925,243,3
26926,276,1
26927,334,1
26927,268,1
26928,132,1
26929,349,1
26929,302,1
26930,229,1
26930,166,1
26931,183,1
26932,258,3
26933,215,1
26933,298,1
26933,160,1
26934,348,1
26934,199,1
26934,394,1
26935,335,2
26936,370,2
26937,221,1
26937,230,1
26937,252,1
26938,393,1
26939,254,3
26940,342,1
26940,258,1
26940,202,1
26941,342,1
26941,244,1
26941,211,1
26942,393,3
26943,384,1
26944,395,2
26945,397,2
26946,384,1
26947,263,2
26948,278,1
26948,110,1
26949,367,1
26950,325,1
26951,125,1
26952,384,1
26952,143,1
26953,159,1
26954,217,1
26954,358,1
26954,103,1
26955,128,1
26956,174,1
26957,334,1
26957,291,1
26958,174,2
26959,115,1
26960,174,1
26960,297,1
26961,144,1
26962,305,1
26963,251,1
26963,223,1
26964,220,1
26965,214,1
26965,347,1
26966,119,3
26967,361,1
26967,276,1
26967,177,1
26968,162,3
26969,260,1
26969,306,1
26969,234,1
26970,330,3
26971,166,1
26971,356,1
26972,332,1
26973,253,1
26974,114,1
26975,387,3
26976,104,1
26977,375,1
26977,267,1
26977,343,1
26978,246,1
26979,247,1
26979,230,1
26979,205,1
26980,335,3
26981,204,1
26982,123,1
26983,133,1
26984,385,1
26985,231,1
26986,258,1
26987,243,1
26988,247,3
26989,295,1
26989,142,1
26990,252,3
26991,215,1
26992,167,2
26993,110,1
26994,164,1
26995,160,3
26996,320,1
26997,199,1
26997,363,1
26997,177,1
26998,294,1
26998,170,1
26999,250,1
27000,249,3
27001,280,2
27002,212,1
27003,107,3
27004,308,1
27004,134,1
27004,104,1
27005,232,1
27005,102,1
27005,347,1
27006,256,3
27007,289,1
27008,163,1
27008,321,1
27008,249,1
27009,326,2
27010,144,1
27011,229,1
27011,204,1
27012,246,1
27012,344,1
27013,207,2
27014,272,1
27015,362,3
27016,230,1
27016,113,1
27017,150,1
27017,371,1
27017,189,1
27018,115,3
27019,204,1
27019,315,1
27020,336,1
27021,332,3
27022,234,1
27023,359,2
27024,158,1
27024,355,1
27024,281,1
27025,359,1
27026,254,1
27027,220,3
27028,349,1
27029,133,3
27030,109,1
27031,346,1
27031,109,1
27031,242,1
27032,197,3
27033,132,1
27033,204,1
27033,195,1
27034,291,1
27035,283,1
27036,119,3
27037,397,1
27038,160,1
27038,155,1
27038,224,1
27039,294,1
27040,397,1
27040,239,1
27041,185,1
27042,267,3
27043,275,1
27043,132,1
27044,283,3
27045,213,1
27046,339,1
27046,283,1
27046,108,1
27047,106,1
27048,200,1
27049,363,2
27050,244,1
27050,331,1
27051,227,3
27052,289,1
27052,239,1
27053,190,2
27054,330,1
27055,248,2
27056,114,3
27057,351,1
27058,106,3
27059,225,1
27059,279,1
27060,361,1
27060,263,1
27060,317,1
27061,332,1
27061,201,1
27062,313,1
27062,199,1
27063,227,2
27064,124,1
27065,359,2
27066,134,2
27067,249,1
27068,147,2
27069,343,1
27069,219,1
27070,123,3
27071,191,1
27072,352,2
27073,108,1
27073,183,1
27074,126,1
27075,349,1
27076,228,1
27076,343,1
27076,244,1
27077,243,1
27077,385,1
27077,220,1
27078,303,3
27079,264,3
27080,208,1
27080,262,1
27081,178,2
27082,329,1
27082,353,1
27082,319,1
27083,129,3
27084,339,1
27084,381,1
27084,252,1
27085,341,1
27086,120,2
27087,388,1
27088,103,3
27089,106,2
27090,209,1
27091,251,1
27091,256,1
27091,195,1
27092,105,1
27093,270,1
27093,377,1
27094,325,1
27095,306,1
27096,348,1
27096,156,1
27097,116,1
27097,362,1
27098,169,3
27099,238,1
27100,246,3
27101,229,1
27102,267,2
27103,116,3
27104,365,1
27104,333,1
27104,290,1
27105,279,1
27106,326,1
27106,119,1
27107,192,3
27108,346,1
27109,309,3
27110,327,2
27111,336,3
27112,291,1
27113,321,1
27113,388,1
27114,162,2
27115,349,2
27116,109,2
27117,311,1
27118,281,1
27118,307,1
27119,253,1
27120,358,1
27121,170,2
27122,400,1
27122,256,1
27123,350,1
27123,183,1
27124,355,1
27125,143,2
27126,189,1
27127,281,1
27127,172,1
27127,353,1
27128,293,1
27129,101,3
27130,362,1
27130,357,1
27130,251,1
27131,204,1
27131,364,1
27131,250,1
27132,373,1
27133,244,1
27133,282,1
27133,294,1
27134,361,2
27135,162,2
27136,342,1
27137,326,3
27138,174,1
27138,255,1
27138,103,1
27139,346,2
27140,254,3
27141,323,1
27141,215,1
27141,360,1
27142,142,1
27142,265,1
27142,208,1
27143,159,3
27144,279,1
27144,294,1
27145,228,1
27146,191,2
27147,128,1
27147,134,1
27147,345,1
27148,241,2
27149,388,3
27150,224,1
27151,355,1
27151,235,1
27152,287,1
27153,240,2
27154,333,1
27155,201,1
27156,378,1
27156,366,1
27157,251,1
27157,377,1
27158,355,1
27158,184,1
27158,214,1
27159,289,3
27160,210,3
27161,244,1
27162,378,1
27163,277,3
27164,159,1
27165,346,1
27166,217,1
27167,338,1
27168,186,1
27168,194,1
27169,354,1
27170,390,1
27170,375,1
27171,216,1
27172,388,3
27173,178,2
27174,273,1
27174,280,1
27175,158,3
27176,149,3
27177,322,2
27178,130,1
27178,191,1
27179,167,1
27179,249,1
27179,185,1
27180,105,2
27181,188,3
27182,208,1
27182,186,1
27182,393,1
27183,127,1
27183,118,1
27183,281,1
27184,114,1
27185,135,1
27186,256,1
27186,222,1
27186,290,1
27187,212,1
27187,364,1
27188,292,1
27189,139,1
27189,291,1
27189,200,1
27190,373,2
27191,207,1
27192,242,1
27193,338,1
27193,358,1
27194,266,1
27194,121,1
27194,397,1
27195,223,1
27195,389,1
27196,346,1
27197,102,3
27198,273,3
27199,395,3
27200,102,1
27201,263,1
27202,371,3
27203,380,3
27204,128,3
27205,299,1
27206,154,3
27207,134,3
27208,325,1
27208,189,1
27208,400,1
27209,192,1
27209,348,1
27210,194,1
27211,274,1
27212,253,1
27213,376,1
27214,195,1
27214,145,1
27214,205,1
27215,215,1
27216,237,3
27217,151,1
27217,393,1
27217,313,1
27218,212,1
27218,281,1
27218,210,1
27219,386,3
27220,159,2
27221,263,1
27221,243,1
27221,249,1
27222,356,1
27222,298,1
27222,336,1
27223,206,1
27223,156,1
27223,325,1
27224,327,1
27224,185,1
27224,324,1
27225,123,2
27226,286,1
27226,253,1
27227,368,3
27228,154,1
27228,128,1
27228,169,1
27229,307,1
27230,279,2
27231,193,1
27231,104,1
27232,378,1
27232,243,1
27232,320,1
27233,243,3
27234,300,1
27235,148,1
27236,363,1
27236,382,1
27236,187,1
27237,300,1
27238,379,1
27239,303,1
27240,289,1
27240,165,1
27241,191,1
27241,280,1
27241,268,1
27242,229,2
27243,279,1
27244,188,1
27245,323,3
27246,327,1
27246,172,1
27246,328,1
27247,101,1
27248,181,3
27249,326,1
27249,239,1
27249,327,1
27250,125,1
27251,365,1
27252,159,3
27253,352,1
27254,115,1
27255,304,2
27256,265,3
27257,268,1
27258,217,2
27259,380,1
27260,231,2
27261,384,1
27261,123,1
27261,199,1
27262,174,1
27263,151,2
27264,196,1
27264,166,1
27264,312,1
27265,394,1
27265,196,1
27265,174,1
27266,286,1
27266,352,1
27267,159,1
27268,104,2
27269,108,3
27270,122,2
27271,242,1
27272,156,1
27272,210,1
27273,171,1
27274,284,1
27274,131,1
27275,243,1
27275,277,1
27276,330,1
27276,208,1
27276,265,1
27277,165,1
27277,281,1
27278,191,3
27279,357,1
27280,248,3
27281,149,1
27282,254,3
27283,285,3
27284,373,2
27285,249,1
27286,171,1
27286,262,1
27287,166,3
27288,237,3
27289,326,1
27290,168,3
27291,218,1
27292,260,3
27293,321,1
27293,383,1
27294,348,1
27294,173,1
27294,138,1
27295,104,3
27296,276,1
27296,258,1
27296,210,1
27297,279,1
27297,277,1
27297,185,1
27298,128,1
27298,255,1
27298,399,1
27299,145,1
27299,287,1
27299,356,1
27300,193,2
27301,302,1
27301,229,1
27301,114,1
27302,232,1
27303,273,2
27304,179,2
27305,313,1
27306,389,1
27307,195,1
27307,177,1
27308,345,1
27309,309,1
27310,159,2
27311,384,1
27311,392,1
27312,300,1
27312,111,1
27313,166,1
27313,247,1
27314,242,1
27314,160,1
27314,140,1
27315,191,2
27316,325,3
27317,232,1
27317,229,1
27317,317,1
27318,287,3
27319,358,1
27319,343,1
27320,163,1
27320,374,1
27320,340,1
27321,235,1
27321,382,1
27322,279,1
27322,294,1
27323,221,1
27323,372,1
27323,309,1
27324,252,1
27325,287,1
27325,181,1
27326,334,1
27327,220,1
27327,366,1
27327,358,1
27328,168,1
27328,147,1
27329,176,3
27330,134,3
27331,365,1
27331,110,1
27331,327,1
27332,137,2
27333,126,3
27334,287,1
27334,149,1
27335,227,1
27335,183,1
27335,181,1
27336,275,1
27337,123,1
27337,219,1
27338,203,1
27339,388,1
27340,377,2
27341,232,2
27342,205,1
27342,197,1
27342,129,1
27343,378,1
27343,324,1
27344,174,3
27345,321,1
27345,258,1
27346,251,2
27347,375,1
27347,235,1
27348,278,1
27349,185,2
27350,244,1
27351,236,1
27351,320,1
27352,390,1
27352,171,1
27353,199,3
27354,272,1
27354,352,1
27355,284,1
27356,264,1
27356,145,1
27356,356,1
27357,171,1
27357,351,1
27357,396,1
27358,130,2
27359,225,1
27360,200,1
27361,364,1
27361,375,1
27362,133,1
27362,360,1
27363,227,1
27364,380,1
27365,188,1
27366,328,1
27366,372,1
27366,284,1
27367,219,3
27368,279,1
27369,140,1
27369,175,1
27369,366,1
27370,262,3
27371,157,3
27372,367,1
27372,362,1
27372,392,1
27373,399,3
27374,148,1
27374,284,1
27375,103,1
27376,227,1
27376,180,1
27376,228,1
27377,296,2
27378,309,1
27379,358,2
27380,248,3
27381,197,3
27382,275,1
27382,360,1
27382,366,1
27383,257,1
27384,228,3
27385,376,1
27386,194,2
27387,296,1
27387,160,1
27387,234,1
27388,160,1
27388,325,1
27389,206,1
27389,313,1
27389,250,1
27390,392,3
27391,317,1
27391,274,1
27391,119,1
27392,133,1
27393,213,2
27394,221,2
27395,283,1
27396,400,1
27396,366,1
27396,354,1
27397,382,1
27397,216,1
27397,385,1
27398,109,3
27399,259,1
27399,163,1
27400,399,1
27401,141,2
27402,263,2
27403,349,1
27404,146,1
27404,308,1
27404,248,1
27405,247,3
27406,187,3
27407,282,2
27408,367,3
27409,346,1
27409,282,1
27409,381,1
27410,237,1
27411,321,1
27411,214,1
27411,264,1
27412,232,1
27413,300,1
27414,398,1
27415,115,1
27416,110,3
27417,283,1
27418,283,1
27419,362,1
27419,257,1
27419,262,1
27420,106,1
27420,356,1
27420,292,1
27421,216,3
27422,389,2
27423,310,1
27424,380,2
27425,196,1
27426,397,1
27427,119,3
27428,388,1
27428,201,1
27428,178,1
27429,392,1
27429,394,1
27430,291,2
27431,343,1
27432,363,1
27433,318,1
27433,194,1
27434,134,1
27435,249,1
27435,366,1
27435,181,1
27436,209,2
27437,128,2
27438,189,1
27438,279,1
27439,339,1
27440,292,1
27441,103,1
27442,200,1
27443,118,1
27444,148,1
27444,340,1
27444,220,1
27445,388,1
27446,291,1
27446,209,1
27446,108,1
27447,326,1
27448,179,3
27449,389,1
27449,290,1
27449,376,1
27450,309,1
27451,194,3
27452,293,1
27452,161,1
27452,379,1
27453,381,1
27454,287,1
27454,108,1
27455,273,1
27456,340,1
27456,229,1
27456,115,1
27457,129,2
27458,146,1
27458,397,1
27459,119,1
27459,122,1
27460,127,1
27461,169,1
27461,395,1
27462,336,1
27463,116,2
27464,205,3
27465,274,1
27466,321,1
27466,347,1
27467,325,2
27468,283,1
27469,105,3
27470,127,1
27471,374,1
27472,109,1
27472,193,1
27472,351,1
27473,251,2
27474,377,1
27474,101,1
27474,366,1
27475,316,1
27476,353,1
27477,345,1
27478,327,2
27479,174,1
27479,378,1
27479,374,1
27480,368,1
27480,104,1
27481,332,1
27482,177,1
27482,341,1
27482,200,1
27483,297,2
27484,138,1
27485,255,1
27486,291,1
27486,202,1
27486,357,1
27487,380,1
27488,261,1
27488,353,1
27488,347,1
27489,180,1
27489,301,1
27489,184,1
27490,317,1
27491,346,2
27492,338,1
27492,376,1
27493,138,1
27493,127,1
27493,353,1
27494,233,2
27495,321,3
27496,290,1
27497,290,3
27498,129,2
27499,170,2
27500,321,2
27501,394,2
27502,134,1
27503,380,2
27504,324,1
27505,193,1
27506,319,3
27507,397,1
27508,334,1
27509,178,1
27510,250,3
27511,170,2
27512,194,1
27512,385,1
27512,201,1
27513,141,1
27513,275,1
27514,230,1
27515,249,1
27515,289,1
27515,281,1
27516,237,1
27517,227,2
27518,311,1
27519,333,1
27520,151,1
27520,400,1
27521,154,1
27521,102,1
27522,305,1
27522,320,1
27523,231,2
27524,393,1
27524,202,1
27525,154,1
27525,292,1
27525,260,1
27526,204,1
27527,345,3
27528,382,3
27529,241,2
27530,393,1
27530,266,1
27530,204,1
27531,102,1
27532,352,2
27533,236,1
27533,284,1
27533,287,1
27534,190,1
27534,177,1
27534,288,1
27535,226,1
27535,298,1
27536,174,1
27536,141,1
27537,353,1
27538,295,1
27539,313,1
27540,275,2
27541,295,2
27542,255,1
27542,376,1
27542,213,1
27543,112,1
27544,149,1
27545,105,1
27546,369,2
27547,253,1
27548,339,3
27549,346,1
27550,355,3
27551,393,3
27552,261,1
27552,121,1
27552,116,1
27553,289,2
27554,273,3
27555,200,1
27555,290,1
27556,110,1
27556,271,1
27556,288,1
27557,284,1
27558,281,1
27559,326,1
27560,217,3
27561,134,1
27562,159,1
27562,176,1
27562,234,1
27563,374,2
27564,369,1
27565,235,1
27565,250,1
27566,280,3
27567,301,1
27567,128,1
27567,384,1
27568,125,2
27569,338,1
27570,132,3
27571,358,1
27572,338,1
27572,322,1
27573,110,1
27573,287,1
27573,241,1
27574,162,3
27575,213,1
27575,261,1
27575,316,1
27576,217,1
27577,223,1
27577,316,1
27577,163,1
27578,222,1
27578,241,1
27578,259,1
27579,105,2
27580,381,2
27581,127,1
27582,282,1
27583,378,1
27584,387,1
27585,356,2
27586,313,1
27586,178,1
27586,252,1
27587,188,2
27588,331,1
27589,372,1
27589,233,1
27589,335,1
27590,383,1
27591,369,1
27592,349,3
27593,189,1
27594,326,2
27595,280,1
27595,338,1
27596,344,1
27596,193,1
27597,213,1
27597,362,1
27598,220,1
27599,293,1
27599,106,1
27600,268,1
27600,305,1
27601,278,1
27601,282,1
27601,397,1
27602,331,1
27602,400,1
27603,122,3
27604,263,1
27604,244,1
27605,318,2
27606,273,3
27607,331,2
27608,192,1
27608,230,1
27609,299,1
27609,181,1
27609,209,1
27610,220,1
27610,340,1
27610,203,1
27611,356,1
27611,270,1
27611,251,1
27612,151,3
27613,109,1
27614,352,1
27615,226,3
27616,148,1
27616,258,1
27616,324,1
27617,370,1
27618,101,2
27619,252,1
27619,227,1
27620,323,1
27620,184,1
27620,309,1
27621,160,1
27621,160,1
27622,124,2
27623,254,1
27623,276,1
27624,112,1
27625,228,1
27626,302,2
27627,274,1
27628,244,1
27628,167,1
27628,400,1
27629,147,1
27630,309,1
27630,305,1
27631,330,1
27631,182,1
27632,321,1
27633,189,3
27634,143,1
27635,169,1
27635,348,1
27636,200,2
27637,168,1
27637,188,1
27637,253,1
27638,191,2
27639,316,1
27639,372,1
27640,181,2
27641,111,1
27642,152,1
27643,113,1
27643,133,1
27643,235,1
27644,256,1
27645,305,1
27645,358,1
27646,210,1
27647,232,2
27648,355,2
27649,348,1
27650,326,1
27651,185,2
27652,244,1
27653,327,1
27654,169,1
27654,233,1
27654,395,1
27655,188,1
27655,227,1
27655,243,1
27656,202,3
27657,299,3
27658,217,3
27659,318,2
27660,262,2
27661,200,1
27661,277,1
27661,233,1
27662,207,3
27663,380,1
27664,362,2
27665,225,1
27666,260,2
27667,321,1
27668,255,1
27669,237,3
27670,129,2
27671,136,1
27671,184,1
27672,342,1
27672,285,1
27672,202,1
27673,341,3
27674,150,1
27674,330,1
27675,334,1
27676,157,1
27677,229,2
27678,150,3
27679,117,3
27680,279,1
27681,166,1
27681,381,1
27681,332,1
27682,366,1
27683,263,1
27683,334,1
27683,249,1
27684,164,3
27685,205,2
27686,175,3
27687,324,1
27688,229,1
27689,238,1
27690,158,1
27690,388,1
27690,336,1
27691,250,3
27692,126,2
27693,222,3
27694,201,3
27695,282,1
27696,126,1
27696,141,1
27696,346,1
27697,395,1
27697,217,1
27697,176,1
27698,292,3
27699,178,1
27699,121,1
27699,158,1
27700,256,1
27701,303,1
27701,233,1
27701,130,1
27702,197,1
27702,115,1
27703,355,1
27704,343,1
27704,254,1
27704,228,1
27705,130,2
27706,313,1
27706,182,1
27707,120,1
27708,136,1
27708,150,1
27709,274,1
27709,158,1
27710,300,2
27711,320,1
27711,118,1
27712,292,1
27713,106,1
27714,357,3
27715,400,2
27716,250,1
27716,176,1
27717,378,1
27717,375,1
27718,156,1
27719,281,1
27720,102,1
27721,249,1
27722,207,1
27723,381,1
27723,167,1
27724,269,1
27724,162,1
27724,281,1
27725,177,2
27726,354,1
27726,109,1
27726,293,1
27727,363,1
27728,119,1
27729,268,1
27730,322,2
27731,228,1
27732,378,3
27733,154,1
27734,120,1
27734,238,1
27735,282,1
27736,181,3
27737,319,1
27737,269,1
27738,248,1
27738,109,1
27738,313,1
27739,166,1
27740,306,1
27741,280,1
27741,307,1
27742,188,1
27743,334,1
27743,148,1
27743,244,1
27744,150,3
27745,135,1
27746,330,1
27746,153,1
27747,207,1
27748,211,2
27749,234,3
27750,101,2
27751,234,1
27751,187,1
27751,352,1
27752,316,1
27752,211,1
27753,350,3
27754,225,1
27755,238,1
27755,287,1
27756,121,1
27757,334,3
27758,362,1
27758,260,1
27758,181,1
27759,124,1
27759,206,1
27759,139,1
27760,341,2
27761,288,1
27761,299,1
27762,252,3
27763,188,2
27764,356,1
27765,349,1
27765,235,1
27765,334,1
27766,312,1
27766,399,1
27766,225,1
27767,353,3
27768,331,1
27768,340,1
27768,310,1
27769,272,1
27769,387,1
27770,203,1
27771,148,1
27771,385,1
27771,262,1
27772,173,1
27772,143,1
27772,303,1
27773,363,1
27773,355,1
27773,239,1
27774,162,1
27774,243,1
27775,356,1
27776,355,1
27777,153,2
27778,382,1
27779,224,2
27780,125,1
27780,205,1
27781,271,3
27782,195,1
27783,385,1
27784,367,3
27785,192,1
27786,263,1
27786,363,1
27786,276,1
27787,228,3
27788,150,1
27789,261,1
27790,154,1
27790,119,1
27791,140,2
27792,381,1
27792,184,1
27792,273,1
27793,268,1
27794,273,1
27794,152,1
27794,287,1
27795,190,1
27796,263,3
27797,337,1
27798,223,3
27799,296,2
27800,327,1
27800,278,1
27800,279,1
27801,197,2
27802,291,1
27803,321,3
27804,165,3
27805,241,1
27806,264,1
27806,375,1
27806,114,1
27807,361,2
27808,261,1
27809,110,1
27809,243,1
27810,120,2
27811,387,3
27812,297,2
27813,195,3
27814,262,1
27814,331,1
27814,288,1
27815,303,3
27816,307,2
27817,154,1
27817,312,1
27818,186,3
27819,330,3
27820,272,1
27821,326,1
27821,274,1
27822,375,2
27823,391,1
27823,214,1
27823,112,1
27824,263,1
27824,162,1
27825,248,1
27825,152,1
27826,300,1
27826,197,1
27826,317,1
27827,278,1
27827,382,1
27827,208,1
27828,238,1
27828,190,1
27828,379,1
27829,108,3
27830,368,1
27830,344,1
27830,246,1
27831,123,1
27831,223,1
27832,289,1
27833,268,1
27834,360,2
27835,201,1
27836,291,1
27837,249,1
27837,373,1
27837,220,1
27838,293,1
27839,149,1
27839,233,1
27840,393,1
27841,254,3
27842,331,1
27842,271,1
27842,190,1
27843,313,2
27844,208,1
27845,325,1
27845,155,1
27846,139,1
27846,332,1
27846,221,1
27847,128,1
27848,177,3
27849,154,2
27850,326,2
27851,108,3
27852,355,1
27852,274,1
27852,163,1
27853,240,3
27854,197,2
27855,181,1
27856,332,1
27856,253,1
27856,106,1
27857,130,3
27858,268,1
27859,242,1
27860,338,1
27861,274,1
27861,113,1
27862,113,1
27863,289,1
27863,241,1
27864,338,1
27864,314,1
27865,119,2
27866,156,1
27867,185,2
27868,352,1
27868,181,1
27869,271,2
27870,258,2
27871,101,1
27872,388,1
27873,309,1
27874,292,1
27874,273,1
27875,107,1
27875,197,1
27876,386,3
27877,234,1
27877,113,1
27878,242,1
27879,107,1
27880,245,2
27881,319,3
27882,300,1
27882,248,1
27883,313,2
27884,218,2
27885,248,1
27886,114,1
27887,248,1
27888,147,2
27889,367,1
27889,122,1
27889,132,1
27890,255,1
27891,269,1
27892,185,1
27893,301,1
27893,310,1
27894,225,3
27895,270,1
27895,114,1
27895,307,1
27896,231,2
27897,174,1
27897,199,1
27898,175,1
27899,199,1
27899,323,1
27900,111,1
27901,276,3
27902,395,2
27903,260,2
27904,218,2
27905,369,1
27905,224,1
27905,177,1
27906,141,1
27907,113,3
27908,339,2
27909,206,1
27909,288,1
27910,393,1
27911,399,1
27912,141,2
27913,342,1
27913,261,1
27914,189,1
27915,389,1
27915,336,1
27915,103,1
27916,339,1
27916,268,1
27917,203,1
27917,113,1
27917,367,1
27918,122,2
27919,320,3
27920,373,1
27921,121,1
27921,370,1
27922,316,1
27922,323,1
27922,276,1
27923,237,1
27924,267,1
27925,277,1
27926,120,1
27926,325,1
27927,289,3
27928,172,1
27929,105,1
27929,136,1
27930,325,3
27931,178,1
27932,131,2
27933,107,1
27934,337,3
27935,315,1
27936,399,1
27937,311,1
27937,290,1
27938,395,1
27939,400,1
27939,206,1
27939,326,1
27940,124,2
27941,140,1
27942,184,1
27942,366,1
27942,268,1
27943,171,1
27943,165,1
27944,136,1
27945,345,1
27946,369,1
27946,250,1
27947,104,2
27948,384,3
27949,391,1
27949,375,1
27949,253,1
27950,156,1
27950,199,1
27950,137,1
27951,380,1
27952,277,2
27953,245,2
27954,343,2
27955,263,1
27955,149,1
27955,316,1
27956,376,2
27957,363,1
27957,331,1
27957,306,1
27958,329,2
27959,300,3
27960,246,1
27960,115,1
27960,258,1
27961,152,2
27962,255,2
27963,238,1
27964,330,3
27965,292,1
27966,133,1
27966,229,1
27966,256,1
27967,196,1
27968,298,1
27969,340,1
27970,176,1
27971,350,1
27971,224,1
27971,209,1
27972,399,3
27973,293,1
27974,352,1
27975,365,1
27976,355,1
27977,301,1
27977,273,1
27977,185,1
27978,337,1
27979,161,1
27979,253,1
27980,159,1
27980,314,1
27980,249,1
27981,116,1
27982,338,1
27983,171,1
27983,216,1
27984,199,2
27985,151,2
27986,214,3
27987,345,1
27987,336,1
27987,324,1
27988,264,2
27989,327,1
27989,279,1
27989,335,1
27990,387,3
27991,132,1
27991,377,1
27991,231,1
27992,274,3
27993,276,1
27994,355,3
27995,350,3
27996,336,1
27997,152,1
27997,394,1
27998,297,1
27998,224,1
27999,266,1
27999,190,1
27999,364,1
28000,168,1
28001,223,2
28002,196,1
28003,173,1
28003,377,1
28004,285,1
28005,368,2
28006,148,1
28007,357,3
28008,184,1
28009,377,1
28009,311,1
28010,396,1
28010,217,1
28011,234,1
28011,295,1
28012,124,1
28012,394,1
28012,258,1
28013,378,1
28013,290,1
28014,152,1
28015,104,2
28016,313,2
28017,291,1
28017,249,1
28017,134,1
28018,256,1
28018,108,1
28019,353,1
28020,315,1
28021,294,2
28022,148,3
28023,201,1
28024,249,1
28025,177,1
28025,396,1
28025,217,1
28026,291,1
28026,204,1
28026,229,1
28027,336,1
28028,319,2
28029,398,1
28029,344,1
28030,110,1
28030,144,1
28030,338,1
28031,239,1
28031,249,1
28031,383,1
28032,194,3
28033,394,1
28034,380,1
28035,245,1
28036,119,1
28036,160,1
28037,154,3
28038,101,1
28039,341,2
28040,110,1
28041,378,1
28041,352,1
28041,328,1
28042,332,2
28043,168,1
28044,182,1
28045,370,1
28045,330,1
28046,173,1
28047,142,1
28047,131,1
28048,137,3
28049,335,1
28049,129,1
28049,288,1
28050,265,3
28051,278,1
28051,262,1
28051,177,1
28052,345,1
28052,128,1
28052,292,1
28053,227,3
28054,319,1
28055,167,1
28056,362,2
28057,254,2
28058,229,3
28059,263,1
28059,364,1
28060,340,2
28061,221,1
28061,172,1
28062,125,1
28063,324,1
28064,228,1
28065,342,1
28066,335,1
28067,279,3
28068,207,1
28068,127,1
28069,156,1
28070,334,2
28071,353,3
28072,348,3
28073,388,1
28074,119,2
28075,392,1
28076,176,1
28076,184,1
28077,295,1
28078,187,3
28079,359,1
28079,360,1
28080,117,1
28080,304,1
28080,123,1
28081,346,1
28081,231,1
28082,173,1
28082,381,1
28082,109,1
28083,354,1
28083,134,1
28084,386,1
28085,284,1
28085,229,1
28085,126,1
28086,132,3
28087,266,1
28088,339,1
28089,223,2
28090,311,1
28090,188,1
28091,349,2
28092,336,1
28093,239,2
28094,252,1
28094,198,1
28095,186,2
28096,313,1
28096,253,1
28097,314,1
28098,343,1
28099,395,1
28099,171,1
28100,293,1
28100,193,1
28101,148,1
28102,225,3
28103,139,1
28104,209,1
28104,128,1
28104,280,1
28105,348,2
28106,221,2
28107,121,2
28108,109,3
28109,333,3
28110,244,1
28110,134,1
28111,357,1
28112,256,1
28112,158,1
28112,367,1
28113,263,1
28114,282,1
28115,253,1
28116,396,1
28116,189,1
28116,203,1
28117,146,1
28118,305,1
28118,146,1
28118,310,1
28119,346,1
28119,250,1
28119,144,1
28120,109,1
28121,272,1
28121,116,1
28122,107,1
28123,157,2
28124,248,1
28125,114,2
28126,131,1
28127,295,1
28128,199,1
28128,177,1
28128,348,1
28129,275,1
28129,330,1
28129,155,1
28130,152,3
28131,179,1
28131,336,1
28132,210,1
28132,319,1
28133,245,1
28133,168,1
28133,220,1
28134,280,3
28135,313,1
28135,363,1
28135,350,1
28136,186,1
28136,325,1
28137,128,1
28138,145,1
28138,140,1
28139,373,1
28140,307,1
28140,154,1
28141,149,1
28141,303,1
28142,186,1
28143,167,1
28143,325,1
28143,263,1
28144,255,1
28145,109,2
28146,271,1
28147,134,1
28147,102,1
28147,114,1
28148,332,3
28149,191,1
28149,389,1
28149,268,1
28150,275,1
28151,153,1
28152,245,1
28152,280,1
28152,261,1
28153,167,1
28154,151,1
28154,226,1
28155,351,2
28156,219,3
28157,170,2
28158,183,1
28158,250,1
28159,145,1
28159,222,1
28159,261,1
28160,398,2
28161,248,1
28162,362,1
28162,256,1
28162,314,1
28163,149,1
28163,119,1
28164,232,1
28164,382,1
28165,226,3
28166,137,1
28167,178,1
28167,330,1
28167,379,1
28168,110,1
28169,235,1
28169,324,1
28169,332,1
28170,346,3
28171,329,2
28172,334,3
28173,262,1
28174,369,1
28174,334,1
28175,353,3
28176,169,2
28177,254,1
28178,233,1
28178,385,1
28179,264,3
28180,141,1
28180,342,1
28180,354,1
28181,155,1
28182,171,1
28183,379,1
28183,210,1
28183,251,1
28184,400,3
28185,279,1
28186,257,3
28187,291,2
28188,162,3
28189,135,3
28190,114,1
28191,205,1
28191,338,1
28192,387,1
28193,219,1
28194,235,1
28194,382,1
28194,106,1
28195,132,1
28196,165,3
28197,392,1
28197,347,1
28198,345,1
28199,367,1
28199,327,1
28200,164,1
28200,134,1
28201,339,2
28202,371,2
28203,361,1
28204,222,1
28205,220,3
28206,324,1
28206,156,1
28206,147,1
28207,169,1
28207,203,1
28207,334,1
28208,185,1
28209,153,1
28209,378,1
28209,283,1
28210,166,3
28211,179,1
28211,174,1
28211,289,1
28212,298,2
28213,143,3
28214,376,1
28214,293,1
28215,333,2
28216,114,1
28216,181,1
28217,335,2
28218,165,3
28219,179,3
28220,151,2
28221,200,3
28222,111,3
28223,177,1
28224,334,1
28225,294,1
28225,306,1
28226,241,1
28226,369,1
28227,263,1
28227,239,1
28228,179,1
28228,376,1
28228,336,1
28229,103,1
28229,333,1
28230,245,2
28231,200,1
28231,373,1
28232,375,1
28233,275,3
28234,238,2
28235,109,2
28236,305,1
28237,373,3
28238,234,2
28239,232,3
28240,253,3
28241,179,1
28241,363,1
28242,228,1
28242,310,1
28242,204,1
28243,283,3
28244,198,1
28244,372,1
28245,286,1
28245,338,1
28245,297,1
28246,379,2
28247,140,1
28247,377,1
28247,205,1
28248,102,2
28249,341,1
28250,147,2
28251,352,1
28252,120,1
28252,103,1
28252,211,1
28253,399,1
28253,355,1
28254,197,1
28254,182,1
28255,286,1
28256,254,1
28257,312,3
28258,220,1
28258,163,1
28258,298,1
28259,354,1
28260,121,2
28261,322,1
28261,206,1
28261,308,1
28262,293,1
28263,367,1
28264,208,1
28265,273,3
28266,154,1
28267,170,2
28268,204,3
28269,377,1
28269,262,1
28269,147,1
28270,296,1
28271,201,1
28271,367,1
28272,387,1
28273,286,1
28274,145,1
28274,345,1
28274,305,1
28275,169,1
28276,226,1
28276,215,1
28276,176,1
28277,187,1
28278,270,1
28278,175,1
28278,347,1
28279,357,1
28280,265,3
28281,162,1
28282,363,1
28282,304,1
28283,197,1
28284,157,1
28285,164,1
28285,310,1
28285,109,1
28286,332,1
28287,345,2
28288,250,2
28289,359,3
28290,358,2
28291,104,1
28291,281,1
28291,219,1
28292,181,1
28292,257,1
28292,250,1
28293,265,1
28293,269,1
28294,382,1
28294,137,1
28294,208,1
28295,299,1
28296,387,1
28296,316,1
28297,373,1
28298,182,3
28299,102,1
28300,361,1
28301,176,1
28301,207,1
28302,116,1
28303,172,3
28304,160,1
28305,263,2
28306,354,1
28307,163,1
28308,368,1
28309,177,1
28309,256,1
28310,116,3
28311,355,1
28312,216,1
28313,140,2
28314,289,2
28315,397,1
28315,222,1
28316,247,3
28317,101,1
28317,115,1
28318,137,1
28319,329,1
28320,250,1
28321,146,1
28321,180,1
28322,177,2
28323,266,1
28324,355,1
28325,297,1
28326,336,1
28327,352,2
28328,205,1
28328,172,1
28329,213,1
28330,397,1
28330,365,1
28331,280,1
28331,211,1
28331,242,1
28332,160,1
28332,353,1
28333,206,1
28334,396,1
28334,323,1
28335,307,1
28335,373,1
28335,221,1
28336,207,1
28337,323,1
28338,157,2
28339,229,2
28340,149,3
28341,335,1
28342,153,1
28342,106,1
28342,339,1
28343,277,1
28343,172,1
28343,267,1
28344,261,2
28345,119,1
28345,248,1
28345,365,1
28346,223,1
28347,172,1
28348,336,2
28349,267,3
28350,352,2
28351,181,1
28352,197,1
28353,129,2
28354,283,1
28354,220,1
28355,154,3
28356,363,1
28357,311,1
28358,250,1
28359,315,1
28360,378,1
28360,309,1
28361,315,2
28362,307,1
28363,302,2
28364,215,1
28365,284,2
28366,206,1
28367,222,2
28368,399,1
28368,217,1
28369,334,1
28369,171,1
28369,371,1
28370,239,1
28371,270,3
28372,146,1
28372,380,1
28372,363,1
28373,172,1
28374,286,1
28375,368,1
28376,352,1
28377,337,1
28377,351,1
28378,234,2
28379,141,1
28379,140,1
28380,159,1
28380,155,1
28380,301,1
28381,388,1
28382,272,1
28382,115,1
28383,204,3
28384,159,1
28384,140,1
28385,119,1
28386,142,1
28386,312,1
28386,102,1
28387,198,1
28388,225,3
28389,337,1
28389,212,1
28389,181,1
28390,142,1
28390,158,1
28390,174,1
28391,277,1
28391,263,1
28391,275,1
28392,107,1
28392,287,1
28393,162,1
28394,196,1
28395,348,1
28395,216,1
28396,394,1
28396,204,1
28397,132,3
28398,232,3
28399,286,1
28400,254,3
28401,258,1
28401,205,1
28401,301,1
28402,114,2
28403,242,2
28404,123,1
28404,333,1
28404,272,1
28405,214,1
28405,105,1
28405,394,1
28406,206,1
28406,303,1
28407,246,3
28408,243,2
28409,346,1
28410,111,2
28411,398,1
28412,193,2
28413,227,1
28413,225,1
28414,196,1
28414,301,1
28415,239,1
28415,110,1
28415,323,1
28416,352,1
28417,112,1
28417,126,1
28417,153,1
28418,228,1
28419,112,1
28420,391,2
28421,147,1
28422,161,1
28422,101,1
28423,308,1
28423,109,1
28423,193,1
28424,121,2
28425,189,1
28426,232,2
28427,360,3
28428,107,1
28428,137,1
28428,341,1
28429,229,3
28430,195,1
28431,263,1
28431,253,1
28431,290,1
28432,332,1
28433,108,1
28433,287,1
28434,124,1
28435,106,1
28436,350,2
28437,369,1
28437,370,1
28437,282,1
28438,166,2
28439,339,2
28440,231,3
28441,211,1
28441,238,1
28441,218,1
28442,298,1
28442,162,1
28443,217,3
28444,251,1
28445,159,1
28445,332,1
28445,349,1
28446,373,2
28447,238,1
28447,319,1
28448,358,2
28449,350,1
28449,337,1
28450,179,1
28450,146,1
28450,276,1
28451,252,1
28452,232,2
28453,243,1
28454,204,1
28454,249,1
28454,299,1
28455,191,1
28455,188,1
28455,114,1
28456,352,3
28457,232,1
28458,374,1
28459,345,1
28459,141,1
28460,322,1
28460,239,1
28461,218,1
28461,366,1
28461,179,1
28462,208,3
28463,351,1
28464,115,1
28465,292,2
28466,113,1
28466,118,1
28467,117,1
28468,127,1
28469,208,1
28469,193,1
28469,287,1
28470,342,3
28471,311,1
28471,245,1
28471,385,1
28472,182,1
28472,202,1
28472,295,1
28473,397,3
28474,210,3
28475,185,1
28475,332,1
28475,242,1
28476,144,3
28477,102,1
28478,327,3
28479,263,2
28480,352,3
28481,153,1
28482,187,1
28483,240,1
28483,182,1
28483,250,1
28484,325,2
28485,273,1
28486,144,2
28487,139,1
28487,216,1
28488,226,1
28489,385,1
28490,109,1
28490,145,1
28491,177,1
28491,377,1
28492,225,3
28493,234,1
28493,262,1
28493,314,1
28494,307,1
28494,116,1
28494,398,1
28495,143,3
28496,165,1
28497,349,1
28497,129,1
28497,229,1
28498,160,1
28499,236,1
28499,155,1
28499,324,1
28500,188,1
28501,208,3
28502,284,1
28502,204,1
28503,244,3
28504,200,1
28505,293,2
28506,157,1
28506,132,1
28506,176,1
28507,165,2
28508,263,1
28508,379,1
28509,128,1
28509,174,1
28510,319,1
28511,199,1
28512,353,2
28513,110,1
28513,384,1
28513,191,1
28514,142,1
28515,207,1
28516,187,2
28517,230,1
28518,151,1
28518,269,1
28518,383,1
28519,126,1
28519,109,1
28519,363,1
28520,119,3
28521,302,1
28522,201,3
28523,341,1
28524,272,2
28525,388,1
28525,130,1
28525,289,1
28526,179,1
28526,127,1
28527,256,1
28527,187,1
28528,364,1
28529,230,2
28530,134,1
28530,161,1
28530,389,1
28531,270,1
28531,179,1
28531,295,1
28532,386,3
28533,243,1
28533,374,1
28533,124,1
28534,279,1
28535,375,1
28535,149,1
28535,179,1
28536,123,1
28537,328,1
28537,178,1
28538,230,1
28539,187,1
28539,345,1
28540,333,1
28541,242,1
28542,178,1
28542,286,1
28542,378,1
28543,232,3
28544,341,2
28545,202,1
28545,384,1
28546,298,1
28546,311,1
28546,248,1
28547,312,1
28547,246,1
28547,295,1
28548,142,1
28549,382,3
28550,389,3
28551,228,1
28551,400,1
28552,256,1
28552,277,1
28552,280,1
28553,355,3
28554,203,1
28554,135,1
28555,120,1
28556,369,1
28557,323,1
28557,293,1
28557,231,1
28558,141,1
28559,208,2
28560,158,1
28561,255,1
28562,220,2
28563,145,3
28564,310,1
28564,326,1
28564,256,1
28565,271,3
28566,296,2
28567,337,1
28568,303,1
28569,337,1
28569,308,1
28569,286,1
28570,331,1
28571,354,1
28572,149,1
28573,238,2
28574,267,1
28575,196,1
28575,193,1
28576,208,3
28577,358,1
28578,303,3
28579,130,1
28579,344,1
28579,326,1
28580,191,1
28580,393,1
28580,209,1
28581,251,1
28581,341,1
28582,306,1
28582,316,1
28582,252,1
28583,198,1
28584,196,2
28585,291,1
28586,146,1
28587,318,1
28587,329,1
28587,108,1
28588,328,2
28589,186,1
28590,124,2
28591,313,1
28592,230,3
28593,177,3
28594,145,1
28594,205,1
28594,152,1
28595,158,1
28595,176,1
28595,108,1
28596,136,1
28596,226,1
28596,340,1
28597,288,3
28598,179,1
28598,210,1
28599,146,3
28600,226,1
28601,278,1
28602,228,1
28603,211,1
28603,224,1
28603,277,1
28604,178,3
28605,384,1
28606,226,2
28607,359,2
28608,337,1
28608,273,1
28608,395,1
28609,161,1
28610,264,2
28611,148,3
28612,137,3
28613,203,1
28613,368,1
28614,349,2
28615,253,3
28616,173,1
28616,289,1
28616,126,1
28617,384,1
28618,266,1
28619,307,1
28619,110,1
28620,312,1
28621,283,1
28622,195,1
28623,295,2
28624,186,1
28625,241,3
28626,134,1
28626,337,1
28627,242,3
28628,291,1
28628,122,1
28628,147,1
28629,310,2
28630,104,2
28631,392,1
28632,224,2
28633,331,1
28634,144,1
28634,153,1
28634,202,1
28635,243,1
28636,155,1
28637,109,1
28637,264,1
28638,174,1
28639,156,3
28640,213,3
28641,147,1
28642,200,2
28643,103,1
28644,304,3
28645,254,1
28646,208,2
28647,157,3
28648,311,1
28649,121,2
28650,256,1
28650,305,1
28650,223,1
28651,203,3
28652,310,1
28652,148,1
28652,177,1
28653,399,1
28654,246,1
28654,283,1
28654,193,1
28655,324,1
28656,296,2
28657,358,1
28657,253,1
28657,306,1
28658,164,3
28659,225,1
28659,335,1
28660,301,3
28661,179,1
28662,357,2
28663,270,1
28663,334,1
28663,166,1
28664,136,1
28664,137,1
28665,119,1
28666,150,1
28667,279,1
28668,272,3
28669,287,1
28670,171,1
28671,130,1
28672,390,2
28673,112,2
28674,263,1
28674,292,1
28674,215,1
28675,141,1
28676,170,3
28677,176,1
28678,325,1
28679,139,1
28679,312,1
28680,136,1
28680,203,1
28681,283,1
28682,180,1
28683,293,2
28684,318,1
28685,113,1
28685,327,1
28685,339,1
28686,339,3
28687,195,1
28688,359,1
28689,241,1
28690,308,3
28691,203,1
28691,113,1
28692,174,2
28693,377,2
28694,353,2
28695,135,2
28696,348,1
28697,298,3
28698,334,2
28699,114,1
28700,159,1
28701,360,3
28702,122,1
28703,353,1
28704,135,2
28705,283,1
28706,268,1
28707,123,1
28707,111,1
28707,137,1
28708,354,1
28708,173,1
28708,309,1
28709,274,1
28709,101,1
28709,341,1
28710,251,1
28711,341,1
28711,327,1
28712,288,1
28712,329,1
28713,303,1
28714,281,3
28715,240,1
28716,189,1
28716,311,1
28716,368,1
28717,149,1
28717,253,1
28717,351,1
28718,269,1
28718,172,1
28719,235,3
28720,135,1
28721,310,2
28722,234,1
28723,116,1
28723,136,1
28723,346,1
28724,309,1
28725,283,1
28726,330,1
28727,193,1
28728,311,3
28729,113,1
28730,120,1
28731,179,1
28732,259,3
28733,212,3
28734,264,2
28735,326,3
28736,400,1
28737,151,1
28738,395,1
28739,126,1
28739,102,1
28739,338,1
28740,307,1
28740,199,1
28740,269,1
28741,305,3
28742,275,1
28742,182,1
28743,284,1
28744,137,1
28744,203,1
28744,322,1
28745,211,2
28746,274,2
28747,314,1
28747,120,1
28747,336,1
28748,235,3
28749,251,1
28749,341,1
28749,196,1
28750,284,1
28750,271,1
28751,302,2
28752,160,1
28753,238,1
28754,344,1
28755,234,1
28755,313,1
28755,280,1
28756,176,1
28757,187,1
28758,361,3
28759,184,1
28759,370,1
28759,385,1
28760,391,1
28761,197,1
28762,245,1
28762,221,1
28763,343,1
28764,394,2
28765,135,2
28766,136,1
28766,265,1
28766,193,1
28767,198,1
28767,377,1
28768,107,1
28768,139,1
28769,336,3
28770,261,1
28770,281,1
28771,304,1
28771,158,1
28772,367,1
28773,186,1
28773,240,1
28773,391,1
28774,238,1
28775,234,1
28775,234,1
28775,275,1
28776,278,3
28777,128,1
28778,196,3
28779,357,1
28779,193,1
28779,289,1
28780,189,2
28781,175,3
28782,392,1
28782,253,1
28783,386,1
28783,286,1
28783,308,1
28784,316,3
28785,174,1
28785,321,1
28786,128,3
28787,381,1
28788,104,1
28788,342,1
28789,158,1
28789,366,1
28790,387,3
28791,226,1
28792,306,3
28793,157,1
28794,310,1
28794,121,1
28795,214,1
28795,238,1
28796,383,1
28796,266,1
28796,125,1
28797,375,1
28797,153,1
28798,287,2
28799,115,1
28800,128,2
28801,322,1
28801,244,1
28801,223,1
28802,205,3
28803,108,2
28804,336,1
28804,329,1
28804,154,1
28805,293,1
28805,339,1
28806,200,3
28807,118,3
28808,261,1
28809,360,1
28810,293,2
28811,120,1
28812,373,1
28812,195,1
28813,282,1
28813,334,1
28814,190,1
28815,110,3
28816,122,1
28817,251,1
28817,331,1
28817,172,1
28818,246,2
28819,376,3
28820,257,1
28821,262,2
28822,382,2
28823,256,1
28823,164,1
28823,327,1
28824,258,1
28825,381,1
28825,269,1
28826,290,1
28827,179,1
28827,189,1
28827,204,1
28828,266,2
28829,293,2
28830,246,2
28831,119,1
28831,247,1
28831,174,1
28832,252,1
28832,324,1
28833,153,1
28833,356,1
28834,330,1
28834,389,1
28834,162,1
28835,395,1
28835,150,1
28836,165,3
28837,221,1
28837,244,1
28838,368,1
28838,130,1
28839,182,2
28840,179,1
28841,303,1
28842,287,1
28843,257,1
28844,166,1
28844,334,1
28844,365,1
28845,112,3
28846,138,1
28846,327,1
28847,372,1
28848,123,2
28849,130,1
28849,315,1
28850,360,1
28850,137,1
28850,354,1
28851,339,3
28852,139,1
28853,184,1
28853,107,1
28854,172,3
28855,103,1
28856,117,1
28857,367,1
28857,348,1
28857,130,1
28858,226,3
28859,135,2
28860,303,1
28860,127,1
28860,121,1
28861,183,1
28861,241,1
28861,269,1
28862,116,1
28862,170,1
28863,169,1
28864,383,1
28865,186,1
28866,166,1
28867,164,1
28867,231,1
28868,274,2
28869,169,1
28869,226,1
28869,359,1
28870,314,2
28871,365,1
28872,252,3
28873,240,3
28874,206,1
28874,278,1
28875,191,1
28875,243,1
28875,106,1
28876,328,3
28877,399,1
28878,335,1
28879,397,1
28879,123,1
28879,336,1
28880,280,1
28881,379,3
28882,368,1
28883,396,3
28884,318,3
28885,175,1
28885,133,1
28885,182,1
28886,371,1
28886,167,1
28887,156,1
28887,209,1
28887,113,1
28888,187,1
28888,250,1
28888,392,1
28889,195,3
28890,218,1
28891,250,1
28891,103,1
28891,301,1
28892,238,1
28892,156,1
28892,180,1
28893,310,1
28894,178,1
28895,328,1
28896,342,1
28897,151,1
28897,396,1
28897,136,1
28898,154,2
28899,294,2
28900,185,1
28901,191,1
28901,352,1
28902,271,2
28903,165,1
28903,194,1
28903,252,1
28904,180,1
28904,259,1
28905,295,2
28906,350,3
28907,352,1
28908,181,3
28909,248,1
28910,399,2
28911,388,1
28912,256,2
28913,232,1
28913,148,1
28914,191,1
28914,370,1
28914,295,1
28915,179,1
28915,144,1
28916,139,2
28917,163,3
28918,299,1
28918,282,1
28919,381,1
28920,127,1
28921,241,1
28922,370,2
28923,281,1
28924,293,1
28924,295,1
28925,291,1
28926,281,1
28927,180,3
28928,112,3
28929,131,1
28929,202,1
28930,123,1
28930,249,1
28930,144,1
28931,362,1
28932,116,1
28932,208,1
28933,307,1
28933,225,1
28933,186,1
28934,382,1
28935,331,1
28936,144,3
28937,336,3
28938,127,1
28938,360,1
28939,350,3
28940,396,1
28941,125,2
28942,272,1
28942,149,1
28942,186,1
28943,207,1
28944,343,1
28945,389,1
28946,191,1
28947,160,1
28948,347,2
28949,174,1
28950,156,1
28951,351,2
28952,186,3
28953,283,1
28953,395,1
28953,300,1
28954,214,1
28955,264,3
28956,278,1
28956,315,1
28956,375,1
28957,117,1
28958,213,1
28959,239,1
28959,114,1
28960,109,3
28961,255,1
28962,304,1
28963,168,1
28963,146,1
28964,150,1
28965,139,1
28965,299,1
28966,152,1
28966,376,1
28967,378,1
28968,250,1
28969,335,1
28969,289,1
28970,143,1
28970,316,1
28971,384,1
28971,116,1
28971,353,1
28972,175,1
28972,143,1
28972,146,1
28973,115,1
28974,264,2
28975,185,1
28975,266,1
28976,333,3
28977,389,1
28977,156,1
28977,354,1
28978,172,1
28978,208,1
28978,308,1
28979,240,1
28980,234,2
28981,312,1
28982,201,1
28983,287,1
28984,338,1
28984,236,1
28985,251,1
28986,259,1
28986,232,1
28987,200,1
28988,166,2
28989,340,1
28990,304,1
28991,280,1
28992,249,1
28993,326,3
28994,123,1
28994,322,1
28994,272,1
28995,147,1
28995,198,1
28995,124,1
28996,327,1
28997,371,3
28998,340,1
28998,221,1
28999,303,1
28999,255,1
28999,195,1
29000,186,2
29001,239,1
29001,214,1
29002,352,1
29002,383,1
29003,185,1
29004,210,3
29005,245,1
29005,262,1
29006,397,2
29007,187,1
29008,151,1
29009,345,1
29009,381,1
29010,178,1
29010,143,1
29011,333,1
29011,108,1
29011,221,1
29012,218,1
29012,317,1
29013,285,1
29014,207,3
29015,380,2
29016,327,1
29017,351,1
29018,400,1
29019,334,1
29019,397,1
29019,218,1
29020,143,1
29020,239,1
29021,229,1
29021,112,1
29022,282,1
29022,231,1
29022,330,1
29023,353,3
29024,293,1
29024,253,1
29024,359,1
29025,372,3
29026,342,1
29026,367,1
29026,373,1
29027,297,1
29027,362,1
29028,395,1
29028,283,1
29028,162,1
29029,279,1
29030,292,1
29030,337,1
29030,372,1
29031,375,2
29032,350,2
29033,372,1
29034,363,2
29035,295,1
29036,122,3
29037,142,1
29038,358,2
29039,232,2
29040,276,3
29041,282,1
29041,337,1
29042,339,1
29042,283,1
29042,377,1
29043,168,1
29044,212,1
29045,352,1
29045,249,1
29046,396,2
29047,106,1
29047,305,1
29047,112,1
29048,300,1
29048,396,1
29048,182,1
29049,225,3
29050,337,1
29051,232,1
29052,120,2
29053,295,1
29054,284,1
29055,175,1
29055,272,1
29055,299,1
29056,136,2
29057,101,1
29057,103,1
29058,327,2
29059,117,1
29059,128,1
29059,240,1
29060,305,1
29061,164,1
29062,312,1
29063,303,3
29064,196,2
29065,220,3
29066,141,1
29067,350,1
29068,185,1
29068,104,1
29068,245,1
29069,325,1
29069,113,1
29070,243,3
29071,398,2
29072,163,3
29073,279,1
29074,168,1
29075,337,1
29076,120,2
29077,190,1
29077,270,1
29077,189,1
29078,226,2
29079,185,2
29080,157,2
29081,161,1
29081,164,1
29082,340,1
29083,395,1
29083,204,1
29083,294,1
29084,240,2
29085,140,1
29085,297,1
29086,325,1
29086,324,1
29087,173,2
29088,131,3
29089,296,3
29090,338,3
29091,312,2
29092,351,3
29093,181,1
29093,191,1
29093,396,1
29094,324,3
29095,159,3
29096,176,1
29097,173,1
29098,302,1
29098,377,1
29099,314,1
29100,190,2
29101,325,3
29102,173,3
29103,378,1
29103,387,1
29103,397,1
29104,245,1
29104,225,1
29105,304,1
29106,289,1
29107,393,2
29108,238,1
29109,347,1
29109,119,1
29109,179,1
29110,269,1
29110,147,1
29111,316,1
29111,146,1
29111,338,1
29112,214,3
29113,277,1
29114,158,1
29114,144,1
29114,180,1
29115,350,1
29116,225,3
29117,338,3
29118,375,1
29118,187,1
29119,163,1
29120,318,1
29120,130,1
29121,250,2
29122,214,3
29123,148,2
29124,268,1
29124,378,1
29125,257,1
29126,307,1
29127,138,3
29128,280,3
29129,351,1
29130,382,2
29131,316,2
29132,299,1
29132,276,1
29133,307,1
29134,197,3
29135,380,3
29136,386,1
29136,238,1
29136,225,1
29137,344,1
29137,355,1
29137,315,1
29138,298,1
29138,228,1
29138,231,1
29139,307,1
29140,208,1
29140,311,1
29140,259,1
29141,116,3
29142,342,1
29142,376,1
29142,123,1
29143,181,3
29144,267,1
29145,329,1
29145,267,1
29145,370,1
29146,262,2
29147,311,1
29148,197,1
29149,296,3
29150,243,1
29150,241,1
29150,281,1
29151,191,1
29151,347,1
29152,162,3
29153,169,1
29154,256,3
29155,310,1
29156,339,3
29157,298,2
29158,150,1
29158,209,1
29159,312,2
29160,363,1
29161,352,1
29162,152,2
29163,108,2
29164,336,1
29165,287,1
29165,205,1
29166,116,1
29167,379,2
29168,194,1
29168,143,1
29168,214,1
29169,214,1
29169,215,1
29169,211,1
29170,305,2
29171,119,2
29172,377,1
29172,294,1
29173,342,1
29173,278,1
29173,391,1
29174,178,2
29175,349,1
29175,316,1
29175,142,1
29176,321,3
29177,107,1
29177,368,1
29178,186,1
29178,193,1
29178,206,1
29179,127,2
29180,395,1
29181,258,1
29182,246,3
29183,222,1
29184,119,1
29184,338,1
29185,144,1
29186,221,3
29187,288,1
29188,208,1
29189,192,1
29189,124,1
29190,134,1
29190,355,1
29191,367,3
29192,195,1
29192,241,1
29192,250,1
29193,170,2
29194,115,1
29194,336,1
29195,393,1
29196,167,1
29196,306,1
29197,251,2
29198,169,3
29199,275,1
29200,148,2
29201,347,3
29202,226,1
29202,238,1
29202,367,1
29203,293,1
29204,380,1
29204,369,1
29205,155,1
29206,226,3
29207,309,1
29207,229,1
29207,370,1
29208,147,1
29209,224,1
29210,385,3
29211,230,2
29212,310,1
29212,169,1
29212,325,1
29213,249,1
29214,380,2
29215,207,3
29216,214,1
29217,144,1
29217,146,1
29218,159,2
29219,289,2
29220,181,1
29221,299,3
29222,123,3
29223,351,1
29224,149,1
29224,200,1
29224,128,1
29225,155,1
29226,362,2
29227,344,1
29228,238,1
29229,354,1
29229,300,1
29229,223,1
29230,249,1
29231,157,2
29232,118,3
29233,278,1
29233,385,1
29234,294,1
29234,106,1
29234,262,1
29235,345,1
29236,379,1
29237,357,1
29238,233,2
29239,202,1
29239,322,1
29239,396,1
29240,101,1
29241,277,1
29241,282,1
29241,186,1
29242,168,1
29243,155,1
29244,123,2
29245,367,1
29245,116,1
29246,272,3
29247,333,1
29247,131,1
29247,147,1
29248,164,1
29249,140,1
29249,236,1
29250,277,1
29250,361,1
29250,320,1
29251,178,1
29251,216,1
29252,317,1
29253,136,1
29254,228,1
29255,263,1
29255,158,1
29256,260,1
29257,336,2
29258,325,1
29258,349,1
29258,183,1
29259,101,1
29259,109,1
29260,247,3
29261,150,1
29262,157,1
29262,226,1
29263,326,1
29264,138,1
29265,302,1
29265,224,1
29265,262,1
29266,357,2
29267,188,2
29268,388,3
29269,204,1
29269,219,1
29269,101,1
29270,132,1
29271,152,3
29272,386,1
29272,114,1
29273,118,3
29274,215,1
29274,382,1
29274,264,1
29275,370,2
29276,274,3
29277,327,1
29278,273,1
29278,323,1
29278,353,1
29279,395,1
29279,269,1
29279,213,1
29280,179,2
29281,271,1
29282,215,1
29282,296,1
29282,144,1
29283,277,3
29284,141,2
29285,170,1
29285,230,1
29286,172,1
29286,300,1
29286,140,1
29287,350,1
29288,294,1
29289,143,2
29290,238,1
29290,377,1
29291,364,1
29292,387,1
29293,297,3
29294,108,1
29295,114,1
29296,343,1
29296,172,1
29296,178,1
29297,221,1
29297,227,1
29298,274,2
29299,135,1
29300,192,3
29301,362,1
29301,277,1
29302,341,1
29303,193,3
29304,337,3
29305,209,1
29305,308,1
29305,218,1
29306,196,1
29307,247,3
29308,314,1
29308,304,1
29309,248,2
29310,154,1
29311,165,1
29311,134,1
29311,170,1
29312,171,1
29312,324,1
29312,138,1
29313,313,3
29314,255,3
29315,176,2
29316,392,1
29317,120,1
29317,242,1
29318,174,3
29319,122,2
29320,237,2
29321,376,1
29322,400,1
29323,219,3
29324,366,1
29325,196,1
29326,265,1
29327,387,1
29328,177,1
29329,222,2
29330,224,1
29330,269,1
29331,264,1
29331,395,1
29331,312,1
29332,283,1
29332,317,1
29332,142,1
29333,152,1
29333,283,1
29334,292,1
29334,398,1
29335,191,1
29336,199,1
29337,246,2
29338,355,1
29338,355,1
29338,157,1
29339,331,2
29340,231,1
29341,379,1
29342,248,1
29342,226,1
29343,276,1
29343,289,1
29344,251,2
29345,245,1
29346,249,1
29346,272,1
29347,325,1
29347,115,1
29347,180,1
29348,136,1
29348,352,1
29349,261,2
29350,252,1
29350,361,1
29351,147,2
29352,159,1
29352,310,1
29353,320,1
29354,240,1
29354,132,1
29355,291,1
29356,260,1
29357,271,1
29357,293,1
29357,339,1
29358,147,1
29359,379,3
29360,288,1
29360,152,1
29360,176,1
29361,369,1
29361,158,1
29361,270,1
29362,229,1
29363,203,1
29364,374,1
29364,255,1
29364,117,1
29365,128,2
29366,254,1
29367,216,2
29368,170,1
29369,379,1
29370,138,1
29370,142,1
29370,199,1
29371,233,1
29372,280,2
29373,113,1
29373,121,1
29374,226,1
29374,147,1
29374,351,1
29375,253,1
29375,195,1
29375,165,1
29376,310,1
29376,346,1
29376,127,1
29377,260,1
29378,163,3
29379,168,1
29380,260,1
29381,158,1
29382,266,2
29383,252,2
29384,325,1
29385,281,3
29386,229,1
29386,141,1
29386,197,1
29387,288,3
29388,116,3
29389,359,3
29390,362,1
29390,168,1
29391,341,3
29392,227,2
29393,397,1
29393,318,1
29393,129,1
29394,251,1
29394,279,1
29394,286,1
29395,120,1
29395,299,1
29395,345,1
29396,257,1
29397,155,1
29397,341,1
29398,250,3
29399,220,2
29400,292,1
29401,231,1
29401,265,1
29401,141,1
29402,338,1
29403,350,1
29404,397,1
29405,374,1
29406,335,1
29406,306,1
29406,145,1
29407,392,2
29408,145,1
29409,301,2
29410,357,2
29411,348,1
29411,241,1
29412,350,3
29413,164,1
29413,235,1
29414,116,1
29415,301,2
29416,115,3
29417,325,3
29418,273,1
29418,258,1
29419,345,1
29419,399,1
29420,351,1
29420,379,1
29420,172,1
29421,285,1
29421,337,1
29422,345,1
29422,270,1
29422,101,1
29423,121,2
29424,315,1
29425,387,3
29426,304,1
29427,146,1
29427,181,1
29427,129,1
29428,278,2
29429,296,1
29430,334,1
29431,362,3
29432,383,1
29432,341,1
29432,398,1
29433,122,1
29434,316,1
29434,283,1
29435,225,3
29436,350,3
29437,294,3
29438,388,1
29438,217,1
29438,171,1
29439,304,1
29439,117,1
29440,187,1
29440,217,1
29441,243,1
29441,360,1
29442,169,1
29443,127,2
29444,129,1
29444,321,1
29445,266,2
29446,184,2
29447,304,1
29448,294,2
29449,392,3
29450,135,1
29450,184,1
29450,244,1
29451,270,1
29452,292,1
29453,315,1
29453,244,1
29454,301,3
29455,245,1
29456,219,1
29457,288,1
29457,373,1
29457,376,1
29458,122,1
29458,159,1
29459,194,1
29460,259,2
29461,327,1
29462,169,1
29462,316,1
29462,341,1
29463,266,3
29464,178,2
29465,277,1
29466,182,1
29467,203,1
29467,232,1
29468,381,1
29469,141,1
29470,102,1
29470,310,1
29471,150,1
29471,282,1
29472,124,3
29473,299,1
29473,173,1
29473,228,1
29474,336,3
29475,186,2
29476,209,3
29477,333,1
29478,157,1
29478,238,1
29478,259,1
29479,335,1
29479,250,1
29480,229,1
29480,245,1
29481,201,1
29481,182,1
29481,173,1
29482,139,2
29483,111,1
29484,341,2
29485,296,3
29486,228,2
29487,166,2
29488,253,3
29489,191,1
29490,102,1
29491,217,1
29491,221,1
29491,275,1
29492,173,1
29493,124,1
29493,207,1
29493,285,1
29494,336,3
29495,256,1
29496,391,2
29497,219,1
29497,324,1
29497,263,1
29498,350,1
29498,131,1
29498,118,1
29499,267,2
29500,142,1
29501,225,1
29502,148,1
29503,303,1
29504,287,1
29505,379,1
29505,265,1
29506,228,1
29507,332,1
29508,314,3
29509,340,1
29510,113,1
29511,202,2
29512,317,1
29513,322,2
29514,231,3
29515,395,3
29516,266,1
29516,162,1
29517,123,1
29517,189,1
29518,331,3
29519,244,1
29519,115,1
29519,227,1
29520,322,1
29520,312,1
29521,267,1
29521,224,1
29522,199,1
29523,261,2
29524,252,3
29525,375,1
29525,346,1
29525,370,1
29526,261,1
29526,271,1
29527,307,1
29527,166,1
29527,307,1
29528,175,1
29528,192,1
29529,386,1
29530,123,1
29531,158,1
29532,393,1
29533,361,1
29533,146,1
29533,338,1
29534,113,1
29534,121,1
29535,348,3
29536,152,1
29537,111,1
29537,344,1
29537,326,1
29538,330,3
29539,329,1
29539,270,1
29539,217,1
29540,316,3
29541,399,3
29542,268,1
29543,160,1
29544,343,3
29545,363,1
29545,123,1
29546,398,2
29547,357,2
29548,265,1
29549,232,2
29550,192,3
29551,128,1
29551,392,1
29552,345,1
29553,273,1
29554,180,1
29554,146,1
29554,160,1
29555,196,1
29555,179,1
29556,255,1
29556,149,1
29557,131,2
29558,112,1
29558,343,1
29559,383,2
29560,241,1
29561,152,2
29562,109,1
29563,222,1
29563,283,1
29564,292,1
29565,359,1
29565,143,1
29566,394,2
29567,366,1
29568,259,1
29569,380,3
29570,362,1
29570,219,1
29571,333,1
29572,272,1
29572,369,1
29573,330,1
29574,339,1
29574,251,1
29574,238,1
29575,149,3
29576,230,3
29577,173,1
29577,137,1
29578,280,1
29579,295,2
29580,196,1
29580,361,1
29580,190,1
29581,385,1
29582,325,1
29583,132,1
29583,264,1
29583,283,1
29584,398,2
29585,395,1
29586,350,2
29587,318,1
29587,326,1
29588,176,1
29589,239,1
29589,173,1
29589,240,1
29590,110,3
29591,221,1
29591,264,1
29591,280,1
29592,350,1
29593,288,1
29594,180,2
29595,124,1
29596,297,1
29596,349,1
29596,220,1
29597,247,2
29598,209,1
29598,181,1
29599,184,1
29600,264,1
29601,185,2
29602,367,2
29603,223,1
29603,265,1
29603,159,1
29604,265,2
29605,175,1
29606,360,1
29607,283,2
29608,326,1
29609,333,1
29609,119,1
29609,320,1
29610,207,1
29610,351,1
29611,245,1
29611,240,1
29611,154,1
29612,271,2
29613,112,3
29614,321,1
29615,232,1
29615,126,1
29615,173,1
29616,265,1
29617,344,1
29617,240,1
29617,114,1
29618,327,1
29619,314,1
29620,350,1
29620,284,1
29621,319,1
29621,198,1
29621,304,1
29622,280,1
29623,396,1
29623,252,1
29623,132,1
29624,347,1
29625,223,1
29626,214,1
29627,347,3
29628,347,3
29629,393,1
29629,339,1
29630,388,1
29631,103,2
29632,283,1
29633,282,3
29634,312,1
29634,123,1
29635,104,1
29635,328,1
29635,387,1
29636,350,1
29636,257,1
29637,153,1
29638,161,3
29639,390,1
29639,322,1
29639,262,1
29640,290,2
29641,275,1
29642,192,1
29643,245,1
29643,199,1
29643,273,1
29644,376,1
29645,162,1
29645,239,1
29645,380,1
29646,159,1
29647,381,2
29648,279,3
29649,142,2
29650,361,2
29651,339,1
29651,357,1
29651,118,1
29652,374,1
29652,358,1
29653,271,3
29654,165,1
29655,266,3
29656,275,1
29657,306,1
29658,355,2
29659,285,1
29659,101,1
29659,283,1
29660,177,1
29661,372,1
29661,230,1
29662,352,3
29663,391,1
29663,147,1
29663,288,1
29664,382,3
29665,116,3
29666,395,1
29666,254,1
29666,390,1
29667,387,2
29668,135,2
29669,159,3
29670,172,1
29671,129,2
29672,241,1
29673,383,1
29673,186,1
29673,366,1
29674,157,1
29675,388,1
29675,163,1
29676,156,1
29677,393,1
29678,369,2
29679,187,1
29680,340,1
29681,107,2
29682,359,1
29683,316,2
29684,306,2
29685,362,2
29686,189,3
29687,316,1
29687,352,1
29687,397,1
29688,188,2
29689,311,1
29689,350,1
29689,120,1
29690,362,1
29691,306,1
29692,326,3
29693,218,1
29694,349,1
29695,353,3
29696,357,1
29697,335,1
29697,301,1
29698,263,1
29699,347,1
29699,383,1
29699,154,1
29700,357,1
29700,247,1
29701,132,1
29701,300,1
29701,335,1
29702,241,1
29702,173,1
29702,349,1
29703,350,2
29704,304,1
29704,329,1
29705,110,1
29705,344,1
29705,188,1
29706,267,1
29707,386,1
29708,158,1
29708,259,1
29709,259,1
29709,315,1
29710,291,3
29711,391,2
29712,264,1
29713,236,1
29714,302,1
29715,252,1
29716,279,2
29717,206,2
29718,365,1
29718,336,1
29719,320,1
29719,335,1
29719,378,1
29720,107,1
29720,128,1
29721,106,2
29722,144,1
29723,228,1
29724,284,1
29724,395,1
29724,182,1
29725,268,3
29726,101,1
29727,261,1
29727,300,1
29727,107,1
29728,224,1
29728,324,1
29729,260,2
29730,104,3
29731,220,1
29731,116,1
29731,380,1
29732,260,1
29732,224,1
29732,280,1
29733,364,1
29734,373,1
29734,360,1
29734,203,1
29735,320,1
29735,166,1
29736,108,1
29736,213,1
29737,355,1
29738,331,1
29739,318,2
29740,287,1
29740,126,1
29740,173,1
29741,352,1
29742,225,1
29742,222,1
29742,209,1
29743,317,3
29744,368,2
29745,253,1
29745,138,1
29746,328,1
29746,145,1
29747,322,3
29748,250,1
29748,182,1
29748,336,1
29749,229,1
29750,374,1
29751,255,1
29751,176,1
29752,193,2
29753,153,1
29754,200,1
29755,184,3
29756,326,1
29756,158,1
29756,116,1
29757,239,1
29757,306,1
29758,294,3
29759,140,2
29760,394,2
29761,181,1
29762,387,1
29762,310,1
29763,321,1
29763,109,1
29764,238,2
29765,349,1
29766,340,1
29766,308,1
29767,216,3
29768,367,1
29768,153,1
29768,200,1
29769,339,2
29770,188,1
29770,320,1
29770,109,1
29771,396,2
29772,381,1
29772,356,1
29772,400,1
29773,280,2
29774,397,2
29775,221,3
29776,374,1
29776,326,1
29777,249,1
29777,322,1
29777,199,1
29778,294,3
29779,243,1
29779,240,1
29779,387,1
29780,306,1
29780,290,1
29780,153,1
29781,300,1
29782,349,3
29783,332,2
29784,384,2
29785,253,1
29785,303,1
29786,233,1
29787,225,2
29788,213,1
29788,283,1
29788,275,1
29789,291,1
29790,363,1
29791,331,2
29792,231,2
29793,149,1
29793,277,1
29793,188,1
29794,185,1
29794,393,1
29794,388,1
29795,297,1
29796,345,1
29796,261,1
29797,172,3
29798,191,2
29799,224,1
29800,217,1
29801,288,1
29801,323,1
29801,298,1
29802,113,1
29802,341,1
29803,151,1
29804,229,3
29805,373,2
29806,179,1
29807,163,1
29808,134,1
29809,321,1
29809,382,1
29810,182,1
29810,219,1
29810,105,1
29811,336,1
29812,338,2
29813,348,1
29813,185,1
29814,249,3
29815,269,1
29815,288,1
29816,386,1
29817,300,1
29818,135,1
29818,257,1
29818,376,1
29819,373,1
29819,235,1
29819,159,1
29820,183,1
29820,168,1
29820,267,1
29821,381,1
29822,350,1
29823,390,3
29824,223,3
29825,322,2
29826,130,3
29827,361,2
29828,290,2
29829,237,1
29829,190,1
29829,174,1
29830,394,1
29830,357,1
29831,245,1
29832,358,1
29832,182,1
29832,215,1
29833,185,1
29834,287,2
29835,194,1
29835,253,1
29836,201,2
29837,365,2
29838,348,1
29838,192,1
29838,148,1
29839,139,1
29840,128,1
29840,370,1
29841,271,1
29842,251,3
29843,114,1
29843,273,1
29844,203,1
29845,124,3
29846,239,1
29846,286,1
29846,369,1
29847,184,3
29848,132,2
29849,162,1
29850,274,2
29851,337,3
29852,303,1
29853,365,1
29853,397,1
29853,221,1
29854,186,1
29855,223,1
29856,224,3
29857,282,1
29857,179,1
29858,190,1
29858,243,1
29858,121,1
29859,151,1
29859,181,1
29860,224,3
29861,311,3
29862,131,1
29862,178,1
29863,107,1
29864,385,3
29865,397,1
29866,236,1
29866,349,1
29866,237,1
29867,204,1
29867,367,1
29867,300,1
29868,227,1
29869,135,3
29870,357,1
29871,217,3
29872,310,1
29872,141,1
29872,356,1
29873,384,1
29873,340,1
29874,262,1
29874,152,1
29875,139,2
29876,148,2
29877,248,1
29877,187,1
29877,191,1
29878,171,1
29878,103,1
29879,338,1
29880,345,1
29880,344,1
29881,280,1
29882,140,1
29882,190,1
29882,230,1
29883,290,1
29884,318,1
29884,137,1
29884,378,1
29885,198,1
29886,288,2
29887,382,1
29887,231,1
29888,351,3
29889,126,2
29890,369,1
29890,221,1
29890,169,1
29891,259,1
29892,180,1
29892,367,1
29893,145,1
29894,322,2
29895,367,1
29896,104,1
29897,102,1
29897,281,1
29898,154,1
29899,232,1
29899,340,1
29899,333,1
29900,193,1
29901,388,1
29902,211,1
29902,112,1
29903,260,1
29903,227,1
29904,142,2
29905,181,1
29905,240,1
29906,246,1
29906,391,1
29906,361,1
29907,190,3
29908,331,1
29908,396,1
29909,362,3
29910,232,1
29911,345,1
29911,204,1
29911,208,1
29912,129,1
29913,148,1
29913,218,1
29914,160,3
29915,281,1
29915,376,1
29916,347,1
29916,317,1
29917,316,3
29918,282,1
29918,338,1
29919,367,3
29920,176,1
29921,117,1
29921,235,1
29921,302,1
29922,390,2
29923,162,3
29924,212,2
29925,214,2
29926,363,3
29927,134,3
29928,314,1
29929,373,3
29930,393,1
29930,245,1
29931,144,1
29931,145,1
29932,176,1
29933,185,1
29933,354,1
29933,367,1
29934,369,1
29935,331,2
29936,320,1
29937,167,3
29938,245,1
29938,225,1
29939,358,2
29940,304,1
29940,164,1
29940,133,1
29941,175,3
29942,216,1
29943,305,1
29943,294,1
29944,132,1
29944,284,1
29945,253,1
29945,287,1
29945,130,1
29946,328,1
29946,186,1
29946,330,1
29947,134,1
29948,342,1
29948,333,1
29949,399,1
29950,201,1
29951,230,1
29952,119,3
29953,379,3
29954,344,3
29955,300,1
29956,395,1
29957,110,1
29958,151,1
29959,167,2
29960,146,1
29960,205,1
29960,224,1
29961,101,3
29962,105,1
29963,358,1
29963,358,1
29963,192,1
29964,357,3
29965,294,1
29965,135,1
29965,365,1
29966,294,1
29966,295,1
29967,139,2
29968,125,1
29968,267,1
29968,169,1
29969,142,1
29969,400,1
29969,351,1
29970,361,3
29971,277,1
29971,357,1
29972,178,1
29972,325,1
29972,291,1
29973,363,1
29974,135,2
29975,385,1
29975,259,1
29976,181,3
29977,246,1
29977,326,1
29977,250,1
29978,228,1
29979,315,2
29980,270,1
29981,266,3
29982,381,1
29983,370,3
29984,332,3
29985,399,1
29986,171,2
29987,113,1
29987,347,1
29987,393,1
29988,351,1
29988,154,1
29989,235,1
29990,326,1
29991,288,2
29992,210,1
29992,108,1
29992,346,1
29993,105,3
29994,219,2
29995,269,1
29996,275,3
29997,371,1
29998,221,1
29999,123,1
30000,343,1
30000,272,1
30000,300,1
30001,134,1
30001,163,1
30002,390,3
30003,240,3
30004,245,3
30005,187,2
30006,311,1
30007,357,2
30008,109,2
30009,108,1
30009,185,1
30010,237,2
30011,321,1
30012,178,2
30013,146,3
30014,322,1
30014,155,1
30015,281,2
30016,183,1
30016,263,1
30017,348,1
30017,165,1
30018,101,1
30019,277,1
30019,120,1
30019,311,1
30020,289,1
30021,369,1
30021,265,1
30022,176,1
30023,237,1
30024,307,1
30024,332,1
30024,260,1
30025,226,3
30026,372,1
30027,358,1
30028,309,1
30028,110,1
30028,225,1
30029,137,2
30030,371,2
30031,327,2
30032,101,1
30033,193,1
30033,384,1
30033,246,1
30034,283,1
30035,252,1
30035,206,1
30036,191,3
30037,297,1
30038,295,1
30039,291,1
30040,341,1
30041,178,1
30042,321,1
30043,279,1
30044,283,3
30045,131,1
30045,336,1
30045,128,1
30046,136,1
30046,356,1
30046,357,1
30047,154,2
30048,365,1
30048,313,1
30048,323,1
30049,360,1
30050,346,1
30051,261,1
30052,301,1
30053,368,3
30054,268,3
30055,111,2
30056,159,1
30057,107,1
30057,131,1
30057,114,1
30058,240,1
30059,314,2
30060,294,1
30060,328,1
30060,204,1
30061,210,1
30061,191,1
30061,252,1
30062,332,2
30063,168,2
30064,308,1
30064,289,1
30064,143,1
30065,203,1
30066,101,1
30067,345,2
30068,124,1
30069,159,1
30070,168,3
30071,105,3
30072,166,1
30072,155,1
30072,280,1
30073,231,1
30073,121,1
30074,325,1
30075,390,2
30076,294,2
30077,141,1
30078,184,1
30078,375,1
30078,108,1
30079,246,1
30079,279,1
30079,201,1
30080,369,1
30080,294,1
30081,196,3
30082,217,3
30083,168,1
30084,298,3
30085,102,3
30086,122,1
30086,287,1
30087,223,2
30088,223,1
30088,396,1
30089,158,1
30089,395,1
30089,263,1
30090,214,1
30091,305,2
30092,112,2
30093,293,1
30094,321,3
30095,108,1
30096,293,1
30096,220,1
30097,183,1
30097,226,1
30097,190,1
30098,116,1
30098,350,1
30098,371,1
30099,304,1
30099,321,1
30100,330,1
30100,345,1
30100,157,1
30101,243,1
30101,334,1
30101,305,1
30102,159,1
30103,103,1
30103,273,1
30103,178,1
30104,326,3
30105,204,1
30105,145,1
30106,144,3
30107,336,1
30107,222,1
30108,108,1
30108,254,1
30109,207,1
30110,327,1
30111,237,3
30112,331,1
30112,190,1
30113,223,1
30114,230,1
30115,111,1
30116,349,3
30117,168,2
30118,399,2
30119,352,1
30120,390,1
30120,387,1
30120,140,1
30121,398,2
30122,134,1
30123,375,1
30123,326,1
30123,166,1
30124,208,1
30125,262,1
30126,307,3
30127,120,3
30128,290,1
30129,329,2
30130,228,1
30131,267,2
30132,387,1
30132,285,1
30132,248,1
30133,321,1
30134,169,3
30135,185,1
30136,292,1
30136,215,1
30136,129,1
30137,260,3
30138,138,1
30139,268,2
30140,372,1
30140,387,1
30140,118,1
30141,238,2
30142,119,1
30142,178,1
30143,213,1
30143,190,1
30143,149,1
30144,311,3
30145,220,1
30145,400,1
30146,352,2
30147,186,2
30148,384,1
30149,313,1
30150,120,1
30150,337,1
30151,281,2
30152,323,1
30152,260,1
30152,285,1
30153,262,2
30154,237,1
30155,291,1
30155,199,1
30155,225,1
30156,158,2
30157,356,2
30158,332,2
30159,289,1
30159,101,1
30160,382,1
30160,206,1
30160,180,1
30161,345,3
30162,349,3
30163,393,1
30163,274,1
30163,208,1
30164,288,3
30165,229,1
30165,137,1
30165,294,1
30166,343,1
30167,268,2
30168,365,3
30169,274,3
30170,182,1
30170,117,1
30170,363,1
30171,366,1
30171,322,1
30171,185,1
30172,105,1
30172,307,1
30172,388,1
30173,218,1
30174,328,2
30175,397,2
30176,358,2
30177,282,1
30178,220,3
30179,330,1
30179,119,1
30179,154,1
30180,329,3
30181,138,2
30182,255,3
30183,303,1
30184,212,1
30184,107,1
30185,159,1
30186,169,2
30187,129,1
30187,290,1
30188,189,1
30189,311,1
30189,309,1
30190,306,1
30190,109,1
30191,171,2
30192,159,2
30193,199,3
30194,208,2
30195,384,1
30196,366,1
30196,275,1
30197,219,2
30198,243,1
30199,383,2
30200,231,1
30201,114,3
30202,297,1
30202,104,1
30203,381,1
30204,199,1
30205,169,3
30206,268,1
30206,298,1
30207,395,1
30208,225,1
30209,339,1
30210,382,1
30211,308,3
30212,291,3
30213,365,1
30214,363,1
30214,358,1
30214,114,1
30215,180,1
30215,175,1
30216,338,1
30216,108,1
30216,105,1
30217,188,1
30218,190,1
30218,367,1
30219,301,1
30220,321,1
30221,259,2
30222,345,1
30223,125,1
30223,183,1
30223,262,1
30224,104,1
30224,253,1
30224,171,1
30225,179,3
30226,322,1
30227,226,1
30227,348,1
30228,362,1
30228,349,1
30228,192,1
30229,386,1
30230,130,3
30231,207,1
30232,350,1
30233,192,1
30233,161,1
30233,120,1
30234,342,2
30235,259,1
30235,179,1
30235,384,1
30236,342,1
30237,204,1
30237,135,1
30237,212,1
30238,163,1
30239,354,1
30240,229,1
30240,153,1
30240,377,1
30241,180,1
30242,359,1
30243,357,1
30243,305,1
30243,388,1
30244,387,1
30245,351,1
30245,173,1
30246,306,2
30247,159,1
30248,335,1
30248,291,1
30249,322,1
30249,296,1
30250,102,1
30251,233,1
30252,313,1
30253,191,1
30253,254,1
30254,183,1
30254,324,1
30254,197,1
30255,359,1
30256,104,1
30257,200,1
30257,334,1
30258,121,1
30258,307,1
30258,258,1
30259,109,1
30259,317,1
30259,309,1
30260,327,3
30261,171,1
30261,189,1
30261,384,1
30262,337,3
30263,366,2
30264,112,3
30265,232,3
30266,294,1
30267,331,3
30268,379,1
30268,320,1
30269,252,3
30270,247,2
30271,379,1
30271,206,1
30272,359,1
30272,141,1
30273,138,1
30274,175,1
30274,316,1
30274,108,1
30275,109,1
30275,306,1
30275,182,1
30276,277,2
30277,130,1
30278,255,3
30279,373,3
30280,191,2
30281,207,3
30282,306,3
30283,164,2
30284,134,1
30285,247,1
30286,386,3
30287,191,1
30288,316,1
30289,303,1
30289,198,1
30289,206,1
30290,339,3
30291,355,3
30292,249,3
30293,283,2
30294,354,1
30295,194,1
30295,212,1
30296,277,1
30296,176,1
30297,285,1
30298,193,2
30299,113,1
30300,274,3
30301,314,1
30301,318,1
30302,173,3
30303,304,1
30304,340,2
30305,359,1
30305,205,1
30305,139,1
30306,184,3
30307,154,3
30308,172,1
30308,255,1
30308,168,1
30309,221,1
30309,295,1
30310,170,3
30311,284,2
30312,277,2
30313,368,1
30313,230,1
30313,159,1
30314,118,1
30315,110,3
30316,326,1
30316,188,1
30317,247,1
30317,385,1
30317,368,1
30318,137,1
30319,125,1
30320,128,1
30321,295,1
30322,344,1
30322,359,1
30322,121,1
30323,114,1
30323,167,1
30323,323,1
30324,348,1
30324,390,1
30325,131,1
30326,163,1
30326,370,1
30327,345,1
30328,384,1
30328,328,1
30328,328,1
30329,178,3
30330,252,1
30331,191,1
30331,201,1
30331,248,1
30332,248,1
30333,280,1
30334,222,1
30335,357,1
30335,300,1
30336,142,1
30337,385,3
30338,233,2
30339,347,1
30339,332,1
30340,387,1
30340,173,1
30341,175,3
30342,153,2
30343,337,1
30344,305,1
30344,330,1
30344,240,1
30345,398,1
30345,333,1
30346,156,1
30347,280,1
30347,176,1
30347,232,1
30348,171,3
30349,386,1
30350,218,3
30351,379,1
30351,178,1
30352,374,1
30353,390,1
30354,298,2
30355,302,1
30356,365,1
30357,143,1
30357,370,1
30358,241,1
30358,132,1
30358,281,1
30359,250,2
30360,303,1
30361,160,1
30361,253,1
30362,363,1
30362,306,1
30363,355,1
30364,287,1
30365,178,3
30366,187,1
30367,323,1
30367,377,1
30368,237,3
30369,392,1
30369,177,1
30369,162,1
30370,386,1
30371,346,1
30371,241,1
30372,262,1
30373,394,2
30374,172,1
30374,114,1
30374,112,1
30375,282,1
30376,360,1
30377,254,1
30378,374,3
30379,200,1
30380,376,3
30381,257,2
30382,394,3
30383,201,1
30384,318,1
30385,392,3
30386,238,1
30386,201,1
30386,381,1
30387,166,1
30388,223,2
30389,358,3
30390,264,2
30391,208,1
30391,276,1
30391,200,1
30392,164,2
30393,180,1
30393,342,1
30394,296,1
30395,148,1
30396,311,3
30397,278,1
30397,169,1
30398,131,2
30399,220,1
30399,128,1
30400,365,1
30400,312,1
30401,111,1
30401,106,1
30402,122,1
30402,194,1
30402,253,1
30403,146,1
30403,199,1
30404,397,1
30404,228,1
30405,117,2
30406,363,1
30406,255,1
30407,211,2
30408,196,1
30408,249,1
30408,159,1
30409,262,1
30410,133,3
30411,186,1
30411,215,1
30411,169,1
30412,304,3
30413,333,1
30413,126,1
30413,209,1
30414,140,1
30415,262,2
30416,311,1
30416,303,1
30416,238,1
30417,131,2
30418,334,1
30418,196,1
30418,367,1
30419,265,1
30420,230,1
30421,284,1
30421,367,1
30421,158,1
30422,133,3
30423,363,1
30423,353,1
30424,236,2
30425,268,1
30426,108,1
30426,309,1
30427,161,1
30428,250,1
30429,344,1
30430,134,2
30431,308,1
30431,144,1
30432,166,2
30433,259,1
30433,253,1
30433,269,1
30434,210,1
30434,264,1
30435,149,1
30436,239,1
30436,324,1
30437,106,3
30438,274,1
30438,335,1
30439,191,3
30440,126,2
30441,351,3
30442,205,3
30443,283,1
30444,212,1
30444,143,1
30444,370,1
30445,344,1
30445,337,1
30446,389,1
30446,250,1
30447,358,2
30448,235,1
30449,173,1
30450,214,2
30451,357,1
30451,230,1
30451,168,1
30452,281,1
30453,251,1
30454,393,1
30454,197,1
30455,309,1
30456,385,1
30456,291,1
30457,384,1
30458,321,1
30458,203,1
30458,301,1
30459,342,1
30459,174,1
30460,257,1
30461,224,3
30462,284,3
30463,116,2
30464,390,1
30464,227,1
30464,160,1
30465,360,1
30465,102,1
30466,346,1
30467,260,1
30468,315,1
30468,292,1
30468,298,1
30469,367,1
30470,281,1
30470,399,1
30470,256,1
30471,359,1
30472,141,1
30473,200,3
30474,351,1
30475,174,1
30475,161,1
30476,369,2
30477,195,3
30478,261,3
30479,141,3
30480,162,3
30481,256,1
30481,362,1
30481,299,1
30482,215,1
30483,114,3
30484,369,1
30485,337,1
30485,253,1
30485,359,1
30486,353,1
30486,156,1
30486,384,1
30487,228,3
30488,161,1
30488,263,1
30488,240,1
30489,249,1
30490,341,1
30490,128,1
30490,393,1
30491,177,1
30491,265,1
30492,327,1
30492,268,1
30493,262,1
30494,252,3
30495,236,1
30495,314,1
30495,110,1
30496,181,3
30497,265,1
30498,255,2
30499,136,1
30499,141,1
30500,339,1
30500,210,1
30501,358,3
30502,206,1
30502,239,1
30502,325,1
30503,113,1
30503,381,1
30503,223,1
30504,143,1
30504,312,1
30505,352,2
30506,310,1
30507,265,1
30508,385,1
30508,219,1
30509,264,1
30509,310,1
30510,225,1
30510,310,1
30510,325,1
30511,222,1
30511,253,1
30511,393,1
30512,103,1
30513,342,2
30514,121,2
30515,175,2
30516,184,1
30517,388,1
30518,331,1
30518,174,1
30519,338,1
30519,189,1
30519,393,1
30520,312,1
30521,382,1
30522,155,3
30523,281,1
30524,356,1
30525,196,1
30525,208,1
30525,104,1
30526,287,1
30526,215,1
30526,135,1
30527,340,3
30528,118,1
30529,144,1
30529,108,1
30530,268,1
30530,307,1
30530,112,1
30531,279,3
30532,190,3
30533,153,2
30534,226,1
30535,217,1
30535,166,1
30536,188,1
30536,103,1
30536,299,1
30537,275,1
30538,366,3
30539,210,1
30540,195,3
30541,339,2
30542,168,2
30543,205,1
30543,146,1
30543,382,1
30544,250,3
30545,156,1
30545,183,1
30545,323,1
30546,215,1
30546,186,1
30546,122,1
30547,325,1
30548,253,2
30549,305,1
30549,185,1
30549,107,1
30550,369,3
30551,187,1
30552,133,1
30553,352,1
30554,102,1
30555,155,2
30556,231,2
30557,216,3
30558,112,1
30558,236,1
30558,348,1
30559,230,2
30560,344,1
30561,339,1
30561,220,1
30561,291,1
30562,158,1
30562,352,1
30563,297,2
30564,160,1
30564,358,1
30565,126,1
30565,200,1
30565,166,1
30566,256,1
30567,201,2
30568,380,2
30569,119,1
30570,330,1
30570,209,1
30570,261,1
30571,346,1
30571,182,1
30571,231,1
30572,226,2
30573,170,1
30573,298,1
30574,217,1
30574,323,1
30575,146,1
30575,381,1
30575,353,1
30576,393,3
30577,291,1
30577,212,1
30578,321,2
30579,372,1
30579,292,1
30579,175,1
30580,267,1
30580,184,1
30581,129,1
30581,164,1
30581,264,1
30582,296,1
30582,159,1
30582,262,1
30583,316,2
30584,370,1
30584,196,1
30584,228,1
30585,311,2
30586,140,3
30587,184,1
30588,144,2
30589,301,1
30589,280,1
30590,390,3
30591,149,3
30592,337,1
30592,152,1
30592,333,1
30593,125,1
30594,396,3
30595,378,1
30595,213,1
30595,147,1
30596,170,3
30597,205,1
30598,328,3
30599,256,1
30599,252,1
30599,182,1
30600,124,1
30600,164,1
30600,361,1
30601,387,1
30602,285,2
30603,171,1
30604,160,1
30604,387,1
30605,386,1
30606,239,1
30607,120,1
30608,395,1
30609,109,2
30610,303,1
30611,154,1
30612,173,1
30612,200,1
30612,302,1
30613,146,1
30613,396,1
30613,368,1
30614,380,1
30614,194,1
30614,373,1
30615,339,2
30616,191,1
30616,381,1
30617,119,3
30618,373,1
30618,364,1
30619,262,1
30620,312,1
30621,182,3
30622,340,1
30623,104,3
30624,230,1
30625,193,1
30625,173,1
30625,291,1
30626,266,2
30627,299,1
30628,253,3
30629,353,3
30630,155,1
30631,287,1
30632,197,1
30632,340,1
30632,344,1
30633,320,1
30634,292,1
30634,294,1
30634,321,1
30635,256,3
30636,392,3
30637,363,2
30638,361,1
30638,237,1
30639,186,2
30640,222,1
30640,217,1
30641,367,1
30641,116,1
30641,320,1
30642,230,1
30642,251,1
30642,166,1
30643,340,1
30644,157,1
30645,110,3
30646,220,1
30646,384,1
30646,185,1
30647,374,1
30648,153,1
30649,215,1
30649,327,1
30650,207,1
30650,243,1
30651,388,3
30652,284,1
30653,270,1
30654,200,1
30655,136,1
30656,177,1
30657,130,3
30658,285,1
30659,210,1
30660,179,1
30660,141,1
30660,272,1
30661,305,1
30661,343,1
30661,154,1
30662,245,2
30663,138,1
30664,269,1
30665,273,2
30666,292,1
30667,238,2
30668,377,1
30669,117,2
30670,276,1
30671,191,1
30672,245,3
30673,169,2
30674,273,1
30674,349,1
30674,158,1
30675,130,1
30676,133,1
30677,163,1
30677,232,1
30678,157,2
30679,144,2
30680,179,1
30680,184,1
30681,237,1
30682,119,1
30682,158,1
30683,213,1
30684,220,1
30684,219,1
30685,330,1
30685,307,1
30685,311,1
30686,154,2
30687,254,1
30687,190,1
30688,253,2
30689,233,1
30690,146,3
30691,270,1
30692,160,1
30692,312,1
30692,253,1
30693,369,1
30693,194,1
30694,317,1
30695,256,1
30696,164,1
30696,283,1
30697,109,1
30697,284,1
30697,123,1
30698,260,1
30698,188,1
30699,376,1
30699,372,1
30699,150,1
30700,193,1
30700,213,1
30700,204,1
30701,337,1
30701,141,1
30702,171,1
30703,265,1
30704,110,2
30705,384,1
30705,255,1
30705,309,1
30706,397,3
30707,366,2
30708,311,1
30709,335,1
30710,159,1
30710,302,1
30710,310,1
30711,185,3
30712,370,2
30713,306,3
30714,324,3
30715,221,1
30716,245,1
30716,137,1
30716,279,1
30717,324,1
30717,316,1
30718,268,1
30718,191,1
30719,110,1
30720,351,1
30720,169,1
30720,310,1
30721,314,3
30722,348,2
30723,179,2
30724,123,1
30724,351,1
30725,187,2
30726,302,1
30726,167,1
30726,218,1
30727,303,1
30727,320,1
30727,275,1
30728,167,1
30729,244,1
30730,179,1
30731,160,1
30731,376,1
30732,243,1
30733,164,1
30733,183,1
30733,328,1
30734,358,3
30735,217,1
30735,163,1
30735,203,1
30736,121,1
30736,205,1
30737,192,1
30738,186,3
30739,239,1
30739,205,1
30740,175,1
30740,324,1
30740,389,1
30741,169,1
30742,221,3
30743,241,1
30744,128,1
30745,292,1
30746,294,1
30747,332,1
30747,397,1
30747,342,1
30748,385,1
30748,134,1
30749,240,1
30749,268,1
30750,400,1
30750,264,1
30750,224,1
30751,101,1
30751,226,1
30752,372,1
30753,305,3
30754,334,1
30755,309,2
30756,260,1
30756,348,1
30757,218,1
30757,389,1
30758,376,1
30759,162,3
30760,379,1
30760,252,1
30761,271,1
30761,340,1
30762,350,2
30763,347,1
30764,385,3
30765,112,1
30765,292,1
30766,267,1
30767,145,1
30767,219,1
30768,350,2
30769,275,1
30769,270,1
30769,351,1
30770,151,1
30770,249,1
30770,250,1
30771,391,1
30771,377,1
30771,254,1
30772,224,1
30773,122,1
30774,259,3
30775,283,3
30776,234,2
30777,111,1
30778,185,1
30778,269,1
30779,144,1
30780,180,1
30780,380,1
30780,133,1
30781,251,2
30782,340,1
30783,140,1
30784,322,3
30785,202,1
30786,302,1
30787,243,2
30788,264,1
30789,112,1
30790,179,1
30790,378,1
30791,143,2
30792,295,1
30793,291,3
30794,108,1
30794,186,1
30794,177,1
30795,330,3
30796,261,1
30797,114,1
30797,320,1
30797,245,1
30798,149,1
30799,322,2
30800,307,3
30801,107,1
30801,184,1
30801,281,1
30802,361,1
30803,227,1
30803,398,1
30804,306,1
30804,298,1
30805,183,1
30805,101,1
30806,246,1
30807,369,3
30808,149,1
30809,363,2
30810,391,3
30811,249,2
30812,392,1
30813,247,3
30814,276,2
30815,186,3
30816,141,1
30816,392,1
30817,286,3
30818,259,2
30819,265,2
30820,229,1
30821,164,1
30822,344,1
30823,385,1
30823,362,1
30824,239,1
30824,237,1
30825,355,1
30825,259,1
30825,365,1
30826,267,1
30826,382,1
30826,240,1
30827,308,1
30827,124,1
30827,251,1
30828,233,1
30828,131,1
30829,304,1
30830,293,1
30830,113,1
30831,212,3
30832,170,3
30833,328,3
30834,381,1
30834,333,1
30835,197,1
30835,239,1
30835,385,1
30836,147,1
30837,353,3
30838,391,3
30839,358,2
30840,303,1
30841,371,1
30841,313,1
30841,108,1
30842,247,1
30843,117,1
30843,122,1
30843,282,1
30844,298,1
30844,309,1
30845,168,1
30846,102,1
30847,357,1
30848,361,2
30849,226,3
30850,256,3
30851,138,1
30852,191,1
30852,278,1
30853,225,1
30854,149,1
30855,102,1
30856,318,1
30856,102,1
30857,353,1
30857,118,1
30857,155,1
30858,268,1
30859,217,1
30860,170,1
30860,236,1
30860,143,1
30861,306,1
30861,376,1
30861,249,1
30862,380,1
30862,300,1
30862,376,1
30863,279,1
30864,203,1
30864,269,1
30865,313,3
30866,148,1
30866,143,1
30866,126,1
30867,330,3
30868,345,1
30868,227,1
30868,284,1
30869,123,1
30869,128,1
30869,156,1
30870,318,3
30871,209,2
30872,220,1
30872,331,1
30873,252,2
30874,372,3
30875,234,1
30875,363,1
30875,332,1
30876,130,1
30877,379,1
30877,249,1
30878,361,1
30878,387,1
30879,380,3
30880,361,1
30881,210,1
30882,225,1
30883,361,2
30884,254,3
30885,280,1
30885,354,1
30885,111,1
30886,357,1
30886,290,1
30886,373,1
30887,158,1
30888,207,1
30888,360,1
30889,302,3
30890,174,1
30890,374,1
30890,180,1
30891,266,3
30892,134,2
30893,257,1
30894,345,2
30895,214,1
30896,103,1
30896,221,1
30896,339,1
30897,334,3
30898,334,2
30899,178,1
30900,345,2
30901,125,1
30902,268,1
30902,297,1
30902,165,1
30903,390,1
30904,151,1
30904,291,1
30904,270,1
30905,330,1
30906,361,3
30907,286,1
30907,128,1
30907,214,1
30908,339,3
30909,319,2
30910,141,2
30911,247,1
30912,211,1
30912,256,1
30913,245,1
30913,179,1
30913,302,1
30914,246,2
30915,180,1
30915,257,1
30916,273,1
30917,381,1
30918,101,3
30919,157,1
30919,189,1
30919,362,1
30920,356,1
30921,221,1
30921,153,1
30921,163,1
30922,166,1
30923,312,1
30923,308,1
30923,217,1
30924,175,3
30925,273,3
30926,287,3
30927,311,1
30928,178,1
30929,342,3
30930,235,2
30931,313,1
30931,378,1
30931,122,1
30932,129,1
30932,230,1
30933,302,1
30933,364,1
30933,103,1
30934,319,1
30935,367,1
30935,264,1
30935,372,1
30936,225,1
30936,329,1
30936,379,1
30937,314,2
30938,138,2
30939,146,1
30939,122,1
30940,227,2
30941,188,3
30942,328,2
30943,252,1
30944,214,1
30945,176,1
30945,366,1
30945,140,1
30946,313,1
30947,228,1
30947,299,1
30947,156,1
30948,105,2
30949,122,1
30949,394,1
30950,173,1
30950,323,1
30951,313,2
30952,182,1
30952,271,1
30953,338,1
30953,291,1
30953,293,1
30954,281,1
30954,279,1
30955,204,1
30955,172,1
30955,347,1
30956,187,1
30956,271,1
30956,294,1
30957,237,1
30958,375,1
30959,397,1
30960,202,1
30960,382,1
30960,374,1
30961,186,2
30962,208,1
30962,223,1
30962,281,1
30963,363,1
30964,115,1
30965,252,1
30966,368,1
30967,138,1
30967,207,1
30967,187,1
30968,382,2
30969,236,3
30970,358,1
30971,138,3
30972,340,2
30973,331,1
30973,162,1
30973,297,1
30974,297,1
30974,344,1
30975,237,2
30976,216,2
30977,160,1
30977,110,1
30978,273,1
30979,236,1
30979,299,1
30979,399,1
30980,135,1
30981,187,1
30981,160,1
30982,396,1
30982,382,1
30983,321,1
30984,193,1
30985,169,1
30986,142,1
30987,131,2
30988,345,1
30989,321,1
30990,152,1
30990,112,1
30991,240,3
30992,163,1
30992,238,1
30992,389,1
30993,230,2
30994,168,1
30994,357,1
30995,124,1
30996,256,1
30996,271,1
30997,368,2
30998,196,1
30999,160,3
31000,156,1
31000,210,1
31001,394,2
31002,145,1
31003,112,2
31004,338,1
31004,153,1
31005,128,1
31006,269,1
31006,155,1
31006,240,1
31007,258,1
31007,369,1
31008,362,1
31009,189,1
31010,250,1
31011,150,1
31011,185,1
31012,110,3
31013,215,3
31014,370,2
31015,379,1
31016,274,1
31016,380,1
31016,184,1
31017,301,1
31017,303,1
31017,153,1
31018,380,3
31019,153,1
31020,354,3
31021,240,1
31022,149,1
31022,339,1
31023,295,2
31024,309,1
31025,112,1
31025,381,1
31025,336,1
31026,308,2
31027,192,1
31027,133,1
31028,246,1
31029,221,1
31029,222,1
31030,397,1
31031,361,1
31031,171,1
31032,265,1
31033,302,1
31033,272,1
31033,259,1
31034,243,3
31035,219,1
31036,241,2
31037,169,1
31037,245,1
31037,175,1
31038,303,1
31038,263,1
31039,234,1
31040,305,3
31041,335,1
31042,387,1
31043,257,1
31044,308,2
31045,102,1
31046,350,2
31047,373,2
31048,297,1
31048,300,1
31049,281,1
31049,110,1
31050,338,1
31050,120,1
31050,229,1
31051,358,3
31052,239,1
31053,153,1
31054,330,1
31055,172,2
31056,196,1
31056,103,1
31056,281,1
31057,200,1
31058,374,1
31058,398,1
31058,123,1
31059,267,1
31060,165,1
31060,169,1
31060,392,1
31061,208,1
31062,346,1
31062,204,1
31062,289,1
31063,320,1
31063,258,1
31064,256,2
31065,239,1
31066,259,1
31067,374,1
31067,147,1
31068,101,1
31069,117,1
31069,299,1
31070,375,1
31070,398,1
31070,312,1
31071,171,1
31071,351,1
31071,235,1
31072,305,1
31073,211,1
31073,143,1
31074,175,2
31075,306,1
31076,293,1
31076,314,1
31076,354,1
31077,336,1
31077,171,1
31078,203,1
31079,399,1
31080,141,2
31081,249,3
31082,237,2
31083,103,3
31084,386,3
31085,368,3
31086,258,3
31087,180,1
31088,379,1
31089,379,1
31089,269,1
31090,228,1
31091,312,1
31092,288,1
31093,122,2
31094,152,1
31094,265,1
31094,382,1
31095,375,1
31095,170,1
31095,335,1
31096,156,1
31097,380,1
31097,206,1
31098,107,3
31099,208,3
31100,325,3
31101,331,1
31102,394,2
31103,339,1
31104,109,1
31105,153,1
31105,124,1
31106,282,2
31107,353,1
31108,399,3
31109,303,1
31110,140,3
31111,273,1
31111,369,1
31112,234,3
31113,128,1
31114,141,3
31115,235,1
31115,248,1
31116,224,1
31117,309,3
31118,153,2
31119,110,1
31120,390,1
31120,172,1
31121,298,1
31121,385,1
31122,359,3
31123,225,2
31124,216,1
31124,104,1
31124,181,1
31125,238,1
31126,213,3
31127,264,3
31128,138,1
31128,330,1
31128,369,1
31129,131,1
31130,330,1
31130,334,1
31130,393,1
31131,274,1
31132,353,1
31132,227,1
31133,397,1
31133,274,1
31134,257,1
31134,360,1
31134,373,1
31135,272,1
31136,313,1
31136,154,1
31137,164,1
31138,290,1
31139,285,2
31140,210,2
31141,313,1
31142,354,1
31142,332,1
31142,120,1
31143,287,3
31144,384,1
31145,147,1
31146,243,2
31147,159,1
31147,392,1
31147,250,1
31148,317,3
31149,350,1
31149,185,1
31150,204,1
31151,127,3
31152,250,1
31153,171,1
31153,233,1
31153,240,1
31154,268,1
31154,227,1
31155,295,2
31156,311,1
31157,255,1
31157,247,1
31158,134,2
31159,375,1
31159,364,1
31159,189,1
31160,308,1
31161,321,1
31161,379,1
31162,249,3
31163,185,1
31163,306,1
31163,305,1
31164,388,2
31165,171,3
31166,357,1
31167,220,1
31167,226,1
31167,290,1
31168,290,1
31168,230,1
31168,342,1
31169,215,1
31169,157,1
31169,175,1
31170,159,1
31170,248,1
31170,108,1
31171,211,1
31172,136,1
31173,376,1
31174,350,1
31174,175,1
31175,309,1
31175,120,1
31176,352,1
31177,270,1
31177,281,1
31178,136,3
31179,139,2
31180,277,1
31181,161,1
31182,277,3
31183,124,1
31183,267,1
31184,266,3
31185,332,1
31186,217,1
31186,225,1
31187,301,1
31187,210,1
31187,320,1
31188,298,2
31189,400,1
31189,135,1
31190,134,3
31191,334,1
31192,265,1
31192,350,1
31193,251,1
31193,361,1
31194,396,1
31194,156,1
31194,367,1
31195,360,1
31196,181,3
31197,150,1
31197,400,1
31198,399,1
31198,152,1
31198,378,1
31199,318,2
31200,141,1
31201,230,2
31202,147,1
31203,373,3
31204,285,1
31205,389,2
31206,329,1
31206,108,1
31207,224,1
31207,164,1
31207,298,1
31208,196,2
31209,396,1
31209,158,1
31210,169,1
31211,193,1
31211,288,1
31211,229,1
31212,346,1
31212,126,1
31213,126,1
31213,102,1
31214,102,1
31214,178,1
31215,295,1
31215,206,1
31215,386,1
31216,206,1
31216,350,1
31216,391,1
31217,354,1
31217,169,1
31217,345,1
31218,238,1
31218,116,1
31218,303,1
31219,180,1
31220,127,1
31220,375,1
31220,208,1
31221,133,1
31221,246,1
31222,198,1
31222,191,1
31222,244,1
31223,204,2
31224,364,1
31224,115,1
31225,102,1
31226,311,3
31227,268,3
31228,158,1
31228,390,1
31229,355,1
31230,177,3
31231,162,1
31232,119,2
31233,240,1
31234,252,1
31234,324,1
31235,116,1
31236,278,1
31236,163,1
31236,103,1
31237,165,3
31238,226,1
31239,118,1
31239,170,1
31239,250,1
31240,201,3
31241,386,1
31241,201,1
31241,197,1
31242,292,3
31243,133,1
31243,125,1
31243,260,1
31244,229,1
31245,203,1
31245,267,1
31246,243,1
31247,230,2
31248,137,1
31248,387,1
31248,326,1
31249,363,1
31250,226,1
31250,377,1
31250,104,1
31251,158,1
31252,353,1
31252,214,1
31253,205,3
31254,273,1
31255,169,1
31255,273,1
31256,257,2
31257,171,3
31258,358,1
31259,219,1
31259,252,1
31260,250,3
31261,235,3
31262,297,1
31263,182,1
31263,395,1
31263,254,1
31264,270,1
31264,310,1
31264,313,1
31265,204,2
31266,101,1
31267,349,1
31267,237,1
31268,200,1
31268,122,1
31268,150,1
31269,284,1
31270,130,2
31271,269,3
31272,176,1
31273,129,3
31274,283,1
31275,394,1
31276,208,1
31276,234,1
31277,271,3
31278,241,1
31278,109,1
31278,183,1
31279,353,1
31279,264,1
31279,139,1
31280,278,1
31281,222,1
31281,214,1
31282,388,1
31282,216,1
31283,216,1
31283,201,1
31283,336,1
31284,354,1
31284,356,1
31284,169,1
31285,354,1
31285,145,1
31286,369,1
31286,362,1
31286,396,1
31287,319,1
31288,140,1
31289,313,1
31289,292,1
31290,121,1
31290,131,1
31291,221,2
31292,317,1
31293,300,2
31294,322,2
31295,236,3
31296,395,1
31297,272,3
31298,138,1
31298,395,1
31298,218,1
31299,152,1
31300,156,1
31301,114,1
31302,299,1
31302,388,1
31303,320,2
31304,134,1
31304,184,1
31305,123,2
31306,389,1
31307,267,1
31308,178,1
31309,254,3
31310,262,1
31310,131,1
31311,173,1
31311,108,1
31312,265,1
31313,122,3
31314,278,1
31315,174,1
31315,341,1
31316,180,1
31317,172,2
31318,291,2
31319,256,1
31320,322,1
31321,139,1
31322,227,1
31323,101,3
31324,207,1
31325,342,3
31326,227,1
31326,146,1
31326,103,1
31327,397,3
31328,128,1
31329,129,2
31330,226,3
31331,275,1
31331,237,1
31332,205,3
31333,159,1
31334,231,2
31335,172,1
31335,118,1
31335,278,1
31336,244,2
31337,223,1
31337,260,1
31337,249,1
31338,253,1
31339,336,2
31340,141,3
31341,215,1
31341,317,1
31341,319,1
31342,120,1
31342,152,1
31343,370,3
31344,335,1
31344,166,1
31345,202,3
31346,375,1
31346,117,1
31347,137,3
31348,110,1
31349,280,1
31350,223,2
31351,286,2
31352,239,1
31353,137,1
31353,195,1
31353,266,1
31354,137,1
31355,393,1
31355,363,1
31355,263,1
31356,298,3
31357,216,1
31358,226,2
31359,366,1
31359,229,1
31360,280,2
31361,363,2
31362,262,3
31363,120,1
31363,184,1
31363,298,1
31364,186,2
31365,161,1
31366,244,2
31367,200,1
31367,372,1
31368,321,1
31369,153,1
31369,279,1
31369,188,1
31370,241,1
31371,351,1
31371,310,1
31372,353,1
31373,131,2
31374,191,1
31375,332,1
31375,204,1
31375,118,1
31376,208,1
31376,158,1
31377,164,1
31378,155,1
31378,383,1
31379,124,1
31379,339,1
31379,110,1
31380,175,3
31381,301,1
31382,168,1
31382,153,1
31383,398,1
31383,111,1
31384,133,3
31385,298,1
31385,367,1
31385,273,1
31386,235,1
31386,358,1
31386,337,1
31387,184,1
31388,221,1
31389,395,1
31390,378,3
31391,351,3
31392,243,2
31393,220,1
31394,340,2
31395,277,3
31396,126,2
31397,357,1
31398,236,3
31399,236,1
31400,384,3
31401,293,1
31402,336,3
31403,290,1
31404,222,1
31404,276,1
31405,130,1
31405,292,1
31406,362,1
31407,357,3
31408,341,1
31408,117,1
31409,167,2
31410,249,3
31411,190,1
31412,214,2
31413,248,3
31414,281,3
31415,242,1
31416,367,3
31417,106,2
31418,226,1
31419,133,3
31420,260,1
31421,226,3
31422,369,1
31422,360,1
31423,388,1
31424,220,3
31425,302,2
31426,200,1
31426,328,1
31426,185,1
31427,320,1
31428,178,3
31429,218,2
31430,128,1
31430,110,1
31431,220,1
31432,259,1
31433,238,2
31434,108,1
31435,345,2
31436,393,1
31436,194,1
31437,103,1
31438,374,1
31439,118,1
31439,188,1
31440,226,1
31441,111,1
31441,390,1
31442,282,1
31442,135,1
31442,396,1
31443,399,1
31443,275,1
31443,277,1
31444,269,2
31445,217,1
31445,177,1
31445,320,1
31446,276,1
31447,270,3
31448,316,3
31449,278,1
31450,369,3
31451,284,2
31452,133,1
31452,360,1
31453,108,1
31454,200,1
31454,316,1
31455,119,1
31456,221,1
31457,378,3
31458,170,1
31459,224,1
31460,384,2
31461,368,1
31462,128,1
31463,366,1
31464,118,1
31464,321,1
31465,250,3
31466,173,1
31467,166,1
31468,361,1
31469,272,1
31470,299,2
31471,357,1
31471,394,1
31472,263,1
31473,220,1
31473,224,1
31474,341,1
31475,297,1
31476,384,1
31476,110,1
31477,258,2
31478,334,1
31478,296,1
31479,292,3
31480,141,2
31481,303,2
31482,116,1
31483,208,1
31483,156,1
31483,151,1
31484,116,1
31485,356,1
31485,110,1
31486,269,2
31487,253,1
31488,397,1
31488,306,1
31488,340,1
31489,386,3
31490,231,2
31491,343,2
31492,247,1
31493,279,1
31494,352,2
31495,106,1
31495,134,1
31495,304,1
31496,379,1
31497,129,1
31498,340,2
31499,176,2
31500,128,2
31501,369,1
31502,148,1
31503,200,3
31504,245,1
31505,239,1
31506,352,1
31506,338,1
31507,345,3
31508,205,2
31509,288,1
31510,232,1
31510,281,1
31510,261,1
31511,397,1
31511,330,1
31511,186,1
31512,281,1
31513,263,1
31514,292,2
31515,214,2
31516,182,1
31517,391,1
31518,394,1
31518,299,1
31518,360,1
31519,179,3
31520,138,2
31521,388,1
31521,337,1
31522,141,1
31523,395,1
31523,300,1
31524,248,2
31525,321,1
31526,158,1
31526,239,1
31526,155,1
31527,311,1
31527,310,1
31527,396,1
31528,317,1
31529,387,3
31530,154,3
31531,294,2
31532,193,1
31532,262,1
31532,120,1
31533,134,1
31533,124,1
31534,255,3
31535,231,1
31535,229,1
31536,121,1
31537,116,1
31537,361,1
31537,289,1
31538,164,3
31539,175,1
31540,314,1
31540,231,1
31540,277,1
31541,114,3
31542,184,1
31543,210,1
31544,388,1
31544,376,1
31545,174,3
31546,370,1
31547,284,1
31548,309,1
31549,238,1
31550,160,1
31550,348,1
31551,136,1
31551,107,1
31551,237,1
31552,107,3
31553,164,1
31553,221,1
31554,322,2
31555,107,1
31556,148,1
31557,117,1
31557,304,1
31557,136,1
31558,112,1
31558,202,1
31559,286,1
31559,109,1
31560,264,3
31561,349,1
31562,322,1
31562,211,1
31562,123,1
31563,357,1
31563,259,1
31563,297,1
31564,280,2
31565,317,1
31565,167,1
31565,400,1
31566,186,1
31566,238,1
31566,107,1
31567,228,1
31568,327,2
31569,316,3
31570,347,3
31571,310,1
31572,186,1
31572,102,1
31572,179,1
31573,356,1
31573,299,1
31574,331,2
31575,161,1
31576,150,2
31577,325,1
31577,137,1
31577,116,1
31578,387,1
31579,171,3
31580,315,1
31581,329,3
31582,314,1
31582,124,1
31583,289,1
31584,320,2
31585,160,3
31586,183,2
31587,108,1
31587,268,1
31587,310,1
31588,390,1
31589,206,2
31590,204,2
31591,246,1
31591,375,1
31592,173,2
31593,174,1
31594,171,1
31595,230,2
31596,129,1
31596,354,1
31596,269,1
31597,307,1
31598,218,2
31599,318,3
31600,194,2
31601,266,1
31601,348,1
31601,351,1
31602,135,1
31602,239,1
31602,287,1
31603,269,1
31604,305,3
31605,323,1
31606,339,1
31607,396,1
31607,302,1
31608,147,1
31609,247,3
31610,199,1
31611,178,1
31611,249,1
31611,254,1
31612,200,1
31613,236,2
31614,150,1
31615,343,1
31615,229,1
31616,222,1
31617,115,3
31618,159,1
31619,194,1
31619,150,1
31619,153,1
31620,208,1
31621,240,1
31622,400,1
31622,273,1
31623,386,1
31623,152,1
31624,279,1
31624,146,1
31625,159,1
31625,143,1
31626,354,3
31627,342,1
31627,384,1
31628,299,3
31629,193,1
31630,359,1
31631,254,1
31632,247,1
31632,199,1
31632,220,1
31633,129,1
31633,322,1
31634,130,3
31635,228,1
31635,244,1
31635,191,1
31636,238,1
31637,315,1
31637,397,1
31637,186,1
31638,298,2
31639,361,1
31639,268,1
31640,122,1
31641,399,1
31642,218,1
31642,386,1
31642,271,1
31643,371,1
31644,252,1
31644,392,1
31645,255,2
31646,339,1
31647,278,1
31647,348,1
31647,109,1
31648,157,1
31649,226,2
31650,329,2
31651,231,1
31652,283,1
31652,142,1
31652,348,1
31653,366,1
31654,315,1
31655,371,1
31656,172,1
31656,340,1
31657,109,2
31658,145,2
31659,118,1
31659,148,1
31660,353,2
31661,313,1
31661,370,1
31662,316,2
31663,168,2
31664,376,1
31664,156,1
31664,105,1
31665,292,1
31665,278,1
31665,326,1
31666,279,3
31667,333,1
31667,396,1
31667,363,1
31668,159,1
31668,385,1
31669,323,1
31670,219,1
31670,350,1
31671,380,1
31671,395,1
31672,132,1
31672,325,1
31673,157,1
31674,358,1
31674,296,1
31674,117,1
31675,150,1
31676,113,1
31677,376,1
31677,224,1
31677,188,1
31678,123,2
31679,301,2
31680,245,1
31681,263,1
31681,374,1
31682,358,1
31683,272,3
31684,225,1
31684,366,1
31684,266,1
31685,242,3
31686,199,1
31687,146,2
31688,128,1
31688,260,1
31689,264,2
31690,350,1
31690,148,1
31691,239,1
31691,304,1
31692,360,3
31693,199,1
31693,271,1
31693,117,1
31694,303,1
31694,145,1
31695,134,1
31696,182,3
31697,399,1
31697,337,1
31698,394,2
31699,164,1
31700,199,2
31701,400,1
31701,347,1
31701,124,1
31702,368,2
31703,373,1
31703,221,1
31703,174,1
31704,319,2
31705,152,2
31706,280,1
31706,117,1
31707,107,1
31707,181,1
31708,109,1
31709,276,2
31710,106,1
31710,257,1
31710,237,1
31711,161,1
31711,318,1
31711,153,1
31712,184,2
31713,227,1
31713,336,1
31714,399,3
31715,172,1
31716,305,2
31717,344,1
31717,268,1
31718,295,1
31718,241,1
31718,284,1
31719,224,3
31720,167,1
31721,237,1
31721,319,1
31721,326,1
31722,350,1
31722,213,1
31722,353,1
31723,207,1
31723,295,1
31724,184,1
31724,393,1
31725,283,1
31725,344,1
31725,219,1
31726,183,1
31727,178,1
31727,395,1
31728,236,1
31728,141,1
31729,287,1
31730,173,1
31731,310,1
31732,176,1
31732,128,1
31733,264,1
31733,130,1
31734,317,1
31735,127,1
31736,196,1
31736,396,1
31737,347,1
31738,301,1
31739,178,2
31740,374,1
31740,222,1
31740,390,1
31741,173,3
31742,249,1
31742,266,1
31742,120,1
31743,359,2
31744,301,1
31744,135,1
31745,150,1
31746,120,2
31747,192,3
31748,288,3
31749,219,2
31750,242,3
31751,227,1
31751,243,1
31752,220,1
31752,244,1
31752,303,1
31753,363,1
31753,329,1
31754,118,1
31754,276,1
31754,164,1
31755,155,1
31755,392,1
31756,336,1
31757,202,1
31758,271,3
31759,129,1
31760,230,1
31761,231,1
31762,152,1
31763,298,3
31764,363,1
31765,187,1
31765,368,1
31766,146,1
31766,307,1
31766,217,1
31767,312,1
31768,286,1
31768,397,1
31768,285,1
31769,254,1
31769,186,1
31770,218,1
31770,182,1
31770,214,1
31771,229,1
31772,185,1
31773,208,1
31773,398,1
31774,260,1
31775,169,1
31776,329,1
31777,347,1
31778,159,1
31778,152,1
31778,278,1
31779,350,1
31780,278,1
31781,187,1
31782,192,1
31782,339,1
31782,184,1
31783,188,1
31783,350,1
31784,252,1
31784,358,1
31785,200,2
31786,393,2
31787,124,1
31787,223,1
31787,266,1
31788,106,1
31788,148,1
31788,302,1
31789,232,2
31790,189,1
31791,247,1
31791,136,1
31791,260,1
31792,222,2
31793,199,1
31793,219,1
31793,361,1
31794,362,1
31795,220,1
31795,180,1
31796,225,1
31797,227,1
31798,330,1
31798,155,1
31799,240,1
31799,147,1
31800,280,3
31801,123,1
31802,276,1
31803,189,1
31803,130,1
31804,235,2
31805,388,2
31806,195,1
31807,388,1
31807,274,1
31807,270,1
31808,188,1
31809,344,1
31810,178,1
31811,390,1
31811,334,1
31812,362,2
31813,212,1
31813,245,1
31814,202,2
31815,239,1
31816,137,1
31816,172,1
31816,256,1
31817,178,2
31818,217,1
31819,197,1
31820,377,3
31821,400,1
31821,269,1
31822,150,1
31823,226,1
31824,356,1
31825,207,1
31826,358,1
31827,233,1
31828,131,1
31828,302,1
31829,363,1
31829,255,1
31830,162,1
31831,230,3
31832,373,1
31833,306,1
31833,163,1
31834,180,1
31834,349,1
31834,201,1
31835,183,1
31835,215,1
31835,332,1
31836,273,1
31837,120,3
31838,299,2
31839,161,1
31839,118,1
31840,327,2
31841,289,1
31842,323,1
31842,328,1
31843,113,1
31843,128,1
31844,273,1
31844,225,1
31845,143,1
31846,202,2
31847,252,1
31847,337,1
31847,139,1
31848,294,1
31849,375,1
31850,254,3
31851,163,1
31851,141,1
31852,106,3
31853,391,2
31854,223,1
31855,335,2
31856,237,1
31856,314,1
31857,224,1
31857,211,1
31857,118,1
31858,178,2
31859,152,1
31859,352,1
31859,191,1
31860,349,2
31861,112,1
31862,241,1
31863,394,2
31864,320,2
31865,389,1
31866,105,1
31866,256,1
31866,282,1
31867,136,1
31867,225,1
31868,315,1
31868,391,1
31869,252,1
31869,230,1
31870,353,1
31871,171,2
31872,324,1
31872,315,1
31872,181,1
31873,162,1
31874,297,1
31874,129,1
31874,237,1
31875,297,1
31876,227,1
31876,252,1
31876,324,1
31877,332,2
31878,103,1
31879,394,1
31879,174,1
31880,159,1
31881,319,3
31882,193,1
31883,112,1
31883,283,1
31884,306,1
31884,142,1
31885,218,3
31886,338,1
31887,291,1
31887,378,1
31888,308,1
31888,110,1
31889,346,1
31890,161,1
31891,368,1
31891,391,1
31892,247,1
31892,107,1
31893,348,1
31894,275,1
31895,366,1
31895,205,1
31896,351,3
31897,125,2
31898,318,1
31899,327,1
31899,298,1
31900,143,1
31901,303,2
31902,196,1
31903,275,1
31903,325,1
31904,325,3
31905,207,1
31905,289,1
31906,231,1
31906,130,1
31907,169,1
31907,169,1
31908,204,3
31909,248,1
31909,212,1
31909,152,1
31910,334,2
31911,117,1
31912,199,3
31913,168,1
31913,362,1
31913,155,1
31914,281,1
31914,191,1
31915,359,1
31916,105,1
31917,236,1
31917,361,1
31917,223,1
31918,249,1
31918,329,1
31918,148,1
31919,273,1
31919,374,1
31919,196,1
31920,266,1
31921,342,3
31922,296,3
31923,240,1
31924,280,1
31925,345,1
31925,366,1
31926,268,3
31927,348,1
31927,161,1
31928,341,1
31928,220,1
31929,261,1
31929,290,1
31930,160,3
31931,377,2
31932,249,1
31933,143,1
31933,221,1
31933,276,1
31934,246,2
31935,285,1
31936,316,1
31936,175,1
31937,345,1
31938,195,3
31939,142,1
31939,268,1
31940,364,1
31940,146,1
31940,105,1
31941,321,1
31941,297,1
31942,152,3
31943,180,1
31943,338,1
31943,270,1
31944,380,1
31944,122,1
31945,384,1
31945,216,1
31946,299,1
31946,213,1
31946,295,1
31947,289,2
31948,384,1
31949,400,1
31949,265,1
31949,260,1
31950,287,1
31950,222,1
31950,388,1
31951,199,2
31952,199,3
31953,192,1
31953,398,1
31954,155,1
31954,230,1
31955,319,1
31956,372,1
31956,234,1
31956,344,1
31957,245,3
31958,319,3
31959,149,3
31960,242,3
31961,313,2
31962,158,2
31963,129,1
31963,373,1
31963,278,1
31964,108,2
31965,387,1
31965,236,1
31966,297,1
31967,162,1
31968,121,1
31969,244,2
31970,337,1
31971,132,1
31971,250,1
31972,223,1
31972,131,1
31972,355,1
31973,255,1
31973,162,1
31974,236,3
31975,250,3
31976,338,1
31977,228,1
31977,204,1
31978,362,2
31979,107,2
31980,392,1
31981,165,1
31982,330,1
31982,235,1
31982,136,1
31983,376,1
31983,176,1
31983,109,1
31984,155,1
31985,322,2
31986,206,1
31986,135,1
31987,349,1
31988,272,3
31989,212,3
31990,284,1
31990,261,1
31991,394,1
31991,302,1
31992,258,1
31993,179,1
31993,267,1
31994,216,3
31995,237,1
31996,218,1
31997,362,1
31998,225,1
31999,130,1
32000,132,3
32001,296,2
32002,158,2
32003,183,1
32004,153,1
32004,249,1
32005,297,1
32005,141,1
32005,200,1
32006,314,1
32006,374,1
32007,160,1
32007,261,1
32007,183,1
32008,134,1
32009,134,1
32010,333,1
32010,396,1
32010,368,1
32011,276,3
32012,146,1
32012,144,1
32013,119,1
32014,352,3
32015,139,1
32015,184,1
32016,355,3
32017,268,1
32018,283,1
32019,248,1
32020,156,2
32021,302,2
32022,311,1
32022,345,1
32023,127,2
32024,327,1
32024,225,1
32025,326,3
32026,226,3
32027,142,1
32027,183,1
32028,229,1
32029,240,1
32029,196,1
32030,287,1
32031,371,3
32032,252,1
32032,364,1
32032,370,1
32033,128,1
32034,233,3
32035,398,1
32035,393,1
32035,310,1
32036,346,2
32037,155,1
32037,357,1
32038,134,1
32039,295,1
32040,190,2
32041,377,1
32042,162,1
32042,347,1
32043,319,3
32044,140,1
32045,205,3
32046,132,1
32047,194,1
32048,258,3
32049,102,1
32049,222,1
32050,207,3
32051,296,1
32051,309,1
32051,321,1
32052,251,1
32052,123,1
32053,329,1
32054,318,1
32054,305,1
32055,381,1
32055,343,1
32056,214,1
32057,314,1
32058,389,1
32059,333,3
32060,365,1
32061,241,1
32061,230,1
32062,183,1
32062,221,1
32063,370,1
32063,386,1
32063,258,1
32064,383,3
32065,195,1
32066,249,2
32067,302,1
32067,161,1
32068,134,3
32069,354,1
32070,233,1
32071,233,1
32072,388,1
32073,245,1
32074,300,3
32075,360,1
32075,323,1
32076,383,1
32076,173,1
32077,384,1
32078,381,3
32079,253,2
32080,178,3
32081,284,2
32082,387,1
32082,311,1
32082,356,1
32083,153,2
32084,309,1
32085,197,1
32086,103,1
32086,295,1
32087,268,1
32088,262,2
32089,352,1
32089,363,1
32090,310,1
32091,182,3
32092,256,2
32093,398,1
32094,201,1
32094,292,1
32095,152,1
32095,232,1
32095,191,1
32096,258,1
32096,214,1
32097,250,3
32098,158,2
32099,260,1
32099,137,1
32099,361,1
32100,297,2
32101,303,1
32101,373,1
32102,267,2
32103,144,1
32103,262,1
32104,391,1
32105,295,3
32106,309,1
32107,226,1
32107,134,1
32107,192,1
32108,216,2
32109,151,1
32109,144,1
32110,197,1
32110,256,1
32111,236,3
32112,201,1
32112,293,1
32113,218,2
32114,289,2
32115,374,1
32115,292,1
32116,342,1
32117,386,1
32118,338,1
32119,107,1
32119,286,1
32119,161,1
32120,198,1
32121,200,1
32122,342,2
32123,117,1
32124,376,1
32125,375,2
32126,210,1
32126,332,1
32127,218,1
32128,256,2
32129,226,1
32130,335,2
32131,133,2
32132,149,2
32133,239,1
32133,295,1
32134,269,1
32135,290,1
32135,343,1
32135,325,1
32136,270,1
32136,158,1
32137,246,1
32137,322,1
32138,391,1
32139,152,1
32140,303,1
32141,207,1
32142,203,2
32143,263,2
32144,129,1
32145,263,1
32146,276,2
32147,313,3
32148,374,1
32148,307,1
32149,174,3
32150,162,1
32151,344,1
32152,252,1
32153,333,1
32153,387,1
32153,314,1
32154,253,1
32155,142,1
32155,109,1
32156,385,2
32157,287,1
32157,338,1
32158,208,1
32158,121,1
32158,192,1
32159,363,1
32159,291,1
32160,128,1
32161,275,1
32162,282,1
32162,280,1
32163,118,1
32163,385,1
32164,309,3
32165,316,3
32166,382,2
32167,180,1
32168,134,1
32168,309,1
32169,298,2
32170,307,3
32171,274,1
32172,217,1
32172,276,1
32172,337,1
32173,140,1
32173,329,1
32174,117,1
32174,294,1
32174,313,1
32175,153,1
32175,291,1
32175,204,1
32176,133,3
32177,190,1
32178,235,3
32179,163,1
32180,333,1
32180,147,1
32180,187,1
32181,189,1
32181,388,1
32181,222,1
32182,238,1
32183,236,1
32183,305,1
32184,344,3
32185,189,3
32186,354,2
32187,285,1
32187,156,1
32188,296,2
32189,273,1
32190,386,1
32191,394,1
32191,206,1
32192,155,1
32193,301,1
32194,113,1
32195,384,1
32196,378,3
32197,300,3
32198,177,1
32199,324,2
32200,399,1
32201,341,2
32202,189,2
32203,336,1
32204,380,2
32205,160,1
32206,116,2
32207,400,1
32208,141,2
32209,106,3
32210,229,1
32211,145,1
32212,274,1
32213,235,1
32214,121,1
32215,133,3
32216,121,1
32216,229,1
32217,349,1
32218,147,3
32219,347,1
32219,145,1
32219,400,1
32220,380,3
32221,302,1
32222,176,1
32223,275,2
32224,284,1
32225,393,1
32226,145,1
32227,391,2
32228,273,1
32229,228,1
32229,257,1
32230,288,1
32231,196,2
32232,128,1
32232,195,1
32232,212,1
32233,307,2
32234,357,1
32234,249,1
32235,271,1
32235,164,1
32236,333,2
32237,396,1
32238,334,2
32239,134,2
32240,378,1
32241,261,2
32242,316,1
32242,336,1
32242,398,1
32243,391,1
32243,125,1
32243,143,1
32244,345,2
32245,386,1
32245,155,1
32245,127,1
32246,105,2
32247,341,1
32247,392,1
32247,205,1
32248,277,3
32249,185,1
32249,288,1
32249,372,1
32250,182,1
32251,369,1
32251,309,1
32251,124,1
32252,293,1
32252,179,1
32252,189,1
32253,313,1
32254,380,1
32254,309,1
32255,169,1
32255,311,1
32256,236,1
32257,248,1
32258,110,1
32258,259,1
32258,377,1
32259,209,1
32260,352,3
32261,369,1
32262,332,1
32263,118,2
32264,316,1
32264,359,1
32265,282,1
32265,274,1
32266,360,2
32267,326,1
32267,335,1
32268,321,3
32269,259,1
32270,273,2
32271,145,3
32272,266,1
32272,351,1
32273,362,1
32273,343,1
32274,276,1
32275,228,1
32276,381,1
32277,386,1
32278,230,1
32278,128,1
32278,123,1
32279,251,2
32280,150,1
32280,388,1
32280,359,1
32281,376,1
32281,392,1
32282,175,2
32283,104,3
32284,219,3
32285,273,1
32286,233,1
32287,297,2
32288,144,1
32289,112,2
32290,255,1
32291,157,3
32292,334,1
32293,359,1
32294,181,1
32295,372,1
32296,304,1
32296,399,1
32296,145,1
32297,180,1
32298,192,1
32298,375,1
32299,192,1
32299,171,1
32299,203,1
32300,366,1
32300,198,1
32301,357,1
32302,399,3
32303,243,1
32304,275,1
32305,222,1
32305,116,1
32306,273,3
32307,303,1
32308,366,1
32308,221,1
32309,175,1
32310,254,1
32310,400,1
32311,330,3
32312,381,1
32312,291,1
32312,151,1
32313,197,1
32314,217,1
32314,352,1
32315,227,1
32316,356,2
32317,316,1
32317,206,1
32318,365,1
32318,391,1
32319,192,1
32319,259,1
32320,204,3
32321,358,1
32321,165,1
32321,227,1
32322,394,2
32323,182,2
32324,348,1
32324,232,1
32325,371,1
32325,160,1
32325,257,1
32326,210,3
32327,386,1
32327,356,1
32328,387,1
32329,261,1
32329,230,1
32329,143,1
32330,356,2
32331,107,3
32332,114,1
32333,214,1
32333,326,1
32333,261,1
32334,371,3
32335,188,1
32336,176,1
32336,196,1
32337,358,2
32338,331,1
32338,345,1
32338,331,1
32339,299,2
32340,155,1
32341,332,2
32342,335,2
32343,275,1
32343,179,1
32344,141,1
32344,262,1
32345,208,1
32346,116,1
32346,176,1
32346,237,1
32347,392,1
32347,282,1
32347,198,1
32348,279,1
32349,133,1
32349,147,1
32350,129,1
32351,202,1
32352,225,1
32353,267,1
32354,254,1
32355,351,1
32355,296,1
32355,198,1
32356,374,1
32357,105,1
32357,392,1
32357,292,1
32358,382,1
32358,140,1
32358,132,1
32359,211,1
32359,355,1
32359,142,1
32360,217,1
32361,150,1
32361,386,1
32362,176,1
32363,170,1
32363,215,1
32363,185,1
32364,183,3
32365,145,1
32365,356,1
32365,162,1
32366,335,1
32367,201,1
32367,228,1
32367,215,1
32368,353,1
32368,109,1
32368,262,1
32369,332,1
32370,135,3
32371,197,1
32371,286,1
32371,176,1
32372,309,3
32373,175,2
32374,205,2
32375,154,3
32376,199,3
32377,385,1
32378,254,1
32379,242,1
32379,218,1
32380,277,1
32380,353,1
32380,133,1
32381,230,3
32382,333,3
32383,117,3
32384,144,1
32385,273,1
32386,363,1
32387,384,1
32388,220,1
32388,293,1
32388,152,1
32389,327,1
32389,344,1
32390,377,1
32390,283,1
32390,142,1
32391,202,1
32392,353,2
32393,245,3
32394,252,1
32395,395,3
32396,385,1
32397,293,3
32398,224,1
32398,375,1
32399,342,3
32400,396,1
32400,121,1
32401,399,1
32402,316,1
32403,102,2
32404,226,1
32405,187,3
32406,101,1
32406,155,1
32406,262,1
32407,175,1
32408,130,1
32408,296,1
32409,101,3
32410,114,3
32411,102,1
32411,268,1
32412,265,3
32413,142,1
32414,265,3
32415,104,1
32415,304,1
32415,340,1
32416,222,1
32416,185,1
32417,116,3
32418,299,1
32419,301,1
32419,132,1
32419,139,1
32420,347,3
32421,262,2
32422,382,1
32423,327,1
32424,114,2
32425,106,2
32426,257,1
32427,337,2
32428,170,1
32429,256,3
32430,193,3
32431,380,1
32431,374,1
32431,361,1
32432,171,3
32433,217,2
32434,330,3
32435,375,3
32436,190,3
32437,268,3
32438,368,3
32439,114,1
32440,134,3
32441,171,1
32441,347,1
32441,182,1
32442,314,2
32443,324,1
32444,299,2
32445,120,1
32445,107,1
32445,168,1
32446,231,2
32447,136,1
32447,144,1
32448,262,1
32449,196,1
32450,197,3
32451,333,1
32451,336,1
32452,182,1
32452,142,1
32452,325,1
32453,330,1
32454,341,1
32455,221,3
32456,364,1
32457,341,1
32457,334,1
32457,207,1
32458,347,1
32459,123,3
32460,331,1
32461,327,1
32462,139,3
32463,361,1
32464,319,1
32465,231,1
32465,227,1
32466,217,1
32466,307,1
32466,299,1
32467,293,1
32467,240,1
32467,331,1
32468,170,1
32468,324,1
32469,308,1
32470,292,3
32471,230,2
32472,224,1
32473,236,3
32474,361,1
32475,108,1
32475,386,1
32475,190,1
32476,297,1
32476,374,1
32476,221,1
32477,260,1
32478,159,1
32479,400,1
32479,211,1
32480,389,1
32481,319,2
32482,112,1
32482,382,1
32483,156,1
32484,393,1
32484,106,1
32484,111,1
32485,171,2
32486,133,1
32486,383,1
32486,278,1
32487,128,2
32488,257,1
32489,301,1
32490,234,3
32491,282,1
32492,171,2
32493,226,1
32494,386,2
32495,113,3
32496,133,2
32497,294,2
32498,397,1
32499,172,1
32500,284,1
32501,340,1
32501,358,1
32501,210,1
32502,219,1
32503,321,2
32504,315,1
32505,184,1
32505,210,1
32506,255,1
32507,185,1
32508,380,1
32509,368,3
32510,343,3
32511,120,1
32511,188,1
32512,116,1
32513,330,1
32514,159,1
32515,133,1
32515,234,1
32516,331,1
32516,262,1
32516,101,1
32517,326,1
32518,392,1
32518,118,1
32518,228,1
32519,253,2
32520,306,1
32521,265,2
32522,337,3
32523,238,1
32524,302,1
32524,234,1
32524,364,1
32525,206,1
32525,346,1
32525,169,1
32526,238,1
32526,128,1
32527,329,1
32527,396,1
32528,313,1
32529,110,1
32529,386,1
32530,243,1
32531,162,2
32532,314,1
32532,268,1
32532,194,1
32533,291,1
32534,384,1
32535,178,1
32536,157,3
32537,256,1
32538,273,2
32539,140,1
32539,367,1
32539,141,1
32540,398,1
32541,395,1
32541,153,1
32541,137,1
32542,344,1
32542,189,1
32543,229,1
32544,143,3
32545,127,1
32546,117,1
32547,207,2
32548,287,1
32548,256,1
32549,316,1
32549,303,1
32549,363,1
32550,351,2
32551,292,1
32551,389,1
32552,121,1
32552,114,1
32553,133,1
32554,108,1
32555,191,3
32556,264,1
32557,279,2
32558,101,2
32559,264,1
32559,291,1
32559,134,1
32560,298,1
32561,327,1
32562,319,1
32562,361,1
32563,150,3
32564,329,1
32565,295,3
32566,357,1
32566,234,1
32567,195,3
32568,289,2
32569,183,3
32570,251,1
32570,212,1
32570,198,1
32571,172,2
32572,297,3
32573,257,1
32574,159,3
32575,278,1
32575,327,1
32575,211,1
32576,279,3
32577,207,2
32578,243,2
32579,106,2
32580,369,1
32581,127,1
32582,241,3
32583,128,1
32583,333,1
32583,399,1
32584,219,1
32585,390,1
32585,111,1
32586,338,1
32587,177,1
32588,243,1
32589,356,1
32589,112,1
32589,321,1
32590,367,1
32591,190,1
32591,335,1
32591,355,1
32592,114,3
32593,158,1
32594,391,1
32594,216,1
32594,329,1
32595,152,1
32596,350,1
32597,380,1
32597,182,1
32597,314,1
32598,218,1
32599,279,1
32600,322,1
32601,253,1
32602,123,1
32602,280,1
32603,285,1
32603,302,1
32604,305,1
32605,130,3
32606,302,1
32607,341,1
32607,199,1
32607,223,1
32608,110,1
32608,251,1
32608,235,1
32609,115,2
32610,234,3
32611,309,1
32611,270,1
32611,324,1
32612,385,1
32612,234,1
32613,197,1
32614,125,1
32615,302,1
32616,217,1
32616,312,1
32617,275,1
32617,387,1
32618,102,1
32619,171,1
32619,373,1
32620,126,1
32621,392,2
32622,166,2
32623,374,1
32624,397,1
32624,351,1
32625,291,1
32626,379,1
32627,369,2
32628,129,2
32629,363,1
32629,253,1
32629,116,1
32630,387,1
32630,173,1
32631,157,1
32631,159,1
32631,230,1
32632,139,1
32632,219,1
32633,258,3
32634,269,1
32634,279,1
32634,390,1
32635,111,1
32635,117,1
32635,122,1
32636,118,1
32637,127,1
32638,113,2
32639,364,1
32640,187,1
32641,255,1
32641,223,1
32641,311,1
32642,375,1
32643,117,1
32644,221,1
32645,322,2
32646,270,1
32646,315,1
32646,175,1
32647,291,1
32648,147,1
32648,203,1
32648,169,1
32649,197,1
32650,111,2
32651,315,1
32652,291,2
32653,327,1
32653,385,1
32654,312,3
32655,325,1
32655,144,1
32656,128,1
32657,156,3
32658,292,1
32659,350,1
32659,326,1
32659,276,1
32660,333,1
32660,223,1
32661,256,1
32662,136,3
32663,274,1
32664,207,1
32664,201,1
32665,329,1
32666,154,1
32667,395,3
32668,399,2
32669,384,3
32670,302,3
32671,354,1
32672,243,3
32673,174,3
32674,369,1
32674,376,1
32674,137,1
32675,270,1
32676,229,2
32677,389,2
32678,322,3
32679,379,2
32680,305,2
32681,170,1
32682,360,1
32683,333,1
32683,197,1
32684,165,1
32685,333,1
32686,120,1
32686,193,1
32687,224,3
32688,326,1
32689,259,1
32690,109,1
32691,246,3
32692,139,2
32693,300,2
32694,258,2
32695,127,1
32696,294,1
32696,190,1
32696,156,1
32697,348,1
32698,386,1
32698,183,1
32699,187,1
32700,153,3
32701,105,1
32702,108,1
32702,171,1
32703,140,1
32703,215,1
32704,123,1
32704,399,1
32704,350,1
32705,297,2
32706,376,1
32707,275,3
32708,248,2
32709,215,1
32709,148,1
32709,305,1
32710,327,1
32711,278,2
32712,106,1
32712,338,1
32712,127,1
32713,236,1
32713,330,1
32713,290,1
32714,399,1
32715,182,2
32716,260,3
32717,110,3
32718,197,1
32719,281,1
32719,300,1
32720,362,3
32721,272,1
32721,280,1
32722,133,1
32723,166,1
32724,247,1
32725,400,1
32726,349,2
32727,253,1
32727,312,1
32728,251,1
32728,120,1
32728,211,1
32729,138,1
32729,158,1
32729,222,1
32730,352,1
32731,254,3
32732,264,1
32733,183,3
32734,130,2
32735,235,2
32736,116,1
32736,246,1
32737,254,1
32738,321,1
32739,391,1
32739,299,1
32740,324,1
32740,130,1
32740,391,1
32741,203,1
32742,111,3
32743,278,2
32744,214,3
32745,229,1
32745,330,1
32745,383,1
32746,213,3
32747,171,1
32748,259,1
32748,174,1
32749,285,1
32750,119,1
32750,181,1
32751,375,1
32751,106,1
32752,207,1
32753,168,3
32754,387,1
32755,236,1
32755,191,1
32756,259,3
32757,139,1
32757,195,1
32758,149,1
32759,329,1
32759,365,1
32759,252,1
32760,372,1
32761,301,1
32761,208,1
32761,315,1
32762,169,1
32763,157,1
32763,315,1
32763,169,1
32764,339,1
32764,305,1
32764,174,1
32765,362,1
32765,291,1
32765,153,1
32766,369,3
32767,311,1
32767,143,1
32768,197,1
32768,172,1
32769,105,1
32770,294,2
32771,377,1
32771,168,1
32772,206,1
32773,164,1
32774,295,2
32775,368,1
32775,238,1
32775,110,1
32776,127,1
32776,278,1
32776,284,1
32777,297,1
32777,186,1
32777,356,1
32778,292,1
32778,255,1
32778,157,1
32779,108,1
32779,190,1
32780,318,1
32781,202,1
32781,257,1
32782,362,2
32783,147,2
32784,216,1
32785,191,1
32786,365,1
32786,174,1
32786,172,1
32787,143,1
32788,195,2
32789,285,1
32790,111,1
32791,239,1
32792,156,1
32792,280,1
32793,219,3
32794,179,1
32795,393,3
32796,239,3
32797,194,3
32798,378,1
32799,223,1
32800,150,1
32801,174,1
32801,393,1
32801,382,1
32802,112,2
32803,285,3
32804,102,1
32805,242,1
32806,204,2
32807,359,1
32808,231,1
32809,375,1
32810,152,1
32810,165,1
32811,211,1
32811,376,1
32811,215,1
32812,263,1
32812,191,1
32813,103,1
32814,307,2
32815,169,3
32816,157,1
32816,102,1
32817,303,1
32817,128,1
32818,291,1
32819,303,3
32820,207,1
32821,250,1
32821,244,1
32821,128,1
32822,143,1
32822,166,1
32822,349,1
32823,263,1
32824,215,1
32825,197,3
32826,284,2
32827,145,3
32828,238,1
32829,203,1
32830,215,2
32831,255,2
32832,121,1
32832,395,1
32832,350,1
32833,198,1
32833,200,1
32834,329,3
32835,238,1
32835,172,1
32836,184,1
32836,234,1
32837,207,2
32838,227,1
32839,293,3
32840,345,1
32840,348,1
32840,120,1
32841,123,1
32841,283,1
32842,393,3
32843,373,1
32843,236,1
32843,246,1
32844,301,2
32845,268,1
32845,288,1
32845,363,1
32846,294,1
32847,163,1
32847,199,1
32848,317,1
32848,178,1
32849,396,1
32849,385,1
32849,117,1
32850,253,1
32850,290,1
32850,272,1
32851,157,1
32851,306,1
32851,320,1
32852,253,1
32853,259,1
32853,109,1
32854,387,1
32854,396,1
32854,221,1
32855,291,1
32856,352,1
32856,217,1
32857,163,2
32858,388,1
32859,244,1
32859,131,1
32860,108,1
32861,146,1
32861,319,1
32861,235,1
32862,205,1
32863,129,2
32864,309,1
32864,222,1
32865,379,1
32865,163,1
32866,280,1
32867,200,2
32868,170,1
32869,374,1
32870,233,3
32871,302,2
32872,365,3
32873,394,3
32874,211,1
32875,207,1
32875,123,1
32876,316,1
32876,387,1
32877,319,1
32878,188,3
32879,387,2
32880,202,3
32881,133,1
32881,283,1
32881,117,1
32882,143,1
32883,220,3
32884,213,3
32885,280,1
32885,156,1
32886,390,1
32887,146,1
32887,216,1
32887,240,1
32888,204,1
32889,143,1
32889,375,1
32889,219,1
32890,346,1
32890,312,1
32890,376,1
32891,274,1
32891,284,1
32891,372,1
32892,230,1
32893,158,1
32893,204,1
32893,133,1
32894,135,1
32895,306,1
32895,333,1
32896,220,2
32897,276,2
32898,362,3
32899,329,1
32900,247,3
32901,241,1
32902,289,3
32903,181,2
32904,233,1
32904,135,1
32904,322,1
32905,338,1
32905,284,1
32905,278,1
32906,199,1
32906,162,1
32907,126,1
32907,352,1
32908,304,1
32908,320,1
32908,294,1
32909,364,1
32910,377,2
32911,209,1
32911,399,1
32912,236,2
32913,366,1
32913,189,1
32913,101,1
32914,386,1
32914,104,1
32915,235,1
32915,165,1
32915,363,1
32916,335,1
32916,355,1
32916,150,1
32917,243,1
32917,266,1
32917,130,1
32918,273,2
32919,294,1
32919,214,1
32920,288,1
32921,126,1
32922,259,1
32922,186,1
32923,193,1
32924,137,2
32925,356,2
32926,166,1
32926,318,1
32927,394,1
32928,152,3
32929,183,1
32930,232,1
32930,324,1
32930,239,1
32931,208,3
32932,266,1
32933,254,1
32933,124,1
32933,339,1
32934,277,3
32935,268,1
32936,181,1
32936,181,1
32936,312,1
32937,135,3
32938,373,3
32939,124,1
32939,241,1
32940,298,2
32941,167,1
32942,330,1
32943,247,1
32944,149,1
32944,222,1
32944,229,1
32945,290,1
32946,302,1
32946,335,1
32947,185,1
32948,133,1
32948,156,1
32949,396,1
32950,301,1
32951,346,2
32952,121,1
32952,256,1
32952,219,1
32953,287,2
32954,256,1
32954,161,1
32955,174,3
32956,263,2
32957,395,1
32957,348,1
32957,359,1
32958,218,2
32959,348,1
32960,189,1
32960,286,1
32961,280,1
32961,339,1
32961,298,1
32962,315,3
32963,400,2
32964,281,2
32965,106,1
32965,393,1
32965,245,1
32966,204,1
32966,208,1
32966,131,1
32967,193,1
32967,155,1
32967,336,1
32968,169,1
32969,239,3
32970,225,3
32971,391,1
32972,284,1
32973,371,1
32974,158,1
32974,160,1
32974,377,1
32975,337,1
32975,348,1
32975,206,1
32976,159,1
32976,369,1
32977,385,3
32978,284,1
32978,231,1
32978,156,1
32979,351,3
32980,203,3
32981,382,1
32982,293,1
32983,118,1
32983,104,1
32984,284,1
32984,142,1
32984,356,1
32985,175,2
32986,398,1
32986,228,1
32987,237,1
32988,213,2
32989,148,1
32990,287,3
32991,349,1
32991,146,1
32992,122,1
32992,148,1
32992,124,1
32993,264,1
32993,212,1
32994,299,1
32994,104,1
32994,267,1
32995,216,1
32995,334,1
32996,134,1
32996,310,1
32997,319,1
32997,165,1
32998,197,1
32999,303,3
33000,364,1
33001,255,2
33002,155,1
33003,347,1
33003,272,1
33004,334,3
33005,278,1
33005,353,1
33006,155,1
33007,282,3
33008,312,1
33009,399,1
33009,365,1
33010,236,3
33011,348,1
33012,400,1
33012,104,1
33013,258,1
33013,188,1
33014,236,2
33015,352,1
33015,208,1
33015,133,1
33016,142,1
33017,240,3
33018,210,3
33019,235,1
33019,295,1
33020,356,1
33021,278,1
33021,221,1
33022,272,2
33023,316,1
33023,223,1
33024,265,1
33025,256,1
33026,194,1
33026,371,1
33027,208,1
33028,378,1
33028,348,1
33028,135,1
33029,321,3
33030,183,1
33031,398,3
33032,296,1
33033,174,1
33033,223,1
33034,128,1
33034,227,1
33034,297,1
33035,236,1
33036,118,1
33036,161,1
33037,353,2
33038,182,3
33039,331,3
33040,238,1
33041,224,1
33042,277,1
33043,291,2
33044,304,1
33044,345,1
33044,351,1
33045,268,2
33046,260,1
33047,243,1
33048,354,1
33048,289,1
33049,327,1
33050,360,1
33051,390,1
33051,350,1
33052,322,1
33053,187,1
33053,166,1
33054,376,1
33054,192,1
33055,379,2
33056,267,2
33057,302,3
33058,236,3
33059,192,1
33060,259,2
33061,141,1
33062,313,3
33063,372,1
33063,201,1
33063,254,1
33064,113,1
33064,244,1
33065,273,2
33066,123,3
33067,240,3
33068,139,1
33069,211,1
33070,335,1
33071,372,1
33071,238,1
33071,228,1
33072,267,2
33073,390,2
33074,250,2
33075,255,1
33076,256,1
33077,125,2
33078,202,1
33079,366,2
33080,280,1
33080,292,1
33080,164,1
33081,341,3
33082,399,1
33083,305,1
33084,251,2
33085,394,1
33086,357,1
33086,246,1
33087,196,1
33087,126,1
33087,304,1
33088,258,1
33088,209,1
33089,212,3
33090,374,1
33090,151,1
33091,270,1
33092,320,1
33093,145,1
33094,313,3
33095,287,2
33096,312,2
33097,387,1
33098,130,1
33099,113,1
33100,248,1
33100,160,1
33100,263,1
33101,119,2
33102,341,2
33103,330,1
33104,246,2
33105,227,2
33106,146,1
33106,110,1
33107,223,1
33108,303,1
33109,361,1
33110,362,1
33111,124,1
33111,205,1
33112,344,2
33113,318,3
33114,171,1
33114,330,1
33114,132,1
33115,285,1
33115,347,1
33116,279,1
33117,384,1
33118,379,3
33119,272,1
33120,292,1
33121,221,1
33122,239,1
33123,230,1
33123,222,1
33124,369,3
33125,382,3
33126,113,2
33127,281,3
33128,360,1
33129,196,1
33129,336,1
33129,271,1
33130,127,1
33131,220,3
33132,113,1
33133,356,1
33134,333,3
33135,213,2
33136,267,1
33137,146,1
33138,260,1
33139,138,2
33140,260,1
33141,316,1
33141,335,1
33142,245,1
33142,318,1
33142,194,1
33143,154,1
33143,387,1
33144,244,3
33145,293,3
33146,339,1
33147,124,1
33148,383,1
33149,390,1
33150,237,3
33151,236,1
33152,298,1
33153,324,2
33154,276,1
33154,358,1
33155,121,2
33156,258,1
33157,200,3
33158,339,1
33158,181,1
33159,391,1
33160,275,3
33161,127,1
33161,129,1
33161,122,1
33162,105,1
33163,184,2
33164,194,1
33164,147,1
33165,181,2
33166,351,2
33167,290,1
33168,385,3
33169,121,1
33169,331,1
33170,361,1
33171,138,1
33171,375,1
33172,205,1
33172,392,1
33173,347,1
33173,324,1
33173,157,1
33174,188,2
33175,385,1
33175,240,1
33175,185,1
33176,241,1
33177,358,2
33178,260,2
33179,209,2
33180,213,1
33180,376,1
33181,322,1
33182,360,1
33182,126,1
33182,345,1
33183,170,1
33184,104,1
33184,295,1
33185,324,1
33186,165,1
33186,347,1
33187,396,2
33188,194,2
33189,322,1
33189,113,1
33189,188,1
33190,369,1
33191,322,2
33192,256,3
33193,322,2
33194,400,1
33194,335,1
33195,293,1
33196,113,2
33197,333,3
33198,384,1
33199,196,3
33200,174,3
33201,341,1
33202,231,2
33203,328,1
33203,275,1
33204,175,1
33204,171,1
33205,103,2
33206,154,1
33206,156,1
33207,223,1
33208,234,3
33209,165,1
33209,296,1
33209,342,1
33210,227,1
33211,309,3
33212,115,1
33213,374,1
33213,126,1
33213,103,1
33214,250,2
33215,110,3
33216,237,1
33217,156,3
33218,291,1
33218,212,1
33219,105,1
33219,364,1
33220,251,1
33220,194,1
33221,106,2
33222,193,1
33223,257,1
33224,326,2
33225,281,1
33225,234,1
33225,147,1
33226,357,1
33227,318,1
33228,304,1
33228,169,1
33229,232,1
33229,294,1
33229,177,1
33230,399,1
33230,212,1
33231,332,1
33231,254,1
33231,179,1
33232,103,3
33233,380,1
33234,183,1
33234,269,1
33234,234,1
33235,160,3
33236,227,1
33237,237,2
33238,282,1
33238,214,1
33239,228,1
33240,341,1
33241,188,1
33242,255,1
33242,117,1
33242,286,1
33243,307,1
33243,205,1
33243,185,1
33244,247,1
33244,338,1
33245,288,1
33245,222,1
33246,145,1
33246,204,1
33247,309,1
33248,148,2
33249,384,1
33249,372,1
33249,222,1
33250,243,3
33251,256,2
33252,224,1
33253,283,1
33253,260,1
33254,268,1
33254,263,1
33254,132,1
33255,121,1
33255,273,1
33256,372,3
33257,398,1
33258,339,3
33259,289,1
33260,180,1
33260,389,1
33260,213,1
33261,358,1
33261,353,1
33261,129,1
33262,287,1
33262,253,1
33263,158,1
33263,272,1
33264,334,2
33265,120,1
33265,128,1
33265,225,1
33266,264,2
33267,104,2
33268,395,1
33268,226,1
33269,107,1
33270,170,3
33271,106,2
33272,139,1
33272,170,1
33273,287,1
33273,141,1
33273,343,1
33274,248,1
33275,396,1
33276,114,1
33276,355,1
33277,303,1
33277,230,1
33278,286,2
33279,311,1
33279,318,1
33280,200,1
33280,103,1
33280,270,1
33281,312,1
33282,210,1
33282,245,1
33283,106,3
33284,147,1
33284,372,1
33285,238,3
33286,287,1
33287,379,2
33288,378,1
33288,338,1
33288,223,1
33289,160,1
33290,169,1
33290,120,1
33291,250,2
33292,113,1
33293,358,1
33293,144,1
33293,338,1
33294,105,1
33294,330,1
33294,222,1
33295,168,1
33296,363,1
33297,397,1
33298,385,1
33298,188,1
33299,165,2
33300,261,1
33300,135,1
33300,320,1
33301,284,3
33302,316,3
33303,156,1
33303,336,1
33304,344,1
33304,349,1
33304,390,1
33305,290,2
33306,102,1
33306,140,1
33307,116,1
33308,275,1
33308,130,1
33308,231,1
33309,246,1
33309,358,1
33310,288,3
33311,270,1
33311,210,1
33312,185,3
33313,347,3
33314,232,1
33314,263,1
33314,314,1
33315,185,1
33315,292,1
33316,186,3
33317,277,1
33318,209,1
33318,265,1
33318,174,1
33319,213,1
33319,260,1
33320,305,2
33321,185,1
33321,155,1
33322,269,1
33322,167,1
33323,150,1
33324,226,1
33324,387,1
33325,303,1
33325,249,1
33326,102,1
33327,153,3
33328,179,1
33328,121,1
33328,396,1
33329,147,1
33330,277,1
33331,325,1
33332,356,3
33333,364,1
33333,168,1
33334,149,1
33335,253,1
33335,167,1
33335,201,1
33336,346,1
33336,252,1
33337,111,1
33337,184,1
33337,154,1
33338,328,1
33339,371,3
33340,103,1
33340,141,1
33340,265,1
33341,301,1
33342,358,1
33342,394,1
33342,116,1
33343,288,1
33343,157,1
33344,172,1
33344,135,1
33344,229,1
33345,395,1
33345,323,1
33345,391,1
33346,232,1
33346,223,1
33347,204,3
33348,327,1
33348,152,1
33349,194,1
33349,391,1
33350,229,1
33350,196,1
33350,196,1
33351,126,1
33351,349,1
33352,191,1
33353,217,1
33354,306,1
33354,195,1
33354,245,1
33355,246,2
33356,298,1
33357,112,1
33358,320,2
33359,397,1
33360,172,1
33361,220,1
33362,240,1
33362,140,1
33362,177,1
33363,398,3
33364,376,1
33364,124,1
33364,146,1
33365,156,1
33366,334,1
33366,198,1
33367,399,3
33368,366,1
33369,260,1
33370,144,1
33371,193,3
33372,346,1
33373,146,3
33374,303,2
33375,283,2
33376,196,1
33377,190,1
33377,171,1
33378,116,1
33378,312,1
33379,178,1
33380,227,2
33381,180,1
33382,266,1
33382,324,1
33383,361,1
33384,373,1
33385,280,1
33385,161,1
33386,309,1
33386,356,1
33386,300,1
33387,288,1
33388,221,1
33389,159,3
33390,190,1
33391,173,1
33391,180,1
33391,386,1
33392,310,1
33392,197,1
33392,338,1
33393,373,1
33393,372,1
33394,310,3
33395,111,3
33396,252,2
33397,373,2
33398,157,1
33399,136,1
33399,161,1
33399,259,1
33400,344,1
33401,266,1
33401,283,1
33401,209,1
33402,363,1
33402,305,1
33402,357,1
33403,249,1
33404,378,3
33405,198,1
33406,331,1
33407,311,1
33408,152,1
33409,250,2
33410,158,1
33410,118,1
33410,161,1
33411,128,1
33411,397,1
33412,380,1
33412,269,1
33412,257,1
33413,123,1
33413,329,1
33413,246,1
33414,233,1
33415,202,1
33416,119,1
33416,112,1
33416,363,1
33417,113,3
33418,312,3
33419,238,1
33420,200,3
33421,385,1
33422,153,1
33423,127,1
33423,350,1
33424,383,1
33424,246,1
33425,245,1
33425,210,1
33426,293,1
33426,305,1
33426,355,1
33427,351,3
33428,160,3
33429,121,1
33429,349,1
33430,385,1
33431,323,3
33432,274,1
33432,262,1
33432,161,1
33433,223,1
33433,305,1
33433,219,1
33434,257,1
33435,124,1
33436,247,1
33436,274,1
33436,156,1
33437,259,1
33437,353,1
33438,319,1
33438,107,1
33438,303,1
33439,252,1
33439,249,1
33440,355,1
33441,299,1
33441,165,1
33441,226,1
33442,258,1
33442,215,1
33442,330,1
33443,227,2
33444,383,1
33444,156,1
33445,134,3
33446,257,1
33447,152,1
33448,113,1
33449,274,2
33450,175,1
33450,386,1
33451,313,1
33452,306,1
33452,275,1
33453,353,1
33453,285,1
33453,170,1
33454,176,2
33455,199,1
33456,342,2
33457,285,1
33458,308,1
33459,243,2
33460,236,2
33461,144,3
33462,252,1
33463,279,1
33464,380,1
33465,108,1
33466,266,1
33466,128,1
33466,307,1
33467,120,1
33468,154,1
33469,110,1
33470,156,1
33471,178,1
33471,355,1
33471,209,1
33472,180,2
33473,162,2
33474,136,1
33474,278,1
33475,317,1
33476,395,1
33477,348,3
33478,361,1
33478,128,1
33478,286,1
33479,306,1
33479,263,1
33479,281,1
33480,222,3
33481,160,1
33481,268,1
33481,391,1
33482,359,3
33483,168,1
33484,391,3
33485,116,1
33485,148,1
33486,325,1
33486,260,1
33487,265,1
33487,381,1
33487,325,1
33488,236,1
33488,186,1
33489,155,1
33489,316,1
33489,335,1
33490,381,1
33491,329,1
33491,305,1
33491,310,1
33492,367,1
33492,259,1
33493,352,1
33493,324,1
33494,236,2
33495,258,1
33495,104,1
33496,121,2
33497,341,1
33497,288,1
33498,191,2
33499,304,3
33500,335,1
33501,103,3
33502,298,1
33502,159,1
33503,272,1
33503,387,1
33503,384,1
33504,287,1
33505,399,2
33506,373,3
33507,114,2
33508,306,1
33509,129,3
33510,249,1
33510,306,1
33511,127,1
33512,137,3
33513,259,2
33514,290,3
33515,310,3
33516,364,3
33517,318,1
33517,162,1
33518,123,2
33519,391,3
33520,367,3
33521,161,1
33521,106,1
33521,127,1
33522,115,1
33522,345,1
33522,310,1
33523,191,1
33524,279,1
33525,216,1
33525,282,1
33525,216,1
33526,266,3
33527,220,1
33527,209,1
33528,267,1
33529,263,3
33530,345,3
33531,319,2
33532,320,2
33533,120,2
33534,368,2
33535,349,2
33536,395,3
33537,146,3
33538,361,1
33539,362,1
33540,143,1
33540,321,1
33541,144,1
33542,239,1
33543,230,1
33544,397,1
33544,259,1
33544,134,1
33545,386,1
33545,396,1
33546,169,1
33546,317,1
33547,212,1
33548,110,1
33549,388,1
33550,341,1
33550,315,1
33550,227,1
33551,220,3
33552,239,1
33553,370,1
33554,168,3
33555,202,1
33556,137,1
33557,202,1
33557,328,1
33557,394,1
33558,130,1
33558,254,1
33558,355,1
33559,290,1
33559,399,1
33559,296,1
33560,230,1
33561,159,1
33561,260,1
33562,171,3
33563,262,2
33564,299,1
33565,325,1
33566,108,3
33567,311,1
33567,380,1
33568,351,1
33568,299,1
33568,243,1
33569,393,1
33569,273,1
33570,318,1
33570,395,1
33571,316,1
33572,288,1
33573,239,1
33574,281,1
33574,234,1
33574,141,1
33575,182,1
33576,370,1
33577,280,1
33577,158,1
33577,215,1
33578,238,2
33579,150,1
33580,256,2
33581,211,1
33582,308,1
33582,383,1
33582,350,1
33583,154,1
33583,235,1
33583,157,1
33584,200,3
33585,142,1
33586,352,3
33587,382,1
33588,174,1
33589,117,1
33589,120,1
33590,205,1
33591,320,1
33591,154,1
33592,288,1
33593,222,1
33593,218,1
33593,375,1
33594,168,1
33595,349,2
33596,367,3
33597,381,1
33598,394,1
33599,266,3
33600,310,1
33600,287,1
33600,300,1
33601,127,2
33602,149,1
33602,366,1
33602,373,1
33603,264,1
33604,138,1
33605,398,3
33606,329,1
33607,377,1
33607,219,1
33607,317,1
33608,393,1
33609,292,1
33610,256,1
33611,242,3
33612,389,2
33613,231,1
33613,180,1
33614,245,3
33615,182,1
33616,121,1
33616,284,1
33616,156,1
33617,228,3
33618,376,1
33618,284,1
33619,117,1
33619,207,1
33620,156,1
33621,171,1
33621,111,1
33622,208,2
33623,298,3
33624,343,1
33625,338,1
33625,338,1
33625,163,1
33626,384,1
33627,145,3
33628,142,3
33629,310,3
33630,277,2
33631,211,3
33632,255,1
33633,246,1
33634,217,2
33635,359,2
33636,112,1
33636,365,1
33637,324,1
33637,246,1
33637,248,1
33638,233,1
33638,226,1
33638,132,1
33639,139,2
33640,126,3
33641,172,1
33642,374,2
33643,272,1
33644,350,1
33645,381,1
33645,202,1
33646,374,1
33647,239,1
33648,168,3
33649,329,1
33650,183,1
33650,103,1
33651,337,3
33652,102,1
33653,233,1
33653,372,1
33654,368,1
33655,297,1
33656,391,1
33657,383,2
33658,327,1
33659,287,1
33659,352,1
33659,389,1
33660,114,1
33661,319,1
33662,271,2
33663,261,1
33663,165,1
33664,204,1
33664,378,1
33664,388,1
33665,264,1
33666,290,3
33667,270,2
33668,171,2
33669,264,1
33669,150,1
33670,252,1
33670,327,1
33670,212,1
33671,273,1
33671,257,1
33672,218,1
33672,287,1
33673,192,3
33674,313,1
33675,295,1
33676,131,1
33677,111,1
33677,101,1
33678,104,1
33679,150,3
33680,273,3
33681,235,3
33682,316,1
33682,146,1
33682,275,1
33683,218,1
33684,230,1
33684,391,1
33685,128,1
33686,191,3
33687,340,2
33688,310,3
33689,281,2
33690,369,1
33691,350,1
33692,146,3
33693,250,3
33694,204,1
33694,103,1
33695,290,1
33696,187,1
33696,126,1
33697,130,2
33698,393,1
33698,318,1
33699,148,1
33700,290,1
33701,252,2
33702,184,3
33703,178,3
33704,248,1
33705,350,1
33705,175,1
33705,269,1
33706,212,1
33707,295,1
33708,150,1
33708,179,1
33708,126,1
33709,377,2
33710,222,2
33711,383,1
33711,394,1
33711,216,1
33712,353,1
33713,332,3
33714,366,1
33714,309,1
33715,306,3
33716,250,2
33717,199,2
33718,368,1
33718,195,1
33718,304,1
33719,352,1
33719,381,1
33720,129,1
33721,222,1
33722,242,1
33723,311,1
33724,372,1
33724,357,1
33725,225,1
33725,143,1
33725,216,1
33726,162,2
33727,156,1
33728,105,2
33729,206,2
33730,222,1
33731,243,1
33731,328,1
33731,162,1
33732,242,1
33733,144,1
33734,393,1
33734,133,1
33734,361,1
33735,213,1
33735,348,1
33736,237,1
33736,359,1
33736,350,1
33737,242,1
33738,323,1
33738,133,1
33739,356,3
33740,145,3
33741,244,3
33742,356,3
33743,288,1
33744,130,1
33745,223,2
33746,323,2
33747,394,3
33748,224,1
33749,399,1
33750,155,1
33750,265,1
33750,377,1
33751,288,1
33751,193,1
33752,262,1
33753,383,1
33754,194,3
33755,219,1
33755,388,1
33756,157,3
33757,195,1
33758,380,2
33759,323,1
33760,347,1
33761,131,3
33762,338,1
33762,387,1
33763,200,1
33763,187,1
33764,189,2
33765,337,1
33765,208,1
33766,211,1
33766,238,1
33766,245,1
33767,137,1
33768,307,1
33768,261,1
33768,232,1
33769,239,3
33770,249,2
33771,252,1
33771,203,1
33772,318,3
33773,125,1
33774,257,3
33775,265,1
33776,135,1
33777,297,1
33777,133,1
33778,366,1
33779,367,1
33779,258,1
33780,355,1
33780,306,1
33781,354,1
33782,242,1
33783,180,1
33783,383,1
33783,258,1
33784,353,1
33785,151,1
33785,224,1
33785,262,1
33786,361,1
33787,223,1
33787,175,1
33788,139,3
33789,363,1
33790,365,1
33790,185,1
33791,352,1
33791,183,1
33791,159,1
33792,303,1
33793,194,3
33794,360,1
33795,375,1
33795,315,1
33795,117,1
33796,230,2
33797,102,3
33798,338,2
33799,146,1
33800,127,1
33800,351,1
33800,304,1
33801,374,3
33802,132,1
33802,210,1
33802,209,1
33803,160,2
33804,175,2
33805,362,3
33806,102,1
33806,332,1
33806,392,1
33807,234,2
33808,205,1
33808,240,1
33808,230,1
33809,319,1
33809,274,1
33810,317,2
33811,231,1
33811,240,1
33812,154,1
33812,263,1
33813,310,1
33814,110,3
33815,226,2
33816,202,1
33816,173,1
33816,137,1
33817,145,2
33818,341,2
33819,136,2
33820,380,1
33821,155,1
33822,380,1
33822,156,1
33822,331,1
33823,103,1
33823,309,1
33823,292,1
33824,288,2
33825,236,3
33826,218,1
33827,128,1
33827,105,1
33828,113,1
33828,267,1
33829,234,2
33830,290,3
33831,101,3
33832,261,1
33833,296,1
33833,396,1
33833,371,1
33834,204,1
33835,363,1
33836,338,1
33836,109,1
33837,241,1
33838,183,1
33838,375,1
33838,266,1
33839,177,1
33839,251,1
33840,236,2
33841,345,1
33842,334,3
33843,205,1
33843,363,1
33843,155,1
33844,110,2
33845,320,1
33845,280,1
33845,271,1
33846,284,3
33847,327,1
33848,395,1
33848,178,1
33848,194,1
33849,204,1
33850,108,1
33851,355,1
33851,283,1
33851,234,1
33852,285,3
33853,392,3
33854,180,1
33855,277,1
33855,320,1
33856,287,1
33857,396,1
33858,281,1
33858,212,1
33859,319,1
33860,213,2
33861,310,2
33862,316,2
33863,377,1
33863,161,1
33864,121,1
33865,268,1
33866,281,2
33867,215,1
33868,306,1
33869,186,2
33870,346,3
33871,184,1
33871,219,1
33872,138,1
33873,356,1
33873,128,1
33874,112,3
33875,389,1
33876,171,2
33877,171,1
33878,358,2
33879,236,1
33879,269,1
33880,106,1
33880,194,1
33881,360,1
33881,269,1
33881,201,1
33882,260,2
33883,216,1
33883,113,1
33884,125,1
33885,263,1
33885,393,1
33885,240,1
33886,400,2
33887,231,1
33887,117,1
33888,365,3
33889,379,2
33890,342,1
33891,253,3
33892,309,1
33893,255,1
33893,143,1
33893,218,1
33894,218,1
33895,386,2
33896,150,1
33897,218,3
33898,198,1
33899,284,1
33899,161,1
33900,167,3
33901,115,1
33901,219,1
33902,157,2
33903,152,2
33904,354,3
33905,185,1
33905,160,1
33906,130,1
33906,168,1
33907,265,1
33908,216,1
33908,319,1
33909,121,3
33910,363,1
33910,230,1
33911,166,1
33912,107,1
33913,371,2
33914,199,1
33914,215,1
33914,230,1
33915,182,1
33916,297,1
33916,358,1
33916,227,1
33917,276,1
33918,154,3
33919,154,1
33919,104,1
33919,363,1
33920,108,1
33921,255,1
33922,251,2
33923,215,1
33924,342,3
33925,258,1
33925,360,1
33925,134,1
33926,359,1
33927,124,1
33928,383,3
33929,141,1
33930,182,1
33931,278,1
33932,330,1
33932,178,1
33933,301,1
33933,380,1
33934,110,1
33934,204,1
33935,114,1
33935,112,1
33935,203,1
33936,259,3
33937,264,2
33938,125,2
33939,226,1
33940,288,1
33941,109,2
33942,365,2
33943,365,2
33944,327,1
33945,149,3
33946,200,1
33947,249,1
33947,250,1
33947,195,1
33948,380,1
33948,311,1
33949,355,2
33950,382,1
33951,285,1
33952,334,1
33953,386,2
33954,320,3
33955,350,1
33955,265,1
33956,105,2
33957,253,3
33958,307,1
33958,300,1
33958,279,1
33959,265,1
33959,272,1
33960,177,1
33960,328,1
33961,367,2
33962,114,1
33963,388,2
33964,313,3
33965,268,1
33966,342,3
33967,238,1
33967,184,1
33968,224,1
33969,112,1
33969,197,1
33969,147,1
33970,126,1
33971,296,1
33972,324,3
33973,132,1
33973,395,1
33973,290,1
33974,256,1
33974,123,1
33974,214,1
33975,356,1
33975,159,1
33975,106,1
33976,127,1
33977,358,2
33978,368,1
33978,379,1
33979,221,1
33980,246,2
33981,381,2
33982,333,1
33982,282,1
33983,159,1
33984,279,2
33985,165,1
33985,350,1
33985,248,1
33986,308,1
33986,392,1
33987,241,2
33988,103,1
33989,164,1
33989,344,1
33989,378,1
33990,130,1
33991,115,3
33992,108,3
33993,301,1
33994,179,2
33995,229,1
33995,288,1
33995,321,1
33996,315,1
33996,271,1
33997,153,3
33998,141,3
33999,124,1
34000,125,2
34001,161,1
34002,256,1
34002,133,1
34003,313,1
34003,237,1
34003,157,1
34004,128,3
34005,328,3
34006,228,1
34007,201,1
34008,264,3
34009,256,1
34009,337,1
34010,391,2
34011,135,1
34011,365,1
34012,201,1
34012,242,1
34012,245,1
34013,133,1
34013,156,1
34014,147,1
34015,231,1
34015,250,1
34016,258,3
34017,157,1
34018,316,1
34018,179,1
34018,181,1
34019,362,1
34020,233,1
34021,333,1
34021,251,1
34022,397,1
34022,225,1
34023,184,1
34024,369,1
34025,366,1
34026,199,1
34027,301,1
34028,378,1
34029,141,1
34029,320,1
34030,359,2
34031,119,1
34032,392,1
34033,225,1
34034,375,1
34034,336,1
34035,251,1
34035,106,1
34036,158,1
34036,195,1
34036,132,1
34037,196,1
34038,172,1
34039,306,1
34039,266,1
34040,361,1
34041,277,1
34041,234,1
34041,398,1
34042,380,1
34042,216,1
34043,243,1
34043,392,1
34043,300,1
34044,213,1
34045,202,1
34045,400,1
34046,265,1
34046,123,1
34046,325,1
34047,152,1
34047,113,1
34047,295,1
34048,220,3
34049,256,1
34050,318,1
34051,226,1
34052,231,3
34053,151,1
34054,271,1
34055,178,1
34056,360,1
34057,233,1
34058,196,2
34059,255,3
34060,282,1
34060,194,1
34060,158,1
34061,130,1
34062,106,3
34063,318,1
34064,282,1
34064,202,1
34064,315,1
34065,211,1
34066,395,1
34067,294,1
34067,292,1
34067,349,1
34068,274,2
34069,170,1
34070,141,1
34071,394,3
34072,255,3
34073,392,3
34074,200,1
34074,265,1
34075,294,1
34076,297,2
34077,377,1
34077,129,1
34078,375,1
34078,236,1
34078,106,1
34079,157,1
34079,360,1
34080,142,1
34081,344,1
34081,113,1
34082,125,3
34083,316,1
34083,115,1
34083,293,1
34084,320,3
34085,265,1
34085,196,1
34085,391,1
34086,386,1
34086,316,1
34086,386,1
34087,295,1
34088,358,1
34088,356,1
34088,283,1
34089,170,2
34090,209,2
34091,230,3
34092,198,1
34092,157,1
34093,288,1
34094,347,1
34094,274,1
34095,134,3
34096,363,1
34096,282,1
34096,154,1
34097,246,2
34098,163,2
34099,119,2
34100,270,2
34101,355,1
34102,373,2
34103,202,3
34104,182,1
34105,132,1
34105,164,1
34105,175,1
34106,357,1
34107,296,1
34107,245,1
34108,205,1
34108,230,1
34109,324,1
34109,197,1
34110,290,2
34111,213,2
34112,397,1
34113,225,1
34114,242,3
34115,234,3
34116,308,1
34116,234,1
34116,384,1
34117,143,1
34118,326,1
34118,397,1
34118,328,1
34119,105,1
34119,347,1
34120,321,3
34121,249,2
34122,196,3
34123,379,1
34124,146,1
34124,248,1
34125,345,1
34125,360,1
34125,383,1
34126,138,1
34126,387,1
34127,318,2
34128,306,1
34129,362,2
34130,393,1
34130,222,1
34131,276,1
34131,345,1
34132,305,1
34132,172,1
34132,283,1
34133,175,3
34134,255,1
34134,270,1
34135,239,1
34135,309,1
34136,219,1
34136,219,1
34136,295,1
34137,222,3
34138,214,1
34139,343,1
34139,326,1
34139,209,1
34140,357,1
34140,371,1
34141,211,1
34141,272,1
34142,263,1
34142,110,1
34142,384,1
34143,214,1
34144,234,2
34145,139,1
34146,365,1
34147,390,3
34148,145,2
34149,108,2
34150,326,2
34151,324,1
34151,144,1
34152,291,3
34153,189,1
34153,293,1
34154,159,1
34154,287,1
34155,294,3
34156,313,1
34157,396,1
34157,230,1
34158,258,1
34159,164,2
34160,358,1
34161,212,3
34162,268,3
34163,178,1
34164,336,1
34164,283,1
34164,179,1
34165,186,1
34166,280,1
34167,380,3
34168,383,1
34168,197,1
34169,220,3
34170,300,1
34170,240,1
34171,251,1
34171,356,1
34172,160,1
34173,351,1
34173,160,1
34174,264,2
34175,367,2
34176,159,1
34176,325,1
34176,388,1
34177,349,3
34178,204,1
34178,203,1
34179,375,1
34179,105,1
34179,324,1
34180,335,1
34180,184,1
34181,128,1
34182,242,1
34182,138,1
34183,131,2
34184,355,1
34184,264,1
34185,209,1
34185,311,1
34185,112,1
34186,244,2
34187,398,1
34187,286,1
34188,331,1
34188,122,1
34188,160,1
34189,292,2
34190,186,2
34191,207,1
34192,232,3
34193,355,1
34194,188,1
34194,398,1
34195,167,1
34196,232,2
34197,198,1
34198,306,2
34199,254,1
34199,158,1
34200,381,1
34201,222,1
34202,239,1
34202,323,1
34202,162,1
34203,109,1
34204,392,1
34204,389,1
34204,160,1
34205,134,1
34206,320,1
34206,362,1
34207,272,3
34208,216,1
34209,144,3
34210,150,3
34211,215,3
34212,244,3
34213,291,2
34214,242,1
34214,180,1
34214,357,1
34215,103,1
34216,151,1
34217,221,1
34217,366,1
34217,162,1
34218,246,1
34218,267,1
34218,186,1
34219,281,1
34219,229,1
34220,335,3
34221,394,1
34221,360,1
34221,155,1
34222,212,1
34223,299,1
34223,104,1
34224,257,1
34225,201,1
34226,214,1
34227,354,1
34227,188,1
34227,181,1
34228,145,2
34229,357,1
34230,390,1
34230,265,1
34230,293,1
34231,329,2
34232,392,1
34233,164,3
34234,327,1
34235,371,1
34236,295,1
34236,198,1
34237,208,2
34238,228,3
34239,276,1
34239,244,1
34239,299,1
34240,341,1
34241,171,2
34242,248,1
34242,371,1
34242,330,1
34243,400,1
34244,314,1
34245,279,1
34246,400,3
34247,365,3
34248,198,1
34249,231,3
34250,271,1
34251,266,1
34251,229,1
34252,357,1
34253,123,1
34254,308,1
34255,310,2
34256,244,3
34257,251,1
34257,249,1
34257,189,1
34258,216,1
34258,318,1
34258,109,1
34259,256,1
34260,142,1
34260,219,1
34261,328,3
34262,163,1
34263,206,1
34264,116,1
34265,124,1
34265,188,1
34266,165,1
34267,395,1
34267,184,1
34267,265,1
34268,280,2
34269,224,1
34269,383,1
34270,165,1
34271,235,1
34271,352,1
34271,101,1
34272,304,2
34273,379,1
34274,119,1
34274,200,1
34275,154,2
34276,248,1
34277,392,1
34277,112,1
34277,242,1
34278,392,1
34279,145,1
34279,226,1
34280,242,2
34281,375,1
34281,298,1
34282,296,1
34282,128,1
34283,360,1
34284,253,1
34284,192,1
34284,394,1
34285,194,2
34286,289,1
34286,111,1
34286,338,1
34287,362,2
34288,181,1
34288,370,1
34289,303,3
34290,102,1
34291,123,1
34291,378,1
34291,245,1
34292,135,1
34293,399,1
34293,333,1
34294,103,1
34294,335,1
34294,356,1
34295,268,1
34295,272,1
34296,360,1
34296,278,1
34297,187,1
34298,363,2
34299,109,1
34299,216,1
34299,165,1
34300,218,1
34300,173,1
34301,165,1
34302,400,1
34303,382,2
34304,109,2
34305,298,2
34306,235,1
34307,116,2
34308,189,1
34309,255,2
34310,114,1
34311,219,1
34312,187,1
34313,125,1
34313,383,1
34313,294,1
34314,295,1
34314,111,1
34314,278,1
34315,302,1
34316,383,1
34316,266,1
34316,279,1
34317,328,3
34318,116,2
34319,146,3
34320,108,3
34321,146,2
34322,233,1
34322,384,1
34322,121,1
34323,399,1
34324,208,1
34324,320,1
34324,298,1
34325,361,1
34326,160,1
34326,113,1
34327,344,2
34328,265,2
34329,398,1
34330,346,3
34331,360,3
34332,393,3
34333,193,3
34334,188,3
34335,159,1
34335,337,1
34335,291,1
34336,160,1
34336,399,1
34337,280,1
34338,246,2
34339,221,1
34339,138,1
34339,374,1
34340,359,2
34341,138,1
34341,275,1
34341,185,1
34342,314,3
34343,278,3
34344,308,1
34344,370,1
34345,279,3
34346,105,1
34346,135,1
34346,233,1
34347,376,1
34347,206,1
34348,370,1
34349,116,1
34349,182,1
34349,130,1
34350,168,1
34350,317,1
34351,280,1
34352,326,2
34353,217,1
34354,117,1
34354,185,1
34355,105,2
34356,267,1
34356,345,1
34357,318,2
34358,376,1
34358,289,1
34358,229,1
34359,220,1
34359,387,1
34360,280,1
34360,205,1
34361,283,3
34362,400,1
34362,124,1
34362,387,1
34363,212,1
34363,164,1
34364,336,3
34365,291,1
34366,232,1
34366,264,1
34367,203,1
34367,222,1
34368,271,3
34369,184,1
34369,356,1
34369,389,1
34370,157,3
34371,333,2
34372,323,2
34373,292,1
34373,139,1
34374,261,1
34374,311,1
34374,338,1
34375,214,1
34376,234,1
34377,318,1
34377,361,1
34377,223,1
34378,255,2
34379,256,1
34379,395,1
34379,379,1
34380,392,1
34381,398,3
34382,306,1
34382,310,1
34382,179,1
34383,153,1
34384,368,2
34385,179,1
34386,266,1
34387,345,1
34388,158,1
34388,300,1
34389,238,1
34389,180,1
34389,334,1
34390,130,1
34391,362,1
34392,378,1
34392,126,1
34392,199,1
34393,156,1
34394,279,1
34394,368,1
34394,293,1
34395,131,3
34396,253,1
34396,320,1
34397,215,1
34397,363,1
34398,113,1
34398,145,1
34399,356,1
34399,125,1
34399,210,1
34400,372,2
34401,167,1
34402,370,1
34403,387,1
34403,301,1
34403,269,1
34404,339,1
34405,117,1
34405,206,1
34406,101,3
34407,226,2
34408,252,1
34408,136,1
34409,109,3
34410,153,1
34410,304,1
34411,271,1
34412,201,1
34413,198,1
34413,134,1
34413,221,1
34414,244,3
34415,217,2
34416,280,1
34416,367,1
34416,396,1
34417,262,2
34418,222,1
34418,352,1
34419,190,1
34420,126,1
34421,275,1
34421,223,1
34422,380,1
34422,372,1
34423,131,1
34424,223,1
34425,250,1
34426,118,1
34426,237,1
34426,332,1
34427,132,1
34427,239,1
34427,125,1
34428,127,1
34428,343,1
34429,274,2
34430,189,1
34431,235,2
34432,306,1
34432,119,1
34432,192,1
34433,300,1
34434,174,1
34434,299,1
34435,106,1
34435,392,1
34436,344,1
34436,126,1
34436,362,1
34437,164,3
34438,264,1
34438,166,1
34439,207,1
34439,364,1
34440,315,1
34441,288,1
34442,139,1
34443,361,3
34444,262,1
34445,324,1
34445,354,1
34445,104,1
34446,116,1
34446,380,1
34446,176,1
34447,322,1
34447,328,1
34448,345,1
34448,333,1
34449,143,1
34449,266,1
34450,214,1
34450,165,1
34450,379,1
34451,139,2
34452,263,2
34453,369,1
34453,185,1
34453,358,1
34454,273,3
34455,358,3
34456,181,1
34456,208,1
34456,260,1
34457,158,2
34458,232,1
34459,353,3
34460,322,2
34461,217,2
34462,205,1
34462,180,1
34463,274,1
34464,108,1
34465,123,2
34466,183,1
34467,337,3
34468,219,2
34469,355,1
34469,133,1
34470,333,1
34470,238,1
34470,229,1
34471,279,1
34471,133,1
34471,203,1
34472,252,1
34472,376,1
34473,254,1
34474,174,2
34475,210,3
34476,348,1
34476,106,1
34477,157,1
34477,142,1
34478,239,1
34479,374,3
34480,383,2
34481,319,1
34482,244,2
34483,102,2
34484,189,1
34485,101,1
34485,250,1
34486,368,2
34487,275,1
34488,292,2
34489,390,3
34490,182,1
34490,108,1
34490,171,1
34491,241,1
34492,135,2
34493,179,1
34493,138,1
34494,236,1
34495,396,1
34496,380,1
34497,153,1
34497,181,1
34498,226,3
34499,169,1
34500,261,1
34501,384,2
34502,103,2
34503,115,1
34504,130,1
34504,251,1
34504,389,1
34505,199,1
34505,263,1
34505,333,1
34506,186,1
34507,205,3
34508,199,2
34509,261,1
34510,278,1
34510,105,1
34511,363,1
34511,326,1
34511,147,1
34512,396,2
34513,315,1
34513,393,1
34514,311,1
34515,233,1
34516,355,1
34517,331,3
34518,119,2
34519,177,3
34520,299,1
34521,370,2
34522,369,1
34522,111,1
34522,311,1
34523,172,1
34524,200,1
34525,153,1
34526,388,1
34526,291,1
34526,238,1
34527,387,1
34528,170,1
34528,376,1
34529,113,1
34530,228,1
34531,199,3
34532,132,1
34533,303,3
34534,108,3
34535,131,1
34535,341,1
34536,176,2
34537,217,1
34538,145,1
34538,365,1
34539,357,3
34540,291,1
34540,106,1
34540,213,1
34541,241,2
34542,222,1
34542,354,1
34543,199,1
34544,162,1
34545,204,2
34546,381,3
34547,148,3
34548,212,2
34549,220,1
34550,356,3
34551,294,1
34552,329,1
34552,134,1
34553,237,1
34553,212,1
34554,308,1
34555,351,1
34555,290,1
34555,252,1
34556,175,1
34557,164,1
34558,297,1
34558,312,1
34558,165,1
34559,154,2
34560,273,1
34561,267,1
34561,213,1
34562,349,1
34562,392,1
34562,375,1
34563,319,1
34564,396,1
34565,121,1
34566,253,2
34567,253,1
34568,318,1
34568,274,1
34568,379,1
34569,119,1
34569,302,1
34570,238,1
34571,262,1
34571,320,1
34571,335,1
34572,274,1
34572,176,1
34572,139,1
34573,145,1
34573,374,1
34573,251,1
34574,251,1
34574,356,1
34575,250,1
34575,248,1
34575,337,1
34576,218,1
34576,381,1
34577,119,1
34578,372,3
34579,114,1
34579,328,1
34579,378,1
34580,312,1
34580,111,1
34580,324,1
34581,376,1
34582,128,1
34582,388,1
34582,270,1
34583,353,1
34584,275,3
34585,240,3
34586,116,2
34587,311,1
34588,134,2
34589,279,1
34590,148,1
34591,271,2
34592,247,1
34593,341,1
34593,235,1
34594,127,1
34595,157,1
34595,132,1
34595,161,1
34596,340,1
34596,263,1
34596,198,1
34597,118,1
34597,335,1
34598,379,1
34599,130,1
34599,396,1
34599,122,1
34600,365,1
34601,282,1
34601,351,1
34601,359,1
34602,163,1
34603,255,1
34604,172,1
34604,267,1
34604,203,1
34605,209,1
34606,374,3
34607,144,1
34607,150,1
34607,156,1
34608,329,1
34608,267,1
34609,400,2
34610,245,3
34611,167,1
34612,200,1
34613,342,1
34614,386,1
34615,113,1
34615,382,1
34616,266,2
34617,248,3
34618,116,1
34619,375,3
34620,248,1
34620,209,1
34621,220,1
34621,280,1
34622,139,3
34623,284,1
34624,287,1
34624,275,1
34625,139,1
34626,398,3
34627,109,3
34628,130,3
34629,111,2
34630,227,1
34630,289,1
34630,194,1
34631,212,2
34632,369,1
34632,153,1
34632,296,1
34633,207,2
34634,145,1
34635,104,2
34636,162,1
34637,111,1
34637,385,1
34637,349,1
34638,395,1
34638,103,1
34639,356,2
34640,340,1
34640,110,1
34640,244,1
34641,135,1
34641,317,1
34642,260,1
34643,337,1
34643,262,1
34644,208,1
34644,370,1
34644,327,1
34645,323,1
34645,164,1
34646,386,1
34646,363,1
34647,391,1
34648,200,1
34649,347,1
34649,179,1
34650,348,1
34651,147,1
34652,327,1
34652,302,1
34653,254,1
34653,357,1
34654,280,3
34655,294,3
34656,243,1
34656,382,1
34657,225,2
34658,247,1
34658,181,1
34658,245,1
34659,319,1
34659,341,1
34660,301,2
34661,375,1
34661,168,1
34662,295,3
34663,380,1
34664,363,1
34664,232,1
34665,183,1
34666,350,2
34667,184,1
34668,185,1
34668,249,1
34668,285,1
34669,345,1
34670,125,2
34671,188,1
34672,347,1
34673,298,1
34674,136,1
34675,217,1
34675,315,1
34675,244,1
34676,393,3
34677,355,2
34678,207,2
34679,232,1
34679,154,1
34680,165,1
34681,250,1
34682,134,1
34682,312,1
34682,198,1
34683,286,3
34684,143,3
34685,198,1
34686,198,1
34686,203,1
34687,103,1
34687,281,1
34687,197,1
34688,339,1
34688,234,1
34688,346,1
34689,161,1
34689,333,1
34689,233,1
34690,349,1
34690,328,1
34690,310,1
34691,109,1
34692,342,1
34692,151,1
34692,196,1
34693,259,3
34694,259,1
34695,371,3
34696,206,2
34697,374,2
34698,356,1
34699,184,2
34700,315,1
34700,269,1
34701,311,3
34702,326,1
34703,232,3
34704,298,1
34705,105,1
34705,213,1
34705,235,1
34706,369,3
34707,116,1
34707,353,1
34708,223,1
34708,135,1
34709,356,1
34709,223,1
34709,380,1
34710,313,1
34711,361,1
34711,350,1
34711,185,1
34712,185,3
34713,350,3
34714,313,2
34715,323,1
34716,110,1
34717,265,1
34718,233,3
34719,131,1
34719,124,1
34720,294,3
34721,130,2
34722,129,1
34722,235,1
34722,142,1
34723,309,1
34723,177,1
34724,379,1
34724,225,1
34724,379,1
34725,351,1
34725,395,1
34726,273,1
34726,299,1
34727,159,2
34728,119,1
34728,231,1
34729,382,1
34730,266,3
34731,121,1
34731,145,1
34732,234,2
34733,154,3
34734,133,3
34735,101,1
34735,174,1
34736,233,1
34736,346,1
34736,340,1
34737,205,1
34737,234,1
34737,209,1
34738,178,1
34738,379,1
34738,378,1
34739,361,1
34740,247,1
34740,329,1
34740,359,1
34741,381,1
34741,341,1
34741,341,1
34742,207,2
34743,223,2
34744,180,2
34745,228,3
34746,284,3
34747,187,2
34748,323,1
34748,315,1
34749,124,3
34750,382,1
34751,324,1
34752,358,1
34752,282,1
34752,269,1
34753,376,2
34754,213,1
34755,199,1
34755,249,1
34755,266,1
34756,213,2
34757,115,1
34757,272,1
34758,103,3
34759,129,1
34759,267,1
34760,236,1
34761,370,1
34761,126,1
34761,174,1
34762,148,1
34762,272,1
34762,285,1
34763,272,1
34764,303,1
34764,290,1
34764,294,1
34765,364,1
34765,235,1
34766,204,1
34767,129,1
34768,287,1
34768,320,1
34768,254,1
34769,268,3
34770,268,1
34771,252,1
34771,300,1
34771,139,1
34772,324,1
34772,316,1
34773,213,3
34774,282,2
34775,190,3
34776,345,1
34776,340,1
34777,388,1
34778,173,1
34779,368,1
34779,325,1
34780,228,1
34780,284,1
34780,270,1
34781,236,1
34781,329,1
34781,351,1
34782,178,1
34783,376,1
34783,126,1
34784,330,2
34785,335,1
34786,211,1
34786,212,1
34787,159,3
34788,131,1
34789,238,1
34789,249,1
34789,164,1
34790,360,3
34791,151,2
34792,169,1
34793,267,1
34794,258,2
34795,209,1
34795,349,1
34796,298,3
34797,158,3
34798,323,1
34798,270,1
34798,176,1
34799,321,3
34800,136,3
34801,380,3
34802,309,1
34803,386,1
34803,249,1
34804,279,1
34804,269,1
34805,385,1
34806,345,1
34806,175,1
34807,344,1
34808,205,1
34809,375,1
34809,223,1
34809,213,1
34810,266,3
34811,115,2
34812,176,2
34813,271,3
34814,136,1
34814,242,1
34814,117,1
34815,212,1
34816,170,2
34817,239,1
34817,110,1
34818,176,2
34819,124,1
34819,383,1
34819,110,1
34820,174,1
34821,303,2
34822,322,1
34823,162,1
34824,216,1
34825,115,1
34826,117,1
34826,393,1
34827,335,3
34828,207,1
34828,393,1
34828,298,1
34829,286,1
34830,246,1
34830,352,1
34830,216,1
34831,326,1
34831,193,1
34832,324,1
34832,313,1
34832,353,1
34833,308,1
34833,148,1
34834,400,1
34835,314,1
34835,314,1
34835,152,1
34836,290,1
34837,275,1
34837,232,1
34837,265,1
34838,128,1
34838,367,1
34839,133,1
34839,229,1
34839,385,1
34840,239,1
34840,392,1
34841,227,1
34842,375,1
34842,248,1
34843,201,1
34843,287,1
34843,262,1
34844,248,1
34844,172,1
34845,248,1
34846,272,2
34847,157,3
34848,281,1
34848,161,1
34848,155,1
34849,153,1
34850,267,1
34851,272,2
34852,303,1
34853,299,3
34854,372,3
34855,277,1
34856,133,3
34857,136,2
34858,101,1
34859,220,1
34859,345,1
34859,313,1
34860,291,1
34860,299,1
34860,176,1
34861,195,1
34861,387,1
34862,240,2
34863,289,3
34864,194,1
34865,369,2
34866,213,2
34867,172,1
34867,180,1
34868,252,3
34869,102,1
34869,250,1
34869,253,1
34870,125,1
34870,278,1
34871,296,1
34871,113,1
34872,139,2
34873,130,1
34874,378,1
34875,165,3
34876,255,1
34876,240,1
34877,274,1
34877,252,1
34877,391,1
34878,350,3
34879,162,1
34879,356,1
34879,363,1
34880,128,1
34881,233,1
34882,295,1
34883,285,2
34884,267,1
34885,134,1
34885,145,1
34886,125,3
34887,279,1
34887,277,1
34887,119,1
34888,273,1
34889,214,1
34890,277,1
34890,386,1
34890,115,1
34891,378,3
34892,321,1
34893,145,1
34893,280,1
34894,325,1
34894,296,1
34895,399,1
34896,283,1
34896,142,1
34897,248,1
34897,288,1
34898,199,1
34899,329,1
34899,276,1
34900,367,1
34900,335,1
34901,259,2
34902,170,1
34903,109,1
34904,189,1
34905,186,1
34905,266,1
34905,148,1
34906,131,1
34906,243,1
34906,190,1
34907,134,3
34908,353,3
34909,344,1
34910,319,2
34911,280,3
34912,135,1
34912,316,1
34913,330,1
34913,352,1
34914,242,3
34915,371,1
34915,273,1
34916,381,3
34917,233,1
34917,279,1
34918,355,1
34918,212,1
34919,356,1
34920,396,1
34920,260,1
34921,295,1
34922,216,1
34922,196,1
34923,141,1
34923,328,1
34923,374,1
34924,161,1
34924,112,1
34924,211,1
34925,392,1
34926,352,2
34927,230,3
34928,253,3
34929,266,2
34930,396,1
34931,213,1
34931,103,1
34932,254,1
34932,274,1
34933,120,1
34933,228,1
34934,149,1
34934,206,1
34934,210,1
34935,297,1
34935,328,1
34935,140,1
34936,236,3
34937,194,1
34938,232,1
34939,167,1
34940,186,3
34941,340,1
34942,302,3
34943,329,1
34944,216,1
34944,237,1
34944,381,1
34945,147,1
34946,337,1
34947,110,1
34948,344,1
34949,369,2
34950,353,3
34951,357,1
34951,217,1
34951,262,1
34952,113,1
34952,371,1
34953,197,1
34953,274,1
34953,125,1
34954,358,1
34954,213,1
34955,144,1
34955,234,1
34956,227,1
34957,324,1
34958,249,1
34958,343,1
34958,308,1
34959,250,2
34960,216,1
34961,359,1
34961,374,1
34961,186,1
34962,282,3
34963,184,1
34964,265,1
34965,141,3
34966,345,1
34967,193,3
34968,358,2
34969,199,1
34969,195,1
34970,246,1
34971,283,1
34971,312,1
34971,342,1
34972,294,1
34972,352,1
34972,226,1
34973,392,1
34973,126,1
34973,265,1
34974,317,1
34975,349,1
34976,388,1
34976,120,1
34977,124,1
34978,144,1
34978,327,1
34979,246,2
34980,269,1
34980,116,1
34981,169,1
34982,295,3
34983,256,1
34984,260,1
34984,255,1
34984,365,1
34985,360,1
34985,395,1
34986,123,1
34987,104,1
34987,371,1
34988,206,3
34989,192,1
34990,110,3
34991,110,1
34992,198,1
34992,194,1
34992,397,1
34993,275,1
34994,317,3
34995,352,1
34996,245,1
34996,360,1
34996,186,1
34997,398,1
34997,234,1
34997,147,1
34998,334,1
34998,369,1
34998,242,1
34999,267,1
34999,107,1
34999,374,1
35000,189,2
35001,171,1
35001,181,1
35002,306,1
35002,113,1
35003,345,1
35004,183,3
35005,302,1
35006,223,1
35007,220,1
35008,324,1
35008,121,1
35008,146,1
35009,300,3
35010,391,2
35011,121,2
35012,165,1
35012,131,1
35012,258,1
35013,145,1
35013,162,1
35013,115,1
35014,372,3
35015,123,3
35016,299,1
35016,134,1
35016,137,1
35017,162,1
35018,254,3
35019,319,1
35020,129,2
35021,113,1
35022,213,1
35022,315,1
35023,213,1
35024,199,2
35025,182,1
35026,373,1
35026,223,1
35027,123,3
35028,375,1
35028,177,1
35029,121,1
35029,102,1
35030,204,1
35031,312,1
35032,143,1
35033,307,1
35033,306,1
35033,268,1
35034,311,1
35034,136,1
35035,146,1
35035,130,1
35035,149,1
35036,299,1
35036,343,1
35037,295,1
35037,303,1
35038,300,1
35039,313,1
35040,298,3
35041,184,1
35041,165,1
35041,315,1
35042,113,2
35043,262,1
35044,357,1
35045,277,1
35045,122,1
35045,330,1
35046,134,1
35047,294,1
35048,125,3
35049,367,1
35049,340,1
35049,319,1
35050,218,1
35050,396,1
35050,380,1
35051,159,1
35052,216,1
35052,230,1
35053,235,3
35054,304,2
35055,303,1
35055,362,1
35056,273,3
35057,232,1
35057,107,1
35057,198,1
35058,311,1
35058,264,1
35058,342,1
35059,247,1
35059,143,1
35059,124,1
35060,229,1
35060,117,1
35061,137,1
35062,230,1
35062,216,1
35062,211,1
35063,316,1
35063,238,1
35063,220,1
35064,279,1
35065,281,2
35066,336,1
35067,119,1
35067,280,1
35067,397,1
35068,180,1
35068,189,1
35069,290,2
35070,120,3
35071,131,2
35072,332,1
35072,201,1
35072,399,1
35073,137,2
35074,234,1
35075,357,1
35075,353,1
35075,325,1
35076,346,2
35077,285,1
35078,183,2
35079,179,1
35079,347,1
35080,157,3
35081,301,1
35082,176,1
35083,102,3
35084,390,2
35085,364,1
35085,277,1
35085,110,1
35086,386,2
35087,272,1
35088,351,2
35089,296,1
35089,268,1
35089,306,1
35090,180,1
35091,111,1
35091,394,1
35091,239,1
35092,139,1
35092,158,1
35092,278,1
35093,203,2
35094,300,3
35095,363,2
35096,368,1
35096,398,1
35096,118,1
35097,283,1
35098,264,2
35099,143,1
35100,181,1
35100,218,1
35101,330,3
35102,107,1
35103,399,3
35104,137,1
35104,344,1
35104,184,1
35105,233,3
35106,228,3
35107,348,1
35108,116,1
35109,146,2
35110,317,3
35111,371,1
35111,207,1
35112,243,1
35112,377,1
35113,156,3
35114,238,3
35115,187,1
35115,248,1
35115,194,1
35116,214,2
35117,396,1
35117,209,1
35117,307,1
35118,343,3
35119,347,3
35120,179,2
35121,177,1
35122,268,1
35123,278,1
35124,365,2
35125,191,1
35126,240,1
35127,159,3
35128,257,1
35129,152,1
35129,348,1
35129,348,1
35130,200,2
35131,125,1
35131,188,1
35132,391,1
35132,231,1
35133,148,2
35134,140,1
35134,295,1
35134,131,1
35135,395,1
35135,296,1
35136,304,2
35137,157,2
35138,255,1
35138,223,1
35139,326,1
35140,199,2
35141,392,3
35142,385,1
35142,230,1
35143,301,2
35144,373,2
35145,365,1
35146,317,1
35147,269,2
35148,185,3
35149,351,3
35150,342,2
35151,129,1
35151,128,1
35151,300,1
35152,132,1
35152,203,1
35152,112,1
35153,107,1
35154,340,1
35155,237,1
35156,125,2
35157,386,2
35158,230,1
35159,151,2
35160,269,3
35161,293,1
35161,260,1
35161,338,1
35162,233,1
35162,317,1
35163,116,1
35164,166,3
35165,218,2
35166,341,3
35167,352,1
35167,340,1
35168,394,1
35168,120,1
35168,298,1
35169,285,1
35169,242,1
35169,244,1
35170,211,3
35171,128,1
35172,381,3
35173,143,1
35174,316,2
35175,187,1
35175,374,1
35175,335,1
35176,229,1
35177,261,1
35177,225,1
35178,336,1
35179,152,1
35180,167,1
35181,137,1
35182,364,1
35183,329,1
35184,219,1
35185,192,1
35185,248,1
35186,168,1
35186,205,1
35186,200,1
35187,278,3
35188,194,1
35189,283,1
35190,349,3
35191,256,1
35191,168,1
35192,373,2
35193,156,1
35194,225,1
35194,227,1
35194,269,1
35195,364,1
35196,342,1
35197,253,1
35197,357,1
35197,284,1
35198,338,1
35199,314,3
35200,164,1
35201,323,1
35202,256,3
35203,138,2
35204,248,3
35205,308,1
35205,260,1
35205,316,1
35206,165,1
35207,286,1
35207,360,1
35207,190,1
35208,111,1
35209,173,2
35210,327,2
35211,370,1
35212,371,1
35213,291,1
35213,216,1
35213,233,1
35214,189,1
35215,335,1
35215,301,1
35215,139,1
35216,335,1
35217,356,1
35217,281,1
35218,266,3
35219,159,1
35220,210,1
35221,252,3
35222,304,1
35223,214,2
35224,358,2
35225,305,1
35225,338,1
35225,394,1
35226,355,1
35227,351,1
35228,264,1
35228,260,1
35229,224,2
35230,160,1
35230,240,1
35230,316,1
35231,392,1
35231,394,1
35232,121,2
35233,267,1
35233,294,1
35234,141,1
35235,224,1
35235,187,1
35236,207,1
35236,175,1
35237,161,1
35237,217,1
35237,344,1
35238,140,3
35239,365,1
35239,139,1
35239,175,1
35240,317,3
35241,330,1
35242,333,3
35243,149,3
35244,356,1
35245,158,2
35246,119,3
35247,283,1
35247,349,1
35248,237,1
35248,389,1
35248,347,1
35249,318,3
35250,321,3
35251,341,3
35252,177,3
35253,251,1
35254,119,3
35255,339,2
35256,166,3
35257,361,1
35257,293,1
35258,173,1
35259,331,1
35259,339,1
35259,140,1
35260,191,3
35261,393,1
35261,330,1
35262,210,1
35263,143,1
35263,114,1
35263,380,1
35264,252,1
35264,254,1
35265,400,1
35266,237,1
35267,162,2
35268,234,3
35269,224,2
35270,311,2
35271,192,1
35272,340,1
35272,347,1
35272,223,1
35273,150,1
35273,226,1
35274,261,1
35275,256,1
35275,118,1
35275,394,1
35276,266,1
35276,199,1
35276,116,1
35277,344,1
35278,325,1
35278,252,1
35279,103,1
35279,247,1
35279,221,1
35280,204,1
35280,372,1
35280,276,1
35281,270,1
35282,311,2
35283,383,1
35284,315,1
35284,132,1
35284,105,1
35285,235,1
35286,170,1
35286,379,1
35287,128,1
35287,114,1
35287,377,1
35288,193,3
35289,367,3
35290,400,1
35291,212,1
35292,299,1
35293,286,2
35294,239,1
35295,312,2
35296,172,1
35296,146,1
35296,387,1
35297,245,1
35297,150,1
35297,377,1
35298,229,3
35299,152,1
35299,349,1
35299,124,1
35300,126,1
35300,324,1
35300,189,1
35301,309,1
35301,341,1
35302,293,1
35302,350,1
35303,107,1
35304,151,1
35305,160,1
35306,322,1
35307,400,1
35307,164,1
35308,106,1
35309,359,3
35310,106,2
35311,123,1
35311,370,1
35311,179,1
35312,326,1
35312,353,1
35313,222,1
35313,242,1
35314,157,1
35314,380,1
35315,303,1
35316,240,2
35317,303,1
35317,246,1
35318,269,1
35319,104,1
35319,345,1
35320,361,2
35321,238,3
35322,110,1
35322,132,1
35322,171,1
35323,273,1
35323,185,1
35323,127,1
35324,400,1
35325,234,1
35325,373,1
35326,301,1
35326,307,1
35326,201,1
35327,201,3
35328,177,1
35329,237,3
35330,142,1
35330,352,1
35331,207,2
35332,258,1
35333,285,2
35334,178,1
35334,189,1
35335,118,1
35335,116,1
35336,117,1
35337,391,2
35338,220,1
35339,156,1
35340,251,1
35340,163,1
35340,287,1
35341,370,2
35342,372,1
35342,261,1
35342,159,1
35343,163,1
35344,259,1
35345,378,1
35345,206,1
35346,319,1
35347,193,2
35348,209,1
35348,260,1
35348,191,1
35349,187,1
35350,325,3
35351,166,3
35352,348,3
35353,149,1
35354,123,2
35355,153,1
35356,316,1
35356,281,1
35357,257,3
35358,163,1
35359,148,1
35360,159,1
35361,382,1
35361,170,1
35362,315,1
35363,391,1
35364,135,1
35365,232,1
35366,141,2
35367,312,1
35368,118,1
35368,145,1
35369,257,1
35369,266,1
35370,327,1
35370,125,1
35371,336,3
35372,206,2
35373,254,2
35374,319,1
35374,232,1
35375,152,1
35375,187,1
35375,164,1
35376,318,1
35376,183,1
35377,188,3
35378,215,2
35379,391,2
35380,266,1
35380,319,1
35381,228,2
35382,348,1
35382,228,1
35382,339,1
35383,259,1
35384,231,1
35384,294,1
35384,327,1
35385,340,1
35386,284,1
35386,192,1
35387,335,1
35387,235,1
35388,371,1
35389,155,2
35390,197,1
35391,225,1
35391,121,1
35391,240,1
35392,235,3
35393,162,1
35394,236,1
35394,162,1
35395,302,1
35395,296,1
35395,400,1
35396,213,1
35396,380,1
35396,249,1
35397,113,3
35398,352,1
35398,223,1
35398,136,1
35399,334,2
35400,151,1
35400,293,1
35401,276,3
35402,227,2
35403,248,1
35404,310,3
35405,303,2
35406,235,1
35407,177,1
35408,173,1
35409,299,3
35410,174,1
35410,275,1
35410,280,1
35411,136,2
35412,281,1
35412,293,1
35412,376,1
35413,103,1
35413,122,1
35414,241,3
35415,143,3
35416,336,3
35417,392,1
35417,125,1
35418,141,2
35419,286,1
35420,223,1
35420,346,1
35420,224,1
35421,181,1
35421,177,1
35421,348,1
35422,166,2
35423,105,2
35424,225,1
35424,392,1
35425,222,1
35425,329,1
35426,348,1
35427,354,3
35428,158,1
35428,308,1
35429,384,3
35430,194,2
35431,353,2
35432,301,3
35433,241,1
35434,261,1
35435,295,3
35436,255,3
35437,344,2
35438,121,3
35439,163,2
35440,399,3
35441,365,1
35441,179,1
35442,112,1
35443,134,1
35443,104,1
35443,316,1
35444,154,3
35445,215,1
35446,206,1
35447,372,2
35448,136,2
35449,132,1
35449,140,1
35449,194,1
35450,297,1
35450,346,1
35451,293,1
35452,385,3
35453,280,3
35454,312,1
35455,113,3
35456,366,2
35457,380,1
35457,134,1
35457,239,1
35458,142,2
35459,382,1
35459,134,1
35459,128,1
35460,298,3
35461,258,1
35461,202,1
35461,115,1
35462,381,1
35462,288,1
35463,284,2
35464,157,1
35464,268,1
35465,360,1
35466,266,2
35467,256,1
35468,333,1
35469,210,1
35469,180,1
35469,381,1
35470,137,1
35471,189,1
35471,174,1
35471,290,1
35472,239,1
35472,339,1
35472,289,1
35473,392,2
35474,384,1
35475,269,3
35476,217,3
35477,284,1
35477,358,1
35478,223,2
35479,377,1
35480,121,1
35481,281,1
35481,244,1
35482,317,3
35483,106,1
35483,117,1
35484,123,2
35485,281,1
35486,186,2
35487,195,1
35488,180,1
35488,166,1
35489,333,1
35490,168,1
35491,250,3
35492,180,1
35492,192,1
35493,399,2
35494,367,1
35495,248,3
35496,220,1
35497,313,1
35497,116,1
35498,223,1
35499,248,1
35500,400,1
35501,234,1
35501,242,1
35501,361,1
35502,183,1
35503,102,1
35504,333,1
35505,383,2
35506,289,2
35507,193,1
35508,207,1
35509,371,2
35510,304,1
35510,140,1
35511,352,3
35512,115,1
35512,392,1
35513,349,3
35514,119,1
35514,339,1
35515,186,1
35515,289,1
35515,361,1
35516,191,1
35517,313,1
35517,396,1
35517,165,1
35518,260,1
35519,353,1
35520,261,1
35521,258,2
35522,159,1
35523,363,3
35524,135,1
35525,263,1
35525,358,1
35526,245,1
35526,376,1
35526,361,1
35527,192,1
35527,271,1
35528,101,3
35529,146,1
35529,256,1
35529,184,1
35530,295,1
35531,293,1
35532,331,1
35532,235,1
35532,231,1
35533,229,2
35534,174,1
35535,135,3
35536,131,1
35536,317,1
35537,257,2
35538,254,3
35539,195,1
35540,268,1
35540,136,1
35540,220,1
35541,251,1
35542,389,2
35543,294,1
35544,325,1
35545,176,2
35546,160,1
35546,296,1
35546,371,1
35547,133,1
35548,262,1
35549,117,1
35549,149,1
35549,165,1
35550,228,1
35550,293,1
35550,192,1
35551,372,1
35552,186,1
35553,245,3
35554,237,1
35554,356,1
35554,376,1
35555,105,3
35556,136,1
35556,350,1
35556,225,1
35557,282,1
35557,147,1
35558,390,1
35559,127,3
35560,145,3
35561,346,1
35562,163,2
35563,297,1
35564,259,1
35565,260,1
35565,376,1
35566,138,2
35567,389,3
35568,193,1
35569,129,1
35570,292,1
35571,325,1
35572,327,2
35573,341,1
35573,318,1
35573,395,1
35574,186,1
35574,373,1
35574,390,1
35575,142,3
35576,333,2
35577,183,1
35578,213,1
35579,360,1
35580,351,1
35580,248,1
35580,297,1
35581,265,1
35582,257,1
35582,201,1
35583,239,1
35584,123,3
35585,113,2
35586,394,1
35586,236,1
35587,211,2
35588,291,1
35589,142,1
35589,357,1
35589,221,1
35590,244,1
35591,400,1
35592,357,1
35593,340,3
35594,308,1
35595,183,1
35595,312,1
35595,175,1
35596,128,1
35596,297,1
35596,336,1
35597,261,1
35598,184,1
35598,241,1
35599,189,1
35599,130,1
35600,147,1
35601,362,1
35602,394,3
35603,303,2
35604,399,1
35604,149,1
35604,111,1
35605,323,2
35606,190,1
35607,121,1
35608,223,1
35608,260,1
35608,122,1
35609,174,1
35609,138,1
35609,280,1
35610,306,3
35611,267,1
35611,213,1
35611,237,1
35612,125,1
35613,137,1
35613,184,1
35613,392,1
35614,144,1
35615,387,3
35616,297,2
35617,337,1
35618,388,1
35618,192,1
35618,290,1
35619,350,2
35620,389,1
35620,123,1
35620,353,1
35621,360,3
35622,120,1
35623,202,1
35624,218,1
35625,183,1
35626,320,2
35627,192,1
35627,325,1
35628,313,1
35628,229,1
35629,107,1
35629,181,1
35630,105,1
35631,368,2
35632,202,1
35632,258,1
35633,273,2
35634,290,2
35635,302,2
35636,112,2
35637,161,1
35637,379,1
35638,275,1
35639,247,1
35640,386,1
35640,303,1
35640,179,1
35641,265,1
35642,264,1
35642,128,1
35642,181,1
35643,139,1
35643,139,1
35643,136,1
35644,379,1
35645,114,1
35645,371,1
35646,279,2
35647,268,1
35647,273,1
35648,101,1
35649,147,1
35649,187,1
35650,344,2
35651,120,1
35651,366,1
35651,284,1
35652,157,1
35652,203,1
35653,257,3
35654,129,1
35655,114,1
35656,360,3
35657,168,1
35658,350,3
35659,107,1
35659,150,1
35659,115,1
35660,369,1
35661,336,1
35662,398,3
35663,315,2
35664,171,1
35665,236,1
35665,312,1
35666,332,1
35667,205,1
35667,262,1
35668,383,3
35669,207,1
35670,361,2
35671,121,1
35672,200,2
35673,209,1
35674,171,1
35674,125,1
35675,126,2
35676,256,1
35676,387,1
35677,305,3
35678,245,1
35678,183,1
35678,131,1
35679,305,1
35679,279,1
35680,303,2
35681,306,1
35681,121,1
35681,107,1
35682,235,2
35683,397,3
35684,350,1
35684,392,1
35685,208,2
35686,221,1
35686,224,1
35687,157,1
35687,222,1
35687,338,1
35688,214,2
35689,134,3
35690,141,2
35691,280,2
35692,155,3
35693,380,3
35694,316,1
35694,191,1
35694,236,1
35695,224,3
35696,304,3
35697,126,1
35697,140,1
35698,145,1
35698,183,1
35698,235,1
35699,283,1
35700,300,1
35700,154,1
35701,255,1
35701,289,1
35701,104,1
35702,284,1
35702,336,1
35703,166,1
35704,356,1
35704,104,1
35705,311,3
35706,342,1
35706,264,1
35707,131,3
35708,281,2
35709,234,1
35710,271,1
35711,356,1
35711,267,1
35712,316,1
35712,216,1
35713,141,3
35714,391,2
35715,214,1
35716,390,2
35717,136,2
35718,273,3
35719,164,1
35720,269,2
35721,259,3
35722,265,1
35722,105,1
35722,249,1
35723,243,1
35724,163,1
35725,386,1
35725,106,1
35725,255,1
35726,232,1
35727,138,1
35728,395,2
35729,176,2
35730,327,2
35731,217,1
35731,165,1
35731,286,1
35732,324,1
35732,227,1
35733,197,2
35734,172,1
35735,216,1
35735,216,1
35735,324,1
35736,235,3
35737,397,1
35738,224,2
35739,348,1
35740,328,3
35741,236,1
35742,143,1
35743,156,3
35744,259,1
35745,148,1
35746,259,1
35746,313,1
35747,218,3
35748,149,1
35748,353,1
35748,134,1
35749,126,3
35750,280,1
35750,156,1
35750,172,1
35751,330,1
35751,353,1
35752,396,1
35753,392,2
35754,223,3
35755,320,1
35756,392,1
35757,181,2
35758,398,1
35758,245,1
35758,133,1
35759,296,3
35760,125,1
35761,183,1
35762,295,1
35763,316,1
35763,135,1
35764,284,3
35765,338,3
35766,301,1
35767,398,3
35768,302,1
35768,391,1
35769,367,1
35769,333,1
35770,361,2
35771,226,1
35772,285,1
35773,121,1
35774,223,1
35774,299,1
35774,233,1
35775,249,1
35776,357,2
35777,115,1
35777,380,1
35778,132,1
35778,346,1
35779,288,1
35779,172,1
35779,106,1
35780,359,1
35781,224,1
35782,357,1
35782,163,1
35783,130,1
35783,114,1
35783,288,1
35784,309,1
35785,260,1
35785,143,1
35785,231,1
35786,338,2
35787,284,1
35788,350,1
35789,344,1
35789,181,1
35790,356,1
35791,256,1
35791,310,1
35792,357,2
35793,331,1
35794,168,1
35794,146,1
35795,149,2
35796,361,1
35797,241,3
35798,280,1
35798,247,1
35798,351,1
35799,177,1
35799,290,1
35800,331,1
35801,336,1
35801,293,1
35801,377,1
35802,176,1
35802,284,1
35802,102,1
35803,390,1
35804,324,1
35805,314,2
35806,217,1
35807,181,1
35808,379,1
35808,150,1
35808,231,1
35809,225,2
35810,104,1
35810,258,1
35811,258,1
35811,116,1
35812,237,2
35813,110,1
35814,263,3
35815,154,1
35816,369,2
35817,228,1
35817,170,1
35817,294,1
35818,333,3
35819,395,3
35820,214,1
35821,249,3
35822,323,2
35823,101,1
35824,331,1
35824,270,1
35824,250,1
35825,307,1
35826,312,1
35827,336,1
35827,347,1
35827,316,1
35828,378,1
35828,310,1
35829,224,1
35830,344,1
35830,226,1
35831,155,3
35832,330,1
35832,345,1
35832,300,1
35833,333,1
35833,312,1
35833,132,1
35834,284,3
35835,335,1
35836,127,1
35837,258,1
35838,364,1
35839,148,2
35840,274,1
35841,193,1
35841,222,1
35841,313,1
35842,133,3
35843,222,1
35843,180,1
35843,318,1
35844,340,2
35845,174,1
35846,400,1
35846,254,1
35846,260,1
35847,322,3
35848,145,1
35848,152,1
35848,373,1
35849,286,1
35850,306,1
35851,125,2
35852,387,1
35852,123,1
35853,216,1
35854,211,1
35854,235,1
35854,280,1
35855,161,1
35855,109,1
35856,199,1
35856,332,1
35856,250,1
35857,338,3
35858,240,1
35859,101,1
35860,320,1
35860,205,1
35861,197,1
35862,321,3
35863,267,2
35864,217,1
35864,213,1
35864,269,1
35865,342,1
35865,125,1
35866,184,1
35867,314,3
35868,301,1
35868,179,1
35869,185,1
35869,165,1
35870,135,3
35871,233,3
35872,240,1
35873,250,1
35873,280,1
35874,225,1
35875,368,3
35876,188,1
35876,150,1
35877,105,1
35878,302,1
35878,148,1
35879,371,1
35880,325,1
35880,227,1
35881,217,1
35881,399,1
35882,306,3
35883,261,1
35884,129,1
35885,178,2
35886,146,1
35887,363,1
35888,325,1
35888,335,1
35888,367,1
35889,149,1
35889,301,1
35890,144,2
35891,385,2
35892,357,1
35893,254,3
35894,183,1
35895,360,3
35896,157,3
35897,306,1
35898,340,3
35899,344,3
35900,368,3
35901,164,1
35902,123,3
35903,197,1
35903,172,1
35904,274,1
35905,212,1
35906,146,1
35907,126,1
35907,124,1
35907,163,1
35908,113,1
35908,315,1
35908,319,1
35909,212,1
35909,324,1
35909,157,1
35910,237,1
35911,108,1
35912,265,1
35913,154,1
35914,230,1
35915,213,3
35916,152,1
35916,318,1
35916,132,1
35917,308,1
35918,266,3
35919,309,1
35919,399,1
35920,397,1
35921,267,3
35922,283,1
35923,192,1
35923,285,1
35924,214,1
35925,330,2
35926,177,1
35926,242,1
35926,120,1
35927,230,1
35928,266,1
35928,129,1
35928,394,1
35929,317,1
35929,209,1
35930,357,3
35931,166,1
35931,213,1
35931,329,1
35932,306,3
35933,373,1
35933,156,1
35934,213,1
35935,180,1
35935,179,1
35936,146,1
35936,255,1
35936,295,1
35937,282,3
35938,238,1
35939,394,2
35940,376,1
35940,193,1
35941,158,1
35942,273,1
35942,219,1
35942,315,1
35943,274,1
35943,230,1
35944,126,3
35945,186,1
35946,264,1
35947,233,2
35948,397,1
35949,244,1
35949,362,1
35949,321,1
35950,249,1
35950,240,1
35951,267,1
35951,187,1
35951,147,1
35952,262,2
35953,386,1
35953,117,1
35953,363,1
35954,149,1
35955,212,3
35956,279,2
35957,318,1
35957,212,1
35958,391,1
35958,237,1
35958,166,1
35959,141,1
35959,138,1
35960,141,1
35961,399,1
35962,346,1
35962,234,1
35963,276,1
35964,146,1
35964,306,1
35964,323,1
35965,306,1
35965,378,1
35965,231,1
35966,383,1
35967,295,1
35967,173,1
35968,207,3
35969,221,1
35970,399,1
35970,110,1
35970,328,1
35971,365,3
35972,363,2
35973,291,1
35973,304,1
35974,112,1
35974,102,1
35974,103,1
35975,317,3
35976,122,3
35977,314,3
35978,261,1
35979,264,1
35979,105,1
35979,382,1
35980,292,1
35981,158,3
35982,282,1
35982,104,1
35982,205,1
35983,235,1
35984,107,1
35985,141,1
35985,371,1
35986,134,1
35986,147,1
35986,279,1
35987,135,1
35987,374,1
35987,140,1
35988,313,1
35989,176,1
35989,157,1
35990,308,1
35990,198,1
35990,119,1
35991,272,2
35992,134,1
35993,347,3
35994,303,1
35995,164,1
35995,386,1
35995,386,1
35996,243,1
35997,318,1
35998,374,1
35998,311,1
35998,322,1
35999,269,1
36000,215,1
36001,281,3
36002,107,1
36002,195,1
36003,253,3
36004,334,1
36004,137,1
36004,132,1
36005,233,1
36006,135,3
36007,200,3
36008,115,1
36008,220,1
36009,159,1
36010,350,1
36010,351,1
36010,381,1
36011,292,1
36011,177,1
36011,291,1
36012,297,3
36013,285,1
36014,110,2
36015,155,1
36016,321,1
36016,133,1
36017,334,1
36018,361,2
36019,164,1
36019,172,1
36020,400,1
36021,273,2
36022,246,2
36023,367,1
36023,161,1
36023,159,1
36024,294,2
36025,378,1
36025,150,1
36025,127,1
36026,167,1
36026,218,1
36026,207,1
36027,158,1
36027,143,1
36028,396,2
36029,231,1
36030,206,1
36031,205,1
36031,150,1
36032,372,1
36033,211,1
36034,354,1
36035,143,1
36035,284,1
36036,379,1
36036,104,1
36037,123,1
36037,177,1
36037,379,1
36038,263,1
36039,369,1
36039,191,1
36040,307,1
36040,278,1
36040,274,1
36041,106,3
36042,395,2
36043,124,1
36044,270,1
36044,111,1
36044,314,1
36045,221,1
36045,326,1
36045,125,1
36046,255,1
36046,342,1
36047,148,3
36048,119,1
36048,305,1
36049,382,3
36050,398,1
36051,269,2
36052,297,1
36053,321,1
36054,397,1
36055,114,1
36056,297,3
36057,360,1
36057,151,1
36057,146,1
36058,226,2
36059,390,1
36059,377,1
36060,307,1
36061,186,2
36062,198,3
36063,211,1
36063,244,1
36063,203,1
36064,375,1
36064,153,1
36065,322,1
36066,281,1
36067,347,1
36068,256,3
36069,325,1
36069,352,1
36069,277,1
36070,381,2
36071,348,1
36072,116,3
36073,258,1
36073,271,1
36074,288,1
36075,331,1
36075,263,1
36076,227,1
36076,361,1
36076,313,1
36077,144,1
36078,359,1
36079,191,2
36080,337,1
36081,282,1
36082,344,1
36083,265,1
36083,396,1
36083,290,1
36084,360,1
36084,265,1
36084,389,1
36085,369,1
36086,327,1
36087,242,2
36088,237,1
36088,354,1
36088,196,1
36089,207,1
36089,222,1
36090,387,1
36090,144,1
36090,140,1
36091,371,1
36092,143,1
36093,227,1
36094,153,3
36095,359,1
36095,177,1
36096,242,1
36096,160,1
36097,315,1
36098,287,1
36099,346,2
36100,231,1
36100,153,1
36100,266,1
36101,232,2
36102,145,1
36103,221,1
36103,390,1
36104,292,1
36104,388,1
36104,298,1
36105,183,1
36105,131,1
36105,146,1
36106,157,1
36106,269,1
36106,372,1
36107,389,2
36108,264,3
36109,331,3
36110,369,3
36111,193,1
36112,190,2
36113,313,1
36114,254,2
36115,178,3
36116,222,1
36117,300,1
36118,334,1
36119,270,1
36119,128,1
36120,137,1
36121,264,2
36122,252,1
36123,365,1
36124,231,1
36125,339,1
36126,362,3
36127,159,1
36128,318,1
36129,189,1
36130,325,1
36130,109,1
36130,259,1
36131,399,1
36132,278,2
36133,103,1
36133,323,1
36133,135,1
36134,238,1
36134,375,1
36135,380,1
36136,385,2
36137,270,3
36138,345,3
36139,242,3
36140,172,2
36141,119,3
36142,119,3
36143,192,1
36143,117,1
36143,155,1
36144,293,2
36145,280,1
36145,353,1
36146,150,1
36147,393,1
36147,123,1
36147,286,1
36148,176,1
36148,120,1
36149,193,1
36149,128,1
36149,147,1
36150,146,2
36151,201,2
36152,384,2
36153,321,1
36154,191,3
36155,203,3
36156,146,3
36157,265,1
36157,236,1
36158,348,2
36159,294,1
36160,218,1
36161,266,1
36161,275,1
36161,138,1
36162,315,1
36163,244,1
36164,184,1
36165,371,3
36166,182,3
36167,141,1
36168,237,3
36169,160,1
36169,137,1
36169,184,1
36170,240,2
36171,125,3
36172,252,1
36173,271,1
36174,188,3
36175,109,1
36175,275,1
36175,263,1
36176,101,1
36177,307,1
36177,351,1
36177,183,1
36178,102,3
36179,396,1
36179,247,1
36179,197,1
36180,153,1
36181,149,1
36181,124,1
36182,143,1
36183,281,1
36183,277,1
36184,361,1
36185,268,2
36186,138,1
36186,337,1
36186,284,1
36187,303,1
36188,169,1
36188,396,1
36189,237,1
36189,162,1
36190,262,1
36191,376,2
36192,277,1
36193,219,1
36194,374,1
36194,114,1
36195,375,3
36196,280,1
36196,334,1
36197,141,1
36198,309,1
36198,196,1
36199,231,1
36200,258,1
36200,248,1
36200,302,1
36201,234,1
36201,202,1
36201,236,1
36202,281,1
36203,186,1
36204,209,1
36204,238,1
36204,400,1
36205,121,3
36206,338,1
36206,361,1
36207,266,2
36208,380,1
36208,375,1
36208,295,1
36209,311,1
36210,124,1
36211,241,1
36211,112,1
36211,162,1
36212,289,1
36213,162,1
36213,257,1
36213,322,1
36214,253,1
36215,298,1
36216,357,1
36217,389,1
36217,328,1
36217,374,1
36218,262,3
36219,287,1
36220,364,1
36220,375,1
36220,255,1
36221,186,1
36222,258,3
36223,102,1
36224,281,1
36224,155,1
36224,206,1
36225,340,2
36226,315,1
36226,353,1
36227,331,3
36228,375,3
36229,214,3
36230,269,1
36231,285,1
36231,240,1
36232,293,1
36233,204,1
36234,120,2
36235,273,1
36236,251,1
36237,104,3
36238,318,1
36238,346,1
36239,310,1
36239,126,1
36240,167,1
36240,177,1
36240,272,1
36241,251,1
36241,368,1
36242,157,3
36243,166,3
36244,105,1
36244,308,1
36245,384,1
36246,235,1
36247,152,1
36247,148,1
36248,214,3
36249,352,1
36250,244,1
36251,201,1
36252,333,3
36253,394,1
36254,275,1
36254,223,1
36255,258,1
36255,260,1
36256,203,2
36257,221,1
36257,231,1
36257,204,1
36258,187,1
36259,308,1
36259,351,1
36259,395,1
36260,262,1
36260,168,1
36261,217,3
36262,225,1
36262,328,1
36262,256,1
36263,316,1
36264,372,1
36264,170,1
36264,313,1
36265,193,1
36265,341,1
36265,362,1
36266,229,1
36266,365,1
36266,322,1
36267,338,1
36268,114,3
36269,397,1
36269,122,1
36269,279,1
36270,205,1
36271,170,1
36271,282,1
36271,142,1
36272,375,2
36273,221,1
36274,243,1
36274,150,1
36274,145,1
36275,400,1
36276,342,1
36277,297,1
36278,250,2
36279,231,1
36280,298,2
36281,123,1
36282,156,2
36283,357,1
36283,117,1
36283,134,1
36284,245,1
36285,312,1
36286,160,3
36287,343,1
36287,142,1
36287,310,1
36288,398,1
36289,291,1
36290,371,2
36291,160,1
36291,370,1
36292,207,1
36292,300,1
36293,235,1
36294,321,2
36295,268,1
36296,389,1
36297,201,1
36297,320,1
36298,357,3
36299,254,1
36299,225,1
36299,183,1
36300,197,1
36301,121,1
36301,351,1
36301,220,1
36302,250,1
36303,207,1
36303,218,1
36303,276,1
36304,182,3
36305,149,1
36306,396,2
36307,313,3
36308,305,1
36309,400,3
36310,369,1
36311,247,3
36312,345,1
36313,110,1
36314,304,2
36315,140,1
36315,303,1
36316,382,1
36316,299,1
36317,218,1
36318,325,1
36319,176,1
36319,263,1
36319,348,1
36320,272,1
36321,351,1
36321,307,1
36321,205,1
36322,236,1
36323,217,1
36323,218,1
36324,360,1
36324,139,1
36325,355,1
36326,118,2
36327,342,1
36328,388,1
36328,389,1
36328,388,1
36329,183,1
36330,360,1
36330,355,1
36331,275,1
36331,348,1
36332,288,1
36333,175,1
36334,167,1
36335,116,1
36335,158,1
36336,259,2
36337,302,2
36338,113,1
36339,292,1
36339,359,1
36339,168,1
36340,305,1
36340,330,1
36340,338,1
36341,376,2
36342,282,2
36343,311,3
36344,111,1
36344,188,1
36345,137,1
36346,156,3
36347,238,1
36347,358,1
36347,347,1
36348,384,1
36348,118,1
36348,285,1
36349,399,1
36350,291,2
36351,229,1
36352,182,3
36353,197,1
36353,159,1
36354,126,3
36355,398,3
36356,189,1
36356,364,1
36356,356,1
36357,307,3
36358,253,1
36359,345,1
36359,258,1
36360,113,3
36361,200,1
36362,109,1
36362,357,1
36362,140,1
36363,174,2
36364,235,3
36365,399,2
36366,207,2
36367,390,1
36367,269,1
36368,312,1
36369,312,1
36370,321,1
36370,364,1
36371,215,1
36371,387,1
36372,113,3
36373,289,3
36374,158,1
36374,367,1
36375,161,1
36375,399,1
36376,158,1
36377,336,1
36378,138,3
36379,158,2
36380,270,1
36380,349,1
36380,261,1
36381,236,1
36381,101,1
36382,227,1
36382,302,1
36383,122,1
36384,216,2
36385,299,2
36386,291,1
36387,121,3
36388,186,1
36388,126,1
36388,117,1
36389,340,3
36390,394,2
36391,388,1
36391,213,1
36391,222,1
36392,102,2
36393,101,2
36394,365,1
36395,139,1
36396,102,1
36396,113,1
36396,398,1
36397,329,1
36398,125,3
36399,205,2
36400,138,1
36400,120,1
36400,265,1
36401,286,1
36402,229,1
36403,336,1
36404,219,1
36405,123,1
36405,221,1
36406,119,1
36406,193,1
36406,285,1
36407,180,1
36407,223,1
36407,268,1
36408,371,1
36408,150,1
36409,342,1
36410,174,1
36411,195,1
36412,397,1
36412,159,1
36412,108,1
36413,213,2
36414,138,1
36415,376,1
36416,306,1
36416,277,1
36416,368,1
36417,256,2
36418,272,1
36419,128,1
36419,286,1
36420,241,1
36421,241,1
36421,170,1
36422,252,1
36422,303,1
36423,376,2
36424,257,1
36425,306,1
36426,277,1
36426,126,1
36426,157,1
36427,132,1
36427,240,1
36427,389,1
36428,236,1
36429,289,1
36429,364,1
36429,213,1
36430,344,1
36431,312,2
36432,106,3
36433,209,1
36433,179,1
36433,334,1
36434,355,1
36434,206,1
36434,343,1
36435,104,1
36435,132,1
36436,239,1
36437,349,1
36438,195,1
36439,294,1
36440,345,2
36441,133,1
36441,394,1
36442,215,3
36443,204,2
36444,136,3
36445,330,1
36445,181,1
36446,355,1
36446,296,1
36447,115,1
36447,228,1
36447,351,1
36448,400,2
36449,221,3
36450,396,1
36450,270,1
36450,121,1
36451,158,1
36452,271,1
36453,176,1
36454,279,1
36455,268,1
36456,260,1
36456,124,1
36456,249,1
36457,301,2
36458,259,1
36459,213,1
36460,196,1
36461,231,1
36462,346,1
36462,338,1
36462,354,1
36463,283,1
36464,141,1
36465,294,1
36465,126,1
36466,331,2
36467,209,1
36467,229,1
36467,294,1
36468,396,1
36469,229,1
36470,387,1
36471,303,1
36472,274,3
36473,130,1
36474,349,1
36474,263,1
36475,287,1
36475,202,1
36476,289,1
36477,382,2
36478,174,1
36478,382,1
36479,386,1
36480,208,3
36481,204,1
36481,266,1
36482,198,1
36482,354,1
36483,171,3
36484,164,2
36485,297,2
36486,176,2
36487,179,3
36488,177,2
36489,102,1
36489,160,1
36489,230,1
36490,331,1
36490,375,1
36490,299,1
36491,200,2
36492,373,1
36493,361,3
36494,384,1
36495,127,1
36495,309,1
36495,184,1
36496,112,1
36497,168,1
36498,319,1
36498,164,1
36498,131,1
36499,114,1
36499,361,1
36499,225,1
36500,210,1
36500,119,1
36501,226,3
36502,269,1
36502,316,1
36502,171,1
36503,135,1
36504,247,1
36504,393,1
36505,381,1
36506,235,1
36506,312,1
36506,321,1
36507,138,1
36508,278,1
36509,326,1
36509,341,1
36509,122,1
36510,249,2
36511,367,2
36512,369,1
36512,349,1
36513,181,3
36514,133,3
36515,285,1
36516,253,1
36516,339,1
36517,197,1
36517,132,1
36518,293,1
36519,365,2
36520,326,1
36521,290,1
36521,328,1
36522,315,1
36523,176,3
36524,298,2
36525,368,1
36525,310,1
36525,194,1
36526,126,1
36526,287,1
36527,373,2
36528,352,3
36529,328,3
36530,217,3
36531,283,1
36531,264,1
36531,260,1
36532,387,1
36532,333,1
36533,346,3
36534,202,2
36535,200,3
36536,210,2
36537,396,1
36538,343,1
36539,237,1
36539,121,1
36539,313,1
36540,286,1
36540,118,1
36540,131,1
36541,107,2
36542,122,1
36542,154,1
36542,295,1
36543,324,1
36544,351,2
36545,245,1
36545,137,1
36545,373,1
36546,176,3
36547,109,2
36548,277,1
36549,203,1
36550,101,2
36551,275,3
36552,269,3
36553,121,1
36553,205,1
36553,108,1
36554,149,1
36554,147,1
36554,175,1
36555,212,3
36556,303,1
36557,222,3
36558,356,1
36559,114,2
36560,135,1
36560,317,1
36561,307,3
36562,396,1
36562,251,1
36563,382,1
36564,333,2
36565,245,1
36565,400,1
36566,102,2
36567,169,1
36568,154,1
36569,317,1
36569,280,1
36569,372,1
36570,280,2
36571,193,2
36572,229,1
36573,272,1
36574,262,1
36575,275,2
36576,141,1
36576,396,1
36576,366,1
36577,124,1
36578,152,1
36579,290,1
36580,383,1
36581,227,1
36581,198,1
36582,214,3
36583,354,1
36583,241,1
36583,183,1
36584,389,3
36585,149,2
36586,239,1
36587,376,1
36587,105,1
36587,119,1
36588,328,2
36589,278,2
36590,121,1
36591,305,2
36592,291,2
36593,384,3
36594,135,1
36594,397,1
36594,367,1
36595,356,1
36595,255,1
36595,145,1
36596,209,1
36596,152,1
36597,102,3
36598,125,1
36598,186,1
36599,251,1
36600,296,1
36601,176,2
36602,380,1
36602,268,1
36602,359,1
36603,209,1
36603,197,1
36604,189,1
36604,194,1
36605,345,2
36606,134,1
36606,395,1
36607,279,2
36608,196,3
36609,285,1
36610,143,3
36611,135,1
36611,179,1
36612,255,1
36612,186,1
36612,347,1
36613,383,1
36614,287,1
36615,394,1
36616,324,1
36616,157,1
36617,374,3
36618,314,2
36619,217,1
36619,360,1
36620,128,1
36620,230,1
36620,279,1
36621,195,1
36621,234,1
36621,297,1
36622,321,1
36623,116,1
36624,211,1
36624,329,1
36624,340,1
36625,150,3
36626,331,1
36626,170,1
36626,264,1
36627,285,1
36628,203,1
36629,371,1
36629,175,1
36629,312,1
36630,202,1
36631,317,1
36631,166,1
36631,309,1
36632,229,3
36633,203,1
36634,317,3
36635,388,1
36635,186,1
36635,155,1
36636,226,1
36636,234,1
36636,327,1
36637,107,1
36637,317,1
36637,373,1
36638,137,2
36639,356,1
36640,301,1
36641,188,2
36642,379,1
36642,111,1
36643,300,1
36643,194,1
36644,193,1
36645,166,2
36646,362,1
36646,387,1
36647,193,1
36647,317,1
36648,208,2
36649,168,1
36649,380,1
36650,172,1
36651,383,3
36652,278,1
36653,220,1
36654,350,1
36655,359,1
36655,365,1
36656,158,2
36657,389,3
36658,195,1
36658,263,1
36659,120,3
36660,214,1
36661,282,2
36662,400,1
36662,254,1
36663,107,1
36663,219,1
36663,125,1
36664,220,3
36665,378,1
36665,277,1
36666,321,3
36667,219,1
36668,390,1
36668,386,1
36668,167,1
36669,282,1
36670,275,1
36670,164,1
36670,297,1
36671,320,1
36672,104,1
36673,159,1
36674,115,2
36675,353,1
36676,113,3
36677,190,1
36677,270,1
36677,120,1
36678,315,1
36679,191,2
36680,245,1
36681,375,1
36682,249,2
36683,111,3
36684,238,1
36685,266,1
36685,153,1
36685,393,1
36686,323,1
36687,205,1
36688,177,2
36689,396,1
36689,358,1
36690,140,1
36691,377,1
36691,393,1
36692,123,1
36693,106,3
36694,292,1
36694,252,1
36695,108,1
36695,224,1
36696,354,2
36697,213,1
36697,246,1
36697,260,1
36698,177,1
36699,335,3
36700,185,3
36701,395,1
36702,270,3
36703,368,1
36704,339,1
36705,107,1
36706,212,1
36707,284,1
36707,251,1
36707,261,1
36708,261,3
36709,313,1
36710,101,1
36711,195,1
36711,319,1
36711,188,1
36712,189,3
36713,194,2
36714,369,2
36715,233,2
36716,101,2
36717,398,1
36718,373,1
36719,155,1
36719,312,1
36719,290,1
36720,214,1
36720,264,1
36720,375,1
36721,221,2
36722,237,2
36723,245,1
36724,131,1
36724,222,1
36724,139,1
36725,210,1
36725,303,1
36726,391,1
36727,151,1
36727,222,1
36727,169,1
36728,306,1
36729,135,3
36730,347,2
36731,347,3
36732,379,3
36733,303,1
36733,288,1
36734,309,1
36734,280,1
36734,156,1
36735,214,2
36736,155,2
36737,187,1
36737,196,1
36737,119,1
36738,286,1
36739,168,3
36740,334,3
36741,162,2
36742,297,1
36743,275,3
36744,400,1
36744,176,1
36744,153,1
36745,397,3
36746,273,1
36746,111,1
36747,282,1
36748,211,1
36748,394,1
36748,323,1
36749,112,1
36749,298,1
36750,249,1
36751,250,1
36751,342,1
36752,240,1
36752,141,1
36752,225,1
36753,166,1
36753,339,1
36754,157,1
36754,228,1
36754,301,1
36755,217,1
36756,385,1
36756,376,1
36756,221,1
36757,192,1
36757,189,1
36757,304,1
36758,287,1
36759,121,1
36759,221,1
36760,150,1
36760,107,1
36761,128,1
36762,203,1
36762,122,1
36763,311,1
36763,367,1
36763,283,1
36764,293,1
36765,139,1
36766,260,1
36766,362,1
36767,292,3
36768,290,3
36769,121,2
36770,393,1
36770,128,1
36771,114,1
36772,253,3
36773,116,3
36774,301,2
36775,154,1
36775,114,1
36776,265,1
36777,171,2
36778,249,1
36779,365,1
36780,250,1
36781,318,1
36782,327,1
36782,393,1
36783,250,1
36784,145,2
36785,268,1
36785,395,1
36786,221,1
36786,148,1
36786,181,1
36787,268,1
36787,149,1
36787,241,1
36788,205,1
36789,361,2
36790,359,1
36791,328,3
36792,298,1
36792,396,1
36793,112,1
36793,129,1
36793,247,1
36794,230,3
36795,167,1
36795,108,1
36795,295,1
36796,356,2
36797,218,1
36797,130,1
36797,206,1
36798,331,2
36799,327,3
36800,278,3
36801,230,1
36801,287,1
36801,211,1
36802,279,1
36803,394,2
36804,361,1
36804,243,1
36804,207,1
36805,124,1
36805,156,1
36806,111,1
36807,281,1
36808,226,1
36808,120,1
36809,211,1
36810,220,1
36811,389,1
36812,281,1
36813,226,2
36814,197,1
36814,319,1
36814,322,1
36815,356,1
36815,128,1
36816,111,3
36817,162,1
36817,214,1
36818,282,3
36819,103,1
36819,121,1
36819,133,1
36820,386,2
36821,139,1
36821,300,1
36822,314,1
36822,129,1
36823,165,1
36824,264,1
36825,367,2
36826,294,1
36826,124,1
36826,174,1
36827,153,1
36827,386,1
36827,107,1
36828,144,3
36829,315,1
36829,184,1
36829,357,1
36830,237,2
36831,343,1
36832,350,1
36832,250,1
36832,326,1
36833,121,1
36834,234,1
36835,209,1
36836,387,1
36837,163,1
36837,240,1
36837,333,1
36838,102,3
36839,125,1
36839,296,1
36839,143,1
36840,187,1
36841,133,1
36842,198,1
36842,136,1
36843,237,1
36843,209,1
36843,229,1
36844,250,1
36844,267,1
36845,323,1
36846,116,2
36847,213,1
36847,147,1
36847,395,1
36848,151,1
36849,393,1
36849,108,1
36850,218,3
36851,178,1
36851,377,1
36851,267,1
36852,276,1
36852,267,1
36852,236,1
36853,184,1
36853,104,1
36853,399,1
36854,307,1
36854,195,1
36855,162,2
36856,194,1
36857,301,3
36858,291,1
36859,134,1
36860,146,1
36861,195,1
36861,167,1
36862,195,1
36862,315,1
36862,228,1
36863,332,1
36864,391,1
36864,332,1
36864,179,1
36865,357,1
36865,150,1
36865,135,1
36866,336,3
36867,261,1
36868,193,1
36869,193,1
36869,316,1
36869,368,1
36870,137,3
36871,137,3
36872,173,3
36873,139,3
36874,302,1
36874,102,1
36875,319,1
36876,266,1
36877,305,1
36878,279,3
36879,343,1
36879,239,1
36880,301,1
36880,398,1
36880,123,1
36881,360,3
36882,386,2
36883,170,1
36884,288,2
36885,348,1
36886,304,1
36887,175,1
36887,284,1
36887,322,1
36888,184,1
36889,254,1
36890,145,1
36891,232,1
36891,133,1
36891,151,1
36892,180,1
36893,368,1
36894,103,1
36895,175,1
36896,117,2
36897,267,1
36897,257,1
36898,268,1
36898,380,1
36899,103,1
36899,311,1
36900,144,3
36901,227,3
36902,233,3
36903,303,2
36904,215,1
36905,264,3
36906,266,1
36906,239,1
36907,358,3
36908,168,1
36909,352,3
36910,159,1
36911,300,3
36912,140,1
36913,199,1
36914,302,1
36915,309,2
36916,345,1
36916,244,1
36916,326,1
36917,308,3
36918,282,1
36919,236,1
36919,281,1
36919,342,1
36920,359,1
36921,101,1
36922,228,2
36923,199,1
36924,112,1
36925,177,1
36925,117,1
36926,370,2
36927,129,3
36928,127,2
36929,150,3
36930,348,1
36931,212,1
36932,303,1
36933,120,3
36934,252,3
36935,317,1
36936,191,1
36937,263,3
36938,142,1
36939,119,1
36939,385,1
36940,211,3
36941,335,1
36941,185,1
36942,138,1
36943,240,3
36944,233,1
36945,127,2
36946,250,1
36947,287,2
36948,189,1
36949,275,1
36950,261,1
36950,353,1
36950,382,1
36951,361,1
36951,153,1
36951,348,1
36952,228,1
36953,119,2
36954,159,1
36954,296,1
36954,161,1
36955,311,1
36955,312,1
36956,293,1
36957,160,3
36958,362,2
36959,363,1
36959,230,1
36959,346,1
36960,209,1
36961,122,1
36961,190,1
36962,306,1
36962,218,1
36962,365,1
36963,202,1
36964,394,1
36964,125,1
36965,227,1
36965,315,1
36965,380,1
36966,314,1
36966,397,1
36967,289,1
36967,366,1
36968,342,3
36969,380,1
36969,345,1
36969,258,1
36970,304,1
36971,297,1
36972,282,1
36973,352,1
36974,131,2
36975,123,3
36976,263,1
36977,199,2
36978,195,1
36979,228,1
36980,114,1
36981,176,2
36982,341,1
36982,379,1
36982,208,1
36983,130,3
36984,223,1
36985,123,1
36986,159,1
36986,294,1
36986,250,1
36987,339,1
36988,194,1
36989,135,2
36990,200,1
36990,370,1
36991,204,1
36991,167,1
36992,248,1
36993,130,1
36994,179,1
36995,117,2
36996,115,2
36997,278,1
36997,386,1
36998,378,3
36999,207,3
37000,312,1
37001,241,1
37001,366,1
37001,387,1
37002,263,1
37002,360,1
37002,363,1
37003,352,2
37004,324,1
37004,297,1
37004,164,1
37005,313,1
37006,318,1
37006,266,1
37006,130,1
37007,395,1
37008,216,1
37009,348,1
37009,240,1
37009,338,1
37010,240,1
37011,318,3
37012,111,2
37013,323,1
37014,144,1
37014,344,1
37015,161,1
37016,126,3
37017,182,1
37017,133,1
37017,210,1
37018,183,1
37019,313,1
37020,368,3
37021,381,1
37021,396,1
37022,295,1
37023,125,1
37023,253,1
37023,261,1
37024,135,1
37024,136,1
37024,346,1
37025,375,1
37025,338,1
37026,181,1
37027,214,1
37027,378,1
37027,360,1
37028,188,1
37029,341,1
37029,234,1
37030,175,2
37031,273,2
37032,221,1
37032,340,1
37033,191,1
37033,332,1
37034,197,2
37035,126,3
37036,136,1
37036,119,1
37036,173,1
37037,197,1
37037,368,1
37038,226,1
37038,303,1
37039,367,1
37040,230,1
37040,324,1
37040,196,1
37041,140,3
37042,386,1
37043,352,1
37044,224,1
37044,152,1
37044,201,1
37045,364,1
37046,221,1
37046,375,1
37047,180,2
37048,322,2
37049,397,1
37050,115,2
37051,261,3
37052,122,1
37052,221,1
37053,243,1
37054,196,3
37055,322,3
37056,388,2
37057,391,1
37057,226,1
37057,235,1
37058,316,2
37059,174,1
37060,148,1
37060,357,1
37060,398,1
37061,341,1
37062,284,2
37063,150,2
37064,306,2
37065,206,1
37065,367,1
37066,292,1
37066,159,1
37067,187,3
37068,223,3
37069,262,1
37069,252,1
37069,218,1
37070,147,3
37071,119,3
37072,356,2
37073,391,3
37074,199,1
37075,325,1
37076,399,2
37077,261,1
37078,343,1
37078,305,1
37078,311,1
37079,223,1
37079,330,1
37079,308,1
37080,187,1
37081,324,3
37082,166,1
37083,368,1
37084,261,3
37085,242,2
37086,370,2
37087,241,1
37087,354,1
37087,211,1
37088,259,1
37089,286,2
37090,208,3
37091,301,2
37092,319,1
37093,139,2
37094,272,2
37095,123,3
37096,221,1
37096,288,1
37096,400,1
37097,290,2
37098,396,3
37099,304,1
37099,344,1
37099,117,1
37100,139,1
37100,358,1
37101,264,1
37101,351,1
37101,188,1
37102,148,1
37102,292,1
37103,153,1
37103,281,1
37104,270,1
37104,352,1
37105,176,1
37106,143,1
37107,309,1
37107,185,1
37108,157,1
37108,368,1
37109,299,3
37110,239,3
37111,384,1
37112,152,3
37113,109,1
37113,268,1
37114,167,1
37115,109,3
37116,343,2
37117,379,1
37117,236,1
37117,161,1
37118,364,3
37119,399,1
37120,244,1
37121,152,1
37121,146,1
37121,264,1
37122,284,3
37123,135,2
37124,354,1
37125,184,1
37126,183,3
37127,352,1
37128,160,2
37129,177,1
37130,186,3
37131,105,1
37132,294,1
37132,309,1
37133,129,1
37134,158,1
37135,205,3
37136,320,3
37137,140,1
37137,135,1
37137,224,1
37138,370,1
37138,284,1
37139,144,1
37139,263,1
37140,396,3
37141,292,2
37142,319,1
37143,262,3
37144,243,3
37145,241,1
37145,351,1
37145,320,1
37146,345,1
37146,354,1
37147,286,2
37148,345,2
37149,142,1
37150,180,1
37150,251,1
37150,383,1
37151,385,2
37152,297,2
37153,255,1
37154,367,1
37154,300,1
37154,143,1
37155,382,1
37155,210,1
37156,382,1
37156,169,1
37157,349,1
37158,280,3
37159,225,1
37159,328,1
37160,394,1
37161,183,1
37161,163,1
37161,215,1
37162,175,1
37163,388,2
37164,235,1
37164,178,1
37164,253,1
37165,217,1
37166,276,1
37167,198,3
37168,106,2
37169,264,2
37170,213,1
37170,260,1
37170,266,1
37171,249,1
37172,344,1
37172,243,1
37172,380,1
37173,318,1
37173,220,1
37174,153,1
37174,310,1
37174,365,1
37175,346,1
37175,345,1
37176,158,2
37177,310,1
37177,318,1
37178,380,1
37179,290,3
37180,309,1
37181,384,3
37182,211,1
37183,370,1
37184,141,1
37184,348,1
37185,228,2
37186,234,1
37186,342,1
37186,329,1
37187,207,2
37188,394,3
37189,213,2
37190,200,1
37191,273,3
37192,282,3
37193,387,1
37193,124,1
37193,105,1
37194,360,2
37195,280,2
37196,282,1
37197,231,1
37198,223,3
37199,185,2
37200,147,1
37201,193,1
37201,116,1
37202,350,1
37202,313,1
37203,137,1
37203,201,1
37204,286,1
37205,239,1
37206,323,2
37207,155,1
37208,319,1
37208,150,1
37209,181,1
37210,187,1
37210,328,1
37210,366,1
37211,175,2
37212,240,2
37213,300,1
37213,105,1
37214,112,1
37214,214,1
37215,398,1
37215,250,1
37216,336,3
37217,116,1
37218,369,1
37218,145,1
37219,104,3
37220,138,1
37221,213,3
37222,246,2
37223,161,1
37224,365,1
37224,228,1
37225,218,1
37226,214,1
37227,331,1
37228,325,1
37228,127,1
37228,188,1
37229,267,1
37230,165,1
37231,283,1
37232,205,2
37233,191,2
37234,329,2
37235,353,1
37236,311,3
37237,115,1
37238,158,1
37238,252,1
37238,307,1
37239,389,1
37240,348,3
37241,383,1
37242,197,1
37242,138,1
37243,391,1
37244,319,1
37244,186,1
37244,113,1
37245,215,1
37246,237,2
37247,182,1
37247,297,1
37247,208,1
37248,242,1
37249,399,3
37250,314,1
37250,326,1
37250,296,1
37251,375,1
37252,116,1
37253,179,2
37254,190,2
37255,362,1
37256,189,2
37257,143,1
37257,157,1
37257,263,1
37258,360,1
37259,137,3
37260,381,1
37260,319,1
37261,247,3
37262,202,1
37262,152,1
37262,324,1
37263,245,1
37263,249,1
37264,391,2
37265,240,1
37265,160,1
37266,389,3
37267,170,1
37267,163,1
37267,161,1
37268,374,3
37269,366,2
37270,119,1
37271,244,1
37271,159,1
37271,300,1
37272,383,2
37273,221,2
37274,250,3
37275,292,1
37275,336,1
37275,311,1
37276,287,3
37277,139,2
37278,125,1
37279,116,1
37279,105,1
37280,295,1
37281,254,1
37281,353,1
37282,312,1
37283,359,1
37284,266,2
37285,190,2
37286,161,1
37286,161,1
37287,155,1
37287,200,1
37287,118,1
37288,324,1
37289,121,1
37289,125,1
37289,262,1
37290,310,1
37291,155,1
37292,174,2
37293,218,1
37293,158,1
37294,343,2
37295,388,2
37296,348,1
37297,382,1
37297,182,1
37298,344,1
37299,251,1
37299,292,1
37299,379,1
37300,239,2
37301,303,1
37302,364,1
37303,189,1
37304,200,1
37305,371,3
37306,107,2
37307,374,1
37308,218,1
37309,352,1
37310,169,2
37311,302,1
37311,204,1
37312,352,1
37313,114,1
37314,251,1
37315,241,1
37315,306,1
37316,347,2
37317,173,2
37318,260,1
37318,379,1
37319,177,1
37319,357,1
37319,353,1
37320,322,3
37321,285,1
37321,199,1
37322,138,2
37323,267,2
37324,290,1
37324,284,1
37325,180,2
37326,351,1
37327,191,1
37327,288,1
37327,173,1
37328,246,3
37329,313,1
37330,134,3
37331,296,3
37332,310,1
37332,243,1
37332,124,1
37333,185,1
37334,307,1
37334,245,1
37335,207,1
37336,286,1
37337,175,1
37338,356,1
37338,233,1
37339,103,1
37340,236,2
37341,123,1
37342,347,2
37343,142,1
37344,324,2
37345,285,1
37345,191,1
37346,237,3
37347,269,1
37347,178,1
37347,298,1
37348,300,2
37349,146,2
37350,274,3
37351,222,1
37351,164,1
37351,280,1
37352,218,3
37353,115,3
37354,224,1
37354,275,1
37355,342,1
37356,161,1
37356,398,1
37357,112,3
37358,386,1
37358,190,1
37358,313,1
37359,191,2
37360,171,3
37361,102,2
37362,253,1
37362,370,1
37363,208,3
37364,147,3
37365,106,1
37366,377,1
37366,195,1
37366,215,1
37367,371,1
37367,123,1
37368,359,1
37369,132,2
37370,292,2
37371,155,1
37371,173,1
37372,164,1
37373,352,2
37374,144,1
37374,118,1
37374,364,1
37375,222,1
37376,216,2
37377,137,1
37377,205,1
37377,126,1
37378,323,1
37378,289,1
37378,139,1
37379,194,1
37379,374,1
37379,175,1
37380,137,1
37380,318,1
37381,213,1
37382,387,3
37383,325,1
37383,106,1
37384,256,1
37384,243,1
37384,111,1
37385,234,3
37386,113,3
37387,282,2
37388,324,3
37389,388,1
37390,143,2
37391,131,2
37392,318,1
37392,370,1
37392,346,1
37393,107,3
37394,154,1
37395,227,3
37396,163,3
37397,324,1
37397,157,1
37397,118,1
37398,300,1
37398,285,1
37399,229,2
37400,106,1
37400,235,1
37400,151,1
37401,144,1
37402,326,3
37403,206,1
37404,309,1
37405,349,2
37406,103,1
37407,133,1
37407,155,1
37407,231,1
37408,270,1
37408,262,1
37409,245,3
37410,206,1
37410,381,1
37411,129,2
37412,126,1
37412,156,1
37413,199,1
37414,379,2
37415,138,1
37416,113,3
37417,102,1
37418,215,2
37419,364,1
37420,297,1
37420,155,1
37420,121,1
37421,281,3
37422,284,1
37423,155,1
37423,204,1
37423,378,1
37424,352,1
37424,198,1
37424,140,1
37425,167,2
37426,363,1
37427,235,3
37428,120,3
37429,276,1
37430,297,1
37431,246,1
37431,293,1
37431,255,1
37432,232,1
37433,288,2
37434,242,2
37435,288,1
37435,131,1
37436,336,2
37437,248,1
37437,389,1
37438,258,2
37439,313,1
37440,209,1
37440,336,1
37440,193,1
37441,276,1
37441,388,1
37442,356,3
37443,343,1
37443,376,1
37443,276,1
37444,307,3
37445,210,1
37446,221,1
37446,145,1
37447,209,1
37447,360,1
37448,161,1
37448,330,1
37449,277,1
37449,270,1
37450,279,1
37450,181,1
37450,358,1
37451,239,1
37451,330,1
37452,341,1
37452,231,1
37452,357,1
37453,296,1
37453,310,1
37453,119,1
37454,386,2
37455,150,2
37456,287,1
37456,222,1
37456,133,1
37457,256,1
37457,130,1
37457,310,1
37458,131,1
37459,254,1
37460,351,2
37461,240,1
37462,121,1
37462,228,1
37462,262,1
37463,109,3
37464,179,1
37465,355,1
37465,193,1
37465,139,1
37466,190,2
37467,240,1
37467,171,1
37467,134,1
37468,290,2
37469,200,1
37470,183,2
37471,334,1
37471,213,1
37471,162,1
37472,287,3
37473,139,1
37474,315,1
37474,167,1
37475,216,2
37476,111,1
37476,375,1
37476,139,1
37477,384,3
37478,105,1
37478,154,1
37479,239,3
37480,365,1
37480,383,1
37481,114,3
37482,275,1
37482,365,1
37483,325,1
37484,149,3
37485,149,1
37485,285,1
37485,281,1
37486,330,1
37487,245,1
37488,180,1
37488,320,1
37489,272,1
37490,194,3
37491,332,3
37492,277,3
37493,137,1
37494,209,1
37495,347,1
37496,150,1
37497,162,3
37498,381,1
37498,215,1
37498,384,1
37499,141,1
37500,376,1
37501,240,3
37502,183,1
37503,204,1
37503,322,1
37504,280,1
37504,357,1
37504,290,1
37505,261,2
37506,309,1
37507,319,1
37508,102,1
37509,191,1
37510,145,1
37510,122,1
37511,347,1
37512,154,1
37512,295,1
37512,243,1
37513,273,1
37514,138,2
37515,383,2
37516,119,1
37517,400,1
37517,114,1
37517,392,1
37518,210,1
37519,170,1
37519,395,1
37519,120,1
37520,300,1
37521,311,1
37521,360,1
37522,305,2
37523,211,1
37523,264,1
37524,233,1
37524,166,1
37525,125,1
37525,370,1
37525,324,1
37526,125,1
37526,377,1
37527,251,3
37528,395,1
37529,284,2
37530,146,3
37531,223,1
37532,367,1
37533,301,2
37534,229,1
37534,208,1
37534,270,1
37535,145,2
37536,258,1
37536,232,1
37536,290,1
37537,385,1
37538,197,3
37539,290,3
37540,237,3
37541,338,1
37542,218,2
37543,352,1
37543,237,1
37544,234,2
37545,205,1
37545,205,1
37545,368,1
37546,138,1
37546,396,1
37546,101,1
37547,364,1
37548,384,3
37549,392,1
37549,228,1
37549,338,1
37550,390,1
37551,264,1
37552,374,1
37552,170,1
37552,205,1
37553,162,1
37554,328,1
37554,369,1
37554,231,1
37555,136,1
37556,197,1
37557,227,1
37557,338,1
37557,150,1
37558,296,1
37559,243,3
37560,197,1
37560,364,1
37560,154,1
37561,155,1
37562,190,2
37563,219,1
37563,272,1
37564,166,3
37565,254,3
37566,391,1
37567,227,3
37568,310,2
37569,223,1
37569,352,1
37569,399,1
37570,327,3
37571,241,1
37571,109,1
37572,324,1
37573,388,1
37574,256,1
37574,147,1
37574,276,1
37575,117,1
37576,254,3
37577,176,1
37578,249,1
37578,201,1
37578,191,1
37579,279,2
37580,105,1
37581,119,2
37582,351,1
37583,361,2
37584,327,1
37585,309,1
37586,395,1
37586,316,1
37587,341,1
37587,360,1
37587,216,1
37588,377,2
37589,358,1
37590,326,1
37590,287,1
37591,305,3
37592,201,1
37592,186,1
37593,364,1
37593,183,1
37594,304,1
37594,261,1
37595,218,1
37596,139,1
37596,390,1
37597,241,1
37598,301,1
37598,181,1
37599,238,1
37599,242,1
37599,368,1
37600,364,3
37601,230,2
37602,175,1
37602,165,1
37603,279,1
37603,269,1
37604,251,1
37605,389,1
37606,354,1
37606,145,1
37607,235,3
37608,289,1
37609,365,1
37609,265,1
37610,198,2
37611,289,1
37612,260,1
37612,109,1
37612,124,1
37613,126,2
37614,190,1
37615,150,2
37616,374,2
37617,252,1
37617,234,1
37618,209,2
37619,362,1
37619,124,1
37619,125,1
37620,294,1
37620,148,1
37621,142,1
37622,211,2
37623,175,2
37624,164,1
37625,367,1
37625,162,1
37626,317,1
37626,110,1
37627,369,2
37628,267,1
37629,180,1
37630,131,1
37631,354,1
37631,343,1
37632,345,1
37632,173,1
37632,159,1
37633,378,1
37634,259,3
37635,352,1
37635,217,1
37635,337,1
37636,358,1
37636,191,1
37636,298,1
37637,179,1
37638,377,1
37638,265,1
37638,102,1
37639,384,2
37640,345,1
37641,369,3
37642,254,1
37643,333,1
37644,197,1
37645,259,1
37645,375,1
37645,286,1
37646,333,1
37647,187,1
37648,138,1
37649,105,1
37649,187,1
37649,297,1
37650,312,3
37651,380,1
37652,260,1
37653,326,1
37654,149,1
37655,333,1
37655,332,1
37655,173,1
37656,167,3
37657,355,1
37658,329,1
37659,206,1
37659,112,1
37660,166,1
37660,245,1
37660,182,1
37661,265,1
37661,256,1
37661,131,1
37662,103,1
37662,399,1
37662,291,1
37663,149,1
37663,121,1
37664,268,1
37664,334,1
37665,237,2
37666,388,3
37667,172,1
37668,372,1
37669,306,1
37670,369,1
37671,233,1
37671,398,1
37671,184,1
37672,372,3
37673,355,2
37674,294,1
37675,381,1
37676,107,1
37677,382,3
37678,353,1
37679,195,3
37680,305,2
37681,270,1
37682,340,1
37683,291,1
37684,113,1
37684,137,1
37684,285,1
37685,210,1
37686,272,1
37687,117,1
37688,383,2
37689,326,1
37690,144,1
37690,177,1
37691,254,1
37691,205,1
37691,349,1
37692,101,1
37692,372,1
37692,110,1
37693,395,3
37694,332,1
37694,183,1
37695,198,1
37696,145,1
37696,185,1
37697,238,1
37698,295,1
37698,112,1
37698,357,1
37699,182,2
37700,129,2
37701,278,1
37702,205,1
37703,386,1
37703,386,1
37703,320,1
37704,211,2
37705,248,2
37706,394,1
37707,229,1
37707,184,1
37708,130,1
37709,330,2
37710,160,3
37711,352,1
37711,189,1
37711,151,1
37712,116,1
37712,299,1
37713,363,1
37714,146,1
37714,255,1
37715,287,1
37716,366,3
37717,386,1
37717,141,1
37718,189,1
37719,104,1
37720,222,1
37720,112,1
37721,106,3
37722,276,1
37722,323,1
37722,141,1
37723,255,1
37724,157,1
37724,178,1
37724,219,1
37725,178,1
37726,303,1
37726,313,1
37727,232,1
37728,383,1
37729,188,2
37730,151,1
37730,279,1
37731,198,1
37731,171,1
37732,220,2
37733,328,2
37734,256,1
37735,341,2
37736,256,1
37737,237,1
37737,119,1
37738,254,1
37739,129,1
37739,233,1
37739,222,1
37740,286,1
37741,243,3
37742,370,3
37743,361,1
37744,265,3
37745,195,1
37745,316,1
37745,141,1
37746,310,2
37747,276,1
37748,339,2
37749,268,1
37749,238,1
37749,151,1
37750,383,1
37751,222,1
37752,284,3
37753,273,2
37754,270,3
37755,214,2
37756,356,3
37757,254,1
37757,173,1
37758,255,3
37759,253,1
37759,256,1
37760,155,1
37760,365,1
37760,103,1
37761,150,1
37761,232,1
37761,384,1
37762,138,2
37763,243,1
37764,292,1
37765,256,1
37766,205,2
37767,391,2
37768,152,1
37769,232,2
37770,208,1
37771,211,1
37772,178,1
37773,311,1
37773,359,1
37774,282,2
37775,180,1
37775,212,1
37776,123,2
37777,303,1
37778,362,3
37779,302,1
37779,344,1
37779,122,1
37780,218,1
37780,129,1
37781,371,3
37782,336,2
37783,233,2
37784,355,1
37785,103,1
37785,384,1
37786,156,1
37786,377,1
37787,369,1
37788,148,3
37789,132,1
37789,347,1
37789,191,1
37790,301,1
37790,116,1
37790,276,1
37791,168,1
37791,341,1
37792,383,1
37792,189,1
37793,354,1
37793,111,1
37794,163,1
37794,367,1
37794,139,1
37795,251,1
37795,289,1
37795,250,1
37796,146,1
37797,284,2
37798,236,1
37798,272,1
37798,378,1
37799,146,1
37800,377,1
37801,274,2
37802,248,1
37803,142,1
37803,355,1
37804,185,2
37805,294,1
37805,320,1
37805,212,1
37806,245,1
37807,183,1
37807,311,1
37808,347,2
37809,277,1
37810,256,1
37811,294,1
37812,208,2
37813,348,1
37814,336,1
37814,199,1
37814,281,1
37815,200,1
37815,180,1
37816,363,1
37817,299,1
37818,393,1
37819,361,1
37820,266,1
37821,139,1
37822,114,1
37823,186,1
37823,214,1
37823,348,1
37824,271,1
37824,195,1
37825,167,3
37826,105,2
37827,381,2
37828,223,3
37829,201,1
37830,192,1
37830,214,1
37830,154,1
37831,208,1
37831,271,1
37832,273,2
37833,367,1
37833,394,1
37833,337,1
37834,166,2
37835,365,1
37835,368,1
37835,288,1
37836,338,3
37837,264,1
37838,162,1
37839,326,1
37840,145,1
37841,225,1
37842,323,1
37843,179,1
37844,194,1
37845,161,1
37846,200,1
37846,136,1
37846,388,1
37847,165,1
37848,323,1
37849,225,2
37850,400,2
37851,251,1
37852,221,3
37853,175,1
37854,186,1
37855,184,3
37856,375,1
37856,219,1
37856,327,1
37857,126,1
37857,253,1
37858,393,3
37859,199,1
37859,121,1
37859,277,1
37860,212,3
37861,316,1
37862,389,2
37863,218,1
37863,194,1
37863,232,1
37864,138,1
37864,187,1
37865,359,2
37866,308,1
37867,215,1
37868,169,1
37869,240,1
37870,328,1
37871,365,3
37872,219,3
37873,237,2
37874,372,1
37874,226,1
37875,341,3
37876,321,1
37876,220,1
37876,363,1
37877,397,1
37878,370,3
37879,244,3
37880,172,3
37881,187,1
37881,237,1
37881,148,1
37882,369,1
37883,260,2
37884,168,1
37885,195,1
37886,295,2
37887,395,1
37887,140,1
37888,143,3
37889,112,3
37890,276,1
37891,170,2
37892,327,1
37893,297,2
37894,151,1
37894,400,1
37894,224,1
37895,147,2
37896,361,1
37897,393,1
37898,223,1
37898,306,1
37899,398,1
37899,379,1
37900,311,1
37901,294,1
37902,127,1
37903,163,1
37903,275,1
37904,353,1
37904,295,1
37904,399,1
37905,226,2
37906,174,2
37907,205,1
37908,302,1
37908,335,1
37908,153,1
37909,381,1
37910,351,1
37910,329,1
37911,284,1
37912,245,1
37912,363,1
37912,143,1
37913,216,3
37914,399,1
37914,256,1
37914,296,1
37915,390,1
37915,126,1
37915,297,1
37916,235,1
37916,137,1
37917,383,2
37918,176,1
37919,193,1
37919,312,1
37919,323,1
37920,349,2
37921,366,1
37922,266,1
37923,255,1
37923,173,1
37924,345,1
37924,101,1
37925,107,3
37926,165,1
37927,390,1
37927,207,1
37927,331,1
37928,232,1
37928,160,1
37929,186,1
37929,274,1
37929,260,1
37930,342,3
37931,246,1
37932,326,1
37933,181,2
37934,190,1
37934,228,1
37934,381,1
37935,109,2
37936,311,1
37936,135,1
37937,169,1
37937,394,1
37938,194,2
37939,268,3
37940,180,1
37941,266,1
37941,313,1
37941,141,1
37942,399,3
37943,215,1
37943,263,1
37943,274,1
37944,265,3
37945,184,1
37946,281,3
37947,105,2
37948,253,1
37949,397,2
37950,218,1
37951,267,1
37951,363,1
37951,317,1
37952,270,1
37952,325,1
37952,356,1
37953,167,1
37953,297,1
37954,266,1
37954,385,1
37955,108,3
37956,172,3
37957,232,1
37958,133,3
37959,236,1
37960,309,1
37961,384,2
37962,390,1
37963,290,3
37964,253,1
37965,328,1
37965,177,1
37965,143,1
37966,397,3
37967,165,3
37968,267,1
37968,337,1
37968,192,1
37969,266,1
37969,371,1
37969,207,1
37970,133,2
37971,220,1
37972,208,1
37972,204,1
37973,245,1
37974,238,1
37975,322,1
37976,238,1
37976,194,1
37976,156,1
37977,343,2
37978,204,1
37978,214,1
37978,388,1
37979,279,1
37980,278,1
37980,265,1
37981,351,1
37982,143,1
37982,215,1
37983,124,1
37984,329,1
37984,149,1
37984,317,1
37985,220,1
37986,123,1
37986,322,1
37987,104,2
37988,373,3
37989,253,1
37989,364,1
37989,234,1
37990,175,1
37990,282,1
37990,258,1
37991,308,2
37992,394,1
37992,354,1
37993,102,1
37993,270,1
37994,102,1
37995,236,3
37996,290,2
37997,262,1
37998,109,1
37998,274,1
37999,237,1
38000,202,1
38000,325,1
38001,180,1
38001,313,1
38001,357,1
38002,369,1
38002,321,1
38002,126,1
38003,179,1
38003,319,1
38003,275,1
38004,329,2
38005,325,1
38006,293,1
38006,265,1
38007,221,1
38008,135,1
38008,155,1
38008,134,1
38009,117,1
38010,166,1
38010,180,1
38010,297,1
38011,323,3
38012,385,1
38012,267,1
38012,361,1
38013,159,1
38014,343,1
38015,157,2
38016,143,1
38016,268,1
38017,145,1
38017,354,1
38017,320,1
38018,381,3
38019,279,1
38020,253,1
38021,270,2
38022,299,1
38022,217,1
38023,282,3
38024,326,1
38024,137,1
38025,161,1
38025,143,1
38026,359,2
38027,349,1
38028,154,1
38029,370,1
38029,393,1
38030,223,1
38030,321,1
38030,301,1
38031,106,1
38032,347,2
38033,198,1
38034,115,1
38034,250,1
38034,267,1
38035,257,3
38036,215,1
38036,134,1
38036,266,1
38037,326,1
38038,237,1
38038,184,1
38039,324,1
38039,103,1
38039,121,1
38040,267,2
38041,358,1
38042,119,1
38042,347,1
38042,261,1
38043,356,1
38044,311,1
38045,295,2
38046,176,1
38046,289,1
38046,277,1
38047,283,3
38048,380,1
38049,316,2
38050,352,3
38051,338,1
38052,318,3
38053,251,1
38054,309,1
38054,336,1
38054,135,1
38055,348,2
38056,188,1
38057,327,1
38058,134,2
38059,270,1
38059,259,1
38059,216,1
38060,178,1
38060,287,1
38061,271,1
38062,219,1
38063,351,1
38063,374,1
38063,296,1
38064,226,3
38065,168,1
38066,292,1
38066,129,1
38067,362,1
38067,166,1
38068,310,1
38068,297,1
38068,179,1
38069,277,2
38070,348,1
38071,201,2
38072,235,1
38073,177,1
38073,315,1
38074,159,2
38075,113,2
38076,400,1
38077,277,1
38078,347,1
38078,296,1
38079,221,1
38079,323,1
38079,383,1
38080,332,1
38080,219,1
38081,246,3
38082,236,1
38083,380,1
38084,346,1
38085,359,1
38085,342,1
38085,375,1
38086,385,3
38087,182,2
38088,122,1
38089,120,3
38090,195,1
38090,376,1
38091,193,1
38091,298,1
38091,226,1
38092,344,1
38093,346,3
38094,309,2
38095,364,2
38096,304,2
38097,345,1
38098,197,2
38099,368,1
38099,282,1
38099,185,1
38100,350,1
38101,176,1
38102,325,1
38103,268,1
38104,354,3
38105,182,1
38105,242,1
38106,335,3
38107,371,1
38108,184,2
38109,109,1
38109,275,1
38109,283,1
38110,188,2
38111,179,1
38111,321,1
38111,229,1
38112,296,3
38113,184,2
38114,107,2
38115,150,1
38116,164,1
38117,309,1
38118,132,3
38119,385,3
38120,141,1
38120,235,1
38121,382,1
38121,229,1
38122,124,1
38123,355,1
38123,173,1
38123,177,1
38124,306,2
38125,338,2
38126,246,1
38127,358,1
38128,301,1
38129,357,1
38130,289,1
38130,268,1
38130,129,1
38131,149,2
38132,275,1
38133,103,2
38134,295,3
38135,223,1
38136,357,3
38137,150,1
38138,334,1
38138,214,1
38139,193,2
38140,213,3
38141,146,3
38142,176,1
38142,366,1
38142,215,1
38143,167,1
38144,255,1
38144,251,1
38145,367,3
38146,185,1
38146,123,1
38146,156,1
38147,209,1
38147,159,1
38147,200,1
38148,350,1
38149,276,3
38150,378,2
38151,382,3
38152,367,2
38153,278,3
38154,390,1
38155,140,1
38156,167,1
38157,293,2
38158,257,1
38159,181,1
38160,288,3
38161,112,2
38162,164,1
38163,117,1
38164,181,3
38165,129,2
38166,119,3
38167,137,1
38167,137,1
38167,319,1
38168,275,1
38168,238,1
38168,369,1
38169,256,1
38169,106,1
38169,312,1
38170,149,1
38171,255,2
38172,254,3
38173,396,1
38174,368,2
38175,388,1
38176,347,1
38177,292,1
38177,268,1
38177,383,1
38178,254,1
38178,242,1
38179,161,1
38180,279,3
38181,348,3
38182,148,1
38182,323,1
38183,315,1
38184,349,1
38185,166,1
38186,306,1
38187,334,1
38188,162,1
38188,286,1
38189,394,1
38189,129,1
38189,121,1
38190,247,2
38191,323,1
38192,300,3
38193,263,2
38194,190,1
38195,181,3
38196,106,1
38196,316,1
38197,157,1
38197,122,1
38197,150,1
38198,153,1
38198,160,1
38198,263,1
38199,225,1
38200,352,1
38201,144,3
38202,246,1
38203,219,2
38204,342,2
38205,195,1
38205,229,1
38206,400,1
38207,222,1
38207,139,1
38208,381,1
38209,353,1
38210,119,3
38211,248,1
38212,232,2
38213,252,2
38214,211,1
38215,150,3
38216,358,1
38216,254,1
38217,288,1
38218,177,1
38219,174,1
38220,368,1
38221,290,1
38222,336,3
38223,326,1
38224,208,2
38225,266,3
38226,321,1
38227,131,1
38228,254,1
38228,318,1
38228,333,1
38229,238,3
38230,205,1
38230,235,1
38231,239,1
38231,384,1
38232,323,1
38233,290,1
38233,236,1
38234,264,2
38235,333,1
38235,250,1
38235,179,1
38236,380,2
38237,222,1
38237,388,1
38237,271,1
38238,105,2
38239,197,1
38240,220,1
38240,249,1
38240,223,1
38241,291,3
38242,249,2
38243,396,2
38244,254,1
38245,365,2
38246,106,1
38247,339,1
38247,237,1
38247,394,1
38248,293,1
38249,251,1
38250,232,1
38251,304,1
38251,222,1
38252,179,1
38253,360,2
38254,231,1
38255,234,2
38256,246,1
38257,233,1
38257,303,1
38257,130,1
38258,269,1
38259,134,1
38259,301,1
38260,231,1
38260,242,1
38261,380,3
38262,231,1
38263,224,1
38263,375,1
38264,169,1
38265,128,3
38266,372,1
38267,215,2
38268,148,3
38269,254,1
38269,116,1
38269,285,1
38270,310,1
38271,359,1
38272,309,1
38272,128,1
38272,171,1
38273,180,1
38274,387,1
38274,149,1
38274,293,1
38275,346,1
38275,253,1
38275,213,1
38276,270,1
38276,360,1
38277,251,1
38277,339,1
38278,242,3
38279,255,1
38280,349,1
38281,363,1
38281,241,1
38281,200,1
38282,183,1
38282,139,1
38282,223,1
38283,233,2
38284,250,1
38285,301,1
38285,270,1
38285,335,1
38286,235,2
38287,183,1
38288,159,3
38289,216,3
38290,135,3
38291,211,1
38292,230,3
38293,325,1
38294,153,1
38295,166,1
38296,107,1
38296,148,1
38297,169,2
38298,360,1
38299,348,1
38300,314,3
38301,201,1
38302,241,3
38303,348,1
38303,202,1
38303,255,1
38304,172,1
38304,103,1
38304,269,1
38305,265,2
38306,228,1
38307,271,1
38307,251,1
38307,155,1
38308,117,1
38308,272,1
38309,186,2
38310,323,1
38311,356,1
38311,165,1
38312,339,3
38313,183,1
38313,350,1
38314,259,2
38315,141,2
38316,154,2
38317,164,1
38317,356,1
38317,215,1
38318,297,1
38318,179,1
38318,133,1
38319,108,1
38320,313,1
38321,243,1
38321,347,1
38322,397,3
38323,313,1
38323,278,1
38324,235,3
38325,350,2
38326,155,3
38327,103,1
38328,346,2
38329,384,3
38330,242,2
38331,264,1
38331,217,1
38332,266,1
38333,256,1
38334,205,1
38334,207,1
38335,347,1
38336,356,1
38337,342,1
38338,207,3
38339,318,1
38340,321,1
38340,171,1
38340,399,1
38341,295,2
38342,371,1
38342,189,1
38342,223,1
38343,270,2
38344,149,2
38345,374,1
38345,219,1
38346,374,1
38347,245,2
38348,396,1
38348,319,1
38349,238,1
38349,153,1
38349,345,1
38350,148,1
38351,290,1
38351,222,1
38352,177,1
38353,333,1
38354,208,1
38354,325,1
38355,145,1
38355,129,1
38355,379,1
38356,214,1
38356,117,1
38356,147,1
38357,326,1
38358,219,1
38359,375,3
38360,181,1
38361,345,3
38362,339,1
38362,333,1
38363,256,1
38364,233,2
38365,397,1
38366,142,3
38367,313,2
38368,182,3
38369,246,1
38369,304,1
38370,201,1
38370,104,1
38371,263,1
38371,243,1
38372,194,1
38373,347,2
38374,337,1
38375,358,1
38375,250,1
38375,356,1
38376,134,2
38377,234,2
38378,300,2
38379,346,3
38380,374,1
38380,122,1
38381,359,1
38382,302,1
38383,357,1
38383,103,1
38384,187,1
38384,123,1
38384,243,1
38385,387,1
38386,301,2
38387,190,1
38387,190,1
38387,391,1
38388,339,1
38388,156,1
38389,323,3
38390,138,1
38390,210,1
38391,148,2
38392,399,1
38393,306,1
38394,290,2
38395,291,1
38396,284,1
38396,187,1
38397,356,3
38398,106,3
38399,152,2
38400,186,1
38400,261,1
38400,278,1
38401,227,1
38401,279,1
38402,235,1
38402,210,1
38402,275,1
38403,122,2
38404,322,1
38404,174,1
38405,214,1
38405,398,1
38405,212,1
38406,322,2
38407,114,1
38407,309,1
38407,175,1
38408,273,1
38408,137,1
38408,396,1
38409,134,1
38410,136,1
38411,182,1
38412,313,1
38413,365,1
38414,116,3
38415,289,2
38416,199,1
38416,212,1
38416,111,1
38417,162,2
38418,162,1
38419,389,1
38419,153,1
38419,196,1
38420,169,1
38421,249,1
38421,142,1
38421,323,1
38422,291,3
38423,374,3
38424,260,1
38425,123,3
38426,224,1
38426,313,1
38427,267,1
38427,240,1
38427,237,1
38428,289,1
38428,128,1
38429,391,1
38429,358,1
38430,149,1
38431,165,2
38432,309,1
38433,235,2
38434,368,1
38435,349,1
38436,199,1
38436,386,1
38437,241,1
38437,163,1
38438,353,1
38439,146,1
38440,127,1
38441,195,2
38442,316,1
38443,289,1
38443,335,1
38443,205,1
38444,356,3
38445,340,1
38446,201,2
38447,280,1
38448,383,1
38449,350,2
38450,204,1
38451,321,3
38452,229,1
38452,315,1
38453,284,3
38454,144,1
38454,296,1
38454,124,1
38455,239,1
38456,322,1
38457,321,2
38458,210,2
38459,201,2
38460,221,1
38460,387,1
38460,267,1
38461,189,2
38462,250,3
38463,375,1
38463,377,1
38463,169,1
38464,343,1
38465,309,3
38466,311,1
38466,333,1
38467,354,1
38468,371,1
38468,356,1
38469,375,1
38469,336,1
38470,351,1
38470,241,1
38471,105,1
38472,134,1
38472,318,1
38472,336,1
38473,335,1
38474,150,2
38475,268,1
38476,369,1
38477,219,1
38477,265,1
38477,205,1
38478,367,2
38479,103,1
38480,386,2
38481,272,1
38482,252,1
38482,310,1
38482,384,1
38483,118,1
38484,154,1
38485,127,1
38485,127,1
38485,192,1
38486,125,1
38486,198,1
38486,109,1
38487,270,1
38487,398,1
38488,275,1
38489,303,2
38490,208,2
38491,307,1
38492,178,1
38492,168,1
38493,119,1
38493,122,1
38494,113,1
38495,320,1
38496,118,2
38497,270,2
38498,355,2
38499,157,1
38500,133,1
38501,202,1
38502,294,1
38502,356,1
38503,128,1
38504,217,3
38505,127,1
38505,311,1
38505,346,1
38506,376,2
38507,232,3
38508,179,1
38508,107,1
38509,258,1
38509,120,1
38509,285,1
38510,317,2
38511,324,2
38512,392,2
38513,207,2
38514,334,3
38515,183,1
38515,335,1
38516,255,2
38517,146,1
38518,296,1
38518,185,1
38518,279,1
38519,269,1
38519,360,1
38520,360,1
38521,180,1
38522,119,1
38523,378,2
38524,240,1
38524,135,1
38525,392,1
38526,381,1
38527,163,1
38527,385,1
38528,191,2
38529,373,2
38530,333,1
38530,225,1
38531,234,2
38532,131,3
38533,277,1
38533,356,1
38533,400,1
38534,283,1
38534,320,1
38534,365,1
38535,252,1
38535,399,1
38535,217,1
38536,349,3
38537,343,1
38537,241,1
38538,324,1
38538,211,1
38539,290,2
38540,210,3
38541,181,1
38542,303,1
38543,311,1
38544,152,1
38544,227,1
38545,144,3
38546,160,1
38547,159,1
38548,358,1
38548,394,1
38548,129,1
38549,194,3
38550,262,1
38551,360,1
38551,316,1
38551,285,1
38552,166,1
38552,303,1
38552,164,1
38553,311,1
38553,291,1
38554,305,1
38554,361,1
38554,349,1
38555,246,3
38556,343,1
38557,317,3
38558,206,1
38558,385,1
38558,205,1
38559,353,3
38560,263,1
38560,203,1
38561,128,1
38561,395,1
38562,355,1
38562,382,1
38563,371,1
38563,299,1
38564,296,1
38564,227,1
38565,314,1
38566,384,2
38567,369,1
38568,364,3
38569,154,2
38570,276,2
38571,228,3
38572,180,1
38572,147,1
38572,149,1
38573,255,3
38574,340,1
38575,271,2
38576,388,1
38577,289,1
38578,243,1
38578,314,1
38578,392,1
38579,388,1
38580,329,2
38581,235,2
38582,357,3
38583,306,1
38584,280,1
38584,213,1
38584,138,1
38585,201,3
38586,166,1
38586,273,1
38586,156,1
38587,323,1
38588,298,1
38588,279,1
38588,161,1
38589,200,2
38590,282,1
38591,341,1
38592,288,2
38593,216,1
38593,223,1
38593,225,1
38594,253,3
38595,128,1
38596,314,1
38596,364,1
38597,255,1
38598,190,3
38599,142,3
38600,256,2
38601,159,3
38602,262,1
38603,173,2
38604,106,1
38604,345,1
38604,317,1
38605,290,1
38605,101,1
38606,163,3
38607,328,1
38607,353,1
38608,298,3
38609,197,1
38609,121,1
38610,193,2
38611,225,1
38611,270,1
38611,152,1
38612,359,1
38612,373,1
38613,307,1
38613,253,1
38613,205,1
38614,122,3
38615,149,1
38616,195,3
38617,309,1
38617,400,1
38618,209,1
38618,209,1
38618,216,1
38619,272,1
38619,235,1
38620,286,1
38621,181,1
38621,136,1
38621,329,1
38622,287,1
38622,217,1
38622,189,1
38623,210,1
38623,223,1
38623,279,1
38624,276,2
38625,315,3
38626,127,1
38627,266,1
38628,358,1
38629,297,3
38630,293,2
38631,190,3
38632,221,2
38633,199,3
38634,348,2
38635,277,1
38636,394,2
38637,195,1
38637,375,1
38638,253,1
38638,110,1
38639,167,1
38640,226,2
38641,186,1
38641,364,1
38641,166,1
38642,108,2
38643,206,3
38644,181,1
38645,377,2
38646,239,1
38647,266,1
38647,291,1
38648,118,1
38648,105,1
38649,213,3
38650,384,1
38651,371,1
38652,393,1
38652,233,1
38652,313,1
38653,288,3
38654,248,1
38654,149,1
38654,291,1
38655,356,1
38655,174,1
38655,184,1
38656,166,2
38657,360,1
38657,259,1
38658,264,1
38658,119,1
38659,188,1
38660,289,1
38660,287,1
38660,334,1
38661,344,3
38662,292,1
38663,379,3
38664,267,2
38665,348,1
38665,307,1
38666,248,1
38667,208,3
38668,241,3
38669,224,3
38670,367,3
38671,345,1
38671,235,1
38672,336,3
38673,200,2
38674,140,1
38675,391,2
38676,113,3
38677,183,3
38678,394,1
38679,277,3
38680,391,1
38680,147,1
38680,220,1
38681,386,1
38682,308,3
38683,200,2
38684,144,1
38685,238,2
38686,376,1
38686,252,1
38686,319,1
38687,338,1
38687,387,1
38687,387,1
38688,177,1
38689,290,1
38690,279,1
38690,293,1
38690,185,1
38691,334,2
38692,157,1
38693,214,1
38693,343,1
38693,323,1
38694,208,1
38694,229,1
38694,216,1
38695,159,1
38696,252,1
38697,366,1
38697,152,1
38698,356,1
38699,234,3
38700,357,1
38701,201,1
38701,110,1
38701,153,1
38702,369,1
38702,197,1
38702,320,1
38703,240,1
38704,212,1
38705,393,1
38705,328,1
38705,119,1
38706,316,1
38707,104,1
38708,381,1
38709,224,1
38710,165,2
38711,224,3
38712,274,2
38713,113,1
38714,108,1
38714,194,1
38715,288,1
38715,300,1
38715,355,1
38716,182,3
38717,274,1
38718,135,3
38719,208,2
38720,314,3
38721,126,1
38721,235,1
38721,142,1
38722,127,1
38722,102,1
38723,395,1
38723,356,1
38723,219,1
38724,159,1
38725,164,2
38726,347,1
38726,204,1
38727,336,1
38728,146,3
38729,269,1
38730,161,1
38730,224,1
38731,267,3
38732,246,1
38733,392,1
38734,202,2
38735,354,1
38735,136,1
38736,255,1
38736,112,1
38737,297,1
38737,107,1
38737,219,1
38738,109,1
38738,271,1
38738,110,1
38739,386,1
38740,200,1
38741,296,1
38741,173,1
38742,113,2
38743,167,3
38744,295,1
38744,173,1
38745,227,1
38746,374,1
38747,289,1
38747,335,1
38747,254,1
38748,373,1
38749,104,1
38750,114,3
38751,181,1
38752,200,1
38752,352,1
38752,213,1
38753,346,2
38754,385,3
38755,182,3
38756,155,3
38757,201,1
38758,339,2
38759,150,1
38759,122,1
38759,103,1
38760,120,3
38761,175,2
38762,386,2
38763,327,3
38764,166,1
38765,183,1
38766,229,1
38766,336,1
38766,281,1
38767,340,1
38768,244,1
38769,368,3
38770,265,1
38771,376,2
38772,277,2
38773,338,1
38773,253,1
38774,256,1
38774,285,1
38774,109,1
38775,244,2
38776,378,2
38777,135,1
38777,268,1
38778,400,1
38778,361,1
38779,369,1
38780,286,1
38781,344,1
38782,261,1
38782,218,1
38783,124,1
38783,299,1
38783,396,1
38784,218,1
38784,295,1
38784,242,1
38785,325,1
38785,155,1
38785,135,1
38786,212,1
38787,257,1
38788,323,3
38789,291,1
38789,327,1
38789,250,1
38790,138,1
38790,357,1
38791,365,3
38792,359,2
38793,143,1
38794,220,3
38795,224,3
38796,255,3
38797,126,3
38798,280,1
38798,201,1
38799,133,1
38799,134,1
38800,214,1
38801,189,2
38802,187,1
38803,233,3
38804,182,1
38804,167,1
38805,261,2
38806,197,1
38806,194,1
38806,343,1
38807,270,3
38808,273,1
38809,236,1
38810,184,3
38811,276,1
38811,198,1
38812,333,2
38813,186,1
38814,228,1
38815,188,1
38815,234,1
38816,216,1
38816,173,1
38816,329,1
38817,125,1
38817,293,1
38817,342,1
38818,281,1
38819,119,1
38819,400,1
38820,213,1
38821,351,1
38821,328,1
38821,360,1
38822,274,1
38823,343,1
38824,104,1
38824,153,1
38825,127,2
38826,349,2
38827,395,3
38828,181,3
38829,301,1
38830,101,3
38831,324,2
38832,393,1
38832,207,1
38832,116,1
38833,194,2
38834,198,1
38835,398,3
38836,219,1
38837,321,1
38838,251,1
38838,384,1
38838,294,1
38839,303,3
38840,321,1
38841,238,1
38842,173,3
38843,397,3
38844,185,1
38844,397,1
38845,395,1
38846,166,2
38847,371,1
38847,174,1
38847,205,1
38848,352,1
38848,143,1
38849,281,2
38850,211,3
38851,320,1
38852,196,1
38852,395,1
38852,137,1
38853,264,1
38854,322,1
38855,369,3
38856,256,1
38856,164,1
38856,183,1
38857,369,1
38858,158,2
38859,126,2
38860,342,1
38860,228,1
38860,147,1
38861,210,2
38862,332,1
38862,292,1
38863,340,3
38864,337,1
38865,239,2
38866,342,1
38866,265,1
38866,233,1
38867,144,1
38868,389,1
38868,101,1
38868,395,1
38869,301,1
38869,130,1
38870,329,1
38870,169,1
38870,142,1
38871,136,1
38871,392,1
38872,182,1
38872,353,1
38873,238,2
38874,363,1
38874,339,1
38875,129,1
38875,143,1
38876,118,3
38877,241,3
38878,191,2
38879,211,2
38880,322,3
38881,255,1
38882,113,3
38883,283,1
38883,237,1
38883,331,1
38884,346,1
38885,210,1
38885,101,1
38885,364,1
38886,364,1
38886,394,1
38886,353,1
38887,241,2
38888,184,1
38889,159,1
38889,208,1
38890,171,3
38891,377,1
38892,113,2
38893,306,1
38894,108,1
38895,129,1
38896,245,1
38896,281,1
38896,208,1
38897,116,1
38898,106,1
38899,159,1
38900,214,3
38901,164,1
38901,397,1
38901,397,1
38902,157,1
38902,305,1
38902,134,1
38903,337,1
38904,234,1
38905,190,2
38906,181,1
38906,354,1
38906,129,1
38907,229,1
38908,245,1
38909,308,1
38909,227,1
38909,205,1
38910,258,1
38911,290,3
38912,351,1
38912,382,1
38913,263,1
38914,318,1
38914,118,1
38914,282,1
38915,293,1
38915,318,1
38916,379,1
38917,154,1
38918,165,1
38919,108,2
38920,234,1
38921,217,1
38922,319,1
38923,397,3
38924,206,1
38925,182,3
38926,180,1
38926,136,1
38926,175,1
38927,186,1
38927,319,1
38928,120,3
38929,112,1
38929,231,1
38930,211,1
38930,305,1
38931,303,3
38932,124,1
38933,324,1
38934,352,1
38935,105,1
38936,202,1
38937,385,1
38937,267,1
38937,153,1
38938,265,1
38939,369,1
38940,237,3
38941,316,2
38942,112,1
38943,218,1
38943,140,1
38943,400,1
38944,106,2
38945,242,3
38946,329,1
38946,156,1
38947,270,1
38947,275,1
38947,301,1
38948,199,1
38949,233,1
38949,349,1
38950,309,1
38950,265,1
38950,130,1
38951,221,2
38952,267,1
38952,153,1
38953,206,2
38954,349,2
38955,374,1
38955,248,1
38955,356,1
38956,177,1
38956,308,1
38956,217,1
38957,182,2
38958,136,2
38959,239,1
38960,247,1
38960,221,1
38960,154,1
38961,230,1
38961,306,1
38961,256,1
38962,138,1
38962,225,1
38963,218,1
38964,367,1
38965,215,3
38966,164,1
38966,293,1
38966,390,1
38967,284,1
38968,369,1
38968,170,1
38968,389,1
38969,104,2
38970,388,1
38970,216,1
38971,362,3
38972,171,1
38973,103,1
38973,224,1
38974,277,2
38975,364,3
38976,107,3
38977,317,1
38978,308,1
38978,177,1
38978,244,1
38979,259,1
38980,380,2
38981,348,2
38982,323,1
38983,374,1
38983,283,1
38984,124,1
38985,130,1
38986,326,3
38987,230,1
38988,379,2
38989,102,3
38990,254,3
38991,391,3
38992,158,1
38993,331,1
38993,141,1
38994,107,1
38995,234,3
38996,176,1
38997,179,1
38997,306,1
38998,285,1
38999,393,3
39000,128,1
39000,149,1
39001,382,1
39001,295,1
39002,316,1
39002,104,1
39003,121,3
39004,382,3
39005,130,1
39006,250,1
39006,393,1
39007,248,1
39007,227,1
39007,369,1
39008,320,1
39009,173,1
39010,268,1
39011,367,1
39011,245,1
39012,136,2
39013,118,1
39013,272,1
39014,318,1
39014,234,1
39014,314,1
39015,135,1
39016,168,3
39017,395,2
39018,283,1
39018,212,1
39019,397,1
39019,257,1
39020,288,1
39020,148,1
39020,288,1
39021,215,1
39022,341,1
39023,240,1
39023,293,1
39024,190,3
39025,284,1
39025,343,1
39026,373,1
39027,182,3
39028,306,1
39029,125,1
39029,190,1
39029,186,1
39030,144,1
39031,312,1
39032,103,1
39033,224,1
39034,246,1
39035,170,1
39035,138,1
39036,236,1
39037,275,1
39038,216,1
39039,350,1
39040,111,3
39041,359,1
39042,195,1
39043,189,1
39043,214,1
39043,144,1
39044,153,1
39044,260,1
39044,207,1
39045,195,1
39046,289,1
39046,318,1
39046,247,1
39047,360,1
39048,397,1
39049,303,1
39049,241,1
39049,200,1
39050,200,3
39051,361,1
39051,235,1
39051,341,1
39052,174,1
39053,231,3
39054,182,3
39055,314,1
39055,400,1
39056,187,2
39057,137,1
39058,307,1
39059,382,1
39060,351,1
39061,300,1
39061,349,1
39061,127,1
39062,134,1
39063,134,1
39064,155,1
39065,150,2
39066,142,1
39067,237,2
39068,378,1
39069,285,1
39069,239,1
39069,315,1
39070,185,1
39071,342,3
39072,343,1
39073,181,2
39074,211,1
39074,338,1
39074,325,1
39075,191,1
39075,268,1
39075,345,1
39076,202,1
39077,399,2
39078,141,2
39079,249,1
39080,161,1
39080,234,1
39081,198,3
39082,126,1
39082,212,1
39083,166,1
39083,231,1
39084,308,1
39085,394,1
39086,218,3
39087,181,1
39087,315,1
39088,137,2
39089,323,1
39090,321,3
39091,150,1
39091,216,1
39092,303,1
39093,238,1
39093,316,1
39094,310,1
39095,233,1
39096,270,1
39097,243,1
39098,327,1
39099,231,1
39100,136,1
39101,116,1
39102,397,1
39102,166,1
39103,311,1
39103,291,1
39104,233,3
39105,182,1
39105,102,1
39105,349,1
39106,323,1
39106,133,1
39106,113,1
39107,162,1
39107,253,1
39107,271,1
39108,324,1
39109,172,2
39110,178,3
39111,176,1
39111,211,1
39111,222,1
39112,343,1
39113,157,2
39114,216,2
39115,399,3
39116,279,1
39116,140,1
39117,143,2
39118,365,1
39118,217,1
39119,268,1
39119,325,1
39120,271,1
39120,105,1
39121,338,3
39122,248,1
39123,279,1
39123,312,1
39124,271,1
39125,367,3
39126,310,1
39126,199,1
39127,191,1
39128,258,2
39129,191,1
39129,316,1
39130,356,1
39130,144,1
39131,359,2
39132,318,1
39133,132,1
39134,292,1
39135,271,1
39136,366,2
39137,153,1
39137,376,1
39137,138,1
39138,127,3
39139,262,1
39139,358,1
39139,260,1
39140,203,1
39140,296,1
39141,277,1
39141,115,1
39141,270,1
39142,295,2
39143,280,2
39144,398,3
39145,307,2
39146,355,1
39147,132,3
39148,383,2
39149,291,2
39150,264,3
39151,284,1
39152,301,3
39153,110,3
39154,172,1
39155,150,3
39156,335,1
39156,358,1
39157,307,2
39158,274,1
39158,166,1
39159,364,1
39159,220,1
39160,367,3
39161,118,3
39162,221,1
39162,238,1
39163,210,3
39164,279,1
39165,289,1
39166,331,1
39167,333,1
39167,259,1
39168,312,1
39168,111,1
39168,139,1
39169,181,3
39170,107,3
39171,282,3
39172,105,1
39173,127,1
39174,243,2
39175,256,2
39176,394,1
39177,157,1
39178,297,1
39178,284,1
39179,192,3
39180,258,1
39180,318,1
39180,181,1
39181,181,1
39182,307,3
39183,152,3
39184,193,1
39185,240,2
39186,390,1
39186,392,1
39186,244,1
39187,116,1
39187,156,1
39187,163,1
39188,365,2
39189,202,1
39190,269,3
39191,216,1
39191,354,1
39191,130,1
39192,320,1
39193,209,1
39194,234,1
39194,140,1
39195,293,2
39196,132,1
39197,329,2
39198,371,2
39199,323,2
39200,377,2
39201,234,1
39202,238,1
39203,248,3
39204,110,1
39205,354,3
39206,144,2
39207,258,1
39207,248,1
39208,239,1
39209,119,2
39210,173,3
39211,251,3
39212,216,1
39212,210,1
39212,194,1
39213,150,1
39214,346,1
39214,366,1
39214,329,1
39215,319,2
39216,165,1
39216,175,1
39217,358,1
39217,357,1
39218,238,1
39219,348,1
39219,382,1
39219,387,1
39220,364,1
39220,325,1
39220,164,1
39221,180,1
39221,314,1
39222,122,3
39223,246,1
39223,187,1
39223,306,1
39224,129,1
39225,163,1
39226,227,1
39227,250,2
39228,137,1
39229,208,3
39230,124,1
39231,298,1
39231,101,1
39232,322,1
39233,381,1
39233,246,1
39233,150,1
39234,261,1
39235,124,2
39236,374,1
39237,382,1
39238,382,1
39238,381,1
39238,287,1
39239,325,1
39240,395,1
39241,134,1
39241,255,1
39242,149,1
39242,356,1
39242,356,1
39243,176,2
39244,239,1
39244,137,1
39244,259,1
39245,372,1
39245,231,1
39245,210,1
39246,308,2
39247,235,1
39247,369,1
39247,112,1
39248,118,3
39249,374,1
39249,243,1
39250,199,1
39250,140,1
39250,394,1
39251,400,1
39252,160,1
39252,255,1
39252,381,1
39253,242,1
39253,195,1
39254,187,1
39255,271,2
39256,173,1
39256,131,1
39256,392,1
39257,199,1
39258,319,3
39259,160,1
39259,128,1
39259,390,1
39260,155,1
39261,353,1
39261,211,1
39261,229,1
39262,335,1
39262,171,1
39262,257,1
39263,189,1
39263,388,1
39263,400,1
39264,122,1
39265,322,3
39266,360,1
39267,119,3
39268,365,1
39268,139,1
39268,297,1
39269,163,1
39270,267,2
39271,398,1
39272,281,3
39273,156,2
39274,182,1
39275,186,1
39276,148,3
39277,132,1
39277,268,1
39277,318,1
39278,276,1
39278,103,1
39279,355,1
39280,259,1
39281,219,3
39282,103,1
39282,289,1
39282,131,1
39283,103,2
39284,358,1
39285,166,1
39285,390,1
39285,231,1
39286,352,1
39286,217,1
39287,294,1
39288,170,3
39289,331,1
39289,275,1
39290,158,1
39291,273,1
39292,171,1
39293,348,1
39294,338,1
39294,383,1
39294,322,1
39295,157,3
39296,251,1
39296,148,1
39296,359,1
39297,170,1
39297,159,1
39298,333,1
39298,396,1
39298,259,1
39299,140,2
39300,214,1
39301,211,1
39301,128,1
39302,383,1
39302,339,1
39302,152,1
39303,306,3
39304,389,3
39305,169,1
39305,241,1
39305,310,1
39306,144,1
39306,104,1
39307,118,1
39307,334,1
39307,117,1
39308,394,2
39309,104,1
39310,354,1
39311,266,1
39312,205,1
39312,380,1
39312,277,1
39313,372,1
39314,271,3
39315,108,1
39315,171,1
39315,366,1
39316,322,2
39317,179,2
39318,125,3
39319,264,1
39319,102,1
39320,111,3
39321,389,1
39322,399,1
39323,214,1
39324,210,2
39325,246,2
39326,317,1
39326,228,1
39327,353,3
39328,358,1
39329,132,1
39329,243,1
39330,354,1
39331,256,1
39331,256,1
39331,125,1
39332,169,3
39333,220,1
39334,144,1
39335,173,1
39335,378,1
39335,337,1
39336,163,1
39336,268,1
39337,112,3
39338,193,2
39339,321,1
39340,113,1
39341,124,1
39341,251,1
39341,314,1
39342,376,3
39343,259,1
39344,267,1
39345,236,1
39345,240,1
39345,365,1
39346,142,1
39346,139,1
39347,331,1
39348,181,1
39348,101,1
39349,326,3
39350,272,2
39351,355,2
39352,290,2
39353,254,3
39354,254,2
39355,395,1
39355,278,1
39355,226,1
39356,160,2
39357,155,2
39358,249,3
39359,136,1
39359,205,1
39360,242,3
39361,192,3
39362,373,1
39362,376,1
39362,341,1
39363,398,1
39364,234,1
39365,311,2
39366,274,3
39367,379,1
39368,197,3
39369,257,1
39370,389,1
39370,199,1
39370,260,1
39371,292,2
39372,211,1
39373,276,1
39373,141,1
39373,314,1
39374,184,1
39375,160,3
39376,154,1
39376,180,1
39376,239,1
39377,245,2
39378,125,2
39379,118,2
39380,215,1
39380,263,1
39381,183,1
39382,124,1
39382,177,1
39382,148,1
39383,263,1
39383,251,1
39383,393,1
39384,379,2
39385,338,1
39386,132,2
39387,385,1
39388,259,1
39389,340,2
39390,112,1
39390,191,1
39391,230,1
39392,348,3
39393,176,3
39394,281,2
39395,382,3
39396,307,1
39396,127,1
39397,221,1
39397,239,1
39398,380,1
39399,331,1
39400,260,1
39401,101,3
39402,337,1
39403,169,3
39404,316,1
39404,342,1
39404,143,1
39405,372,1
39406,353,1
39406,181,1
39406,250,1
39407,384,2
39408,390,1
39408,298,1
39408,137,1
39409,340,1
39410,221,1
39411,312,3
39412,359,1
39413,233,1
39413,271,1
39413,262,1
39414,317,1
39414,337,1
39414,172,1
39415,243,3
39416,180,1
39416,378,1
39416,304,1
39417,241,1
39418,160,1
39419,310,1
39420,339,2
39421,314,1
39421,376,1
39421,344,1
39422,153,1
39422,375,1
39422,221,1
39423,258,3
39424,327,2
39425,273,1
39425,198,1
39426,370,1
39427,370,1
39427,356,1
39428,357,1
39428,341,1
39429,192,1
39430,320,1
39431,346,3
39432,189,3
39433,296,1
39434,337,1
39434,129,1
39434,112,1
39435,290,1
39435,394,1
39436,214,1
39436,247,1
39436,131,1
39437,138,1
39437,391,1
39437,136,1
39438,284,2
39439,118,1
39440,240,1
39440,242,1
39441,347,1
39442,233,1
39443,308,1
39443,141,1
39443,150,1
39444,202,1
39445,373,1
39445,393,1
39445,105,1
39446,290,1
39447,317,1
39447,265,1
39448,136,1
39449,177,1
39449,174,1
39450,255,2
39451,184,1
39451,383,1
39451,310,1
39452,320,1
39452,246,1
39452,357,1
39453,144,1
39453,115,1
39454,169,1
39455,385,1
39456,109,1
39456,231,1
39457,368,1
39458,154,1
39459,292,1
39460,334,1
39461,145,1
39461,132,1
39462,157,2
39463,203,3
39464,104,1
39465,206,1
39465,230,1
39466,355,1
39467,214,1
39468,256,1
39468,160,1
39469,139,1
39470,210,1
39471,392,1
39471,345,1
39472,191,2
39473,164,1
39474,222,2
39475,360,1
39476,160,2
39477,173,3
39478,178,1
39479,138,3
39480,148,2
39481,142,3
39482,118,3
39483,350,1
39484,111,3
39485,213,1
39486,254,1
39486,220,1
39487,264,1
39488,390,1
39488,193,1
39488,319,1
39489,121,1
39490,171,2
39491,261,3
39492,298,1
39492,201,1
39492,246,1
39493,119,1
39493,326,1
39494,252,1
39494,196,1
39494,119,1
39495,379,1
39495,120,1
39496,213,1
39497,200,1
39498,359,1
39499,215,1
39499,194,1
39500,217,1
39501,173,2
39502,189,2
39503,336,1
39503,346,1
39504,295,3
39505,381,3
39506,275,2
39507,355,3
39508,101,1
39509,203,1
39510,384,2
39511,249,1
39512,189,1
39513,341,1
39514,373,3
39515,334,3
39516,367,1
39516,162,1
39517,260,1
39517,117,1
39517,112,1
39518,275,3
39519,230,3
39520,337,1
39520,319,1
39521,266,1
39521,349,1
39522,216,1
39523,223,3
39524,354,3
39525,181,1
39526,260,1
39526,192,1
39527,308,1
39528,324,1
39528,236,1
39529,266,2
39530,218,3
39531,340,2
39532,389,3
39533,328,1
39533,129,1
39534,187,1
39535,287,1
39535,368,1
39535,386,1
39536,187,1
39537,271,1
39537,289,1
39538,127,1
39538,299,1
39538,287,1
39539,228,1
39540,393,1
39541,362,1
39542,233,1
39542,132,1
39542,200,1
39543,282,1
39544,185,1
39545,212,1
39545,167,1
39546,110,1
39547,216,1
39547,302,1
39548,341,1
39549,291,3
39550,311,1
39550,162,1
39551,135,3
39552,358,3
39553,149,1
39554,242,1
39555,108,1
39555,309,1
39556,290,1
39556,377,1
39556,140,1
39557,355,1
39557,244,1
39558,281,3
39559,320,1
39559,369,1
39560,290,1
39561,155,1
39561,305,1
39561,381,1
39562,366,1
39562,293,1
39562,201,1
39563,146,1
39563,318,1
39563,305,1
39564,321,1
39564,396,1
39564,190,1
39565,233,1
39565,301,1
39566,149,1
39567,226,1
39567,287,1
39568,134,3
39569,363,1
39569,181,1
39570,339,1
39571,318,2
39572,276,1
39572,181,1
39572,244,1
39573,326,3
39574,370,2
39575,101,1
39576,111,1
39576,194,1
39577,256,3
39578,236,1
39579,278,1
39580,132,1
39581,282,1
39582,117,2
39583,116,3
39584,308,1
39584,380,1
39584,111,1
39585,236,1
39586,235,1
39586,175,1
39586,185,1
39587,336,1
39587,342,1
39588,235,1
39588,171,1
39588,182,1
39589,311,1
39590,209,2
39591,374,1
39592,156,1
39592,233,1
39593,222,3
39594,328,2
39595,163,1
39596,160,1
39596,111,1
39597,222,1
39597,102,1
39597,391,1
39598,125,1
39599,191,1
39600,199,1
39600,235,1
39600,170,1
39601,270,1
39601,108,1
39601,397,1
39602,397,1
39602,220,1
39603,360,1
39604,186,1
39605,294,3
39606,295,1
39606,132,1
39606,178,1
39607,290,1
39608,286,3
39609,354,2
39610,169,1
39610,296,1
39611,203,1
39611,244,1
39612,227,2
39613,209,1
39614,101,1
39615,337,2
39616,346,1
39616,103,1
39617,323,1
39617,217,1
39618,366,1
39618,252,1
39618,374,1
39619,338,1
39620,321,1
39620,219,1
39620,298,1
39621,254,2
39622,192,2
39623,238,1
39624,270,1
39624,310,1
39625,354,1
39626,379,1
39627,252,1
39628,310,3
39629,292,2
39630,184,1
39630,332,1
39630,190,1
39631,137,1
39631,336,1
39631,144,1
39632,234,1
39633,358,2
39634,211,1
39634,199,1
39634,312,1
39635,106,1
39636,134,1
39637,215,1
39637,187,1
39637,340,1
39638,374,2
39639,341,3
39640,264,1
39641,241,1
39641,371,1
39642,204,1
39642,396,1
39642,301,1
39643,345,1
39643,241,1
39644,116,1
39644,328,1
39645,143,1
39645,243,1
39646,282,1
39647,298,2
39648,257,1
39648,323,1
39649,392,3
39650,241,1
39651,274,1
39652,125,1
39652,390,1
39652,196,1
39653,387,1
39654,376,2
39655,195,1
39655,183,1
39655,217,1
39656,238,1
39656,258,1
39656,339,1
39657,379,1
39658,275,1
39658,340,1
39659,184,1
39659,301,1
39660,254,1
39661,231,1
39661,201,1
39662,225,1
39663,316,1
39664,115,1
39665,337,1
39665,285,1
39665,326,1
39666,338,1
39666,152,1
39667,248,1
39668,236,1
39669,254,2
39670,215,1
39670,295,1
39670,134,1
39671,375,1
39672,148,1
39672,281,1
39673,293,1
39674,274,3
39675,157,2
39676,361,1
39677,362,2
39678,224,3
39679,380,1
39680,337,1
39681,330,1
39682,236,1
39683,105,1
39684,123,1
39685,260,1
39685,218,1
39685,307,1
39686,248,1
39687,208,1
39687,135,1
39688,181,2
39689,289,1
39690,385,3
39691,106,1
39691,192,1
39691,325,1
39692,190,1
39692,180,1
39692,353,1
39693,355,1
39693,344,1
39694,154,1
39695,347,1
39695,352,1
39695,113,1
39696,247,3
39697,124,2
39698,106,1
39699,115,3
39700,335,1
39700,241,1
39701,354,1
39701,375,1
39702,385,1
39703,369,1
39703,358,1
39704,182,1
39705,215,2
39706,290,1
39706,399,1
39707,224,3
39708,293,2
39709,266,2
39710,364,1
39711,158,1
39712,278,3
39713,342,2
39714,369,1
39714,335,1
39715,174,1
39715,139,1
39715,318,1
39716,257,1
39717,345,1
39717,191,1
39717,372,1
39718,299,1
39719,181,1
39719,148,1
39719,245,1
39720,295,1
39720,329,1
39720,347,1
39721,270,1
39722,368,3
39723,384,3
39724,147,1
39724,314,1
39724,208,1
39725,172,1
39725,346,1
39726,249,1
39727,206,1
39728,285,1
39729,152,2
39730,378,1
39730,123,1
39731,344,3
39732,163,1
39732,391,1
39732,253,1
39733,327,1
39734,106,1
39735,353,2
39736,287,1
39737,256,1
39738,310,1
39739,178,2
39740,225,1
39741,238,2
39742,351,3
39743,303,1
39744,174,1
39744,277,1
39744,231,1
39745,327,1
39746,319,1
39746,245,1
39746,167,1
39747,176,2
39748,118,1
39749,267,1
39750,152,2
39751,146,3
39752,314,1
39753,196,1
39753,342,1
39754,327,1
39755,312,1
39755,227,1
39755,126,1
39756,198,1
39756,134,1
39757,326,3
39758,297,1
39759,185,1
39760,262,1
39761,254,1
39762,394,3
39763,389,2
39764,194,1
39764,145,1
39764,266,1
39765,112,3
39766,174,1
39767,222,2
39768,196,1
39768,233,1
39769,148,3
39770,190,1
39770,155,1
39770,172,1
39771,219,1
39771,201,1
39771,139,1
39772,177,1
39772,195,1
39772,250,1
39773,196,2
39774,333,1
39775,165,1
39776,172,1
39776,236,1
39776,187,1
39777,118,1
39777,332,1
39778,382,1
39779,184,1
39780,268,1
39780,367,1
39780,374,1
39781,217,3
39782,353,1
39783,330,3
39784,137,3
39785,250,1
39785,209,1
39785,273,1
39786,365,1
39787,181,1
39787,299,1
39788,105,1
39789,288,2
39790,188,3
39791,324,1
39791,254,1
39792,257,3
39793,155,1
39794,109,2
39795,339,2
39796,255,1
39797,161,2
39798,380,1
39798,311,1
39798,311,1
39799,165,2
39800,331,2
39801,209,1
39802,112,1
39802,161,1
39803,109,1
39803,178,1
39804,333,1
39804,253,1
39805,360,1
39806,381,3
39807,272,2
39808,123,3
39809,382,1
39810,324,1
39811,353,1
39812,136,2
39813,237,1
39813,166,1
39813,249,1
39814,225,1
39815,173,1
39815,235,1
39815,378,1
39816,233,3
39817,137,1
39818,288,1
39819,191,1
39820,314,1
39821,225,1
39822,347,1
39822,321,1
39822,210,1
39823,164,1
39823,168,1
39823,198,1
39824,300,3
39825,124,1
39826,188,1
39827,284,1
39827,184,1
39827,245,1
39828,256,1
39829,286,1
39830,298,3
39831,233,2
39832,182,1
39832,161,1
39833,166,2
39834,323,1
39835,173,1
39836,388,1
39837,400,1
39837,168,1
39838,211,1
39839,375,2
39840,193,1
39841,199,1
39841,189,1
39841,227,1
39842,279,1
39843,177,3
39844,200,1
39845,199,2
39846,397,1
39847,287,1
39847,282,1
39847,331,1
39848,287,1
39848,268,1
39848,142,1
39849,163,2
39850,354,1
39850,201,1
39850,202,1
39851,106,1
39852,374,3
39853,325,1
39854,206,2
39855,201,1
39855,126,1
39856,300,3
39857,201,1
39857,129,1
39857,354,1
39858,232,3
39859,374,1
39859,196,1
39859,263,1
39860,310,1
39861,333,1
39861,138,1
39861,189,1
39862,203,1
39862,336,1
39863,371,2
39864,237,2
39865,212,1
39866,377,3
39867,131,1
39868,275,1
39868,385,1
39868,365,1
39869,292,1
39870,304,1
39870,154,1
39871,125,3
39872,300,1
39872,227,1
39873,237,2
39874,393,2
39875,243,3
39876,327,1
39877,140,1
39878,171,3
39879,148,1
39879,224,1
39879,193,1
39880,393,1
39881,194,3
39882,303,3
39883,310,2
39884,114,1
39885,314,1
39886,101,1
39886,158,1
39886,296,1
39887,325,2
39888,293,3
39889,369,1
39889,169,1
39890,333,1
39890,361,1
39891,265,1
39892,127,2
39893,262,1
39893,245,1
39894,216,1
39895,263,1
39895,266,1
39896,227,1
39896,113,1
39897,112,1
39898,394,3
39899,312,3
39900,400,2
39901,157,1
39901,172,1
39902,298,1
39903,376,1
39903,111,1
39904,397,3
39905,283,1
39906,302,1
39907,317,2
39908,116,2
39909,238,1
39910,364,2
39911,162,1
39911,294,1
39912,196,3
39913,394,1
39913,307,1
39914,395,1
39914,303,1
39915,248,2
39916,174,2
39917,328,1
39917,120,1
39917,324,1
39918,392,1
39918,255,1
39919,336,1
39920,154,2
39921,297,1
39922,227,1
39923,383,1
39924,185,1
39924,188,1
39924,243,1
39925,328,1
39925,142,1
39926,274,2
39927,137,2
39928,181,1
39929,153,1
39929,162,1
39929,167,1
39930,324,1
39931,166,1
39932,173,1
39932,139,1
39933,272,2
39934,149,3
39935,158,1
39935,335,1
39936,330,1
39937,285,2
39938,174,3
39939,201,1
39939,332,1
39939,377,1
39940,114,1
39941,375,1
39942,364,1
39943,235,1
39944,292,1
39945,159,1
39945,389,1
39946,200,1
39946,130,1
39946,282,1
39947,379,3
39948,280,2
39949,317,1
39950,295,1
39951,225,3
39952,366,1
39953,310,1
39954,130,2
39955,196,2
39956,112,1
39956,249,1
39956,361,1
39957,181,3
39958,158,1
39958,321,1
39959,147,1
39959,146,1
39960,192,3
39961,279,1
39961,274,1
39962,211,1
39962,284,1
39963,135,1
39964,123,1
39964,203,1
39965,205,1
39965,384,1
39966,358,3
39967,211,3
39968,340,1
39969,293,3
39970,175,3
39971,141,3
39972,288,3
39973,324,2
39974,282,1
39975,360,1
39976,393,1
39976,397,1
39977,246,2
39978,151,1
39978,282,1
39978,382,1
39979,288,2
39980,113,1
39980,260,1
39980,190,1
39981,207,3
39982,204,2
39983,148,1
39984,302,2
39985,299,1
39985,328,1
39985,343,1
39986,345,3
39987,342,3
39988,372,1
39989,307,1
39990,285,1
39991,173,1
39991,330,1
39992,362,1
39993,206,1
39993,384,1
39994,319,3
39995,399,1
39995,283,1
39995,148,1
39996,272,1
39997,372,1
39998,380,1
39998,215,1
39998,390,1
39999,162,1
39999,303,1
39999,111,1
40000,397,3
40001,143,1
40001,323,1
40001,280,1
40002,113,1
40002,308,1
40002,184,1
40003,240,1
40004,346,2
40005,154,3
40006,159,1
40007,360,3
40008,115,1
40008,330,1
40009,202,1
40009,276,1
40010,372,2
40011,293,1
40011,290,1
40012,358,2
40013,305,1
40013,293,1
40013,357,1
40014,370,2
40015,350,2
40016,247,1
40016,290,1
40016,313,1
40017,352,1
40017,366,1
40017,284,1
40018,299,3
40019,231,1
40020,346,3
40021,287,2
40022,158,1
40023,134,1
40023,107,1
40023,271,1
40024,221,2
40025,146,1
40025,122,1
40026,322,2
40027,117,1
40027,242,1
40028,344,1
40028,310,1
40029,165,1
40029,312,1
40030,114,1
40031,243,2
40032,320,2
40033,322,1
40033,183,1
40034,282,1
40035,163,1
40035,344,1
40036,220,3
40037,217,1
40038,308,1
40038,287,1
40038,220,1
40039,101,1
40039,197,1
40039,245,1
40040,334,2
40041,150,1
40041,268,1
40042,168,1
40042,191,1
40042,212,1
40043,269,1
40044,394,3
40045,124,2
40046,164,1
40046,186,1
40047,213,3
40048,301,1
40048,297,1
40048,186,1
40049,312,3
40050,345,3
40051,260,1
40051,318,1
40051,375,1
40052,386,3
40053,375,1
40054,296,1
40055,163,3
40056,309,1
40057,328,1
40057,138,1
40057,308,1
40058,195,1
40058,367,1
40058,395,1
40059,268,1
40060,265,3
40061,322,1
40061,240,1
40061,156,1
40062,163,1
40062,221,1
40062,135,1
40063,233,1
40064,144,3
40065,157,1
40066,104,1
40066,186,1
40067,345,1
40068,291,1
40068,348,1
40069,369,1
40069,370,1
40070,292,1
40071,336,3
40072,145,1
40073,234,1
40073,276,1
40074,386,1
40075,166,1
40075,349,1
40076,363,1
40077,154,1
40078,120,2
40079,273,2
40080,174,1
40080,381,1
40080,148,1
40081,384,2
40082,329,1
40082,122,1
40082,297,1
40083,372,1
40083,188,1
40083,259,1
40084,389,2
40085,209,1
40085,199,1
40086,308,1
40087,303,1
40088,270,2
40089,265,1
40089,311,1
40090,262,1
40090,165,1
40090,140,1
40091,344,1
40092,160,1
40092,352,1
40093,342,1
40094,353,1
40095,255,1
40095,104,1
40095,198,1
40096,109,1
40096,283,1
40096,366,1
40097,205,2
40098,287,3
40099,108,1
40099,222,1
40099,333,1
40100,329,2
40101,336,1
40101,231,1
40101,127,1
40102,298,1
40103,178,3
40104,241,3
40105,345,3
40106,184,2
40107,268,1
40108,230,1
40109,357,1
40110,246,1
40110,229,1
40111,291,1
40111,293,1
40112,302,1
40112,217,1
40112,362,1
40113,193,3
40114,347,1
40114,136,1
40114,113,1
40115,290,3
40116,350,1
40117,252,1
40118,349,1
40119,342,2
40120,237,2
40121,203,2
40122,226,1
40122,216,1
40123,228,1
40124,390,1
40125,247,3
40126,281,3
40127,229,1
40128,379,1
40129,321,1
40129,352,1
40130,113,1
40131,187,1
40132,239,1
40133,384,1
40133,240,1
40133,184,1
40134,326,1
40134,203,1
40135,222,1
40135,206,1
40136,371,2
40137,227,1
40138,363,1
40139,357,1
40140,346,1
40141,231,1
40142,262,1
40142,155,1
40142,319,1
40143,192,1
40143,268,1
40143,388,1
40144,311,1
40144,335,1
40144,133,1
40145,356,3
40146,212,3
40147,193,1
40147,191,1
40148,346,1
40149,346,1
40149,396,1
40149,171,1
40150,240,1
40151,273,2
40152,304,1
40152,115,1
40153,319,1
40153,359,1
40153,330,1
40154,132,1
40154,191,1
40154,195,1
40155,175,1
40155,282,1
40156,376,1
40157,116,1
40157,374,1
40158,205,2
40159,387,1
40160,301,1
40160,254,1
40161,252,1
40161,173,1
40162,210,3
40163,168,1
40163,325,1
40164,194,1
40164,173,1
40165,212,2
40166,260,1
40167,338,1
40168,153,1
40168,340,1
40169,223,2
40170,398,1
40170,141,1
40170,331,1
40171,378,1
40171,114,1
40171,161,1
40172,134,1
40173,178,1
40174,152,3
40175,114,1
40175,302,1
40175,118,1
40176,126,1
40177,246,1
40177,247,1
40177,111,1
40178,237,1
40178,369,1
40179,332,2
40180,326,1
40180,312,1
40180,332,1
40181,369,1
40182,236,2
40183,174,1
40183,200,1
40183,237,1
40184,190,1
40185,174,3
40186,123,1
40187,198,1
40187,344,1
40188,351,1
40188,172,1
40189,198,2
40190,212,1
40191,327,1
40192,375,2
40193,171,1
40194,186,1
40194,122,1
40195,266,3
40196,274,1
40197,358,1
40197,122,1
40197,393,1
40198,364,3
40199,248,1
40199,340,1
40200,290,1
40201,373,1
40201,346,1
40202,226,1
40203,340,1
40203,222,1
40204,211,1
40204,220,1
40205,235,2
40206,170,2
40207,280,1
40208,332,1
40208,177,1
40208,177,1
40209,367,3
40210,390,1
40211,266,1
40211,201,1
40211,344,1
40212,324,1
40212,291,1
40212,165,1
40213,348,3
40214,161,1
40214,257,1
40214,270,1
40215,111,1
40215,149,1
40216,225,1
40216,300,1
40217,153,3
40218,312,2
40219,367,1
40220,132,1
40220,370,1
40220,357,1
40221,341,2
40222,264,2
40223,185,1
40224,330,3
40225,310,1
40225,394,1
40226,389,1
40226,148,1
40227,237,1
40227,224,1
40228,378,2
40229,292,1
40230,230,1
40231,395,1
40232,138,3
40233,377,1
40234,144,1
40234,313,1
40234,249,1
40235,355,1
40236,160,1
40237,185,2
40238,231,2
40239,264,1
40240,344,1
40240,269,1
40240,286,1
40241,393,1
40241,258,1
40242,388,1
40243,232,1
40244,372,1
40244,375,1
40245,195,1
40246,143,2
40247,150,3
40248,167,1
40248,173,1
40248,293,1
40249,138,3
40250,277,3
40251,219,1
40251,267,1
40252,354,2
40253,378,1
40254,179,1
40255,395,2
40256,368,1
40256,395,1
40256,269,1
40257,161,1
40257,364,1
40257,141,1
40258,189,1
40258,128,1
40259,339,1
40260,393,2
40261,282,2
40262,381,2
40263,161,2
40264,269,1
40265,182,2
40266,294,1
40267,372,1
40268,144,1
40268,239,1
40268,114,1
40269,231,1
40269,252,1
40270,396,1
40271,372,1
40272,349,1
40273,353,1
40274,263,1
40275,314,2
40276,120,1
40276,360,1
40276,228,1
40277,189,1
40277,274,1
40277,364,1
40278,379,1
40279,312,1
40280,144,1
40280,214,1
40280,333,1
40281,162,2
40282,262,2
40283,386,1
40284,222,3
40285,354,1
40286,400,3
40287,149,1
40287,287,1
40287,137,1
40288,256,3
40289,338,3
40290,185,1
40291,298,1
40292,177,1
40292,266,1
40293,364,2
40294,298,1
40295,367,1
40296,377,2
40297,164,1
40298,277,3
40299,363,1
40300,278,1
40301,244,1
40301,378,1
40302,246,1
40303,239,1
40304,259,1
40304,224,1
40305,295,1
40306,101,1
40306,311,1
40306,259,1
40307,380,1
40307,110,1
40308,202,1
40308,313,1
40309,203,1
40309,280,1
40309,327,1
40310,359,1
40311,246,1
40311,299,1
40312,351,1
40313,144,1
40313,220,1
40314,185,1
40314,139,1
40314,179,1
40315,352,1
40316,177,2
40317,367,3
40318,297,1
40318,123,1
40318,295,1
40319,193,1
40319,126,1
40320,233,1
40320,347,1
40321,159,1
40322,266,1
40322,317,1
40323,342,3
40324,193,1
40325,129,3
40326,357,1
40326,301,1
40327,381,1
40328,192,1
40328,325,1
40329,169,1
40329,241,1
40329,177,1
40330,400,1
40330,275,1
40331,213,3
40332,249,3
40333,163,2
40334,280,3
40335,383,1
40335,132,1
40336,194,1
40337,317,1
40337,218,1
40338,300,1
40339,144,1
40339,300,1
40339,375,1
40340,139,1
40341,386,1
40342,270,1
40342,259,1
40342,223,1
40343,158,2
40344,397,1
40344,189,1
40345,179,3
40346,260,1
40346,243,1
40346,103,1
40347,257,1
40347,269,1
40347,161,1
40348,345,3
40349,318,2
40350,167,1
40351,197,3
40352,280,3
40353,314,1
40353,359,1
40354,317,1
40354,119,1
40355,202,3
40356,275,2
40357,188,1
40358,188,3
40359,295,2
40360,243,2
40361,280,1
40361,187,1
40362,344,1
40362,366,1
40362,167,1
40363,120,1
40363,355,1
40363,197,1
40364,118,1
40365,199,1
40366,156,1
40367,146,1
40367,308,1
40368,236,3
40369,142,2
40370,111,1
40370,384,1
40370,319,1
40371,157,1
40372,310,1
40372,134,1
40372,119,1
40373,396,1
40373,354,1
40374,247,1
40374,350,1
40374,175,1
40375,154,1
40375,210,1
40375,345,1
40376,152,1
40377,291,1
40377,158,1
40378,193,1
40379,330,3
40380,314,2
40381,265,1
40381,301,1
40381,104,1
40382,171,2
40383,324,1
40383,328,1
40383,230,1
40384,139,2
40385,174,1
40386,182,3
40387,280,1
40387,208,1
40388,260,1
40388,389,1
40389,275,2
40390,375,1
40391,162,1
40392,187,2
40393,215,3
40394,335,3
40395,152,1
40395,263,1
40396,328,1
40396,189,1
40396,329,1
40397,386,1
40398,221,1
40398,149,1
40398,260,1
40399,104,1
40399,112,1
40399,344,1
40400,104,1
40400,118,1
40400,144,1
40401,359,1
40402,377,3
40403,261,1
40404,383,3
40405,278,3
40406,186,1
40407,352,3
40408,259,1
40409,173,1
40410,246,1
40410,119,1
40410,287,1
40411,206,1
40411,290,1
40411,165,1
40412,254,3
40413,120,1
40414,186,2
40415,120,1
40415,206,1
40416,301,1
40417,224,1
40418,362,3
40419,120,1
40419,334,1
40420,179,1
40420,155,1
40421,367,1
40421,259,1
40422,110,1
40422,158,1
40423,124,1
40423,140,1
40423,276,1
40424,145,1
40424,252,1
40424,263,1
40425,153,1
40426,125,1
40427,200,1
40428,117,1
40428,129,1
40429,358,3
40430,324,2
40431,297,1
40431,115,1
40432,227,1
40432,384,1
40433,245,2
40434,399,3
40435,104,1
40436,360,1
40436,371,1
40436,369,1
40437,312,3
40438,198,2
40439,262,1
40440,344,2
40441,225,1
40441,224,1
40441,114,1
40442,315,1
40443,338,2
40444,332,1
40445,261,2
40446,296,1
40447,225,1
40448,239,1
40448,328,1
40449,110,1
40450,234,3
40451,301,1
40451,219,1
40451,150,1
40452,247,1
40453,345,3
40454,243,3
40455,187,1
40455,109,1
40455,210,1
40456,390,1
40456,201,1
40456,220,1
40457,159,1
40457,395,1
40458,295,3
40459,387,2
40460,308,3
40461,319,1
40461,385,1
40462,154,1
40463,315,1
40463,326,1
40464,260,1
40464,251,1
40465,316,1
40465,244,1
40466,351,3
40467,115,2
40468,270,1
40469,251,3
40470,349,1
40470,380,1
40471,156,1
40471,281,1
40471,332,1
40472,339,3
40473,234,3
40474,168,1
40475,348,3
40476,293,1
40476,159,1
40477,132,1
40477,213,1
40477,181,1
40478,109,1
40478,362,1
40479,167,1
40480,238,1
40481,113,1
40482,235,1
40483,323,1
40484,165,1
40485,102,1
40486,396,2
40487,255,2
40488,298,1
40488,261,1
40489,199,1
40490,125,1
40491,269,2
40492,306,3
40493,161,2
40494,384,1
40495,240,2
40496,114,1
40496,366,1
40496,328,1
40497,144,1
40497,327,1
40497,128,1
40498,345,1
40499,270,1
40500,322,1
40501,268,2
40502,302,1
40503,336,2
40504,206,1
40505,159,1
40505,173,1
40506,190,2
40507,113,1
40507,217,1
40507,389,1
40508,178,1
40509,193,1
40509,208,1
40510,389,1
40511,358,1
40511,332,1
40512,318,2
40513,156,2
40514,191,3
40515,216,2
40516,383,1
40516,178,1
40516,385,1
40517,331,1
40518,231,3
40519,167,1
40520,106,1
40520,175,1
40521,392,3
40522,383,2
40523,162,3
40524,187,1
40524,229,1
40525,291,3
40526,143,1
40527,188,1
40528,266,2
40529,293,2
40530,242,2
40531,217,1
40531,236,1
40532,139,1
40533,372,2
40534,348,1
40534,129,1
40535,231,1
40535,214,1
40535,166,1
40536,382,1
40537,192,2
40538,343,1
40539,246,2
40540,202,1
40540,139,1
40541,148,1
40541,313,1
40542,197,1
40543,287,3
40544,269,3
40545,153,1
40546,387,3
40547,255,1
40547,357,1
40547,107,1
40548,396,1
40549,113,1
40549,309,1
40550,369,1
40550,397,1
40550,130,1
40551,122,2
40552,201,1
40553,286,2
40554,195,3
40555,211,1
40555,282,1
40556,319,1
40557,324,1
40557,305,1
40557,120,1
40558,129,2
40559,262,1
40559,356,1
40559,181,1
40560,281,1
40561,260,1
40561,369,1
40562,147,1
40562,349,1
40562,314,1
40563,221,3
40564,302,1
40564,350,1
40564,374,1
40565,342,1
40566,263,2
40567,234,1
40567,365,1
40568,215,1
40569,316,3
40570,147,2
40571,175,1
40571,243,1
40572,137,3
40573,349,3
40574,396,1
40574,328,1
40575,256,1
40575,292,1
40576,148,1
40577,150,2
40578,368,1
40578,388,1
40578,319,1
40579,165,1
40580,177,1
40580,209,1
40581,190,1
40581,268,1
40582,146,1
40583,107,1
40584,219,2
40585,375,1
40585,381,1
40586,295,1
40587,279,1
40587,305,1
40587,261,1
40588,272,1
40588,167,1
40588,354,1
40589,209,1
40589,396,1
40590,318,1
40590,181,1
40590,205,1
40591,156,1
40591,375,1
40592,322,2
40593,289,1
40594,236,3
40595,398,1
40595,288,1
40596,364,1
40597,148,3
40598,114,1
40599,384,1
40600,179,1
40600,354,1
40601,240,1
40602,320,2
40603,188,3
40604,310,1
40605,349,1
40606,121,1
40606,315,1
40606,176,1
40607,202,1
40607,335,1
40608,319,1
40609,270,1
40610,202,1
40610,357,1
40611,211,1
40612,297,3
40613,396,1
40613,197,1
40614,141,1
40614,366,1
40615,173,1
40616,258,1
40617,325,1
40617,262,1
40618,340,1
40619,273,3
40620,145,1
40620,308,1
40621,156,1
40622,264,3
40623,138,3
40624,220,1
40624,147,1
40624,377,1
40625,125,3
40626,294,3
40627,233,1
40628,295,1
40628,391,1
40629,377,1
40630,295,3
40631,386,1
40631,243,1
40632,202,1
40633,145,2
40634,110,1
40634,286,1
40635,354,1
40636,392,3
40637,252,3
40638,324,3
40639,274,3
40640,147,2
40641,321,2
40642,349,1
40642,311,1
40643,394,1
40644,277,2
40645,264,2
40646,131,1
40647,254,1
40647,380,1
40647,394,1
40648,292,1
40648,165,1
40648,250,1
40649,280,1
40649,139,1
40650,247,1
40650,221,1
40650,245,1
40651,247,1
40652,200,1
40652,239,1
40653,149,1
40653,264,1
40654,235,1
40655,274,1
40656,137,1
40657,350,1
40657,279,1
40657,362,1
40658,114,3
40659,398,1
40659,244,1
40659,380,1
40660,105,2
40661,102,1
40661,106,1
40662,137,3
40663,182,1
40663,297,1
40663,218,1
40664,392,1
40665,119,1
40666,233,1
40667,379,1
40667,131,1
40668,253,1
40669,193,3
40670,284,2
40671,155,1
40671,206,1
40672,267,2
40673,210,1
40673,301,1
40674,165,1
40675,348,1
40675,360,1
40676,397,2
40677,294,3
40678,232,1
40678,254,1
40679,269,1
40679,201,1
40680,332,1
40680,220,1
40681,380,1
40682,388,1
40683,170,1
40683,383,1
40683,165,1
40684,137,1
40685,319,1
40686,317,1
40687,383,2
40688,366,1
40688,233,1
40688,212,1
40689,183,1
40690,355,1
40690,317,1
40691,257,3
40692,305,1
40693,386,1
40693,330,1
40693,102,1
40694,280,1
40694,233,1
40695,244,1
40696,108,1
40696,348,1
40697,113,1
40697,205,1
40697,250,1
40698,186,1
40699,127,1
40700,189,1
40701,333,3
40702,396,1
40702,274,1
40702,225,1
40703,192,1
40704,324,2
40705,306,3
40706,362,2
40707,131,1
40707,163,1
40708,222,1
40709,242,1
40709,264,1
40709,183,1
40710,246,3
40711,206,1
40711,286,1
40711,112,1
40712,383,3
40713,181,3
40714,170,3
40715,294,1
40716,167,1
40717,323,3
40718,244,1
40718,312,1
40719,157,3
40720,138,3
40721,233,1
40722,340,1
40723,103,1
40723,351,1
40724,379,1
40725,141,1
40725,193,1
40726,262,1
40727,345,1
40728,373,2
40729,339,3
40730,354,3
40731,309,1
40732,389,1
40733,390,1
40734,259,2
40735,221,1
40735,217,1
40735,140,1
40736,143,1
40736,147,1
40737,224,1
40737,319,1
40737,132,1
40738,304,1
40738,210,1
40738,325,1
40739,103,1
40739,183,1
40740,260,1
40740,330,1
40740,137,1
40741,143,3
40742,237,2
40743,272,1
40743,232,1
40743,274,1
40744,193,3
40745,287,2
40746,174,1
40747,183,1
40747,269,1
40747,396,1
40748,289,1
40749,182,3
40750,195,2
40751,124,1
40752,235,1
40752,212,1
40752,322,1
40753,272,1
40753,169,1
40754,390,1
40754,343,1
40755,397,1
40756,163,1
40756,198,1
40756,397,1
40757,173,1
40758,387,1
40758,254,1
40758,127,1
40759,172,1
40759,347,1
40760,135,1
40761,272,3
40762,295,3
40763,351,3
40764,385,1
40765,301,1
40766,226,3
40767,258,3
40768,157,2
40769,358,1
40770,293,1
40770,107,1
40770,174,1
40771,339,1
40771,249,1
40771,318,1
40772,255,1
40773,136,1
40773,148,1
40774,396,1
40774,356,1
40775,117,1
40776,107,1
40777,110,2
40778,120,1
40778,296,1
40779,256,2
40780,298,3
40781,207,1
40782,238,1
40783,190,2
40784,183,1
40785,137,3
40786,173,3
40787,208,2
40788,121,2
40789,301,1
40789,179,1
40789,130,1
40790,288,1
40790,188,1
40791,244,1
40791,231,1
40792,179,1
40793,211,1
40794,343,1
40794,157,1
40794,372,1
40795,251,1
40795,170,1
40795,249,1
40796,189,1
40796,289,1
40797,126,1
40798,147,1
40799,391,1
40799,394,1
40800,250,1
40801,183,2
40802,376,2
40803,152,1
40804,125,3
40805,365,1
40805,329,1
40806,269,2
40807,292,1
40807,186,1
40807,341,1
40808,207,3
40809,318,1
40809,263,1
40810,350,3
40811,159,3
40812,352,1
40812,269,1
40813,233,3
40814,355,1
40815,243,1
40815,374,1
40815,233,1
40816,377,1
40816,248,1
40817,337,1
40817,375,1
40818,342,2
40819,307,1
40819,353,1
40820,118,1
40820,269,1
40820,130,1
40821,255,1
40822,169,1
40823,144,1
40823,325,1
40823,262,1
40824,364,1
40825,116,1
40825,158,1
40825,231,1
40826,190,2
40827,281,1
40827,292,1
40828,337,1
40828,118,1
40828,127,1
40829,380,1
40829,251,1
40829,174,1
40830,126,2
40831,344,1
40832,192,1
40832,242,1
40833,223,1
40834,352,1
40835,363,1
40835,384,1
40836,201,1
40836,377,1
40836,304,1
40837,178,1
40838,247,1
40839,156,3
40840,117,1
40840,166,1
40841,151,1
40841,197,1
40842,272,1
40843,387,1
40843,213,1
40844,152,1
40844,215,1
40844,261,1
40845,306,3
40846,338,1
40846,202,1
40846,146,1
40847,108,1
40847,311,1
40848,244,3
40849,116,1
40849,361,1
40850,183,2
40851,309,1
40851,283,1
40852,122,1
40853,273,1
40853,293,1
40853,115,1
40854,154,3
40855,225,1
40855,155,1
40855,337,1
40856,324,3
40857,261,1
40857,248,1
40858,226,1
40859,203,1
40860,275,1
40860,112,1
40860,191,1
40861,280,1
40861,385,1
40862,355,3
40863,299,1
40864,281,1
40864,183,1
40864,238,1
40865,378,1
40865,278,1
40865,393,1
40866,160,1
40866,318,1
40866,204,1
40867,312,1
40867,220,1
40868,141,3
40869,323,1
40870,143,1
40871,287,1
40872,314,1
40873,318,2
40874,360,2
40875,235,1
40876,201,2
40877,116,3
40878,321,1
40878,291,1
40878,243,1
40879,120,1
40880,204,2
40881,263,2
40882,271,1
40883,286,1
40884,255,2
40885,256,1
40886,148,1
40886,380,1
40886,284,1
40887,286,1
40888,380,1
40888,156,1
40888,288,1
40889,384,3
40890,378,1
40890,326,1
40890,256,1
40891,148,1
40891,196,1
40892,133,2
40893,221,1
40894,234,1
40894,198,1
40894,306,1
40895,103,1
40895,235,1
40896,130,2
40897,306,1
40897,337,1
40897,111,1
40898,133,1
40899,124,1
40900,143,2
40901,163,1
40901,344,1
40902,313,1
40903,326,1
40903,106,1
40903,384,1
40904,337,1
40905,241,2
40906,287,1
40906,352,1
40907,314,3
40908,117,1
40908,187,1
40909,324,3
40910,350,2
40911,379,3
40912,117,2
40913,297,2
40914,276,2
40915,187,3
40916,193,1
40917,259,2
40918,389,1
40919,394,3
40920,169,2
40921,232,1
40922,281,2
40923,226,3
40924,395,1
40925,294,3
40926,190,3
40927,197,3
40928,317,1
40929,303,1
40929,174,1
40929,257,1
40930,206,2
40931,172,3
40932,129,1
40933,374,1
40933,400,1
40934,124,1
40934,170,1
40934,108,1
40935,146,1
40936,156,1
40936,343,1
40936,124,1
40937,324,1
40937,377,1
40938,179,1
40938,341,1
40939,179,1
40940,251,1
40941,161,1
40941,156,1
40941,384,1
40942,367,1
40943,257,1
40944,240,3
40945,152,1
40945,208,1
40945,397,1
40946,185,1
40946,282,1
40946,357,1
40947,386,1
40947,218,1
40947,140,1
40948,168,1
40949,332,1
40950,272,3
40951,191,2
40952,117,3
40953,296,3
40954,112,1
40954,328,1
40954,224,1
40955,117,3
40956,144,1
40956,136,1
40956,107,1
40957,281,1
40957,298,1
40958,168,2
40959,111,3
40960,157,1
40961,272,1
40962,152,1
40963,338,1
40964,164,1
40964,148,1
40965,395,1
40966,236,1
40967,211,3
40968,340,3
40969,346,2
40970,323,1
40971,189,1
40971,376,1
40972,200,1
40973,352,1
40974,167,3
40975,391,1
40975,195,1
40976,252,1
40977,348,1
40977,136,1
40978,265,1
40979,138,1
40980,215,2
40981,332,1
40982,356,1
40982,331,1
40983,251,1
40984,299,3
40985,312,1
40986,135,1
40986,174,1
40986,133,1
40987,326,1
40987,172,1
40987,339,1
40988,234,1
40988,392,1
40988,319,1
40989,143,3
40990,313,1
40991,367,1
40991,222,1
40991,234,1
40992,325,1
40993,143,3
40994,221,1
40995,161,2
40996,354,3
40997,229,1
40997,116,1
40998,301,1
40999,362,1
41000,133,1
41000,359,1
41000,365,1
41001,262,1
41001,116,1
41002,141,3
41003,380,1
41003,395,1
41003,216,1
41004,334,1
41004,373,1
41005,262,3
41006,201,1
41007,300,1
41008,269,1
41009,224,1
41009,318,1
41009,396,1
41010,123,1
41010,322,1
41010,217,1
41011,339,1
41011,109,1
41011,339,1
41012,254,3
41013,378,3
41014,126,1
41015,124,1
41016,143,1
41017,343,2
41018,333,3
41019,111,1
41019,130,1
41020,194,3
41021,303,1
41022,216,3
41023,111,1
41024,275,1
41025,385,1
41026,111,1
41026,364,1
41026,356,1
41027,303,2
41028,101,2
41029,289,1
41030,273,1
41030,126,1
41031,356,1
41031,351,1
41031,265,1
41032,316,1
41032,118,1
41032,191,1
41033,282,2
41034,161,3
41035,328,1
41036,260,1
41036,382,1
41037,114,1
41038,312,1
41039,205,1
41040,389,1
41041,284,3
41042,136,2
41043,391,3
41044,244,1
41044,288,1
41044,265,1
41045,387,1
41045,174,1
41046,217,1
41047,175,1
41048,132,1
41049,302,2
41050,291,1
41051,111,1
41052,175,3
41053,197,1
41053,107,1
41053,285,1
41054,111,1
41054,338,1
41055,157,3
41056,174,1
41057,134,1
41057,357,1
41057,316,1
41058,390,1
41059,240,1
41060,272,2
41061,392,1
41062,142,2
41063,184,2
41064,330,1
41065,129,1
41065,335,1
41066,103,1
41066,370,1
41066,356,1
41067,331,1
41067,198,1
41067,202,1
41068,370,1
41068,177,1
41069,112,1
41069,352,1
41069,322,1
41070,260,1
41070,297,1
41070,158,1
41071,254,1
41071,346,1
41072,162,3
41073,282,1
41073,278,1
41073,340,1
41074,119,2
41075,112,3
41076,202,3
41077,327,1
41077,269,1
41077,314,1
41078,265,1
41078,166,1
41078,122,1
41079,284,2
41080,207,1
41081,276,1
41082,245,1
41083,255,1
41083,235,1
41083,225,1
41084,310,1
41085,255,1
41086,379,1
41087,137,1
41087,361,1
41087,178,1
41088,250,1
41088,101,1
41088,314,1
41089,384,1
41089,352,1
41090,273,1
41091,310,1
41092,282,1
41092,269,1
41092,223,1
41093,372,2
41094,383,2
41095,297,1
41096,102,1
41097,185,1
41098,173,1
41098,218,1
41099,150,3
41100,151,1
41101,369,2
41102,378,1
41103,152,1
41103,387,1
41103,365,1
41104,265,1
41104,114,1
41104,286,1
41105,212,1
41105,267,1
41106,284,3
41107,274,2
41108,353,3
41109,128,2
41110,251,3
41111,300,1
41111,105,1
41111,179,1
41112,139,2
41113,205,3
41114,372,1
41114,229,1
41115,340,1
41115,326,1
41115,176,1
41116,135,2
41117,291,1
41117,176,1
41118,367,1
41118,398,1
41119,248,2
41120,308,1
41120,319,1
41121,361,1
41122,282,1
41123,300,3
41124,331,3
41125,251,1
41125,132,1
41126,150,2
41127,368,1
41128,204,1
41129,378,3
41130,308,1
41131,197,1
41132,390,1
41132,323,1
41132,325,1
41133,126,1
41134,400,3
41135,134,3
41136,292,3
41137,322,1
41137,302,1
41138,291,3
41139,336,2
41140,284,1
41141,157,1
41141,244,1
41141,361,1
41142,385,1
41143,294,3
41144,374,1
41145,119,1
41146,198,3
41147,319,1
41148,341,1
41148,314,1
41149,309,2
41150,150,1
41150,138,1
41150,229,1
41151,133,1
41152,251,1
41153,393,1
41153,205,1
41154,289,2
41155,104,1
41155,160,1
41156,135,1
41157,383,2
41158,302,1
41158,373,1
41158,192,1
41159,347,1
41159,139,1
41159,116,1
41160,378,1
41161,170,1
41161,148,1
41162,250,3
41163,324,1
41164,116,1
41164,113,1
41164,339,1
41165,310,3
41166,231,1
41166,194,1
41167,315,1
41168,278,1
41168,284,1
41169,233,1
41169,187,1
41169,264,1
41170,352,3
41171,356,2
41172,309,1
41172,149,1
41173,163,1
41173,290,1
41174,284,1
41175,217,2
41176,177,3
41177,366,1
41178,337,3
41179,166,1
41180,177,1
41181,270,1
41181,356,1
41181,322,1
41182,367,1
41183,220,1
41183,300,1
41184,228,1
41184,221,1
41184,201,1
41185,226,1
41186,328,1
41186,307,1
41187,187,1
41187,253,1
41188,319,1
41188,127,1
41188,385,1
41189,210,1
41189,212,1
41189,261,1
41190,375,1
41191,387,1
41192,135,1
41193,191,1
41194,207,1
41194,370,1
41194,141,1
41195,187,1
41195,302,1
41195,258,1
41196,326,1
41196,215,1
41196,177,1
41197,287,3
41198,270,1
41199,343,1
41200,201,1
41201,193,3
41202,384,2
41203,229,1
41203,215,1
41204,296,1
41204,389,1
41204,196,1
41205,279,1
41206,276,1
41206,116,1
41206,378,1
41207,285,2
41208,241,3
41209,343,2
41210,223,2
41211,125,1
41211,303,1
41211,397,1
41212,120,2
41213,199,2
41214,105,1
41215,203,3
41216,386,2
41217,209,1
41217,202,1
41217,210,1
41218,320,1
41219,284,1
41219,386,1
41220,363,1
41220,288,1
41220,131,1
41221,388,1
41221,274,1
41222,343,3
41223,300,1
41224,355,1
41225,308,1
41226,191,1
41227,298,3
41228,114,2
41229,124,1
41229,139,1
41229,106,1
41230,272,3
41231,292,1
41232,218,1
41232,103,1
41232,317,1
41233,366,1
41233,357,1
41234,316,1
41234,218,1
41234,383,1
41235,170,3
41236,374,1
41237,137,1
41237,174,1
41237,351,1
41238,330,1
41239,130,1
41239,274,1
41240,158,1
41240,302,1
41241,371,2
41242,170,1
41242,143,1
41243,250,1
41243,269,1
41244,261,2
41245,188,1
41245,201,1
41245,360,1
41246,369,1
41246,245,1
41247,180,3
41248,305,1
41249,216,1
41250,125,3
41251,167,1
41251,309,1
41251,218,1
41252,252,3
41253,101,2
41254,144,1
41254,132,1
41254,397,1
41255,133,2
41256,338,1
41256,323,1
41256,158,1
41257,352,1
41258,149,1
41258,286,1
41259,121,2
41260,254,1
41260,119,1
41260,352,1
41261,205,1
41262,232,1
41262,282,1
41262,167,1
41263,368,1
41263,375,1
41263,146,1
41264,199,1
41264,375,1
41265,170,1
41265,199,1
41266,199,2
41267,152,2
41268,334,1
41269,298,1
41270,280,1
41270,273,1
41271,102,1
41272,156,2
41273,198,1
41274,272,1
41274,277,1
41274,166,1
41275,246,1
41275,210,1
41275,245,1
41276,261,1
41277,108,3
41278,251,1
41279,290,1
41280,222,2
41281,136,2
41282,291,1
41282,203,1
41283,182,1
41283,330,1
41284,125,3
41285,199,3
41286,287,3
41287,230,1
41288,335,1
41289,182,3
41290,394,1
41290,225,1
41291,121,1
41291,300,1
41291,319,1
41292,138,1
41293,299,1
41293,229,1
41294,306,1
41295,270,2
41296,221,1
41296,255,1
41297,247,1
41298,144,1
41298,257,1
41298,246,1
41299,170,2
41300,201,1
41300,172,1
41300,148,1
41301,145,1
41301,188,1
41302,246,2
41303,389,1
41303,299,1
41303,101,1
41304,171,1
41304,214,1
41305,139,3
41306,366,3
41307,396,2
41308,170,1
41308,160,1
41309,329,3
41310,151,1
41310,347,1
41311,350,2
41312,268,1
41313,396,2
41314,142,1
41314,284,1
41315,336,1
41316,119,1
41317,314,1
41317,202,1
41318,150,1
41318,297,1
41318,127,1
41319,225,2
41320,123,2
41321,186,1
41322,258,1
41322,363,1
41323,175,1
41323,148,1
41323,112,1
41324,341,1
41324,302,1
41324,342,1
41325,109,2
41326,352,2
41327,319,1
41328,175,2
41329,372,1
41330,257,1
41331,116,3
41332,367,3
41333,337,2
41334,110,2
41335,313,1
41336,299,1
41337,231,1
41338,133,1
41339,270,2
41340,362,3
41341,202,2
41342,318,2
41343,101,1
41344,121,1
41345,164,1
41345,297,1
41345,208,1
41346,184,1
41346,400,1
41346,207,1
41347,224,3
41348,300,3
41349,106,1
41349,300,1
41349,202,1
41350,169,1
41351,284,1
41352,247,2
41353,236,1
41353,269,1
41353,346,1
41354,305,1
41355,267,1
41355,139,1
41356,111,2
41357,148,1
41358,392,1
41358,283,1
41358,187,1
41359,315,3
41360,367,3
41361,188,2
41362,352,1
41363,124,1
41364,189,1
41364,374,1
41365,271,1
41366,220,1
41366,125,1
41366,379,1
41367,104,2
41368,169,2
41369,150,1
41370,247,1
41371,257,1
41371,356,1
41372,313,1
41373,354,2
41374,122,1
41374,303,1
41374,255,1
41375,209,1
41375,263,1
41376,152,1
41377,329,1
41378,142,1
41378,165,1
41378,228,1
41379,176,1
41379,358,1
41380,322,1
41381,103,3
41382,217,1
41383,149,2
41384,382,1
41385,250,1
41385,386,1
41385,235,1
41386,399,3
41387,158,3
41388,107,1
41389,217,3
41390,196,2
41391,331,1
41391,309,1
41392,160,3
41393,367,2
41394,342,1
41395,338,1
41396,386,1
41397,280,1
41397,344,1
41398,324,1
41399,250,1
41399,235,1
41399,352,1
41400,214,2
41401,192,1
41402,359,1
41403,196,1
41403,168,1
41403,281,1
41404,275,1
41404,118,1
41405,252,2
41406,146,1
41407,268,1
41407,361,1
41408,232,1
41408,245,1
41409,384,1
41410,230,2
41411,105,1
41412,121,1
41413,191,1
41414,393,1
41415,391,1
41415,305,1
41416,272,1
41416,134,1
41417,166,1
41418,207,3
41419,153,1
41419,259,1
41419,249,1
41420,132,1
41420,237,1
41421,162,3
41422,383,3
41423,301,1
41424,352,1
41424,206,1
41424,394,1
41425,186,1
41426,311,2
41427,176,3
41428,261,1
41429,268,1
41429,114,1
41429,124,1
41430,190,2
41431,313,1
41432,225,1
41433,241,1
41433,241,1
41434,199,1
41434,269,1
41434,327,1
41435,364,1
41436,358,2
41437,235,1
41437,332,1
41437,173,1
41438,371,3
41439,160,2
41440,353,2
41441,168,1
41441,327,1
41441,204,1
41442,201,1
41443,369,2
41444,126,3
41445,222,1
41446,243,1
41447,214,1
41447,182,1
41447,116,1
41448,255,1
41448,125,1
41449,324,2
41450,291,2
41451,384,3
41452,153,1
41452,381,1
41452,187,1
41453,119,3
41454,366,2
41455,142,1
41456,149,1
41457,395,2
41458,272,1
41459,346,1
41460,380,1
41461,151,1
41461,351,1
41461,278,1
41462,242,1
41463,187,3
41464,171,3
41465,137,3
41466,245,1
41466,351,1
41467,280,3
41468,236,1
41469,354,1
41470,305,1
41471,222,2
41472,105,1
41473,394,1
41473,388,1
41474,299,1
41474,196,1
41475,118,2
41476,139,1
41476,333,1
41476,360,1
41477,355,3
41478,381,1
41479,242,1
41479,259,1
41479,234,1
41480,174,1
41481,322,1
41481,114,1
41482,282,1
41482,299,1
41482,212,1
41483,275,1
41484,286,1
41485,104,1
41485,105,1
41485,396,1
41486,117,1
41486,197,1
41487,106,1
41487,345,1
41488,107,2
41489,367,1
41489,296,1
41489,129,1
41490,320,3
41491,107,2
41492,260,1
41493,296,1
41493,139,1
41493,143,1
41494,122,3
41495,370,1
41495,359,1
41496,341,1
41496,171,1
41497,200,1
41498,107,1
41498,234,1
41498,400,1
41499,297,1
41499,262,1
41500,238,1
41500,105,1
41500,175,1
41501,172,1
41501,125,1
41502,160,1
41502,260,1
41502,241,1
41503,371,1
41504,389,2
41505,119,1
41505,255,1
41506,301,1
41506,271,1
41507,117,2
41508,188,1
41508,104,1
41508,294,1
41509,247,3
41510,347,3
41511,275,1
41511,349,1
41512,221,1
41512,116,1
41512,298,1
41513,230,2
41514,338,1
41515,177,1
41516,297,2
41517,208,2
41518,228,3
41519,301,1
41519,395,1
41519,114,1
41520,145,1
41520,292,1
41520,398,1
41521,360,2
41522,308,1
41523,151,1
41523,300,1
41524,351,3
41525,171,1
41525,142,1
41526,191,3
41527,102,1
41528,208,1
41529,384,2
41530,304,1
41530,341,1
41531,352,1
41532,148,1
41532,387,1
41532,228,1
41533,296,3
41534,373,1
41534,242,1
41535,376,2
41536,364,1
41536,111,1
41536,305,1
41537,270,2
41538,142,2
41539,366,1
41540,283,1
41541,124,1
41542,240,2
41543,240,1
41544,144,1
41545,229,1
41545,116,1
41546,210,1
41546,313,1
41547,363,3
41548,123,1
41549,165,3
41550,391,1
41551,132,1
41552,321,1
41553,209,1
41553,355,1
41553,152,1
41554,375,1
41554,118,1
41554,158,1
41555,135,3
41556,347,3
41557,375,1
41558,201,3
41559,163,3
41560,372,3
41561,230,2
41562,312,3
41563,330,1
41563,399,1
41564,245,1
41564,125,1
41564,312,1
41565,175,1
41566,343,2
41567,262,3
41568,147,1
41568,135,1
41569,255,1
41570,277,2
41571,157,2
41572,208,2
41573,290,2
41574,335,1
41575,355,3
41576,235,3
41577,179,1
41578,296,2
41579,354,1
41579,101,1
41580,221,1
41581,238,1
41582,161,2
41583,102,3
41584,303,1
41584,158,1
41585,188,2
41586,166,1
41586,225,1
41587,292,3
41588,348,3
41589,147,1
41590,196,3
41591,399,3
41592,276,1
41593,241,1
41594,101,3
41595,206,1
41596,286,1
41596,201,1
41596,251,1
41597,245,1
41597,315,1
41598,121,1
41599,287,1
41599,162,1
41599,182,1
41600,131,1
41600,383,1
41600,183,1
41601,127,1
41602,262,2
41603,181,1
41603,106,1
41604,376,1
41605,392,2
41606,371,1
41606,388,1
41607,154,3
41608,153,1
41609,328,3
41610,239,1
41610,235,1
41611,297,3
41612,240,1
41613,348,1
41613,232,1
41614,243,1
41615,270,1
41616,384,1
41616,172,1
41616,301,1
41617,144,2
41618,340,1
41618,238,1
41619,263,1
41620,165,1
41621,315,3
41622,178,1
41623,330,1
41624,320,1
41624,144,1
41625,114,1
41626,322,1
41626,161,1
41626,101,1
41627,158,1
41627,379,1
41628,213,2
41629,235,1
41630,335,1
41630,248,1
41631,125,2
41632,119,1
41632,128,1
41633,351,1
41633,160,1
41633,176,1
41634,147,1
41634,323,1
41634,306,1
41635,380,1
41635,366,1
41636,174,1
41636,104,1
41637,229,2
41638,291,1
41639,127,1
41640,179,1
41641,383,1
41642,126,3
41643,176,1
41644,344,2
41645,237,1
41646,280,3
41647,191,3
41648,256,2
41649,179,3
41650,338,3
41651,339,1
41652,345,3
41653,371,1
41653,119,1
41653,368,1
41654,322,3
41655,212,1
41656,339,1
41656,195,1
41657,188,1
41658,216,1
41658,186,1
41658,198,1
41659,397,3
41660,265,1
41660,363,1
41660,387,1
41661,276,1
41661,114,1
41661,170,1
41662,251,2
41663,183,1
41663,248,1
41664,222,2
41665,166,3
41666,229,1
41666,387,1
41666,289,1
41667,376,3
41668,186,1
41669,268,1
41669,258,1
41669,321,1
41670,373,1
41671,285,2
41672,198,1
41673,206,1
41674,271,1
41674,241,1
41674,333,1
41675,205,1
41675,283,1
41676,224,1
41676,353,1
41677,250,3
41678,212,3
41679,311,1
41680,263,3
41681,180,1
41681,148,1
41681,296,1
41682,192,3
41683,205,1
41684,329,1
41685,339,3
41686,175,1
41687,160,3
41688,182,2
41689,399,1
41690,173,1
41690,322,1
41690,396,1
41691,275,1
41692,156,2
41693,271,1
41693,344,1
41694,109,1
41695,364,3
41696,120,1
41697,168,3
41698,187,1
41699,338,1
41700,314,1
41700,245,1
41700,320,1
41701,181,1
41701,394,1
41702,293,1
41703,178,3
41704,146,1
41705,243,1
41706,164,1
41707,168,2
41708,374,1
41709,325,1
41710,371,1
41711,306,1
41712,380,1
41713,280,3
41714,170,1
41715,115,1
41715,282,1
41715,387,1
41716,197,1
41716,323,1
41717,283,1
41718,139,3
41719,353,1
41719,196,1
41719,295,1
41720,244,2
41721,267,1
41721,126,1
41721,309,1
41722,240,1
41723,377,1
41723,240,1
41723,140,1
41724,123,3
41725,319,2
41726,303,1
41726,238,1
41726,180,1
41727,144,3
41728,369,1
41729,159,1
41729,357,1
41729,140,1
41730,374,3
41731,305,1
41732,373,1
41732,200,1
41733,302,2
41734,135,2
41735,215,1
41735,295,1
41735,244,1
41736,223,3
41737,180,1
41737,357,1
41737,188,1
41738,370,1
41739,201,2
41740,241,2
41741,232,1
41741,322,1
41742,204,1
41742,207,1
41743,369,1
41743,188,1
41743,204,1
41744,263,3
41745,196,2
41746,149,1
41747,173,3
41748,228,1
41749,229,1
41749,109,1
41750,337,1
41750,106,1
41751,363,1
41752,215,3
41753,226,1
41753,367,1
41753,216,1
41754,171,1
41755,344,1
41756,132,1
41756,301,1
41757,130,3
41758,290,1
41759,259,3
41760,397,1
41760,346,1
41760,286,1
41761,254,2
41762,269,1
41762,299,1
41762,213,1
41763,230,1
41764,245,2
41765,323,3
41766,240,1
41767,188,2
41768,226,3
41769,357,1
41770,126,2
41771,257,1
41772,168,1
41773,313,1
41774,183,1
41775,301,1
41776,287,1
41776,362,1
41777,117,1
41778,174,1
41779,277,1
41779,153,1
41779,211,1
41780,158,3
41781,313,2
41782,221,1
41782,107,1
41782,142,1
41783,244,1
41784,350,2
41785,123,3
41786,102,2
41787,233,2
41788,125,1
41789,271,3
41790,332,3
41791,182,1
41792,136,1
41792,266,1
41792,282,1
41793,126,1
41793,372,1
41793,277,1
41794,215,1
41794,255,1
41795,386,3
41796,252,2
41797,353,2
41798,135,2
41799,138,1
41800,282,2
41801,331,1
41802,293,1
41802,203,1
41802,163,1
41803,151,1
41804,206,1
41805,359,1
41806,199,3
41807,241,3
41808,253,3
41809,294,1
41809,375,1
41809,267,1
41810,240,1
41811,111,1
41811,101,1
41811,201,1
41812,309,1
41813,247,1
41814,104,1
41814,133,1
41814,308,1
41815,315,1
41816,228,1
41817,137,1
41817,111,1
41818,369,1
41818,131,1
41818,227,1
41819,359,1
41820,297,2
41821,287,1
41821,211,1
41822,331,1
41823,304,1
41823,201,1
41824,163,1
41825,360,1
41826,386,1
41826,187,1
41826,314,1
41827,283,1
41827,244,1
41827,291,1
41828,359,1
41828,315,1
41828,373,1
41829,140,2
41830,389,2
41831,219,1
41832,352,1
41832,145,1
41833,331,2
41834,381,2
41835,133,2
41836,320,1
41837,179,2
41838,341,3
41839,212,1
41839,212,1
41840,269,1
41841,317,1
41842,211,1
41843,318,1
41844,129,1
41845,345,1
41845,254,1
41846,196,3
41847,218,1
41848,389,3
41849,179,2
41850,198,1
41850,174,1
41851,219,1
41852,305,1
41853,146,1
41853,387,1
41854,345,1
41854,148,1
41854,396,1
41855,205,1
41856,159,2
41857,354,3
41858,322,1
41859,355,1
41859,361,1
41859,293,1
41860,335,1
41861,287,1
41861,116,1
41862,295,2
41863,157,1
41863,176,1
41863,130,1
41864,134,1
41865,386,3
41866,307,1
41866,370,1
41866,237,1
41867,250,3
41868,309,3
41869,352,1
41870,259,2
41871,357,1
41871,382,1
41872,369,1
41873,175,3
41874,245,1
41875,210,3
41876,288,3
41877,229,1
41877,304,1
41878,349,1
41878,368,1
41878,209,1
41879,264,1
41880,108,1
41880,119,1
41881,206,1
41881,256,1
41882,161,1
41883,245,1
41883,208,1
41883,244,1
41884,356,1
41884,160,1
41884,142,1
41885,113,3
41886,279,1
41887,206,1
41888,114,1
41889,145,2
41890,359,1
41890,165,1
41890,174,1
41891,148,1
41891,276,1
41891,255,1
41892,293,1
41892,149,1
41892,294,1
41893,103,2
41894,162,1
41895,219,1
41896,239,1
41896,148,1
41897,400,1
41898,230,1
41899,104,1
41899,225,1
41899,317,1
41900,124,2
41901,147,3
41902,181,3
41903,391,3
41904,174,2
41905,126,3
41906,206,1
41907,244,1
41908,150,1
41909,289,1
41910,375,1
41910,191,1
41910,316,1
41911,346,1
41912,220,1
41912,376,1
41912,273,1
41913,254,1
41914,146,3
41915,288,3
41916,186,1
41916,154,1
41916,190,1
41917,212,1
41917,318,1
41918,139,1
41919,220,1
41920,260,1
41921,227,1
41921,364,1
41922,168,1
41922,159,1
41922,257,1
41923,289,1
41923,366,1
41923,336,1
41924,115,1
41924,117,1
41925,242,1
41926,240,1
41927,222,2
41928,218,1
41929,345,1
41929,193,1
41929,103,1
41930,176,1
41931,174,1
41931,170,1
41931,247,1
41932,147,2
41933,231,1
41934,334,1
41935,217,1
41936,108,1
41937,190,1
41938,139,1
41939,157,1
41939,123,1
41939,265,1
41940,328,1
41941,170,2
41942,283,1
41943,173,1
41943,263,1
41943,346,1
41944,119,2
41945,377,1
41945,234,1
41945,274,1
41946,176,3
41947,384,2
41948,232,1
41949,237,1
41950,357,1
41950,225,1
41951,150,1
41951,170,1
41951,313,1
41952,224,1
41952,364,1
41953,151,1
41953,203,1
41954,253,3
41955,320,1
41956,201,1
41956,314,1
41957,176,1
41958,248,1
41958,311,1
41958,311,1
41959,275,1
41959,171,1
41960,392,1
41961,133,1
41961,391,1
41961,147,1
41962,212,1
41962,189,1
41963,362,3
41964,112,1
41965,203,1
41966,373,1
41967,218,1
41968,324,1
41969,376,3
41970,235,2
41971,122,1
41972,332,1
41972,332,1
41972,357,1
41973,262,1
41974,353,3
41975,268,1
41975,197,1
41976,350,1
41976,252,1
41977,251,1
41977,203,1
41977,243,1
41978,112,1
41978,343,1
41979,123,1
41979,368,1
41979,205,1
41980,159,1
41980,280,1
41980,398,1
41981,349,3
41982,133,1
41982,203,1
41982,177,1
41983,384,2
41984,143,2
41985,184,3
41986,340,1
41986,226,1
41986,317,1
41987,182,1
41988,178,1
41989,321,2
41990,300,1
41991,312,3
41992,101,1
41992,116,1
41992,297,1
41993,351,2
41994,148,1
41994,311,1
41995,315,1
41995,217,1
41995,368,1
41996,333,3
41997,354,1
41998,386,3
41999,273,1
42000,369,3
42001,254,1
42001,147,1
42002,360,3
42003,126,1
42004,251,2
42005,219,2
42006,264,1
42007,199,3
42008,219,1
42009,348,1
42009,129,1
42009,373,1
42010,137,2
42011,157,1
42012,154,1
42013,163,3
42014,238,1
42015,383,1
42015,231,1
42016,265,1
42016,314,1
42017,153,1
42017,217,1
42018,120,3
42019,124,1
42019,299,1
42020,262,1
42021,167,1
42022,121,1
42023,348,1
42023,135,1
42024,122,1
42024,264,1
42024,366,1
42025,273,3
42026,312,1
42026,281,1
42027,400,1
42027,396,1
42028,373,1
42028,136,1
42028,172,1
42029,218,1
42030,336,3
42031,324,1
42032,267,1
42033,375,1
42033,226,1
42033,316,1
42034,173,3
42035,234,2
42036,205,1
42036,168,1
42037,182,3
42038,180,1
42039,287,1
42040,348,1
42040,318,1
42041,228,2
42042,234,1
42042,216,1
42042,252,1
42043,234,1
42044,218,1
42045,299,2
42046,294,3
42047,136,2
42048,108,1
42049,354,3
42050,139,3
42051,308,1
42052,219,2
42053,394,1
42053,245,1
42053,266,1
42054,331,1
42055,297,1
42056,357,1
42057,274,3
42058,205,3
42059,134,2
42060,139,3
42061,269,3
42062,178,2
42063,348,1
42064,240,1
42064,160,1
42064,339,1
42065,362,1
42066,224,2
42067,224,1
42067,103,1
42067,228,1
42068,374,3
42069,304,1
42069,316,1
42070,313,3
42071,384,3
42072,381,1
42072,265,1
42073,278,1
42074,197,1
42074,183,1
42075,269,1
42076,121,2
42077,275,1
42077,254,1
42078,257,1
42078,351,1
42079,398,1
42080,137,3
42081,219,1
42081,160,1
42081,388,1
42082,390,3
42083,190,2
42084,294,1
42084,281,1
42085,253,3
42086,221,2
42087,391,2
42088,204,1
42089,136,1
42090,167,2
42091,164,1
42091,337,1
42091,368,1
42092,177,1
42092,276,1
42092,119,1
42093,391,3
42094,269,1
42094,196,1
42095,108,1
42096,313,3
42097,330,1
42098,107,1
42099,311,1
42100,275,2
42101,359,3
42102,277,1
42103,380,1
42104,216,1
42105,319,3
42106,149,3
42107,305,2
42108,209,3
42109,150,1
42109,186,1
42109,227,1
42110,254,1
42111,218,1
42112,109,1
42113,367,1
42114,200,1
42114,268,1
42115,305,3
42116,157,1
42117,202,3
42118,143,1
42119,115,2
42120,191,1
42120,176,1
42120,316,1
42121,280,1
42121,316,1
42121,245,1
42122,337,1
42123,255,1
42123,259,1
42123,156,1
42124,292,1
42125,207,3
42126,309,3
42127,358,3
42128,258,1
42129,139,3
42130,191,2
42131,339,2
42132,303,1
42133,119,1
42133,317,1
42133,229,1
42134,329,1
42134,285,1
42135,133,3
42136,154,1
42137,216,1
42137,264,1
42137,160,1
42138,339,1
42138,221,1
42138,261,1
42139,342,3
42140,242,1
42140,148,1
42140,283,1
42141,285,1
42141,254,1
42142,366,1
42143,278,1
42143,150,1
42144,115,1
42144,101,1
42145,106,1
42146,282,1
42147,331,1
42147,248,1
42148,172,1
42148,121,1
42149,291,1
42149,186,1
42150,230,2
42151,172,1
42151,337,1
42151,147,1
42152,325,2
42153,372,2
42154,131,1
42154,101,1
42155,115,3
42156,104,2
42157,205,1
42158,321,3
42159,347,1
42159,281,1
42160,113,1
42160,153,1
42160,284,1
42161,394,1
42162,248,2
42163,144,1
42163,161,1
42164,155,1
42165,168,1
42166,307,1
42167,125,1
42167,298,1
42168,256,1
42169,223,1
42170,272,1
42170,158,1
42171,314,1
42172,283,2
42173,200,3
42174,271,2
42175,117,1
42175,292,1
42175,400,1
42176,152,1
42177,232,1
42178,344,1
42178,322,1
42178,343,1
42179,133,1
42180,252,2
42181,241,1
42181,245,1
42181,260,1
42182,318,2
42183,224,1
42184,334,1
42185,374,1
42185,207,1
42185,202,1
42186,177,1
42187,194,1
42187,310,1
42187,285,1
42188,154,1
42188,400,1
42189,237,1
42190,367,1
42191,188,1
42191,159,1
42192,194,2
42193,388,1
42194,365,2
42195,114,2
42196,206,2
42197,236,2
42198,256,1
42199,252,1
42199,321,1
42199,291,1
42200,306,3
42201,131,1
42202,278,1
42202,298,1
42202,273,1
42203,193,1
42203,172,1
42203,186,1
42204,101,2
42205,328,1
42206,201,1
42206,194,1
42207,226,1
42207,188,1
42207,255,1
42208,167,1
42209,185,1
42209,117,1
42209,243,1
42210,283,3
42211,168,1
42211,208,1
42212,355,3
42213,166,1
42213,376,1
42214,373,1
42215,389,2
42216,120,2
42217,320,3
42218,266,1
42219,273,2
42220,256,1
42220,244,1
42220,341,1
42221,259,1
42222,331,1
42223,337,2
42224,353,1
42225,101,1
42225,133,1
42226,184,3
42227,182,1
42227,383,1
42228,328,1
42229,207,1
42230,332,2
42231,276,1
42232,325,1
42233,358,1
42234,217,2
42235,358,2
42236,224,1
42237,229,1
42237,194,1
42237,326,1
42238,193,2
42239,291,1
42240,136,1
42241,210,2
42242,366,3
42243,241,2
42244,231,1
42245,165,1
42246,399,3
42247,381,1
42248,349,2
42249,136,3
42250,298,1
42250,258,1
42250,359,1
42251,301,2
42252,149,1
42253,300,1
42254,382,2
42255,147,1
42256,113,1
42257,242,3
42258,345,3
42259,339,1
42259,101,1
42259,274,1
42260,195,3
42261,271,1
42262,275,1
42262,159,1
42262,143,1
42263,372,1
42264,343,1
42265,144,2
42266,265,1
42267,359,1
42268,256,1
42269,313,1
42270,205,3
42271,346,3
42272,376,1
42272,188,1
42272,353,1
42273,134,1
42274,368,3
42275,215,3
42276,207,1
42276,192,1
42277,296,1
42278,262,3
42279,236,1
42280,111,2
42281,251,2
42282,197,1
42282,262,1
42283,347,1
42284,215,2
42285,354,3
42286,233,1
42287,296,1
42287,231,1
42287,206,1
42288,290,1
42288,383,1
42289,343,1
42289,122,1
42290,280,1
42291,349,3
42292,318,1
42293,145,1
42294,355,1
42294,285,1
42295,134,1
42295,364,1
42296,316,1
42297,347,1
42298,115,1
42299,344,3
42300,143,1
42301,345,1
42302,216,1
42302,135,1
42302,386,1
42303,272,1
42303,250,1
42304,126,3
42305,232,1
42306,207,3
42307,284,1
42308,115,1
42309,196,3
42310,194,2
42311,382,1
42311,303,1
42312,340,3
42313,255,1
42313,292,1
42314,126,1
42315,113,2
42316,150,2
42317,273,2
42318,262,1
42319,307,1
42320,190,1
42321,395,1
42322,179,1
42323,154,1
42323,248,1
42323,326,1
42324,176,1
42325,392,1
42325,324,1
42325,374,1
42326,346,1
42327,202,1
42328,148,1
42328,215,1
42329,168,3
42330,141,1
42331,374,1
42332,133,1
42333,112,1
42334,242,2
42335,309,1
42335,359,1
42336,380,1
42336,369,1
42337,390,3
42338,193,1
42339,264,1
42340,281,1
42340,335,1
42340,379,1
42341,213,1
42341,213,1
42342,219,1
42342,210,1
42342,255,1
42343,234,1
42343,105,1
42343,104,1
42344,311,2
42345,254,1
42345,175,1
42346,223,1
42347,358,1
42348,148,1
42348,263,1
42348,123,1
42349,347,2
42350,327,1
42350,197,1
42351,102,2
42352,307,1
42353,312,1
42354,311,1
42355,213,1
42355,152,1
42356,321,1
42356,205,1
42356,165,1
42357,301,3
42358,296,1
42358,325,1
42359,234,2
42360,241,1
42361,180,1
42362,270,1
42362,219,1
42362,148,1
42363,109,2
42364,238,1
42365,363,2
42366,134,1
42366,364,1
42367,328,1
42367,200,1
42368,279,2
42369,292,3
42370,292,2
42371,242,1
42371,297,1
42371,289,1
42372,315,2
42373,392,2
42374,238,1
42374,206,1
42374,273,1
42375,360,2
42376,197,1
42376,142,1
42376,249,1
42377,201,2
42378,359,1
42378,287,1
42379,281,3
42380,320,1
42380,265,1
42380,179,1
42381,190,3
42382,355,1
42383,396,2
42384,142,1
42384,152,1
42385,314,3
42386,135,1
42387,306,3
42388,273,3
42389,395,1
42389,101,1
42389,362,1
42390,165,2
42391,298,1
42392,362,1
42393,101,1
42394,317,1
42394,215,1
42394,368,1
42395,226,2
42396,249,1
42397,366,1
42397,234,1
42398,154,1
42399,146,1
42399,329,1
42399,393,1
42400,186,3
42401,234,1
42402,393,1
42402,208,1
42402,205,1
42403,227,1
42404,323,1
42405,371,2
42406,192,1
42407,191,1
42408,178,1
42408,159,1
42409,218,1
42409,389,1
42409,397,1
42410,328,1
42411,111,3
42412,135,1
42413,102,2
42414,292,1
42414,131,1
42415,133,3
42416,373,1
42417,288,1
42417,245,1
42418,120,3
42419,261,1
42419,365,1
42419,119,1
42420,206,2
42421,388,1
42421,354,1
42422,195,2
42423,287,3
42424,292,2
42425,336,1
42426,112,2
42427,164,1
42427,210,1
42428,207,1
42429,212,3
42430,137,2
42431,197,1
42432,209,1
42433,258,2
42434,376,3
42435,296,1
42436,115,3
42437,197,1
42437,248,1
42438,119,1
42439,390,1
42440,356,1
42440,162,1
42440,160,1
42441,353,1
42441,302,1
42442,205,2
42443,137,2
42444,226,1
42444,260,1
42445,284,2
42446,362,1
42447,400,2
42448,106,2
42449,192,1
42449,275,1
42450,219,2
42451,216,2
42452,266,3
42453,323,1
42454,265,3
42455,357,2
42456,193,1
42457,377,3
42458,169,1
42458,374,1
42458,391,1
42459,120,1
42459,292,1
42459,110,1
42460,272,1
42460,129,1
42460,266,1
42461,145,1
42462,302,2
42463,108,1
42463,124,1
42463,231,1
42464,125,3
42465,325,1
42466,278,1
42467,129,2
42468,271,1
42469,330,1
42470,386,1
42471,117,2
42472,364,2
42473,379,2
42474,263,1
42474,167,1
42475,211,3
42476,348,1
42477,282,1
42477,299,1
42477,183,1
42478,108,1
42478,283,1
42479,286,1
42480,270,3
42481,368,1
42481,380,1
42481,175,1
42482,264,1
42483,167,2
42484,141,3
42485,230,1
42486,376,1
42487,150,1
42488,304,1
42489,308,1
42489,218,1
42490,164,1
42491,331,1
42491,381,1
42492,142,2
42493,375,3
42494,364,1
42495,395,2
42496,203,2
42497,348,1
42498,150,1
42498,188,1
42498,383,1
42499,260,2
42500,301,1
42500,223,1
42501,212,1
42501,141,1
42501,366,1
42502,152,2
42503,175,1
42504,167,2
42505,218,1
42506,156,1
42506,296,1
42506,129,1
42507,262,1
42507,323,1
42508,115,1
42508,383,1
42508,396,1
42509,261,2
42510,102,3
42511,384,1
42512,350,2
42513,176,1
42514,298,1
42514,229,1
42514,385,1
42515,106,1
42516,281,1
42517,289,1
42518,335,1
42519,377,1
42520,329,2
42521,121,2
42522,198,1
42523,243,1
42523,105,1
42524,310,1
42525,150,3
42526,121,3
42527,105,3
42528,110,1
42528,325,1
42528,114,1
42529,293,1
42530,395,1
42531,207,1
42531,143,1
42531,269,1
42532,181,1
42533,136,1
42534,120,1
42535,227,1
42535,135,1
42535,142,1
42536,154,2
42537,397,2
42538,121,2
42539,204,1
42540,327,2
42541,368,3
42542,382,1
42542,378,1
42543,158,2
42544,181,2
42545,113,2
42546,397,1
42546,208,1
42546,355,1
42547,183,2
42548,245,2
42549,112,2
42550,322,1
42551,383,1
42551,246,1
42551,249,1
42552,214,1
42553,315,1
42554,247,3
42555,185,3
42556,145,1
42557,237,3
42558,209,1
42559,118,1
42560,173,1
42560,299,1
42561,221,2
42562,263,3
42563,128,3
42564,365,1
42565,288,1
42566,139,1
42567,288,1
42568,398,1
42569,122,3
42570,156,1
42570,365,1
42570,215,1
42571,276,1
42572,311,1
42572,154,1
42572,278,1
42573,255,1
42573,257,1
42573,273,1
42574,117,3
42575,394,3
42576,236,1
42576,228,1
42576,298,1
42577,137,2
42578,315,1
42579,120,1
42579,333,1
42579,241,1
42580,118,1
42581,302,2
42582,126,1
42582,373,1
42583,167,2
42584,286,1
42584,122,1
42584,330,1
42585,159,1
42586,123,1
42586,400,1
42586,168,1
42587,351,1
42588,106,1
42588,372,1
42588,269,1
42589,143,2
42590,313,3
42591,246,1
42592,295,1
42593,360,1
42594,307,3
42595,140,1
42595,192,1
42596,277,1
42597,372,1
42597,141,1
42598,385,2
42599,304,3
42600,214,2
42601,247,1
42601,139,1
42602,331,1
42602,320,1
42603,101,1
42604,334,1
42604,111,1
42604,129,1
42605,192,2
42606,253,1
42606,306,1
42607,211,1
42608,160,1
42608,395,1
42608,144,1
42609,315,1
42609,280,1
42609,222,1
42610,152,3
42611,241,3
42612,298,1
42612,307,1
42613,283,1
42614,135,1
42615,163,1
42616,134,1
42616,392,1
42617,121,2
42618,353,1
42619,245,2
42620,264,1
42620,377,1
42620,128,1
42621,217,2
42622,309,2
42623,141,1
42624,150,1
42625,376,1
42626,165,1
42626,289,1
42627,325,1
42628,133,1
42628,131,1
42628,168,1
42629,267,3
42630,303,2
42631,230,1
42631,338,1
42632,306,3
42633,174,1
42634,378,1
42634,278,1
42635,194,1
42636,126,1
42636,378,1
42636,343,1
42637,249,1
42637,271,1
42637,175,1
42638,253,2
42639,328,1
42639,134,1
42640,275,1
42641,151,3
42642,177,3
42643,251,1
42643,308,1
42644,392,1
42644,237,1
42645,374,1
42645,179,1
42646,227,1
42647,270,1
42647,239,1
42647,121,1
42648,233,1
42648,385,1
42649,326,1
42649,291,1
42649,163,1
42650,203,3
42651,280,1
42651,385,1
42652,176,3
42653,351,1
42654,128,2
42655,171,1
42656,125,3
42657,294,1
42658,262,2
42659,187,3
42660,101,1
42661,174,1
42662,241,2
42663,146,1
42664,230,3
42665,373,3
42666,375,1
42667,359,2
42668,118,1
42668,284,1
42668,313,1
42669,278,3
42670,378,3
42671,345,2
42672,260,1
42672,348,1
42673,371,1
42674,316,3
42675,364,1
42675,215,1
42675,359,1
42676,325,3
42677,125,1
42677,196,1
42678,364,1
42679,393,1
42680,209,1
42681,120,1
42682,268,2
42683,311,1
42683,264,1
42684,399,1
42684,301,1
42685,115,3
42686,370,1
42686,305,1
42686,223,1
42687,387,1
42687,387,1
42687,362,1
42688,336,1
42688,380,1
42688,213,1
42689,325,1
42689,138,1
42690,168,1
42691,304,1
42691,259,1
42692,275,1
42693,149,3
42694,293,1
42694,197,1
42695,265,1
42695,208,1
42696,150,1
42697,182,1
42698,326,3
42699,213,1
42699,356,1
42699,149,1
42700,385,1
42700,237,1
42701,310,2
42702,128,1
42703,382,1
42703,222,1
42703,155,1
42704,322,1
42704,308,1
42704,259,1
42705,209,2
42706,238,1
42706,136,1
42706,162,1
42707,368,3
42708,119,1
42708,357,1
42708,190,1
42709,378,1
42710,157,2
42711,297,1
42712,339,1
42712,225,1
42712,131,1
42713,205,2
42714,317,1
42714,378,1
42715,341,2
42716,382,2
42717,320,1
42718,205,3
42719,129,1
42719,266,1
42719,334,1
42720,271,1
42720,323,1
42721,165,1
42721,236,1
42721,126,1
42722,310,1
42723,145,1
42723,151,1
42723,110,1
42724,312,2
42725,272,1
42726,333,2
42727,103,3
42728,331,3
42729,176,2
42730,114,3
42731,336,1
42731,317,1
42731,320,1
42732,215,3
42733,132,1
42734,354,1
42735,310,1
42736,398,1
42736,229,1
42736,196,1
42737,364,1
42737,241,1
42738,375,2
42739,271,1
42739,103,1
42740,267,2
42741,208,1
42741,349,1
42741,213,1
42742,148,3
42743,112,1
42744,230,1
42744,372,1
42744,315,1
42745,267,1
42746,160,1
42746,187,1
42746,209,1
42747,121,3
42748,207,3
42749,158,1
42750,314,2
42751,253,1
42751,383,1
42752,120,3
42753,373,1
42753,169,1
42753,333,1
42754,299,1
42755,268,1
42756,208,1
42757,175,1
42757,176,1
42757,397,1
42758,191,1
42758,188,1
42759,239,1
42759,328,1
42760,279,3
42761,123,1
42762,214,1
42762,213,1
42763,320,1
42764,369,3
42765,258,1
42765,115,1
42766,347,1
42766,322,1
42766,135,1
42767,140,1
42768,269,1
42769,318,2
42770,187,1
42771,323,2
42772,220,3
42773,314,3
42774,377,1
42774,186,1
42775,208,1
42776,317,1
42776,212,1
42776,368,1
42777,291,1
42777,369,1
42778,397,3
42779,355,1
42779,223,1
42780,359,1
42781,333,1
42782,315,1
42782,330,1
42782,125,1
42783,290,1
42784,211,1
42785,282,1
42786,279,1
42786,238,1
42787,337,1
42787,124,1
42787,361,1
42788,366,3
42789,227,1
42789,212,1
42790,381,1
42791,193,1
42791,242,1
42792,380,1
42793,262,1
42793,381,1
42794,385,1
42795,392,1
42795,378,1
42796,169,1
42796,276,1
42796,201,1
42797,321,1
42798,400,3
42799,379,1
42799,299,1
42799,354,1
42800,186,3
42801,104,1
42801,174,1
42802,126,1
42802,119,1
42802,390,1
42803,376,2
42804,273,1
42805,303,1
42805,304,1
42805,396,1
42806,197,1
42807,160,1
42807,381,1
42808,146,1
42809,312,3
42810,159,3
42811,388,1
42811,378,1
42812,272,3
42813,165,1
42813,346,1
42814,223,3
42815,167,1
42816,313,1
42816,361,1
42817,301,1
42817,182,1
42818,360,1
42818,379,1
42819,335,1
42820,243,1
42820,210,1
42821,280,1
42822,175,1
42823,238,1
42824,382,1
42825,249,1
42826,178,1
42827,387,1
42828,314,1
42829,153,1
42829,368,1
42830,388,1
42830,208,1
42830,315,1
42831,256,1
42831,382,1
42832,233,3
42833,217,2
42834,140,1
42835,299,1
42835,155,1
42836,339,2
42837,327,1
42837,328,1
42838,293,2
42839,335,1
42839,104,1
42839,316,1
42840,102,1
42840,190,1
42841,256,1
42842,240,1
42843,228,1
42843,261,1
42844,133,3
42845,222,1
42846,137,1
42846,351,1
42847,227,1
42848,266,1
42849,179,1
42850,216,1
42850,345,1
42851,309,1
42852,301,1
42852,277,1
42852,296,1
42853,333,2
42854,226,1
42854,223,1
42854,356,1
42855,267,1
42856,292,1
42856,236,1
42857,375,1
42857,325,1
42857,380,1
42858,151,1
42859,223,2
42860,332,3
42861,380,1
42862,264,1
42862,223,1
42862,273,1
42863,127,1
42864,286,1
42865,246,1
42866,368,1
42866,191,1
42866,110,1
42867,108,1
42867,199,1
42867,245,1
42868,342,1
42869,284,3
42870,336,1
42871,206,1
42871,224,1
42871,383,1
42872,131,1
42872,379,1
42872,147,1
42873,191,3
42874,315,3
42875,386,1
42876,144,1
42877,239,2
42878,267,1
42878,294,1
42879,205,3
42880,173,2
42881,368,1
42882,219,1
42883,318,1
42884,329,1
42885,185,2
42886,292,1
42887,112,1
42888,181,2
42889,374,1
42889,374,1
42890,239,3
42891,273,2
42892,239,1
42893,394,1
42894,311,1
42894,382,1
42894,169,1
42895,115,1
42895,129,1
42895,363,1
42896,312,2
42897,129,1
42898,189,1
42899,108,2
42900,333,3
42901,232,1
42902,143,1
42902,218,1
42903,139,1
42903,307,1
42903,169,1
42904,387,3
42905,186,1
42906,166,1
42906,271,1
42907,122,3
42908,198,3
42909,166,1
42909,278,1
42909,379,1
42910,309,3
42911,387,1
42911,335,1
42911,148,1
42912,286,3
42913,344,1
42913,238,1
42914,267,3
42915,152,3
42916,367,1
42917,280,1
42917,205,1
42918,385,1
42918,131,1
42918,137,1
42919,318,3
42920,248,1
42920,110,1
42921,273,2
42922,114,1
42922,214,1
42922,202,1
42923,372,1
42924,245,1
42924,136,1
42925,219,1
42926,229,2
42927,114,1
42928,280,1
42929,213,1
42929,138,1
42929,187,1
42930,180,2
42931,222,1
42932,255,3
42933,259,1
42934,120,1
42935,201,1
42936,328,2
42937,334,1
42938,199,1
42939,132,1
42939,299,1
42940,129,1
42940,323,1
42941,111,1
42941,281,1
42941,288,1
42942,392,1
42943,165,1
42944,170,1
42945,130,1
42945,199,1
42946,371,1
42946,155,1
42946,367,1
42947,243,3
42948,140,1
42949,381,1
42949,269,1
42949,238,1
42950,143,2
42951,359,1
42952,273,2
42953,187,2
42954,355,1
42954,209,1
42954,122,1
42955,281,2
42956,267,3
42957,105,1
42958,217,1
42958,263,1
42959,252,1
42960,275,2
42961,253,2
42962,357,1
42963,149,1
42964,396,1
42965,209,2
42966,273,1
42967,127,1
42968,392,1
42969,317,1
42969,239,1
42969,138,1
42970,193,1
42971,374,2
42972,198,1
42972,208,1
42973,388,3
42974,247,1
42975,218,3
42976,363,1
42977,400,1
42977,188,1
42977,311,1
42978,184,1
42978,364,1
42978,107,1
42979,283,1
42979,144,1
42979,129,1
42980,168,1
42980,229,1
42980,246,1
42981,224,3
42982,118,1
42982,354,1
42982,167,1
42983,382,1
42984,128,1
42985,216,1
42986,131,1
42987,327,1
42988,258,1
42988,166,1
42989,269,3
42990,328,1
42991,297,3
42992,267,1
42992,321,1
42993,290,1
42993,119,1
42993,197,1
42994,125,3
42995,149,2
42996,159,1
42996,339,1
42996,188,1
42997,322,1
42998,235,2
42999,268,3
43000,291,3
43001,118,3
43002,166,1
43002,203,1
43003,108,1
43003,394,1
43003,239,1
43004,362,1
43004,369,1
43004,306,1
43005,205,2
43006,226,2
43007,120,1
43008,294,1
43009,177,1
43010,334,1
43011,302,1
43012,257,3
43013,242,1
43014,286,2
43015,106,1
43015,294,1
43015,233,1
43016,179,1
43017,357,1
43018,265,1
43019,208,2
43020,279,1
43021,329,1
43022,155,1
43023,202,3
43024,397,3
43025,390,2
43026,368,1
43027,389,1
43027,210,1
43027,277,1
43028,232,1
43029,186,1
43029,284,1
43029,140,1
43030,306,1
43031,216,2
43032,117,1
43033,233,1
43034,330,2
43035,154,1
43036,142,1
43036,330,1
43037,253,1
43038,151,1
43038,151,1
43038,248,1
43039,216,3
43040,351,1
43041,365,2
43042,146,1
43043,157,1
43043,167,1
43043,151,1
43044,196,1
43044,186,1
43045,307,2
43046,361,3
43047,160,1
43047,230,1
43048,399,3
43049,249,1
43049,307,1
43050,103,3
43051,123,3
43052,134,2
43053,286,1
43054,344,2
43055,398,1
43056,348,2
43057,309,3
43058,220,1
43059,367,2
43060,209,2
43061,193,1
43061,311,1
43061,226,1
43062,157,1
43063,291,1
43063,369,1
43064,328,1
43064,194,1
43065,307,1
43065,160,1
43065,187,1
43066,278,1
43067,374,3
43068,207,2
43069,223,2
43070,311,1
43071,368,3
43072,314,3
43073,342,1
43073,235,1
43074,273,3
43075,335,2
43076,301,1
43076,192,1
43077,139,1
43077,370,1
43077,133,1
43078,327,1
43079,351,3
43080,321,1
43080,310,1
43080,326,1
43081,268,3
43082,121,1
43083,281,1
43083,316,1
43084,230,1
43085,121,1
43085,117,1
43086,131,1
43086,113,1
43086,145,1
43087,224,1
43088,369,1
43088,276,1
43088,255,1
43089,298,1
43090,231,1
43091,270,1
43092,211,1
43092,258,1
43092,246,1
43093,239,3
43094,134,1
43095,175,1
43095,150,1
43095,368,1
43096,258,1
43096,162,1
43097,283,2
43098,111,1
43098,149,1
43099,124,1
43100,115,3
43101,395,1
43102,230,1
43102,272,1
43102,226,1
43103,374,2
43104,231,1
43104,321,1
43104,113,1
43105,376,1
43105,225,1
43105,294,1
43106,166,3
43107,223,1
43108,387,1
43108,174,1
43108,145,1
43109,111,1
43110,160,1
43110,180,1
43110,243,1
43111,359,1
43112,385,2
43113,174,1
43114,251,2
43115,205,2
43116,316,1
43117,309,1
43117,223,1
43118,329,1
